age_group,population_proportion
18-25,0.20741380140154106
26-35,0.19913150342275868
36-45,0.18218566693851826
46-55,0.15416077966242495
56-65,0.12378977147984617
65+,0.13331847709491093
