continent,population_proportion
Africa,0.1478168252174538
Asia,0.606632464353269
Europe,0.10383422811402471
North America,0.07992420021901964
Oceania,0.005803657667434312
South America,0.05598862442879851
