environment,population_proportion
Rural,0.44714289420167613
Urban,0.5528571057983239
