religion,population_proportion
Buddhism,0.0721102030798057
Christianity,0.31981002007539305
Hinduism,0.152415768877814
I do not identify with any religious group or faith,0.16589073605271235
Islam,0.22019628884907444
Judaism,0.0013191669699196278
Other religious group,0.06825781609528087
