environment,population_proportion
Rural,0.47176700737993094
Urban,0.5282329926200691
