continent,population_proportion
Africa,0.14150451719752447
Asia,0.5631191243961632
Europe,0.10211114620055
North America,0.033271600827817736
Oceania,0.005791130957521927
South America,0.0511338650372274
