gender,population_proportion
Female,0.5010515843321187
Male,0.49894841566788134
