religion,population_proportion
Buddhism,0.07091642346505342
Christianity,0.3151210730492577
Hinduism,0.15003812520520615
I do not identify with any religious group or faith,0.1632432221706735
Islam,0.23182608943701746
Judaism,0.0014957362968200504
Other religious group,0.06735933037597178
