Dimension,GRI Score,Diversity Score
Country × Gender × Age,0.37457024022255125,0.35833333333333334
Country × Religion,0.516503286497891,0.36666666666666664
Country × Environment,0.38724603552864956,0.3602150537634409
AVERAGE,0.4261065207496973,0.3617383512544803
