Dimension,GRI Score,Diversity Score
Country × Gender × Age,0.26127770595067257,0.037075718015665796
Country × Religion,0.06805819557879489,0.04771371769383698
Country × Environment,0.0899105063548693,0.030927835051546393
AVERAGE,0.13974880262811226,0.03857242358701639
