{
  "survey_participants": 500,
  "gri_country_gender_age": 0.26127770595067257,
  "gri_country_religion": 0.06805819557879489,
  "gri_country_environment": 0.0899105063548693,
  "average_gri": 0.13974880262811226,
  "diversity_country_gender_age": 0.33532934131736525,
  "diversity_country_religion": 0.11904761904761904,
  "diversity_country_environment": 0.09900990099009901,
  "average_diversity": 0.1844622871183611,
  "assessment": "Poor representativeness",
  "coverage_assessment": "Poor diversity coverage"
}