stratum,population_pct,variance,proportional_n,optimal_n,difference,pct_change
Male,50.5,0.032893267370356284,2525,2466,-59,-2.3366336633663365
Female,49.5,0.03615911753918728,2475,2534,59,2.383838383838384
