stratum,population_pct,variance,proportional_n,optimal_n,difference,pct_change
Christianity,31.0,0.04130930227794445,775,824,49,6.322580645161291
Islam,24.0,0.032381626400287154,600,565,-35,-5.833333333333333
I do not identify with any religious group or faith,16.0,0.03636947596678715,400,399,-1,-0.25
Hinduism,15.0,0.029010100222314854,375,334,-41,-10.933333333333334
Buddhism,7.000000000000001,0.05224274342930037,175,209,34,19.428571428571427
Other religious group,6.0,0.04257052615284797,150,162,12,8.0
Judaism,0.2,0.0746716827634702,5,7,2,40.0
