stratum,population_pct,variance,proportional_n,optimal_n,difference,pct_change
Male,50.5,0.032893267370356284,505,493,-12,-2.376237623762376
Female,49.5,0.03615911753918728,495,507,12,2.4242424242424243
