stratum,population_pct,variance,proportional_n,optimal_n,difference,pct_change
Christianity,31.0,0.04130930227794445,1550,1649,99,6.387096774193549
Islam,24.0,0.032381626400287154,1200,1129,-71,-5.916666666666667
I do not identify with any religious group or faith,16.0,0.03636947596678715,800,798,-2,-0.25
Hinduism,15.0,0.029010100222314854,750,668,-82,-10.933333333333334
Buddhism,7.000000000000001,0.05224274342930037,350,418,68,19.428571428571427
Other religious group,6.0,0.04257052615284797,300,324,24,8.0
Judaism,0.2,0.0746716827634702,10,14,4,40.0
