stratum,population_pct,variance,proportional_n,optimal_n,difference,pct_change
Christianity,31.0,0.04130930227794445,3100,3295,195,6.290322580645161
Islam,24.0,0.032381626400287154,2400,2259,-141,-5.875
I do not identify with any religious group or faith,16.0,0.03636947596678715,1600,1596,-4,-0.25
Hinduism,15.0,0.029010100222314854,1500,1336,-164,-10.933333333333334
Buddhism,7.000000000000001,0.05224274342930037,700,837,137,19.57142857142857
Other religious group,6.0,0.04257052615284797,600,648,48,8.0
Judaism,0.2,0.0746716827634702,20,29,9,45.0
