stratum,population_pct,variance,proportional_n,optimal_n,difference,pct_change
Christianity,31.0,0.04130930227794445,310,328,18,5.806451612903226
Islam,24.0,0.032381626400287154,240,226,-14,-5.833333333333333
I do not identify with any religious group or faith,16.0,0.03636947596678715,160,160,0,0.0
Hinduism,15.0,0.029010100222314854,150,134,-16,-10.666666666666668
Buddhism,7.000000000000001,0.05224274342930037,70,84,14,20.0
Other religious group,6.0,0.04257052615284797,60,65,5,8.333333333333332
Judaism,0.2,0.0746716827634702,2,3,1,50.0
