stratum,population_pct,variance,proportional_n,optimal_n,difference,pct_change
Urban,56.00000000000001,0.034112835504845916,1400,1366,-34,-2.4285714285714284
Rural,44.0,0.03810106280650489,1100,1134,34,3.090909090909091
