stratum,population_pct,variance,proportional_n,optimal_n,difference,pct_change
Urban,56.00000000000001,0.034112835504845916,560,546,-14,-2.5
Rural,44.0,0.03810106280650489,440,454,14,3.1818181818181817
