stratum,population_pct,variance,proportional_n,optimal_n,difference,pct_change
Christianity,31.0,0.034349010626852895,775,834,59,7.612903225806451
Islam,24.0,0.02266185176257808,600,524,-76,-12.666666666666668
I do not identify with any religious group or faith,16.0,0.033012694990209236,400,421,21,5.25
Hinduism,15.0,0.025304240374209676,375,346,-29,-7.733333333333333
Buddhism,7.000000000000001,0.03614250761241501,175,193,18,10.285714285714285
Other religious group,6.0,0.04066887534559948,150,175,25,16.666666666666664
Judaism,0.2,0.06587714058144166,5,7,2,40.0
