stratum,population_pct,variance,proportional_n,optimal_n,difference,pct_change
Male,50.5,0.028659129117410174,2525,2492,-33,-1.306930693069307
Female,49.5,0.03021978937543362,2475,2508,33,1.3333333333333335
