stratum,population_pct,variance,proportional_n,optimal_n,difference,pct_change
Urban,56.00000000000001,0.028845760183208266,2800,2800,0,0.0
Rural,44.0,0.028836197012114494,2200,2200,0,0.0
