stratum,population_pct,variance,proportional_n,optimal_n,difference,pct_change
Male,50.5,0.028659129117410174,505,498,-7,-1.3861386138613863
Female,49.5,0.03021978937543362,495,502,7,1.4141414141414141
