stratum,population_pct,variance,proportional_n,optimal_n,difference,pct_change
Christianity,31.0,0.034349010626852895,3100,3331,231,7.451612903225806
Islam,24.0,0.02266185176257808,2400,2095,-305,-12.708333333333332
I do not identify with any religious group or faith,16.0,0.033012694990209236,1600,1686,86,5.375
Hinduism,15.0,0.025304240374209676,1500,1384,-116,-7.733333333333333
Buddhism,7.000000000000001,0.03614250761241501,700,772,72,10.285714285714285
Other religious group,6.0,0.04066887534559948,600,702,102,17.0
Judaism,0.2,0.06587714058144166,20,30,10,50.0
