stratum,population_pct,variance,proportional_n,optimal_n,difference,pct_change
Urban,56.00000000000001,0.028845760183208266,1400,1400,0,0.0
Rural,44.0,0.028836197012114494,1100,1100,0,0.0
