stratum,population_pct,variance,proportional_n,optimal_n,difference,pct_change
Male,50.5,0.028659129117410174,5050,4984,-66,-1.306930693069307
Female,49.5,0.03021978937543362,4950,5016,66,1.3333333333333335
