stratum,population_pct,variance,proportional_n,optimal_n,difference,pct_change
Male,50.5,0.06393076892843508,505,502,-3,-0.594059405940594
Female,49.5,0.06553709809535219,495,498,3,0.6060606060606061
