stratum,population_pct,variance,proportional_n,optimal_n,difference,pct_change
Male,50.5,0.06393076892843508,1262,1255,-7,-0.554675118858954
Female,49.5,0.06553709809535219,1237,1245,8,0.6467259498787389
