{
  "survey": "GD3",
  "n_participants": 970,
  "gri_scores": {
    "average_gri": 0.34891360141034344,
    "gri_country_gender_age": 0.07321598223583192,
    "gri_country_religion": 0.009306549005730358,
    "gri_country_environment": 0.08130631887676965,
    "gri_country": 0.10850603161084638,
    "gri_region_gender_age": 0.23034261993497074,
    "gri_region": 0.36763856997460476,
    "gri_continent": 0.4927015177639512,
    "gri_age_group": 0.8289987674135519,
    "gri_gender": 0.9482060558768339
  },
  "top_segments": [
    {
      "country": "Kenya",
      "gender": "Male",
      "age_group": "18-25",
      "count": 37.0,
      "proportion": 0.03814432989690722,
      "population_proportion": 0.0009589526088191,
      "sample_proportion": 0.03814432989690722,
      "benchmark_proportion": 0.0009589526088191,
      "deviation": 0.03718537728808812,
      "abs_deviation": 0.03718537728808812,
      "normalized_deviation": 38.77707505679553,
      "tvd_contribution": 0.01859268864404406,
      "representation": "over",
      "cumulative_tvd": 0.01859268864404406,
      "segment_name": "Kenya - Male - 18-25 - 37.0 - 0.03814432989690722 - 0.0009589526088191"
    },
    {
      "country": "Kenya",
      "gender": "Male",
      "age_group": "26-35",
      "count": 32.0,
      "proportion": 0.032989690721649485,
      "population_proportion": 0.0006917710723984,
      "sample_proportion": 0.032989690721649485,
      "benchmark_proportion": 0.0006917710723984,
      "deviation": 0.032297919649251085,
      "abs_deviation": 0.032297919649251085,
      "normalized_deviation": 46.68873987065231,
      "tvd_contribution": 0.016148959824625542,
      "representation": "over",
      "cumulative_tvd": 0.0347416484686696,
      "segment_name": "Kenya - Male - 26-35 - 32.0 - 0.032989690721649485 - 0.0006917710723984"
    },
    {
      "country": "Kenya",
      "gender": "Female",
      "age_group": "26-35",
      "count": 30.0,
      "proportion": 0.030927835051546393,
      "population_proportion": 0.00071946169431,
      "sample_proportion": 0.030927835051546393,
      "benchmark_proportion": 0.00071946169431,
      "deviation": 0.030208373357236393,
      "abs_deviation": 0.030208373357236393,
      "normalized_deviation": 41.987465901444196,
      "tvd_contribution": 0.015104186678618197,
      "representation": "over",
      "cumulative_tvd": 0.0498458351472878,
      "segment_name": "Kenya - Female - 26-35 - 30.0 - 0.030927835051546393 - 0.00071946169431"
    },
    {
      "country": "Kenya",
      "gender": "Female",
      "age_group": "18-25",
      "count": 27.0,
      "proportion": 0.027835051546391754,
      "population_proportion": 0.0009757647721226,
      "sample_proportion": 0.027835051546391754,
      "benchmark_proportion": 0.0009757647721226,
      "deviation": 0.026859286774269155,
      "abs_deviation": 0.026859286774269155,
      "normalized_deviation": 27.52639523544351,
      "tvd_contribution": 0.013429643387134578,
      "representation": "over",
      "cumulative_tvd": 0.06327547853442238,
      "segment_name": "Kenya - Female - 18-25 - 27.0 - 0.027835051546391754 - 0.0009757647721226"
    },
    {
      "country": "China",
      "gender": "Female",
      "age_group": "65+",
      "count": NaN,
      "proportion": NaN,
      "population_proportion": 0.0184030554623377,
      "sample_proportion": 0.0,
      "benchmark_proportion": 0.0184030554623377,
      "deviation": -0.0184030554623377,
      "abs_deviation": 0.0184030554623377,
      "normalized_deviation": -1.0,
      "tvd_contribution": 0.00920152773116885,
      "representation": "under",
      "cumulative_tvd": 0.07247700626559123,
      "segment_name": "China - Female - 65+ - nan - nan - 0.0184030554623377"
    },
    {
      "country": "China",
      "gender": "Male",
      "age_group": "46-55",
      "count": 1.0,
      "proportion": 0.0010309278350515464,
      "population_proportion": 0.0184724468422471,
      "sample_proportion": 0.0010309278350515464,
      "benchmark_proportion": 0.0184724468422471,
      "deviation": -0.017441519007195552,
      "abs_deviation": 0.017441519007195552,
      "normalized_deviation": -0.9441910514694902,
      "tvd_contribution": 0.008720759503597776,
      "representation": "under",
      "cumulative_tvd": 0.081197765769189,
      "segment_name": "China - Male - 46-55 - 1.0 - 0.0010309278350515464 - 0.0184724468422471"
    },
    {
      "country": "China",
      "gender": "Female",
      "age_group": "46-55",
      "count": 1.0,
      "proportion": 0.0010309278350515464,
      "population_proportion": 0.0180503296832258,
      "sample_proportion": 0.0010309278350515464,
      "benchmark_proportion": 0.0180503296832258,
      "deviation": -0.017019401848174253,
      "abs_deviation": 0.017019401848174253,
      "normalized_deviation": -0.9428859276731334,
      "tvd_contribution": 0.008509700924087127,
      "representation": "under",
      "cumulative_tvd": 0.08970746669327612,
      "segment_name": "China - Female - 46-55 - 1.0 - 0.0010309278350515464 - 0.0180503296832258"
    },
    {
      "country": "China",
      "gender": "Female",
      "age_group": "56-65",
      "count": NaN,
      "proportion": NaN,
      "population_proportion": 0.0157231636667394,
      "sample_proportion": 0.0,
      "benchmark_proportion": 0.0157231636667394,
      "deviation": -0.0157231636667394,
      "abs_deviation": 0.0157231636667394,
      "normalized_deviation": -1.0,
      "tvd_contribution": 0.0078615818333697,
      "representation": "under",
      "cumulative_tvd": 0.09756904852664582,
      "segment_name": "China - Female - 56-65 - nan - nan - 0.0157231636667394"
    },
    {
      "country": "China",
      "gender": "Male",
      "age_group": "56-65",
      "count": NaN,
      "proportion": NaN,
      "population_proportion": 0.0153935134058871,
      "sample_proportion": 0.0,
      "benchmark_proportion": 0.0153935134058871,
      "deviation": -0.0153935134058871,
      "abs_deviation": 0.0153935134058871,
      "normalized_deviation": -1.0,
      "tvd_contribution": 0.00769675670294355,
      "representation": "under",
      "cumulative_tvd": 0.10526580522958937,
      "segment_name": "China - Male - 56-65 - nan - nan - 0.0153935134058871"
    },
    {
      "country": "China",
      "gender": "Male",
      "age_group": "65+",
      "count": NaN,
      "proportion": NaN,
      "population_proportion": 0.0151650657751165,
      "sample_proportion": 0.0,
      "benchmark_proportion": 0.0151650657751165,
      "deviation": -0.0151650657751165,
      "abs_deviation": 0.0151650657751165,
      "normalized_deviation": -1.0,
      "tvd_contribution": 0.00758253288755825,
      "representation": "under",
      "cumulative_tvd": 0.11284833811714762,
      "segment_name": "China - Male - 65+ - nan - nan - 0.0151650657751165"
    },
    {
      "country": "China",
      "gender": "Male",
      "age_group": "36-45",
      "count": 3.0,
      "proportion": 0.003092783505154639,
      "population_proportion": 0.017999728368185,
      "sample_proportion": 0.003092783505154639,
      "benchmark_proportion": 0.017999728368185,
      "deviation": -0.01490694486303036,
      "abs_deviation": 0.01490694486303036,
      "normalized_deviation": -0.8281761012226598,
      "tvd_contribution": 0.00745347243151518,
      "representation": "under",
      "cumulative_tvd": 0.12030181054866279,
      "segment_name": "China - Male - 36-45 - 3.0 - 0.003092783505154639 - 0.017999728368185"
    },
    {
      "country": "India",
      "gender": "Female",
      "age_group": "26-35",
      "count": 32.0,
      "proportion": 0.032989690721649485,
      "population_proportion": 0.0190094471171755,
      "sample_proportion": 0.032989690721649485,
      "benchmark_proportion": 0.0190094471171755,
      "deviation": 0.013980243604473985,
      "abs_deviation": 0.013980243604473985,
      "normalized_deviation": 0.7354366236060854,
      "tvd_contribution": 0.006990121802236992,