survey,participants,countries,gri_gender_age,diversity_gender_age,gri_religion,diversity_religion,gri_environment,diversity_environment,average_gri,average_diversity
GD1,1278,75,0.3606434893189949,0.35294117647058826,0.4969803278837104,0.4427860696517413,0.38076953538977776,0.36018957345971564,0.41279778419749436,0.38530560652734835
GD2,1104,65,0.3487243140458389,0.3592964824120603,0.49787656114245993,0.4308510638297872,0.3509817567759057,0.3613861386138614,0.39919421065473487,0.38384456161856956
GD3,970,63,0.37457024022255125,0.35833333333333334,0.516503286497891,0.36666666666666664,0.38724603552864956,0.3602150537634409,0.4261065207496973,0.3617383512544803
