survey,participants,countries,gri_gender_age,diversity_gender_age,gri_religion,diversity_religion,gri_environment,diversity_environment,average_gri,average_diversity
GD1,1278,75,0.3606434893189949,0.35294117647058826,0.2294909183065591,0.4411764705882353,0.15520237539448178,0.3353658536585366,0.24844559434001193,0.37649450023912007
GD2,1104,65,0.3487243140458389,0.3592964824120603,0.22475226773074675,0.42857142857142855,0.14734666701479449,0.32432432432432434,0.2402744162637934,0.37073074510260434
GD3,970,63,0.37457024022255125,0.35833333333333334,0.2210242196807507,0.3813559322033898,0.15347764898555205,0.302158273381295,0.24969070296295134,0.34728251297267265
