{
  "Country \u00d7 Gender \u00d7 Age": {
    "N_100": {
      "sample_size": 100,
      "threshold": 0.005,
      "n_simulations": 1000,
      "total_strata": 2699,
      "relevant_strata": 25,
      "max_gri": {
        "mean": 0.4304565437027474,
        "std": 0.013418288737711385,
        "min": 0.37151281119811075,
        "max": 0.4627062704094953,
        "median": 0.4323062826724847,
        "q25": 0.4233624441984753,
        "q75": 0.4394090656459171
      },
      "max_diversity": {
        "mean": 0.9792799999999999,
        "std": 0.0336018094750863,
        "min": 0.84,
        "max": 1.0,
        "median": 1.0,
        "q25": 0.96,
        "q75": 1.0
      },
      "dimension_info": {
        "strata_columns": [
          "country",
          "gender",
          "age_group"
        ],
        "sample_size": 100,
        "threshold_percentage": 0.5
      }
    },
    "N_250": {
      "sample_size": 250,
      "threshold": 0.002,
      "n_simulations": 1000,
      "total_strata": 2699,
      "relevant_strata": 76,
      "max_gri": {
        "mean": 0.5806654562880648,
        "std": 0.010335804374512501,
        "min": 0.5415105590275244,
        "max": 0.6027880922414363,
        "median": 0.5819408330525999,
        "q25": 0.5739083506344966,
        "q75": 0.5886234738017241
      },
      "max_diversity": {
        "mean": 0.957921052631579,
        "std": 0.03486419040868704,
        "min": 0.8289473684210527,
        "max": 1.0,
        "median": 0.9605263157894737,
        "q25": 0.9342105263157895,
        "q75": 0.9868421052631579
      },
      "dimension_info": {
        "strata_columns": [
          "country",
          "gender",
          "age_group"
        ],
        "sample_size": 250,
        "threshold_percentage": 0.2
      }
    },
    "N_500": {
      "sample_size": 500,
      "threshold": 0.001,
      "n_simulations": 1000,
      "total_strata": 2699,
      "relevant_strata": 167,
      "max_gri": {
        "mean": 0.6905144492856291,
        "std": 0.007915056083214992,
        "min": 0.6638469644815166,
        "max": 0.7095555866159504,
        "median": 0.6908193022095277,
        "q25": 0.6850851450362395,
        "q75": 0.6963428639619225
      },
      "max_diversity": {
        "mean": 0.9456586826347306,
        "std": 0.025672757966986474,
        "min": 0.8562874251497006,
        "max": 1.0,
        "median": 0.9461077844311377,
        "q25": 0.9281437125748503,
        "q75": 0.9640718562874252
      },
      "dimension_info": {
        "strata_columns": [
          "country",
          "gender",
          "age_group"
        ],
        "sample_size": 500,
        "threshold_percentage": 0.1
      }
    },
    "N_1000": {
      "sample_size": 1000,
      "threshold": 0.0005,
      "n_simulations": 1000,
      "total_strata": 2699,
      "relevant_strata": 376,
      "max_gri": {
        "mean": 0.7921167966222785,
        "std": 0.004900697759320385,
        "min": 0.7772668690279806,
        "max": 0.806038319205629,
        "median": 0.7923491741272086,
        "q25": 0.7889814934343625,
        "q75": 0.7954223208828894
      },
      "max_diversity": {
        "mean": 0.9247473404255317,
        "std": 0.015924606055819617,
        "min": 0.8776595744680851,
        "max": 0.976063829787234,
        "median": 0.925531914893617,
        "q25": 0.9122340425531915,
        "q75": 0.9361702127659575
      },
      "dimension_info": {
        "strata_columns": [
          "country",
          "gender",
          "age_group"
        ],
        "sample_size": 1000,
        "threshold_percentage": 0.05
      }
    },
    "N_2000": {
      "sample_size": 2000,
      "threshold": 0.00025,
      "n_simulations": 1000,
      "total_strata": 2699,
      "relevant_strata": 617,
      "max_gri": {
        "mean": 0.8728720823789424,
        "std": 0.003060468135776436,
        "min": 0.8632185759240619,
        "max": 0.8819818263811203,
        "median": 0.8728633736473641,
        "q25": 0.8707235123543038,
        "q75": 0.8749842891158065
      },
      "max_diversity": {
        "mean": 0.9599740680713128,
        "std": 0.010355483973378992,
        "min": 0.9270664505672609,
        "max": 0.9886547811993517,
        "median": 0.9594813614262561,
        "q25": 0.9529983792544571,
        "q75": 0.9675850891410048
      },
      "dimension_info": {
        "strata_columns": [
          "country",
          "gender",
          "age_group"
        ],
        "sample_size": 2000,
        "threshold_percentage": 0.025
      }
    }
  },
  "Country \u00d7 Religion": {
    "N_100": {
      "sample_size": 100,
      "threshold": 0.005,
      "n_simulations": 1000,
      "total_strata": 1607,
      "relevant_strata": 37,
      "max_gri": {
        "mean": 0.7211675338598369,
        "std": 0.01753154258468984,
        "min": 0.6598881109993606,
        "max": 0.7605464797618955,
        "median": 0.7227256864806082,
        "q25": 0.7088636017211096,
        "q75": 0.734564565135895
      },
      "max_diversity": {
        "mean": 0.9312432432432434,
        "std": 0.05272739546276054,
        "min": 0.7297297297297297,
        "max": 1.0,
        "median": 0.9459459459459459,
        "q25": 0.8918918918918919,
        "q75": 0.972972972972973
      },
      "dimension_info": {
        "strata_columns": [
          "country",
          "religion"
        ],
        "sample_size": 100,
        "threshold_percentage": 0.5
      }
    },
    "N_250": {
      "sample_size": 250,
      "threshold": 0.002,
      "n_simulations": 1000,
      "total_strata": 1607,
      "relevant_strata": 80,
      "max_gri": {
        "mean": 0.8391537914703215,
        "std": 0.009095779867221486,
        "min": 0.8037405164888238,
        "max": 0.8570115269618199,
        "median": 0.8400896152146116,
        "q25": 0.8334852547102758,
        "q75": 0.8460930290366875
      },
      "max_diversity": {
        "mean": 0.96195,
        "std": 0.029395110137572206,
        "min": 0.85,
        "max": 1.0,
        "median": 0.9625,
        "q25": 0.9375,
        "q75": 0.9875
      },
      "dimension_info": {
        "strata_columns": [
          "country",
          "religion"
        ],
        "sample_size": 250,
        "threshold_percentage": 0.2
      }
    },
    "N_500": {
      "sample_size": 500,
      "threshold": 0.001,
      "n_simulations": 1000,
      "total_strata": 1607,
      "relevant_strata": 118,
      "max_gri": {
        "mean": 0.8977045372940772,
        "std": 0.005460733513009149,
        "min": 0.877299573743828,
        "max": 0.9117683143751306,
        "median": 0.8978873332490587,
        "q25": 0.894104814286045,
        "q75": 0.9015891354685404
      },
      "max_diversity": {
        "mean": 0.962593220338983,
        "std": 0.021543773041217257,
        "min": 0.8728813559322034,
        "max": 1.0,
        "median": 0.9661016949152542,
        "q25": 0.9491525423728814,
        "q75": 0.9830508474576272
      },
      "dimension_info": {
        "strata_columns": [
          "country",
          "religion"
        ],
        "sample_size": 500,
        "threshold_percentage": 0.1
      }
    },
    "N_1000": {
      "sample_size": 1000,
      "threshold": 0.0005,
      "n_simulations": 1000,
      "total_strata": 1607,
      "relevant_strata": 182,
      "max_gri": {
        "mean": 0.9381171701935908,
        "std": 0.0032870535187563533,
        "min": 0.9276325426420444,
        "max": 0.9465996810116583,
        "median": 0.9382322810285324,
        "q25": 0.9358745220382392,
        "q75": 0.9404845626103191
      },
      "max_diversity": {
        "mean": 0.9700439560439561,
        "std": 0.0155735029289832,
        "min": 0.9120879120879121,
        "max": 1.0,
        "median": 0.9725274725274725,
        "q25": 0.9615384615384616,
        "q75": 0.9835164835164835
      },
      "dimension_info": {
        "strata_columns": [
          "country",
          "religion"
        ],