country,gender,age_group,religion,environment
Argentina,Female,65+,Christianity,Urban
Argentina,Female,26-35,I do not identify with any religious group or faith,Urban
Argentina,Male,56-65,Christianity,Urban
Argentina,Male,56-65,Christianity,Urban
Argentina,Female,46-55,Christianity,Urban
Argentina,Male,18-25,I do not identify with any religious group or faith,Urban
Argentina,Male,36-45,I do not identify with any religious group or faith,Urban
Argentina,Female,36-45,Christianity,Urban
Argentina,Female,18-25,Christianity,Urban
Argentina,Male,36-45,Christianity,Urban
Argentina,Female,36-45,I do not identify with any religious group or faith,Urban
Argentina,Female,65+,Christianity,Urban
Argentina,Male,65+,Christianity,Urban
Argentina,Male,46-55,Christianity,Urban
Argentina,Female,65+,Christianity,Urban
Argentina,Female,18-25,I do not identify with any religious group or faith,Urban
Argentina,Male,36-45,Christianity,Urban
Argentina,Female,26-35,Christianity,Urban
Argentina,Male,36-45,Christianity,Urban
Argentina,Female,36-45,I do not identify with any religious group or faith,Urban
Argentina,Male,26-35,I do not identify with any religious group or faith,Urban
Argentina,Female,65+,Christianity,Urban
Argentina,Female,46-55,I do not identify with any religious group or faith,Urban
Argentina,Female,26-35,Christianity,Urban
Argentina,Male,36-45,Christianity,Urban
Argentina,Female,36-45,Christianity,Urban
Argentina,Female,65+,Christianity,Urban
Argentina,Male,65+,Christianity,Urban
Argentina,Male,18-25,Christianity,Urban
Argentina,Female,26-35,Christianity,Urban
Argentina,Female,56-65,I do not identify with any religious group or faith,Urban
Argentina,Female,26-35,I do not identify with any religious group or faith,Urban
Argentina,Male,46-55,I do not identify with any religious group or faith,Urban
Argentina,Male,65+,I do not identify with any religious group or faith,Urban
Argentina,Female,18-25,I do not identify with any religious group or faith,Urban
Argentina,Female,65+,Christianity,Urban
Argentina,Female,36-45,I do not identify with any religious group or faith,Urban
Argentina,Male,18-25,Christianity,Urban
Argentina,Male,26-35,I do not identify with any religious group or faith,Urban
Argentina,Male,26-35,I do not identify with any religious group or faith,Urban
Argentina,Male,36-45,I do not identify with any religious group or faith,Urban
Argentina,Female,56-65,I do not identify with any religious group or faith,Urban
Argentina,Female,18-25,I do not identify with any religious group or faith,Urban
Argentina,Female,26-35,I do not identify with any religious group or faith,Urban
Argentina,Female,56-65,I do not identify with any religious group or faith,Urban
Argentina,Male,18-25,I do not identify with any religious group or faith,Urban
Argentina,Male,36-45,Christianity,Urban
Argentina,Male,46-55,I do not identify with any religious group or faith,Urban
Argentina,Female,26-35,Christianity,Urban
Argentina,Male,56-65,Christianity,Urban
Argentina,Female,65+,Christianity,Urban
Argentina,Female,18-25,I do not identify with any religious group or faith,Urban
Argentina,Male,65+,I do not identify with any religious group or faith,Urban
Argentina,Male,18-25,I do not identify with any religious group or faith,Urban
Argentina,Male,56-65,Christianity,Urban
Argentina,Female,46-55,Christianity,Urban
Argentina,Female,56-65,Christianity,Urban
Argentina,Male,26-35,Christianity,Urban
Argentina,Male,36-45,Christianity,Urban
Argentina,Female,26-35,Christianity,Urban
Argentina,Male,26-35,I do not identify with any religious group or faith,Urban
Argentina,Male,65+,Christianity,Urban
Argentina,Female,65+,Christianity,Urban
Argentina,Female,18-25,Christianity,Urban
Argentina,Female,36-45,Christianity,Urban
Argentina,Male,26-35,I do not identify with any religious group or faith,Urban
Argentina,Male,46-55,Christianity,Urban
Argentina,Male,18-25,Christianity,Urban
Argentina,Female,46-55,Christianity,Urban
Argentina,Female,36-45,Christianity,Urban
Argentina,Female,65+,Christianity,Urban
Argentina,Female,36-45,Christianity,Urban
Argentina,Male,26-35,I do not identify with any religious group or faith,Urban
Argentina,Female,46-55,Christianity,Urban
Argentina,Female,56-65,Christianity,Urban
Argentina,Male,56-65,Christianity,Urban
Argentina,Female,18-25,Christianity,Urban
Argentina,Female,36-45,Christianity,Urban
Argentina,Male,46-55,I do not identify with any religious group or faith,Urban
Argentina,Female,56-65,Christianity,Urban
Argentina,Male,56-65,Christianity,Urban
Argentina,Male,26-35,I do not identify with any religious group or faith,Urban
Argentina,Female,46-55,Christianity,Urban
Argentina,Female,56-65,Christianity,Urban
Argentina,Female,65+,Christianity,Urban
Argentina,Male,18-25,I do not identify with any religious group or faith,Urban
Argentina,Male,65+,I do not identify with any religious group or faith,Urban
Argentina,Female,26-35,Christianity,Urban
Argentina,Female,26-35,Christianity,Urban
Argentina,Female,56-65,Christianity,Urban
Argentina,Female,65+,Christianity,Urban
Argentina,Male,65+,I do not identify with any religious group or faith,Urban
Argentina,Female,26-35,I do not identify with any religious group or faith,Urban
Argentina,Male,36-45,I do not identify with any religious group or faith,Urban
Argentina,Female,18-25,Christianity,Urban
Argentina,Male,26-35,I do not identify with any religious group or faith,Urban
Argentina,Female,46-55,I do not identify with any religious group or faith,Urban
Argentina,Female,46-55,Christianity,Urban
Argentina,Male,36-45,I do not identify with any religious group or faith,Urban
Argentina,Male,18-25,I do not identify with any religious group or faith,Urban
Argentina,Female,46-55,Christianity,Urban
Argentina,Female,56-65,Christianity,Urban
Argentina,Male,26-35,Christianity,Urban
Argentina,Female,65+,Christianity,Urban
Argentina,Female,26-35,Christianity,Urban
Argentina,Female,26-35,I do not identify with any religious group or faith,Urban
Argentina,Male,65+,Christianity,Urban
Argentina,Male,46-55,Christianity,Urban
Argentina,Female,18-25,Christianity,Urban
Argentina,Male,46-55,Christianity,Urban
Argentina,Male,65+,Christianity,Urban
Argentina,Male,26-35,I do not identify with any religious group or faith,Urban
Argentina,Male,26-35,Christianity,Urban
Argentina,Female,26-35,Christianity,Urban
Argentina,Male,36-45,,Urban
Argentina,Female,65+,Christianity,Urban
Argentina,Female,56-65,Christianity,Urban
Argentina,Female,46-55,Christianity,Urban
Argentina,Female,18-25,I do not identify with any religious group or faith,Urban
Argentina,Male,18-25,Christianity,Urban
Argentina,Male,65+,Christianity,Urban
Argentina,Female,56-65,Christianity,Urban
Argentina,Male,46-55,Christianity,Urban
Argentina,Male,36-45,Christianity,Urban
Argentina,Female,46-55,Christianity,Urban
Argentina,Male,18-25,Christianity,Urban
Argentina,Female,18-25,Christianity,Urban
Argentina,Male,26-35,Christianity,Urban
Argentina,Female,26-35,Christianity,Urban
Argentina,Female,65+,Christianity,Urban
Argentina,Female,36-45,Christianity,Urban
Argentina,Male,56-65,Christianity,Urban
Argentina,Male,65+,Christianity,Urban
Argentina,Female,36-45,Christianity,Urban
Argentina,Female,65+,Christianity,Urban
Argentina,Female,18-25,I do not identify with any religious group or faith,Urban
Argentina,Female,26-35,I do not identify with any religious group or faith,Urban
Argentina,Male,26-35,I do not identify with any religious group or faith,Urban
Argentina,Male,26-35,Christianity,Urban
Argentina,Male,18-25,Christianity,Urban
Argentina,Male,46-55,Christianity,Urban
Argentina,Female,65+,Christianity,Urban
Argentina,Male,65+,Christianity,Urban
Argentina,Female,56-65,Christianity,Urban
Argentina,Female,26-35,Christianity,Urban
Argentina,Female,26-35,Christianity,Urban
Argentina,Female,18-25,Christianity,Urban
Argentina,Male,36-45,Christianity,Urban
Argentina,Male,56-65,Christianity,Urban
Argentina,Male,18-25,Christianity,Urban
Argentina,Female,56-65,Christianity,Urban
Argentina,Female,65+,Christianity,Urban
Argentina,Female,18-25,Christianity,Urban
Argentina,Male,26-35,Christianity,Urban
Argentina,Male,56-65,Christianity,Urban
Argentina,Male,46-55,Christianity,Urban
Argentina,Female,26-35,Christianity,Urban
Argentina,Female,26-35,Christianity,Urban
Argentina,Female,56-65,,Urban
Argentina,Male,18-25,Christianity,Urban
Argentina,Male,65+,Christianity,Urban
Argentina,Female,26-35,Christianity,Urban
Argentina,Female,65+,Christianity,Urban
Argentina,Female,46-55,Christianity,Urban
Argentina,Female,56-65,Christianity,Urban
Argentina,Female,56-65,Christianity,Urban
Argentina,Male,18-25,Christianity,Urban
Argentina,Male,26-35,Christianity,Urban
Argentina,Female,18-25,Christianity,Urban
Argentina,Male,26-35,Christianity,Urban
Argentina,Male,26-35,Christianity,Urban
Argentina,Male,36-45,I do not identify with any religious group or faith,Urban
Argentina,Female,36-45,I do not identify with any religious group or faith,Urban
Argentina,Female,65+,I do not identify with any religious group or faith,Urban
Argentina,Male,36-45,Christianity,Urban
Argentina,Male,18-25,I do not identify with any religious group or faith,Urban
Argentina,Female,46-55,I do not identify with any religious group or faith,Urban
Argentina,Male,26-35,Christianity,Urban
Argentina,Female,26-35,I do not identify with any religious group or faith,Urban
Argentina,Female,18-25,Christianity,Urban
Argentina,Male,65+,Christianity,Urban
Argentina,Female,65+,I do not identify with any religious group or faith,Urban
Argentina,Female,36-45,I do not identify with any religious group or faith,Urban
Argentina,Male,36-45,Christianity,Urban
Argentina,Male,56-65,Christianity,Urban
Argentina,Male,18-25,I do not identify with any religious group or faith,Urban
Argentina,Female,26-35,I do not identify with any religious group or faith,Urban
Argentina,Male,36-45,Christianity,Urban
Argentina,Female,26-35,Christianity,Urban
Argentina,Female,18-25,Christianity,Urban
Argentina,Male,56-65,Christianity,Urban
Argentina,Female,56-65,I do not identify with any religious group or faith,Urban
Argentina,Male,36-45,I do not identify with any religious group or faith,Urban
Argentina,Female,56-65,Christianity,Urban
Argentina,Female,18-25,Christianity,Urban
Argentina,Female,26-35,I do not identify with any religious group or faith,Urban
Argentina,Male,46-55,Christianity,Urban
Argentina,Male,26-35,I do not identify with any religious group or faith,Urban
Argentina,Female,36-45,Christianity,Urban
Argentina,Male,26-35,Christianity,Urban
Argentina,Male,56-65,I do not identify with any religious group or faith,Urban
Argentina,Male,18-25,I do not identify with any religious group or faith,Urban
Argentina,Female,26-35,Christianity,Urban
Argentina,Female,65+,Christianity,Urban
Argentina,Female,46-55,I do not identify with any religious group or faith,Urban
Argentina,Female,46-55,I do not identify with any religious group or faith,Urban
Argentina,Female,18-25,I do not identify with any religious group or faith,Urban
Argentina,Female,65+,Christianity,Urban
Argentina,Male,36-45,I do not identify with any religious group or faith,Urban
Argentina,Male,46-55,I do not identify with any religious group or faith,Urban
Argentina,Female,65+,Christianity,Urban
Argentina,Male,46-55,Christianity,Urban
Argentina,Male,36-45,I do not identify with any religious group or faith,Urban
Argentina,Male,46-55,I do not identify with any religious group or faith,Urban
Argentina,Female,36-45,I do not identify with any religious group or faith,Urban
Argentina,Female,26-35,Christianity,Urban
Argentina,Male,18-25,Christianity,Urban
Argentina,Female,18-25,I do not identify with any religious group or faith,Urban
Argentina,Female,46-55,Christianity,Urban
Argentina,Male,65+,Christianity,Urban
Argentina,Female,56-65,Christianity,Urban
Argentina,Male,46-55,Christianity,Urban
Argentina,Female,65+,Christianity,Urban
Argentina,Female,46-55,Christianity,Urban
Argentina,Male,26-35,Christianity,Urban
Argentina,Male,26-35,I do not identify with any religious group or faith,Urban
Argentina,Male,65+,Christianity,Urban
Argentina,Female,26-35,I do not identify with any religious group or faith,Urban
Argentina,Female,18-25,I do not identify with any religious group or faith,Urban
Argentina,Male,18-25,I do not identify with any religious group or faith,Urban
Argentina,Male,36-45,I do not identify with any religious group or faith,Urban
Argentina,Female,36-45,Christianity,Urban
Argentina,Female,56-65,Christianity,Urban
Argentina,Male,46-55,I do not identify with any religious group or faith,Urban
Argentina,Male,36-45,Christianity,Urban
Argentina,Male,18-25,I do not identify with any religious group or faith,Urban
Argentina,Female,18-25,I do not identify with any religious group or faith,Urban
Argentina,Female,36-45,Christianity,Urban
Argentina,Female,26-35,Christianity,Urban
Argentina,Male,65+,Christianity,Urban
Argentina,Female,56-65,Christianity,Urban
Argentina,Male,65+,Christianity,Urban
Argentina,Male,36-45,I do not identify with any religious group or faith,Urban
Argentina,Female,18-25,Christianity,Urban
Argentina,Female,56-65,Christianity,Urban
Argentina,Male,26-35,I do not identify with any religious group or faith,Urban
Argentina,Male,18-25,Christianity,Urban
Argentina,Female,36-45,Christianity,Urban
Argentina,Male,26-35,Christianity,Urban
Argentina,Female,36-45,Christianity,Urban
Argentina,Female,65+,I do not identify with any religious group or faith,Urban
Argentina,Male,26-35,I do not identify with any religious group or faith,Urban
Argentina,Male,65+,Christianity,Urban
Argentina,Male,46-55,I do not identify with any religious group or faith,Urban
Argentina,Female,46-55,Christianity,Urban
Argentina,Male,18-25,I do not identify with any religious group or faith,Urban
Argentina,Female,26-35,Christianity,Urban
Argentina,Female,26-35,I do not identify with any religious group or faith,Urban
Argentina,Female,18-25,I do not identify with any religious group or faith,Urban
Argentina,Male,46-55,I do not identify with any religious group or faith,Urban
Argentina,Female,56-65,Christianity,Urban
Argentina,Male,46-55,Christianity,Urban
Argentina,Female,26-35,Christianity,Urban
Argentina,Male,65+,I do not identify with any religious group or faith,Urban
Argentina,Female,56-65,Christianity,Urban
Argentina,Female,18-25,I do not identify with any religious group or faith,Urban
Argentina,Male,18-25,I do not identify with any religious group or faith,Urban
Argentina,Male,26-35,Christianity,Urban
Argentina,Female,36-45,Christianity,Urban
Argentina,Male,26-35,Christianity,Urban
Argentina,Female,46-55,Christianity,Urban
Argentina,Female,18-25,Christianity,Urban
Argentina,Female,36-45,Christianity,Urban
Argentina,Male,65+,Christianity,Urban
Argentina,Female,26-35,Christianity,Urban
Argentina,Female,65+,Christianity,Urban
Argentina,Male,18-25,I do not identify with any religious group or faith,Urban
Argentina,Male,26-35,I do not identify with any religious group or faith,Urban
Argentina,Male,26-35,I do not identify with any religious group or faith,Urban
Argentina,Male,56-65,Christianity,Urban
Argentina,Male,18-25,I do not identify with any religious group or faith,Urban
Argentina,Male,46-55,I do not identify with any religious group or faith,Urban
Argentina,Female,56-65,Christianity,Urban
Argentina,Male,56-65,Christianity,Urban
Argentina,Female,56-65,Christianity,Urban
Argentina,Female,18-25,I do not identify with any religious group or faith,Urban
Argentina,Female,36-45,I do not identify with any religious group or faith,Urban
Argentina,Female,26-35,Christianity,Urban
Argentina,Male,36-45,Christianity,Urban
Argentina,Male,26-35,I do not identify with any religious group or faith,Urban
Argentina,Female,56-65,I do not identify with any religious group or faith,Urban
Argentina,Male,65+,Christianity,Urban
Argentina,Female,46-55,Christianity,Urban
Argentina,Male,26-35,I do not identify with any religious group or faith,Urban
Argentina,Female,46-55,Christianity,Urban
Argentina,Male,26-35,I do not identify with any religious group or faith,Urban
Argentina,Female,26-35,Other religious group,Urban
Argentina,Male,36-45,Christianity,Urban
Argentina,Female,26-35,I do not identify with any religious group or faith,Urban
Argentina,Male,18-25,I do not identify with any religious group or faith,Urban
Argentina,Male,65+,Christianity,Urban
Argentina,Male,18-25,Christianity,Urban
Argentina,Male,56-65,Christianity,Urban
Argentina,Female,56-65,I do not identify with any religious group or faith,Urban
Argentina,Female,65+,Christianity,Urban
Argentina,Female,46-55,I do not identify with any religious group or faith,Urban
Argentina,Female,26-35,I do not identify with any religious group or faith,Urban
Argentina,Female,18-25,Christianity,Urban
Argentina,Male,36-45,Christianity,Urban
Argentina,Male,36-45,Christianity,Urban
Argentina,Female,56-65,I do not identify with any religious group or faith,Urban
Argentina,Male,26-35,I do not identify with any religious group or faith,Urban
Argentina,Female,46-55,Christianity,Urban
Argentina,Female,65+,Christianity,Urban
Argentina,Male,46-55,Christianity,Urban
Argentina,Female,36-45,I do not identify with any religious group or faith,Urban
Argentina,Female,18-25,Christianity,Urban
Argentina,Male,65+,Christianity,Urban
Argentina,Male,26-35,I do not identify with any religious group or faith,Urban
Argentina,Male,18-25,I do not identify with any religious group or faith,Urban
Argentina,Male,36-45,Christianity,Urban
Argentina,Male,65+,Christianity,Urban
Argentina,Female,26-35,I do not identify with any religious group or faith,Urban
Argentina,Female,46-55,Christianity,Urban
Argentina,Female,65+,Christianity,Urban
Argentina,Male,36-45,Christianity,Urban
Argentina,Female,36-45,Christianity,Urban
Argentina,Female,18-25,Christianity,Urban
Argentina,Male,36-45,I do not identify with any religious group or faith,Urban
Argentina,Male,36-45,I do not identify with any religious group or faith,Urban
Argentina,Female,26-35,I do not identify with any religious group or faith,Urban
Argentina,Female,26-35,Christianity,Urban
Argentina,Female,26-35,Christianity,Urban
Argentina,Female,46-55,Christianity,Urban
Argentina,Female,56-65,Christianity,Urban
Argentina,Male,65+,Christianity,Urban
Argentina,Male,46-55,Christianity,Urban
Argentina,Male,46-55,Christianity,Urban
Argentina,Female,26-35,Christianity,Urban
Argentina,Female,36-45,Christianity,Urban
Argentina,Female,36-45,Christianity,Urban
Argentina,Male,18-25,Christianity,Urban
Argentina,Female,56-65,Christianity,Urban
Argentina,Female,65+,Christianity,Urban
Argentina,Female,26-35,I do not identify with any religious group or faith,Urban
Argentina,Female,65+,I do not identify with any religious group or faith,Urban
Argentina,Male,56-65,I do not identify with any religious group or faith,Urban
Argentina,Male,36-45,Christianity,Urban
Argentina,Male,36-45,Christianity,Urban
Argentina,Male,65+,Christianity,Urban
Argentina,Male,26-35,Christianity,Urban
Argentina,Female,65+,Christianity,Urban
Argentina,Male,18-25,I do not identify with any religious group or faith,Urban
Argentina,Male,46-55,Christianity,Urban
Argentina,Male,65+,Christianity,Urban
Argentina,Female,46-55,Christianity,Urban
Argentina,Female,26-35,I do not identify with any religious group or faith,Urban
Argentina,Male,26-35,Christianity,Urban
Argentina,Female,36-45,Christianity,Urban
Argentina,Female,36-45,Christianity,Urban
Argentina,Female,26-35,Christianity,Urban
Argentina,Female,26-35,Christianity,Urban
Argentina,Female,18-25,Christianity,Urban
Argentina,Female,65+,Christianity,Urban
Argentina,Female,46-55,I do not identify with any religious group or faith,Urban
Argentina,Male,18-25,I do not identify with any religious group or faith,Urban
Argentina,Male,26-35,I do not identify with any religious group or faith,Urban
Argentina,Male,65+,I do not identify with any religious group or faith,Urban
Argentina,Male,56-65,Christianity,Urban
Argentina,Male,36-45,Christianity,Urban
Argentina,Male,56-65,Christianity,Urban
Argentina,Female,18-25,I do not identify with any religious group or faith,Urban
Argentina,Male,26-35,Christianity,Urban
Argentina,Female,26-35,Christianity,Urban
Argentina,Female,36-45,Christianity,Urban
Argentina,Male,36-45,I do not identify with any religious group or faith,Urban
Argentina,Female,26-35,Christianity,Urban
Argentina,Male,18-25,,Urban
Argentina,Male,26-35,Christianity,Urban
Argentina,Female,65+,Christianity,Urban
Argentina,Female,36-45,Christianity,Urban
Argentina,Male,26-35,I do not identify with any religious group or faith,Urban
Argentina,Male,26-35,Christianity,Urban
Argentina,Female,65+,I do not identify with any religious group or faith,Urban
Argentina,Male,18-25,I do not identify with any religious group or faith,Urban
Argentina,Male,56-65,I do not identify with any religious group or faith,Urban
Argentina,Female,56-65,,Urban
Argentina,Female,26-35,Christianity,Urban
Argentina,Female,26-35,I do not identify with any religious group or faith,Urban
Argentina,Male,65+,I do not identify with any religious group or faith,Urban
Argentina,Female,36-45,Christianity,Urban
Argentina,Male,26-35,I do not identify with any religious group or faith,Urban
Argentina,Female,46-55,Christianity,Urban
Argentina,Female,36-45,Christianity,Urban
Argentina,Male,26-35,Christianity,Urban
Argentina,Female,18-25,Christianity,Urban
Argentina,Female,56-65,Christianity,Urban
Argentina,Male,18-25,Christianity,Urban
Argentina,Female,46-55,Christianity,Urban
Argentina,Male,65+,Christianity,Urban
Argentina,Female,36-45,Christianity,Urban
Argentina,Male,18-25,I do not identify with any religious group or faith,Urban
Argentina,Female,56-65,Christianity,Urban
Argentina,Female,26-35,Christianity,Urban
Argentina,Male,36-45,Christianity,Urban
Argentina,Female,46-55,Christianity,Urban
Argentina,Female,65+,Christianity,Urban
Argentina,Male,26-35,Christianity,Urban
Argentina,Male,65+,Christianity,Urban
Argentina,Female,18-25,Christianity,Urban
Argentina,Female,26-35,I do not identify with any religious group or faith,Urban
Argentina,Male,18-25,Christianity,Urban
Argentina,Male,26-35,I do not identify with any religious group or faith,Urban
Argentina,Female,46-55,I do not identify with any religious group or faith,Urban
Argentina,Male,26-35,Christianity,Urban
Argentina,Female,65+,Christianity,Urban
Argentina,Female,56-65,Christianity,Urban
Argentina,Male,65+,Christianity,Urban
Argentina,Female,18-25,Christianity,Urban
Argentina,Male,46-55,Christianity,Urban
Argentina,Female,36-45,Christianity,Urban
Argentina,Female,46-55,Christianity,Urban
Argentina,Male,18-25,Christianity,Urban
Argentina,Male,26-35,Christianity,Urban
Argentina,Male,46-55,Christianity,Urban
Argentina,Female,36-45,Christianity,Urban
Argentina,Female,26-35,Christianity,Urban
Argentina,Male,65+,Christianity,Urban
Argentina,Male,26-35,Christianity,Urban
Argentina,Female,18-25,Christianity,Urban
Argentina,Female,18-25,I do not identify with any religious group or faith,Urban
Argentina,Female,36-45,Christianity,Urban
Argentina,Female,65+,Christianity,Urban
Argentina,Male,36-45,Christianity,Urban
Argentina,Female,46-55,Christianity,Urban
Argentina,Female,46-55,Christianity,Urban
Argentina,Female,36-45,Christianity,Urban
Argentina,Male,65+,Christianity,Urban
Argentina,Male,18-25,I do not identify with any religious group or faith,Urban
Argentina,Male,26-35,I do not identify with any religious group or faith,Urban
Argentina,Male,46-55,Christianity,Urban
Argentina,Female,36-45,Christianity,Urban
Argentina,Female,65+,Christianity,Urban
Argentina,Female,36-45,Christianity,Urban
Argentina,Female,18-25,Christianity,Urban
Argentina,Male,65+,Christianity,Urban
Argentina,Male,18-25,I do not identify with any religious group or faith,Urban
Argentina,Female,56-65,Christianity,Urban
Argentina,Male,26-35,I do not identify with any religious group or faith,Urban
Argentina,Male,46-55,Christianity,Urban
Argentina,Male,56-65,Christianity,Urban
Argentina,Male,65+,Christianity,Urban
Argentina,Female,65+,Christianity,Urban
Argentina,Female,36-45,Christianity,Urban
Argentina,Male,36-45,I do not identify with any religious group or faith,Urban
Argentina,Female,56-65,Christianity,Urban
Argentina,Male,36-45,I do not identify with any religious group or faith,Urban
Argentina,Male,65+,I do not identify with any religious group or faith,Urban
Argentina,Female,26-35,Christianity,Urban
Argentina,Female,18-25,I do not identify with any religious group or faith,Urban
Argentina,Female,26-35,Christianity,Urban
Argentina,Female,18-25,Christianity,Urban
Argentina,Female,26-35,Christianity,Urban
Argentina,Male,26-35,Christianity,Urban
Argentina,Male,46-55,I do not identify with any religious group or faith,Urban
Argentina,Female,65+,Christianity,Urban
Argentina,Male,65+,Christianity,Urban
Argentina,Female,36-45,Christianity,Urban
Argentina,Female,56-65,Christianity,Urban
Argentina,Male,56-65,I do not identify with any religious group or faith,Urban
Argentina,Male,65+,Christianity,Urban
Argentina,Female,36-45,Christianity,Urban
Argentina,Male,26-35,I do not identify with any religious group or faith,Urban
Argentina,Female,26-35,Christianity,Urban
Argentina,Female,18-25,Christianity,Urban
Argentina,Female,46-55,Christianity,Urban
Argentina,Female,65+,Christianity,Urban
Argentina,Male,56-65,Christianity,Urban
Argentina,Female,26-35,I do not identify with any religious group or faith,Urban
Argentina,Male,26-35,Christianity,Urban
Argentina,Female,65+,Christianity,Urban
Argentina,Male,65+,Christianity,Urban
Argentina,Female,46-55,I do not identify with any religious group or faith,Urban
Argentina,Female,36-45,Christianity,Urban
Argentina,Female,18-25,Christianity,Urban
Argentina,Female,36-45,Christianity,Urban
Argentina,Male,18-25,Christianity,Urban
Argentina,Male,26-35,Christianity,Urban
Argentina,Male,56-65,Christianity,Urban
Argentina,Male,26-35,Christianity,Urban
Argentina,Male,56-65,Christianity,Urban
Argentina,Male,18-25,Christianity,Urban
Argentina,Female,46-55,Christianity,Urban
Argentina,Female,46-55,Christianity,Urban
Argentina,Female,56-65,Christianity,Urban
Argentina,Male,36-45,I do not identify with any religious group or faith,Urban
Argentina,Female,36-45,Other religious group,Urban
Argentina,Female,36-45,Christianity,Urban
Argentina,Male,36-45,Christianity,Urban
Argentina,Female,18-25,I do not identify with any religious group or faith,Urban
Argentina,Female,46-55,Christianity,Urban
Argentina,Female,26-35,Christianity,Urban
Argentina,Female,18-25,Christianity,Urban
Argentina,Male,56-65,Christianity,Urban
Argentina,Female,26-35,Christianity,Urban
Argentina,Female,56-65,Christianity,Urban
Argentina,Male,36-45,Christianity,Urban
Argentina,Male,18-25,Christianity,Urban
Argentina,Male,46-55,Christianity,Urban
Argentina,Male,56-65,Christianity,Urban
Argentina,Female,46-55,Christianity,Urban
Argentina,Female,18-25,Christianity,Urban
Argentina,Female,26-35,Christianity,Urban
Argentina,Female,46-55,Christianity,Urban
Argentina,Male,18-25,Christianity,Urban
Argentina,Female,56-65,Christianity,Urban
Argentina,Male,46-55,Christianity,Urban
Argentina,Male,26-35,I do not identify with any religious group or faith,Urban
Argentina,Male,65+,Christianity,Urban
Argentina,Male,26-35,Christianity,Urban
Argentina,Female,65+,Christianity,Urban
Argentina,Female,18-25,I do not identify with any religious group or faith,Urban
Argentina,Female,26-35,Christianity,Urban
Argentina,Female,26-35,I do not identify with any religious group or faith,Urban
Argentina,Male,18-25,Christianity,Urban
Argentina,Male,26-35,I do not identify with any religious group or faith,Urban
Argentina,Female,56-65,Christianity,Urban
Argentina,Male,56-65,I do not identify with any religious group or faith,Urban
Argentina,Male,46-55,Christianity,Urban
Argentina,Male,56-65,I do not identify with any religious group or faith,Urban
Argentina,Female,26-35,Christianity,Urban
Argentina,Female,18-25,Christianity,Urban
Argentina,Male,26-35,Christianity,Urban
Argentina,Male,18-25,Christianity,Urban
Argentina,Male,36-45,Christianity,Urban
Argentina,Female,46-55,Christianity,Urban
Argentina,Male,56-65,Christianity,Urban
Argentina,Male,46-55,Christianity,Urban
Argentina,Female,56-65,Christianity,Urban
Argentina,Female,26-35,Christianity,Urban
Argentina,Female,36-45,Christianity,Urban
Argentina,Female,26-35,Christianity,Urban
Argentina,Female,46-55,I do not identify with any religious group or faith,Urban
Argentina,Female,18-25,Christianity,Urban
Argentina,Female,65+,Christianity,Urban
Argentina,Male,18-25,I do not identify with any religious group or faith,Urban
Argentina,Male,65+,Christianity,Urban
Argentina,Male,26-35,I do not identify with any religious group or faith,Urban
Argentina,Male,36-45,I do not identify with any religious group or faith,Urban
Argentina,Male,36-45,I do not identify with any religious group or faith,Urban
Argentina,Female,26-35,Christianity,Urban
Argentina,Female,56-65,Christianity,Urban
Argentina,Male,18-25,Christianity,Urban
Argentina,Male,26-35,Christianity,Urban
Argentina,Female,26-35,Christianity,Urban
Argentina,Female,56-65,Christianity,Urban
Argentina,Male,36-45,Christianity,Urban
Argentina,Female,18-25,Christianity,Urban
Argentina,Male,56-65,Christianity,Urban
Argentina,Male,18-25,Christianity,Urban
Argentina,Female,36-45,Christianity,Urban
Argentina,Male,56-65,Christianity,Urban
Argentina,Female,56-65,Christianity,Urban
Argentina,Male,26-35,Christianity,Urban
Argentina,Female,65+,Christianity,Urban
Argentina,Female,46-55,Christianity,Urban
Argentina,Male,56-65,Christianity,Urban
Argentina,Female,18-25,Christianity,Urban
Argentina,Male,18-25,Christianity,Urban
Argentina,Male,26-35,Christianity,Urban
Argentina,Female,65+,Christianity,Urban
Argentina,Female,18-25,Christianity,Urban
Argentina,Male,36-45,Christianity,Urban
Argentina,Female,36-45,Christianity,Urban
Argentina,Male,46-55,Christianity,Urban
Argentina,Male,26-35,Christianity,Urban
Argentina,Female,26-35,Christianity,Urban
Argentina,Female,26-35,Christianity,Urban
Argentina,Male,18-25,Christianity,Urban
Argentina,Male,56-65,Christianity,Urban
Argentina,Male,46-55,Christianity,Rural
Argentina,Female,46-55,Christianity,Rural
Argentina,Female,36-45,Christianity,Rural
Argentina,Female,18-25,Christianity,Rural
Argentina,Male,18-25,Christianity,Rural
Argentina,Female,26-35,Christianity,Rural
Argentina,Male,65+,Christianity,Rural
Argentina,Male,26-35,Christianity,Rural
Argentina,Female,65+,Christianity,Rural
Argentina,Male,26-35,Christianity,Rural
Argentina,Female,56-65,Christianity,Urban
Argentina,Female,36-45,Christianity,Urban
Argentina,Female,65+,Christianity,Urban
Argentina,Male,56-65,Christianity,Urban
Argentina,Male,65+,Christianity,Urban
Argentina,Male,26-35,I do not identify with any religious group or faith,Urban
Argentina,Female,18-25,Christianity,Urban
Argentina,Male,26-35,Christianity,Urban
Argentina,Female,36-45,Christianity,Urban
Argentina,Male,36-45,Christianity,Urban
Argentina,Female,65+,Christianity,Urban
Argentina,Female,56-65,Christianity,Urban
Argentina,Female,18-25,Christianity,Urban
Argentina,Male,46-55,Christianity,Urban
Argentina,Male,26-35,Christianity,Urban
Argentina,Female,56-65,I do not identify with any religious group or faith,Urban
Argentina,Male,65+,Christianity,Urban
Argentina,Female,26-35,Christianity,Urban
Argentina,Female,26-35,Christianity,Urban
Argentina,Male,18-25,Christianity,Urban
Argentina,Male,65+,Christianity,Urban
Argentina,Female,26-35,Christianity,Urban
Argentina,Female,26-35,Christianity,Urban
Argentina,Female,18-25,Christianity,Urban
Argentina,Female,65+,Christianity,Urban
Argentina,Male,36-45,Christianity,Urban
Argentina,Male,26-35,Christianity,Urban
Argentina,Female,46-55,Christianity,Urban
Argentina,Male,26-35,Christianity,Urban
Argentina,Male,18-25,Christianity,Urban
Argentina,Female,18-25,Christianity,Urban
Argentina,Male,65+,Christianity,Urban
Argentina,Female,26-35,Christianity,Urban
Argentina,Female,36-45,Christianity,Urban
Argentina,Female,65+,Christianity,Urban
Argentina,Male,46-55,Christianity,Urban
Argentina,Male,26-35,Christianity,Urban
Argentina,Male,26-35,Christianity,Urban
Argentina,Female,36-45,I do not identify with any religious group or faith,Urban
Argentina,Male,18-25,I do not identify with any religious group or faith,Urban
Argentina,Male,36-45,Christianity,Urban
Argentina,Male,56-65,I do not identify with any religious group or faith,Urban
Argentina,Female,56-65,Christianity,Urban
Argentina,Male,26-35,Christianity,Urban
Argentina,Male,26-35,I do not identify with any religious group or faith,Urban
Argentina,Female,46-55,Christianity,Urban
Argentina,Female,46-55,I do not identify with any religious group or faith,Urban
Argentina,Male,18-25,I do not identify with any religious group or faith,Urban
Argentina,Female,65+,Christianity,Urban
Argentina,Female,36-45,Christianity,Urban
Argentina,Female,26-35,Christianity,Urban
Argentina,Female,26-35,Christianity,Urban
Argentina,Female,18-25,Christianity,Urban
Argentina,Female,46-55,Christianity,Urban
Argentina,Female,65+,Christianity,Urban
Argentina,Male,56-65,Christianity,Urban
Argentina,Male,26-35,Christianity,Urban
Argentina,Female,26-35,Christianity,Urban
Argentina,Male,46-55,Christianity,Urban
Argentina,Male,18-25,Christianity,Urban
Argentina,Female,18-25,I do not identify with any religious group or faith,Urban
Argentina,Male,18-25,I do not identify with any religious group or faith,Urban
Argentina,Male,26-35,Christianity,Urban
Argentina,Male,36-45,Christianity,Urban
Argentina,Female,56-65,Christianity,Urban
Argentina,Female,36-45,Christianity,Urban
Argentina,Female,26-35,Christianity,Urban
Argentina,Male,56-65,Christianity,Urban
Argentina,Male,56-65,Christianity,Urban
Argentina,Female,36-45,Christianity,Urban
Argentina,Female,18-25,I do not identify with any religious group or faith,Urban
Argentina,Female,65+,Christianity,Urban
Argentina,Male,36-45,Christianity,Urban
Argentina,Male,26-35,Christianity,Urban
Argentina,Male,18-25,Christianity,Urban
Argentina,Female,36-45,Christianity,Urban
Argentina,Male,26-35,Christianity,Urban
Argentina,Male,65+,Christianity,Urban
Argentina,Female,46-55,Christianity,Urban
Argentina,Male,56-65,Christianity,Urban
Argentina,Female,36-45,Christianity,Rural
Argentina,Female,65+,Christianity,Rural
Argentina,Male,65+,Christianity,Rural
Argentina,Male,18-25,I do not identify with any religious group or faith,Rural
Argentina,Male,26-35,Christianity,Rural
Argentina,Male,36-45,Christianity,Rural
Argentina,Female,26-35,Christianity,Rural
Argentina,Male,26-35,Christianity,Rural
Argentina,Female,18-25,Christianity,Rural
Argentina,Female,18-25,Christianity,Rural
Argentina,Female,26-35,I do not identify with any religious group or faith,Urban
Argentina,Female,36-45,Christianity,Urban
Argentina,Male,46-55,Christianity,Urban
Argentina,Male,36-45,Christianity,Urban
Argentina,Female,36-45,Christianity,Urban
Argentina,Female,36-45,I do not identify with any religious group or faith,Urban
Argentina,Female,18-25,I do not identify with any religious group or faith,Urban
Argentina,Male,65+,Christianity,Urban
Argentina,Male,18-25,I do not identify with any religious group or faith,Urban
Argentina,Male,26-35,I do not identify with any religious group or faith,Urban
Argentina,Female,36-45,Christianity,Urban
Argentina,Male,36-45,Christianity,Urban
Argentina,Female,46-55,Christianity,Urban
Argentina,Male,18-25,Christianity,Urban
Argentina,Female,46-55,Christianity,Urban
Argentina,Female,18-25,Christianity,Urban
Argentina,Male,65+,I do not identify with any religious group or faith,Urban
Argentina,Male,26-35,Christianity,Urban
Argentina,Male,26-35,I do not identify with any religious group or faith,Urban
Argentina,Female,56-65,Christianity,Urban
Argentina,Female,65+,Christianity,Urban
Argentina,Male,46-55,I do not identify with any religious group or faith,Urban
Argentina,Female,18-25,I do not identify with any religious group or faith,Urban
Argentina,Female,46-55,,Urban
Argentina,Male,36-45,I do not identify with any religious group or faith,Urban
Argentina,Female,36-45,I do not identify with any religious group or faith,Urban
Argentina,Male,56-65,I do not identify with any religious group or faith,Urban
Argentina,Male,18-25,I do not identify with any religious group or faith,Urban
Argentina,Male,56-65,Christianity,Urban
Argentina,Male,18-25,I do not identify with any religious group or faith,Urban
Argentina,Male,26-35,Christianity,Urban
Argentina,Female,36-45,Christianity,Urban
Argentina,Male,18-25,Christianity,Urban
Argentina,Male,36-45,Christianity,Urban
Argentina,Male,56-65,Christianity,Urban
Argentina,Female,46-55,I do not identify with any religious group or faith,Urban
Argentina,Male,46-55,I do not identify with any religious group or faith,Urban
Argentina,Female,65+,Christianity,Urban
Argentina,Female,18-25,I do not identify with any religious group or faith,Urban
Argentina,Female,26-35,Christianity,Urban
Argentina,Female,26-35,Christianity,Urban
Argentina,Male,56-65,I do not identify with any religious group or faith,Urban
Argentina,Male,36-45,I do not identify with any religious group or faith,Urban
Argentina,Male,56-65,Christianity,Urban
Argentina,Female,36-45,I do not identify with any religious group or faith,Urban
Argentina,Male,36-45,I do not identify with any religious group or faith,Urban
Argentina,Female,36-45,I do not identify with any religious group or faith,Urban
Argentina,Female,18-25,I do not identify with any religious group or faith,Urban
Argentina,Female,65+,Christianity,Urban
Argentina,Male,18-25,I do not identify with any religious group or faith,Urban
Argentina,Female,56-65,Christianity,Urban
Argentina,Female,65+,Christianity,Urban
Argentina,Female,18-25,I do not identify with any religious group or faith,Urban
Argentina,Female,46-55,Christianity,Urban
Argentina,Male,65+,Christianity,Urban
Argentina,Female,26-35,Christianity,Urban
Argentina,Male,26-35,I do not identify with any religious group or faith,Urban
Argentina,Male,56-65,Christianity,Urban
Argentina,Male,56-65,Christianity,Urban
Argentina,Male,18-25,I do not identify with any religious group or faith,Urban
Argentina,Female,18-25,I do not identify with any religious group or faith,Urban
Argentina,Female,56-65,Christianity,Urban
Argentina,Female,36-45,Christianity,Urban
Argentina,Female,36-45,Christianity,Urban
Argentina,Male,46-55,Christianity,Urban
Argentina,Male,36-45,Christianity,Urban
Argentina,Male,65+,Christianity,Urban
Argentina,Female,26-35,Christianity,Urban
Argentina,Male,26-35,I do not identify with any religious group or faith,Urban
Argentina,Male,18-25,Christianity,Urban
Argentina,Female,65+,Christianity,Urban
Argentina,Male,46-55,Christianity,Urban
Argentina,Female,18-25,Christianity,Urban
Argentina,Male,65+,Christianity,Urban
Argentina,Female,36-45,Christianity,Urban
Argentina,Female,46-55,I do not identify with any religious group or faith,Urban
Argentina,Female,46-55,I do not identify with any religious group or faith,Urban
Argentina,Male,26-35,I do not identify with any religious group or faith,Urban
Argentina,Female,26-35,I do not identify with any religious group or faith,Urban
Argentina,Male,36-45,Christianity,Urban
Argentina,Male,65+,Christianity,Urban
Argentina,Male,36-45,Christianity,Urban
Argentina,Female,56-65,Christianity,Urban
Argentina,Male,18-25,Christianity,Urban
Argentina,Female,18-25,Christianity,Urban
Argentina,Female,26-35,I do not identify with any religious group or faith,Urban
Argentina,Female,65+,Christianity,Urban
Argentina,Female,56-65,Christianity,Urban
Argentina,Male,46-55,Christianity,Urban
Argentina,Male,46-55,Christianity,Urban
Argentina,Male,65+,Christianity,Urban
Argentina,Female,46-55,Christianity,Urban
Argentina,Female,65+,Christianity,Urban
Argentina,Female,36-45,Other religious group,Urban
Argentina,Male,26-35,I do not identify with any religious group or faith,Urban
Argentina,Female,26-35,Christianity,Urban
Argentina,Female,56-65,Christianity,Urban
Argentina,Male,36-45,Christianity,Urban
Argentina,Male,18-25,I do not identify with any religious group or faith,Urban
Argentina,Male,36-45,I do not identify with any religious group or faith,Urban
Argentina,Female,26-35,Christianity,Urban
Argentina,Male,65+,Christianity,Urban
Argentina,Male,26-35,Christianity,Urban
Argentina,Male,18-25,I do not identify with any religious group or faith,Urban
Argentina,Male,46-55,Christianity,Urban
Argentina,Female,36-45,Christianity,Urban
Argentina,Female,18-25,Christianity,Urban
Argentina,Female,65+,Christianity,Urban
Argentina,Male,26-35,Christianity,Urban
Argentina,Female,26-35,Christianity,Urban
Argentina,Female,65+,Christianity,Urban
Argentina,Female,46-55,Christianity,Urban
Argentina,Female,56-65,Christianity,Urban
Argentina,Male,18-25,Christianity,Urban
Argentina,Female,26-35,Christianity,Urban
Argentina,Male,65+,Christianity,Urban
Argentina,Female,26-35,Christianity,Urban
Argentina,Male,26-35,Christianity,Urban
Argentina,Male,36-45,Christianity,Urban
Argentina,Male,56-65,Christianity,Urban
Argentina,Female,46-55,Christianity,Urban
Argentina,Male,46-55,Christianity,Urban
Argentina,Male,26-35,Christianity,Urban
Argentina,Female,46-55,Christianity,Urban
Argentina,Female,18-25,I do not identify with any religious group or faith,Urban
Argentina,Female,26-35,I do not identify with any religious group or faith,Urban
Argentina,Male,56-65,Christianity,Urban
Argentina,Male,18-25,Christianity,Urban
Argentina,Female,65+,Christianity,Urban
Argentina,Male,26-35,Christianity,Urban
Argentina,Female,56-65,Christianity,Rural
Argentina,Female,46-55,Christianity,Rural
Argentina,Male,46-55,Christianity,Rural
Argentina,Female,46-55,Christianity,Rural
Argentina,Female,36-45,Christianity,Rural
Argentina,Male,56-65,Christianity,Rural
Argentina,Female,18-25,Christianity,Rural
Argentina,Male,18-25,Christianity,Rural
Argentina,Male,36-45,Christianity,Rural
Argentina,Male,46-55,Christianity,Rural
Argentina,Female,56-65,Christianity,Urban
Argentina,Male,26-35,I do not identify with any religious group or faith,Urban
Argentina,Female,26-35,Christianity,Urban
Argentina,Male,36-45,I do not identify with any religious group or faith,Urban
Argentina,Female,65+,Christianity,Urban
Argentina,Female,36-45,Christianity,Urban
Argentina,Female,18-25,Christianity,Urban
Argentina,Male,65+,I do not identify with any religious group or faith,Urban
Argentina,Female,65+,Christianity,Urban
Argentina,Female,18-25,I do not identify with any religious group or faith,Urban
Argentina,Female,56-65,Christianity,Urban
Argentina,Female,65+,Christianity,Urban
Argentina,Male,36-45,I do not identify with any religious group or faith,Urban
Argentina,Female,36-45,Christianity,Urban
Argentina,Male,18-25,I do not identify with any religious group or faith,Urban
Argentina,Male,46-55,I do not identify with any religious group or faith,Urban
Argentina,Female,18-25,Christianity,Urban
Argentina,Female,36-45,Christianity,Urban
Argentina,Male,65+,Christianity,Urban
Argentina,Female,36-45,I do not identify with any religious group or faith,Urban
Argentina,Female,26-35,Christianity,Urban
Argentina,Female,26-35,Christianity,Urban
Argentina,Female,36-45,I do not identify with any religious group or faith,Urban
Argentina,Female,46-55,I do not identify with any religious group or faith,Urban
Argentina,Male,18-25,I do not identify with any religious group or faith,Urban
Argentina,Male,46-55,Christianity,Urban
Argentina,Male,26-35,I do not identify with any religious group or faith,Urban
Argentina,Male,26-35,Christianity,Urban
Argentina,Male,46-55,Christianity,Urban
Argentina,Female,65+,Christianity,Urban
Argentina,Male,46-55,Christianity,Urban
Argentina,Female,18-25,I do not identify with any religious group or faith,Urban
Argentina,Male,18-25,I do not identify with any religious group or faith,Urban
Argentina,Male,26-35,Christianity,Urban
Argentina,Female,26-35,Christianity,Urban
Argentina,Male,26-35,Christianity,Urban
Argentina,Male,46-55,Christianity,Urban
Argentina,Female,36-45,Christianity,Urban
Argentina,Female,36-45,Christianity,Urban
Argentina,Female,65+,Christianity,Urban
Argentina,Male,36-45,Christianity,Urban
Argentina,Female,18-25,I do not identify with any religious group or faith,Urban
Argentina,Male,18-25,Christianity,Urban
Argentina,Female,65+,I do not identify with any religious group or faith,Urban
Argentina,Male,18-25,I do not identify with any religious group or faith,Urban
Argentina,Female,26-35,Christianity,Urban
Argentina,Male,36-45,Christianity,Urban
Argentina,Male,56-65,Christianity,Urban
Argentina,Female,36-45,Christianity,Urban
Argentina,Male,26-35,Christianity,Urban
Argentina,Female,56-65,Christianity,Urban
Argentina,Male,26-35,I do not identify with any religious group or faith,Urban
Argentina,Male,36-45,I do not identify with any religious group or faith,Urban
Argentina,Female,36-45,Christianity,Urban
Argentina,Female,26-35,I do not identify with any religious group or faith,Urban
Argentina,Male,18-25,Christianity,Urban
Argentina,Female,56-65,Christianity,Urban
Argentina,Male,36-45,I do not identify with any religious group or faith,Urban
Argentina,Female,18-25,Christianity,Urban
Argentina,Male,56-65,I do not identify with any religious group or faith,Urban
Argentina,Female,65+,Christianity,Urban
Argentina,Female,56-65,I do not identify with any religious group or faith,Urban
Argentina,Male,26-35,I do not identify with any religious group or faith,Urban
Argentina,Female,65+,Christianity,Urban
Argentina,Male,36-45,I do not identify with any religious group or faith,Urban
Argentina,Female,65+,Christianity,Urban
Argentina,Male,26-35,I do not identify with any religious group or faith,Urban
Argentina,Female,56-65,I do not identify with any religious group or faith,Urban
Argentina,Female,46-55,I do not identify with any religious group or faith,Urban
Argentina,Male,56-65,Christianity,Urban
Argentina,Female,65+,Christianity,Urban
Argentina,Female,46-55,Christianity,Urban
Argentina,Male,65+,I do not identify with any religious group or faith,Urban
Argentina,Female,56-65,Christianity,Urban
Argentina,Female,46-55,Christianity,Urban
Argentina,Male,65+,Christianity,Urban
Argentina,Male,46-55,Christianity,Urban
Argentina,Female,56-65,Christianity,Urban
Argentina,Male,46-55,Christianity,Urban
Argentina,Female,46-55,Christianity,Urban
Argentina,Female,26-35,I do not identify with any religious group or faith,Urban
Argentina,Male,36-45,I do not identify with any religious group or faith,Urban
Argentina,Male,46-55,I do not identify with any religious group or faith,Urban
Argentina,Female,18-25,Christianity,Urban
Argentina,Male,56-65,I do not identify with any religious group or faith,Urban
Argentina,Male,36-45,Christianity,Urban
Argentina,Female,46-55,Christianity,Urban
Argentina,Female,26-35,I do not identify with any religious group or faith,Urban
Argentina,Female,56-65,Christianity,Urban
Argentina,Male,18-25,I do not identify with any religious group or faith,Urban
Argentina,Female,46-55,Christianity,Urban
Argentina,Female,46-55,Christianity,Urban
Argentina,Female,36-45,Christianity,Urban
Argentina,Female,65+,Christianity,Urban
Argentina,Male,36-45,I do not identify with any religious group or faith,Urban
Argentina,Female,18-25,Christianity,Urban
Argentina,Female,36-45,I do not identify with any religious group or faith,Urban
Argentina,Male,36-45,Christianity,Urban
Argentina,Male,65+,Christianity,Urban
Argentina,Male,56-65,Christianity,Urban
Argentina,Female,65+,Christianity,Urban
Argentina,Male,65+,Christianity,Urban
Argentina,Female,36-45,Christianity,Urban
Argentina,Female,36-45,I do not identify with any religious group or faith,Urban
Argentina,Female,18-25,I do not identify with any religious group or faith,Urban
Argentina,Male,36-45,I do not identify with any religious group or faith,Urban
Argentina,Male,18-25,Christianity,Urban
Argentina,Male,18-25,Christianity,Urban
Argentina,Male,26-35,I do not identify with any religious group or faith,Urban
Argentina,Male,36-45,Christianity,Urban
Argentina,Female,46-55,Christianity,Urban
Argentina,Female,18-25,Christianity,Urban
Argentina,Female,26-35,Christianity,Urban
Argentina,Male,26-35,Christianity,Urban
Argentina,Female,56-65,Christianity,Urban
Argentina,Female,26-35,Christianity,Urban
Argentina,Male,36-45,Christianity,Urban
Argentina,Male,46-55,Christianity,Urban
Argentina,Male,56-65,Christianity,Urban
Argentina,Male,18-25,Christianity,Urban
Argentina,Male,56-65,I do not identify with any religious group or faith,Urban
Argentina,Female,26-35,Christianity,Urban
Argentina,Male,18-25,Christianity,Urban
Argentina,Male,65+,Christianity,Urban
Argentina,Female,46-55,Christianity,Urban
Argentina,Female,65+,Christianity,Urban
Argentina,Male,26-35,I do not identify with any religious group or faith,Urban
Argentina,Female,26-35,Christianity,Urban
Argentina,Female,36-45,Christianity,Urban
Argentina,Male,36-45,I do not identify with any religious group or faith,Urban
Argentina,Male,36-45,I do not identify with any religious group or faith,Urban
Argentina,Male,18-25,I do not identify with any religious group or faith,Urban
Argentina,Male,36-45,Christianity,Urban
Argentina,Female,26-35,I do not identify with any religious group or faith,Urban
Argentina,Female,56-65,Christianity,Urban
Argentina,Female,36-45,I do not identify with any religious group or faith,Urban
Argentina,Female,36-45,Christianity,Urban
Argentina,Male,36-45,Christianity,Urban
Argentina,Female,18-25,Christianity,Urban
Argentina,Male,56-65,Christianity,Urban
Argentina,Male,36-45,I do not identify with any religious group or faith,Urban
Argentina,Female,36-45,I do not identify with any religious group or faith,Urban
Argentina,Female,65+,Christianity,Urban
Argentina,Female,26-35,Christianity,Urban
Argentina,Male,18-25,Christianity,Urban
Argentina,Male,65+,Christianity,Urban
Argentina,Female,18-25,Christianity,Urban
Argentina,Female,46-55,Christianity,Urban
Argentina,Male,56-65,Christianity,Urban
Argentina,Male,56-65,Christianity,Urban
Argentina,Female,18-25,Christianity,Urban
Argentina,Male,65+,Christianity,Urban
Argentina,Male,56-65,Christianity,Urban
Argentina,Female,26-35,Christianity,Urban
Argentina,Female,65+,Christianity,Urban
Argentina,Female,46-55,I do not identify with any religious group or faith,Urban
Argentina,Male,26-35,I do not identify with any religious group or faith,Urban
Argentina,Male,18-25,Christianity,Urban
Argentina,Male,26-35,I do not identify with any religious group or faith,Urban
Argentina,Male,46-55,Christianity,Urban
Argentina,Female,56-65,Christianity,Urban
Argentina,Female,26-35,I do not identify with any religious group or faith,Urban
Argentina,Female,65+,Christianity,Urban
Argentina,Male,65+,Christianity,Urban
Argentina,Male,36-45,I do not identify with any religious group or faith,Urban
Argentina,Female,18-25,I do not identify with any religious group or faith,Urban
Argentina,Female,26-35,I do not identify with any religious group or faith,Urban
Argentina,Female,46-55,Christianity,Urban
Argentina,Male,18-25,I do not identify with any religious group or faith,Urban
Argentina,Male,36-45,Christianity,Urban
Argentina,Female,65+,I do not identify with any religious group or faith,Urban
Argentina,Female,65+,I do not identify with any religious group or faith,Urban
Argentina,Female,36-45,Christianity,Urban
Argentina,Male,26-35,Christianity,Urban
Argentina,Male,65+,Christianity,Urban
Argentina,Female,46-55,Christianity,Urban
Argentina,Female,18-25,I do not identify with any religious group or faith,Urban
Argentina,Male,56-65,I do not identify with any religious group or faith,Urban
Argentina,Female,56-65,Christianity,Urban
Argentina,Female,36-45,Christianity,Urban
Argentina,Male,56-65,Christianity,Urban
Argentina,Male,56-65,Christianity,Urban
Argentina,Female,56-65,Christianity,Urban
Argentina,Male,18-25,Christianity,Urban
Argentina,Male,18-25,Christianity,Urban
Argentina,Female,46-55,Christianity,Urban
Argentina,Female,46-55,Christianity,Urban
Argentina,Female,65+,Christianity,Urban
Argentina,Female,36-45,Christianity,Urban
Argentina,Male,46-55,Christianity,Urban
Argentina,Male,56-65,Christianity,Urban
Argentina,Male,46-55,Christianity,Urban
Argentina,Female,65+,I do not identify with any religious group or faith,Urban
Argentina,Female,36-45,Christianity,Urban
Argentina,Male,26-35,Christianity,Urban
Argentina,Female,26-35,Christianity,Urban
Argentina,Male,26-35,I do not identify with any religious group or faith,Urban
Argentina,Female,18-25,Christianity,Urban
Argentina,Female,18-25,Christianity,Urban
Argentina,Male,26-35,Christianity,Urban
Argentina,Female,65+,Christianity,Urban
Argentina,Female,26-35,I do not identify with any religious group or faith,Urban
Argentina,Male,65+,Christianity,Urban
Argentina,Male,26-35,Christianity,Urban
Argentina,Male,46-55,Christianity,Urban
Argentina,Male,18-25,Christianity,Urban
Argentina,Female,46-55,Christianity,Urban
Argentina,Female,46-55,Christianity,Urban
Argentina,Male,36-45,I do not identify with any religious group or faith,Urban
Argentina,Female,18-25,Christianity,Urban
Argentina,Male,18-25,I do not identify with any religious group or faith,Urban
Argentina,Male,26-35,I do not identify with any religious group or faith,Urban
Argentina,Female,56-65,Christianity,Urban
Argentina,Male,65+,Christianity,Urban
Argentina,Female,36-45,I do not identify with any religious group or faith,Urban
Argentina,Female,18-25,I do not identify with any religious group or faith,Urban
Argentina,Female,36-45,I do not identify with any religious group or faith,Urban
Argentina,Male,26-35,Christianity,Urban
Argentina,Female,65+,Christianity,Urban
Argentina,Male,36-45,Christianity,Urban
Argentina,Male,36-45,Christianity,Rural
Argentina,Female,26-35,Christianity,Rural
Argentina,Male,56-65,I do not identify with any religious group or faith,Rural
Argentina,Female,36-45,Christianity,Rural
Argentina,Male,36-45,Christianity,Rural
Argentina,Female,36-45,Christianity,Rural
Argentina,Male,18-25,Christianity,Rural
Argentina,Male,26-35,Christianity,Rural
Argentina,Female,65+,Christianity,Rural
Argentina,Female,18-25,Christianity,Rural
Argentina,Male,26-35,Christianity,Rural
Argentina,Male,46-55,Christianity,Rural
Argentina,Male,65+,Christianity,Rural
Argentina,Male,46-55,Christianity,Rural
Argentina,Female,18-25,I do not identify with any religious group or faith,Rural
Argentina,Female,26-35,I do not identify with any religious group or faith,Rural
Argentina,Female,56-65,Christianity,Rural
Argentina,Male,56-65,Christianity,Rural
Argentina,Male,26-35,I do not identify with any religious group or faith,Rural
Argentina,Male,18-25,I do not identify with any religious group or faith,Rural
Argentina,Male,26-35,I do not identify with any religious group or faith,Urban
Argentina,Female,65+,Christianity,Urban
Argentina,Female,18-25,Christianity,Urban
Argentina,Male,65+,I do not identify with any religious group or faith,Urban
Argentina,Female,56-65,Christianity,Urban
Argentina,Male,56-65,I do not identify with any religious group or faith,Urban
Argentina,Male,26-35,I do not identify with any religious group or faith,Urban
Argentina,Male,18-25,I do not identify with any religious group or faith,Urban
Argentina,Female,36-45,Christianity,Urban
Argentina,Female,56-65,Christianity,Urban
Argentina,Female,65+,Christianity,Urban
Argentina,Female,36-45,I do not identify with any religious group or faith,Urban
Argentina,Male,36-45,Christianity,Urban
Argentina,Female,36-45,I do not identify with any religious group or faith,Urban
Argentina,Female,18-25,I do not identify with any religious group or faith,Urban
Argentina,Male,36-45,I do not identify with any religious group or faith,Urban
Argentina,Male,18-25,I do not identify with any religious group or faith,Urban
Argentina,Male,36-45,I do not identify with any religious group or faith,Urban
Argentina,Female,26-35,I do not identify with any religious group or faith,Urban
Argentina,Male,56-65,I do not identify with any religious group or faith,Urban
Argentina,Male,56-65,I do not identify with any religious group or faith,Urban
Argentina,Male,36-45,I do not identify with any religious group or faith,Urban
Argentina,Male,36-45,Christianity,Urban
Argentina,Female,46-55,I do not identify with any religious group or faith,Urban
Argentina,Male,36-45,I do not identify with any religious group or faith,Urban
Argentina,Female,36-45,I do not identify with any religious group or faith,Urban
Argentina,Female,18-25,I do not identify with any religious group or faith,Urban
Argentina,Female,36-45,I do not identify with any religious group or faith,Urban
Argentina,Female,36-45,Christianity,Urban
Argentina,Male,46-55,Christianity,Urban
Argentina,Female,56-65,Christianity,Urban
Argentina,Male,36-45,Christianity,Urban
Argentina,Male,36-45,Other religious group,Urban
Argentina,Female,56-65,Christianity,Urban
Argentina,Male,36-45,I do not identify with any religious group or faith,Urban
Argentina,Female,26-35,I do not identify with any religious group or faith,Urban
Argentina,Female,46-55,Christianity,Urban
Argentina,Female,18-25,I do not identify with any religious group or faith,Urban
Argentina,Male,26-35,Christianity,Urban
Argentina,Female,65+,,Urban
Argentina,Female,36-45,Christianity,Urban
Argentina,Male,18-25,I do not identify with any religious group or faith,Urban
Argentina,Female,36-45,Christianity,Urban
Argentina,Male,56-65,Christianity,Urban
Argentina,Female,65+,I do not identify with any religious group or faith,Urban
Argentina,Female,46-55,Christianity,Urban
Argentina,Male,26-35,Other religious group,Urban
Argentina,Female,18-25,Christianity,Urban
Argentina,Male,56-65,Christianity,Urban
Argentina,Male,65+,Christianity,Urban
Argentina,Female,56-65,Christianity,Urban
Argentina,Female,36-45,I do not identify with any religious group or faith,Urban
Argentina,Male,18-25,Christianity,Urban
Argentina,Male,56-65,Christianity,Urban
Argentina,Male,18-25,I do not identify with any religious group or faith,Urban
Argentina,Female,65+,Christianity,Urban
Argentina,Female,18-25,Christianity,Urban
Argentina,Female,36-45,Christianity,Urban
Argentina,Male,65+,Christianity,Urban
Argentina,Male,36-45,I do not identify with any religious group or faith,Urban
Argentina,Female,36-45,I do not identify with any religious group or faith,Urban
Argentina,Male,18-25,Christianity,Urban
Argentina,Female,36-45,Christianity,Urban
Argentina,Female,65+,Christianity,Urban
Argentina,Female,36-45,Christianity,Urban
Argentina,Male,56-65,Christianity,Urban
Argentina,Female,18-25,I do not identify with any religious group or faith,Urban
Argentina,Male,36-45,Christianity,Urban
Argentina,Female,26-35,Christianity,Urban
Argentina,Male,56-65,Christianity,Urban
Argentina,Male,46-55,Christianity,Urban
Argentina,Female,18-25,I do not identify with any religious group or faith,Urban
Argentina,Male,36-45,Christianity,Urban
Argentina,Male,18-25,I do not identify with any religious group or faith,Urban
Argentina,Male,36-45,Christianity,Urban
Argentina,Female,65+,Christianity,Urban
Argentina,Female,36-45,Christianity,Urban
Argentina,Female,36-45,Christianity,Urban
Argentina,Female,26-35,Christianity,Urban
Argentina,Male,18-25,Christianity,Urban
Argentina,Female,18-25,Christianity,Urban
Argentina,Male,46-55,Christianity,Urban
Argentina,Male,36-45,Christianity,Urban
Argentina,Female,26-35,Christianity,Urban
Argentina,Female,46-55,Christianity,Urban
Argentina,Male,36-45,Christianity,Urban
Argentina,Male,65+,Christianity,Urban
Argentina,Male,65+,Christianity,Urban
Argentina,Female,56-65,Christianity,Urban
Argentina,Female,65+,Christianity,Urban
Argentina,Male,36-45,I do not identify with any religious group or faith,Urban
Argentina,Female,18-25,Christianity,Urban
Argentina,Female,46-55,Christianity,Urban
Argentina,Female,65+,Christianity,Urban
Argentina,Male,18-25,Christianity,Urban
Argentina,Female,26-35,Christianity,Urban
Argentina,Female,36-45,I do not identify with any religious group or faith,Urban
Argentina,Male,36-45,Christianity,Urban
Argentina,Male,65+,Christianity,Urban
Argentina,Male,46-55,Christianity,Urban
Argentina,Female,26-35,Christianity,Urban
Argentina,Female,46-55,Christianity,Urban
Argentina,Female,46-55,Christianity,Urban
Argentina,Male,18-25,Christianity,Urban
Argentina,Male,46-55,Christianity,Urban
Argentina,Male,36-45,Christianity,Urban
Argentina,Female,18-25,Christianity,Urban
Argentina,Male,26-35,Christianity,Urban
Argentina,Female,65+,Christianity,Urban
Argentina,Male,65+,Christianity,Urban
Argentina,Female,65+,Christianity,Urban
Argentina,Female,18-25,Christianity,Urban
Argentina,Female,36-45,Christianity,Urban
Argentina,Female,56-65,Christianity,Urban
Argentina,Male,26-35,Christianity,Urban
Argentina,Male,65+,Christianity,Urban
Argentina,Female,56-65,Christianity,Urban
Argentina,Male,56-65,Christianity,Urban
Argentina,Female,26-35,Christianity,Urban
Argentina,Male,18-25,I do not identify with any religious group or faith,Urban
Argentina,Female,46-55,Christianity,Urban
Argentina,Male,46-55,Christianity,Urban
Argentina,Male,18-25,Christianity,Urban
Argentina,Male,26-35,Christianity,Urban
Argentina,Male,65+,Christianity,Urban
Argentina,Female,26-35,I do not identify with any religious group or faith,Urban
Argentina,Female,56-65,Christianity,Urban
Argentina,Male,36-45,Christianity,Urban
Argentina,Female,26-35,I do not identify with any religious group or faith,Urban
Argentina,Female,18-25,Christianity,Urban
Argentina,Female,26-35,I do not identify with any religious group or faith,Urban
Argentina,Male,18-25,Christianity,Urban
Argentina,Female,18-25,Christianity,Urban
Argentina,Male,56-65,Christianity,Urban
Argentina,Female,65+,Christianity,Urban
Argentina,Male,26-35,Christianity,Urban
Argentina,Female,46-55,Christianity,Urban
Argentina,Male,65+,Christianity,Urban
Argentina,Male,46-55,I do not identify with any religious group or faith,Urban
Argentina,Female,36-45,Christianity,Urban
Argentina,Male,18-25,I do not identify with any religious group or faith,Rural
Argentina,Female,26-35,I do not identify with any religious group or faith,Rural
Argentina,Male,56-65,Christianity,Rural
Argentina,Female,18-25,Christianity,Rural
Argentina,Female,36-45,Christianity,Rural
Argentina,Male,36-45,Christianity,Rural
Argentina,Female,36-45,Christianity,Rural
Argentina,Male,65+,Christianity,Rural
Argentina,Male,36-45,Christianity,Rural
Argentina,Female,65+,Christianity,Rural
Bolivia,Female,46-55,Christianity,Urban
Bolivia,Female,26-35,Christianity,Urban
Bolivia,Female,36-45,Christianity,Urban
Bolivia,Male,36-45,Christianity,Urban
Bolivia,Female,36-45,Christianity,Urban
Bolivia,Male,18-25,Christianity,Urban
Bolivia,Female,65+,Christianity,Urban
Bolivia,Male,26-35,Christianity,Urban
Bolivia,Male,18-25,Christianity,Urban
Bolivia,Female,26-35,Christianity,Urban
Bolivia,Male,18-25,Christianity,Urban
Bolivia,Male,56-65,Christianity,Urban
Bolivia,Male,18-25,,Urban
Bolivia,Female,46-55,Christianity,Urban
Bolivia,Male,65+,Christianity,Urban
Bolivia,Female,26-35,Christianity,Urban
Bolivia,Female,56-65,Christianity,Urban
Bolivia,Male,26-35,Christianity,Urban
Bolivia,Male,18-25,Christianity,Urban
Bolivia,Female,46-55,Christianity,Urban
Bolivia,Female,18-25,Christianity,Urban
Bolivia,Female,18-25,Christianity,Urban
Bolivia,Male,26-35,Christianity,Urban
Bolivia,Male,56-65,Christianity,Urban
Bolivia,Male,26-35,Christianity,Urban
Bolivia,Female,36-45,Christianity,Urban
Bolivia,Male,26-35,I do not identify with any religious group or faith,Urban
Bolivia,Male,18-25,Christianity,Urban
Bolivia,Female,56-65,Christianity,Urban
Bolivia,Female,46-55,Christianity,Urban
Bolivia,Female,56-65,Christianity,Urban
Bolivia,Female,26-35,Christianity,Urban
Bolivia,Male,26-35,Christianity,Urban
Bolivia,Male,18-25,Christianity,Urban
Bolivia,Male,56-65,Christianity,Urban
Bolivia,Male,36-45,Christianity,Rural
Bolivia,Female,26-35,Christianity,Rural
Bolivia,Female,36-45,Christianity,Rural
Bolivia,Female,18-25,Christianity,Rural
Bolivia,Male,18-25,Christianity,Rural
Bolivia,Female,56-65,Christianity,Rural
Bolivia,Female,18-25,Christianity,Rural
Bolivia,Male,56-65,Christianity,Rural
Bolivia,Male,65+,Christianity,Rural
Bolivia,Male,36-45,Christianity,Rural
Bolivia,Female,36-45,I do not identify with any religious group or faith,Urban
Bolivia,Female,46-55,I do not identify with any religious group or faith,Urban
Bolivia,Female,18-25,I do not identify with any religious group or faith,Urban
Bolivia,Male,36-45,Christianity,Urban
Bolivia,Male,18-25,I do not identify with any religious group or faith,Urban
Bolivia,Female,18-25,Christianity,Urban
Bolivia,Female,46-55,Christianity,Urban
Bolivia,Male,36-45,Christianity,Urban
Bolivia,Male,26-35,Christianity,Urban
Bolivia,Male,56-65,I do not identify with any religious group or faith,Urban
Bolivia,Male,36-45,Christianity,Urban
Bolivia,Male,46-55,Christianity,Urban
Bolivia,Male,36-45,Christianity,Urban
Bolivia,Female,56-65,Christianity,Urban
Bolivia,Male,56-65,Christianity,Urban
Bolivia,Female,26-35,I do not identify with any religious group or faith,Urban
Bolivia,Female,18-25,I do not identify with any religious group or faith,Urban
Bolivia,Male,26-35,Christianity,Urban
Bolivia,Male,56-65,Christianity,Urban
Bolivia,Male,36-45,Christianity,Urban
Bolivia,Male,36-45,Christianity,Urban
Bolivia,Male,18-25,I do not identify with any religious group or faith,Urban
Bolivia,Female,56-65,Christianity,Urban
Bolivia,Female,26-35,Christianity,Urban
Bolivia,Female,18-25,Christianity,Urban
Bolivia,Female,18-25,,Urban
Bolivia,Male,56-65,Christianity,Urban
Bolivia,Female,26-35,Christianity,Urban
Bolivia,Male,65+,,Urban
Bolivia,Male,26-35,Christianity,Urban
Bolivia,Male,18-25,I do not identify with any religious group or faith,Urban
Bolivia,Female,56-65,Christianity,Urban
Bolivia,Female,46-55,Christianity,Urban
Bolivia,Male,26-35,Christianity,Urban
Bolivia,Male,36-45,Christianity,Urban
Bolivia,Female,18-25,Christianity,Rural
Bolivia,Female,26-35,Christianity,Rural
Bolivia,Female,18-25,Christianity,Rural
Bolivia,Male,56-65,Christianity,Rural
Bolivia,Female,18-25,Christianity,Rural
Bolivia,Female,36-45,Christianity,Rural
Bolivia,Male,26-35,Christianity,Rural
Bolivia,Male,65+,Christianity,Rural
Bolivia,Female,26-35,Christianity,Rural
Bolivia,Male,36-45,Christianity,Rural
Bolivia,Male,18-25,Christianity,Rural
Bolivia,Female,56-65,Christianity,Rural
Bolivia,Female,18-25,Christianity,Rural
Bolivia,Female,36-45,Christianity,Rural
Bolivia,Female,36-45,Christianity,Rural
Bolivia,Male,18-25,Christianity,Rural
Bolivia,Female,18-25,Christianity,Rural
Bolivia,Male,26-35,Christianity,Rural
Bolivia,Male,26-35,Christianity,Rural
Bolivia,Male,56-65,Christianity,Rural
Bolivia,Female,36-45,Christianity,Rural
Bolivia,Female,18-25,Christianity,Rural
Bolivia,Female,26-35,Christianity,Rural
Bolivia,Male,65+,Christianity,Rural
Bolivia,Female,26-35,Christianity,Rural
Bolivia,Female,18-25,Christianity,Rural
Bolivia,Female,18-25,Christianity,Rural
Bolivia,Female,46-55,Christianity,Rural
Bolivia,Male,26-35,Christianity,Rural
Bolivia,Female,26-35,Christianity,Rural
Bolivia,Male,26-35,Christianity,Rural
Bolivia,Female,46-55,Christianity,Rural
Bolivia,Male,36-45,Christianity,Rural
Bolivia,Male,46-55,Christianity,Rural
Bolivia,Male,36-45,Christianity,Rural
Bolivia,Male,18-25,Christianity,Rural
Bolivia,Male,36-45,Christianity,Rural
Bolivia,Female,46-55,Christianity,Rural
Bolivia,Female,26-35,Christianity,Rural
Bolivia,Female,46-55,Christianity,Rural
Bolivia,Female,18-25,Christianity,Urban
Bolivia,Female,36-45,Christianity,Urban
Bolivia,Male,65+,Judaism,Urban
Bolivia,Male,18-25,Christianity,Urban
Bolivia,Female,56-65,Christianity,Urban
Bolivia,Male,56-65,Christianity,Urban
Bolivia,Male,46-55,Christianity,Urban
Bolivia,Female,18-25,Christianity,Urban
Bolivia,Female,36-45,I do not identify with any religious group or faith,Urban
Bolivia,Male,18-25,Christianity,Urban
Bolivia,Male,26-35,I do not identify with any religious group or faith,Urban
Bolivia,Female,56-65,Christianity,Urban
Bolivia,Male,46-55,Christianity,Urban
Bolivia,Male,18-25,I do not identify with any religious group or faith,Urban
Bolivia,Female,26-35,Christianity,Urban
Bolivia,Male,26-35,I do not identify with any religious group or faith,Urban
Bolivia,Female,26-35,Christianity,Urban
Bolivia,Female,18-25,Christianity,Urban
Bolivia,Female,36-45,I do not identify with any religious group or faith,Urban
Bolivia,Male,26-35,I do not identify with any religious group or faith,Urban
Bolivia,Male,36-45,I do not identify with any religious group or faith,Urban
Bolivia,Male,26-35,Christianity,Urban
Bolivia,Male,26-35,Christianity,Urban
Bolivia,Male,18-25,Christianity,Urban
Bolivia,Male,26-35,Christianity,Urban
Bolivia,Female,26-35,Christianity,Urban
Bolivia,Female,36-45,Christianity,Urban
Bolivia,Male,26-35,Christianity,Urban
Bolivia,Male,18-25,Christianity,Urban
Bolivia,Male,18-25,Christianity,Urban
Bolivia,Male,46-55,Christianity,Urban
Bolivia,Male,26-35,I do not identify with any religious group or faith,Urban
Bolivia,Female,18-25,Christianity,Urban
Bolivia,Male,56-65,Christianity,Urban
Bolivia,Male,26-35,Christianity,Urban
Bolivia,Female,26-35,Christianity,Urban
Bolivia,Male,18-25,Christianity,Urban
Bolivia,Female,46-55,Christianity,Urban
Bolivia,Male,36-45,Christianity,Urban
Bolivia,Female,56-65,Christianity,Urban
Bolivia,Male,26-35,Christianity,Urban
Bolivia,Male,26-35,Christianity,Urban
Bolivia,Female,18-25,I do not identify with any religious group or faith,Urban
Bolivia,Female,46-55,Christianity,Urban
Bolivia,Male,18-25,Christianity,Urban
Bolivia,Female,18-25,Christianity,Urban
Bolivia,Female,56-65,Christianity,Urban
Bolivia,Male,36-45,Christianity,Urban
Bolivia,Male,18-25,Christianity,Urban
Bolivia,Female,26-35,Christianity,Urban
Bolivia,Male,26-35,Christianity,Urban
Bolivia,Male,18-25,Christianity,Urban
Bolivia,Female,36-45,I do not identify with any religious group or faith,Urban
Bolivia,Male,46-55,Christianity,Urban
Bolivia,Female,18-25,Christianity,Urban
Bolivia,Female,18-25,Christianity,Urban
Bolivia,Male,56-65,Christianity,Urban
Bolivia,Female,26-35,Christianity,Urban
Bolivia,Female,36-45,Christianity,Urban
Bolivia,Male,26-35,Christianity,Urban
Bolivia,Female,56-65,I do not identify with any religious group or faith,Urban
Bolivia,Female,18-25,Christianity,Urban
Bolivia,Male,36-45,Christianity,Urban
Bolivia,Male,56-65,Christianity,Urban
Bolivia,Female,26-35,Christianity,Urban
Bolivia,Male,26-35,Christianity,Urban
Bolivia,Male,46-55,Christianity,Urban
Bolivia,Male,56-65,Christianity,Urban
Bolivia,Male,26-35,Christianity,Urban
Bolivia,Male,26-35,Christianity,Urban
Bolivia,Male,26-35,Christianity,Urban
Bolivia,Male,26-35,Christianity,Urban
Bolivia,Male,26-35,Christianity,Urban
Bolivia,Male,46-55,Christianity,Urban
Bolivia,Male,56-65,Christianity,Urban
Bolivia,Female,26-35,I do not identify with any religious group or faith,Urban
Bolivia,Male,18-25,Christianity,Urban
Bolivia,Male,26-35,Christianity,Urban
Bolivia,Female,46-55,Christianity,Urban
Bolivia,Female,36-45,Christianity,Urban
Bolivia,Female,36-45,Christianity,Urban
Bolivia,Female,26-35,Christianity,Urban
Bolivia,Male,26-35,Christianity,Urban
Bolivia,Female,18-25,Christianity,Urban
Bolivia,Male,56-65,Christianity,Urban
Bolivia,Female,18-25,I do not identify with any religious group or faith,Urban
Bolivia,Female,46-55,Christianity,Urban
Bolivia,Male,65+,Christianity,Urban
Bolivia,Female,26-35,Christianity,Urban
Bolivia,Male,26-35,Christianity,Urban
Bolivia,Female,18-25,Christianity,Urban
Bolivia,Female,56-65,Christianity,Urban
Bolivia,Male,26-35,I do not identify with any religious group or faith,Urban
Bolivia,Male,36-45,Christianity,Urban
Bolivia,Male,18-25,Christianity,Urban
Bolivia,Female,18-25,Christianity,Urban
Bolivia,Male,65+,I do not identify with any religious group or faith,Urban
Bolivia,Female,26-35,Christianity,Urban
Bolivia,Female,56-65,Christianity,Urban
Bolivia,Male,26-35,Christianity,Urban
Bolivia,Female,18-25,Christianity,Urban
Bolivia,Female,56-65,I do not identify with any religious group or faith,Urban
Bolivia,Female,18-25,Christianity,Urban
Bolivia,Male,18-25,Christianity,Urban
Bolivia,Female,18-25,Christianity,Urban
Bolivia,Female,18-25,Christianity,Urban
Bolivia,Female,46-55,Christianity,Urban
Bolivia,Female,36-45,Christianity,Urban
Bolivia,Female,18-25,Christianity,Urban
Bolivia,Female,65+,Christianity,Urban
Bolivia,Male,36-45,Christianity,Urban
Bolivia,Male,46-55,Christianity,Urban
Bolivia,Female,56-65,Christianity,Urban
Bolivia,Male,56-65,I do not identify with any religious group or faith,Urban
Bolivia,Female,56-65,I do not identify with any religious group or faith,Urban
Bolivia,Female,18-25,I do not identify with any religious group or faith,Urban
Bolivia,Female,46-55,Christianity,Urban
Bolivia,Female,18-25,I do not identify with any religious group or faith,Urban
Bolivia,Male,18-25,Christianity,Urban
Bolivia,Female,46-55,Christianity,Urban
Bolivia,Female,36-45,Christianity,Rural
Bolivia,Female,18-25,Christianity,Rural
Bolivia,Male,46-55,Christianity,Rural
Bolivia,Male,36-45,Christianity,Rural
Bolivia,Female,26-35,Christianity,Rural
Bolivia,Male,18-25,Christianity,Rural
Bolivia,Female,36-45,Christianity,Rural
Bolivia,Female,65+,Christianity,Rural
Bolivia,Female,26-35,Christianity,Rural
Bolivia,Male,18-25,Christianity,Rural
Bolivia,Female,36-45,I do not identify with any religious group or faith,Rural
Bolivia,Female,46-55,Christianity,Rural
Bolivia,Male,36-45,I do not identify with any religious group or faith,Rural
Bolivia,Male,26-35,Christianity,Rural
Bolivia,Male,18-25,Christianity,Rural
Bolivia,Male,46-55,,Rural
Bolivia,Female,56-65,Christianity,Rural
Bolivia,Female,18-25,,Rural
Bolivia,Male,36-45,I do not identify with any religious group or faith,Rural
Bolivia,Female,18-25,Christianity,Rural
Bolivia,Male,18-25,Christianity,Rural
Bolivia,Female,36-45,Christianity,Rural
Bolivia,Female,36-45,Christianity,Rural
Bolivia,Male,26-35,Christianity,Rural
Bolivia,Male,56-65,Christianity,Rural
Bolivia,Female,36-45,Christianity,Rural
Bolivia,Female,65+,Christianity,Rural
Bolivia,Female,46-55,Christianity,Rural
Bolivia,Male,26-35,Christianity,Rural
Bolivia,Male,46-55,,Rural
Bolivia,Male,36-45,Christianity,Rural
Bolivia,Female,26-35,Christianity,Rural
Bolivia,Female,26-35,Christianity,Rural
Bolivia,Female,36-45,Christianity,Rural
Bolivia,Male,56-65,,Rural
Bolivia,Male,26-35,Christianity,Rural
Bolivia,Male,26-35,Christianity,Rural
Bolivia,Female,46-55,Christianity,Rural
Bolivia,Male,46-55,Christianity,Rural
Bolivia,Female,65+,Christianity,Rural
Bolivia,Male,36-45,Judaism,Rural
Bolivia,Female,26-35,Christianity,Rural
Bolivia,Female,18-25,Judaism,Rural
Bolivia,Male,26-35,Christianity,Rural
Bolivia,Male,36-45,Christianity,Rural
Bolivia,Male,18-25,I do not identify with any religious group or faith,Rural
Bolivia,Male,56-65,Christianity,Rural
Bolivia,Female,18-25,Christianity,Rural
Bolivia,Female,36-45,Christianity,Rural
Bolivia,Female,65+,Christianity,Rural
Bolivia,Male,18-25,Christianity,Rural
Bolivia,Female,36-45,Judaism,Rural
Bolivia,Female,18-25,Christianity,Rural
Bolivia,Male,36-45,Christianity,Rural
Bolivia,Male,36-45,Christianity,Rural
Bolivia,Female,36-45,Christianity,Rural
Bolivia,Female,56-65,Christianity,Rural
Bolivia,Male,46-55,Christianity,Rural
Bolivia,Male,65+,Christianity,Rural
Bolivia,Female,18-25,I do not identify with any religious group or faith,Rural
Bolivia,Male,36-45,Christianity,Rural
Bolivia,Male,46-55,Christianity,Rural
Bolivia,Male,18-25,Christianity,Rural
Bolivia,Female,26-35,Christianity,Rural
Bolivia,Female,18-25,Christianity,Rural
Bolivia,Male,65+,Christianity,Rural
Bolivia,Female,18-25,I do not identify with any religious group or faith,Rural
Bolivia,Male,18-25,Christianity,Rural
Bolivia,Female,26-35,Christianity,Rural
Bolivia,Female,18-25,Christianity,Rural
Bolivia,Female,65+,Christianity,Rural
Bolivia,Male,26-35,Christianity,Rural
Bolivia,Male,36-45,Christianity,Rural
Bolivia,Female,36-45,Christianity,Rural
Bolivia,Male,46-55,Christianity,Rural
Bolivia,Male,36-45,Christianity,Rural
Bolivia,Female,46-55,Christianity,Rural
Bolivia,Male,56-65,I do not identify with any religious group or faith,Rural
Bolivia,Female,26-35,Christianity,Rural
Bolivia,Male,26-35,Christianity,Rural
Bolivia,Male,26-35,Christianity,Rural
Bolivia,Male,18-25,Christianity,Rural
Bolivia,Female,26-35,Christianity,Rural
Bolivia,Female,46-55,Christianity,Rural
Bolivia,Male,65+,Christianity,Rural
Bolivia,Female,26-35,Christianity,Rural
Bolivia,Female,26-35,Christianity,Rural
Bolivia,Male,18-25,Christianity,Rural
Bolivia,Male,46-55,,Rural
Bolivia,Female,26-35,Christianity,Rural
Bolivia,Male,18-25,Christianity,Rural
Bolivia,Female,36-45,Christianity,Rural
Bolivia,Female,56-65,Christianity,Rural
Bolivia,Male,18-25,Christianity,Rural
Bolivia,Female,46-55,Christianity,Rural
Bolivia,Male,18-25,Christianity,Rural
Bolivia,Female,26-35,Christianity,Rural
Bolivia,Female,36-45,Christianity,Rural
Bolivia,Female,56-65,Christianity,Rural
Bolivia,Female,36-45,Christianity,Rural
Bolivia,Male,18-25,Christianity,Urban
Bolivia,Female,56-65,Christianity,Urban
Bolivia,Female,18-25,I do not identify with any religious group or faith,Urban
Bolivia,Male,36-45,Christianity,Urban
Bolivia,Male,46-55,Christianity,Urban
Bolivia,Male,65+,Christianity,Urban
Bolivia,Female,65+,Christianity,Urban
Bolivia,Female,36-45,Christianity,Urban
Bolivia,Female,18-25,Christianity,Urban
Bolivia,Male,36-45,Christianity,Urban
Bolivia,Male,46-55,Christianity,Urban
Bolivia,Female,26-35,I do not identify with any religious group or faith,Urban
Bolivia,Female,46-55,Christianity,Urban
Bolivia,Male,36-45,Christianity,Urban
Bolivia,Male,46-55,Judaism,Urban
Bolivia,Female,26-35,Christianity,Urban
Bolivia,Female,26-35,Christianity,Urban
Bolivia,Male,18-25,Christianity,Urban
Bolivia,Male,26-35,Christianity,Urban
Bolivia,Female,56-65,Christianity,Urban
Bolivia,Female,46-55,Christianity,Urban
Bolivia,Female,36-45,Judaism,Urban
Bolivia,Male,18-25,I do not identify with any religious group or faith,Urban
Bolivia,Male,56-65,Christianity,Urban
Bolivia,Female,46-55,Christianity,Urban
Bolivia,Female,36-45,Christianity,Urban
Bolivia,Female,26-35,Christianity,Urban
Bolivia,Male,26-35,Christianity,Urban
Bolivia,Male,46-55,Christianity,Urban
Bolivia,Female,18-25,Christianity,Urban
Bolivia,Male,18-25,Christianity,Urban
Bolivia,Female,46-55,Christianity,Urban
Bolivia,Female,26-35,Christianity,Urban
Bolivia,Male,56-65,Christianity,Urban
Bolivia,Male,26-35,Christianity,Urban
Bolivia,Male,18-25,Judaism,Urban
Bolivia,Female,46-55,Christianity,Urban
Bolivia,Female,65+,Christianity,Urban
Bolivia,Male,65+,Christianity,Urban
Bolivia,Female,65+,Christianity,Urban
Bolivia,Male,18-25,Christianity,Urban
Bolivia,Female,36-45,I do not identify with any religious group or faith,Urban
Bolivia,Male,46-55,I do not identify with any religious group or faith,Urban
Bolivia,Female,18-25,Christianity,Urban
Bolivia,Male,56-65,Christianity,Urban
Bolivia,Female,18-25,Christianity,Urban
Bolivia,Male,18-25,Christianity,Urban
Bolivia,Female,56-65,Christianity,Urban
Bolivia,Female,26-35,Christianity,Urban
Bolivia,Male,56-65,Christianity,Urban
Bolivia,Female,26-35,Christianity,Urban
Bolivia,Male,18-25,I do not identify with any religious group or faith,Urban
Bolivia,Male,26-35,Christianity,Urban
Bolivia,Male,26-35,Christianity,Urban
Bolivia,Female,26-35,I do not identify with any religious group or faith,Urban
Bolivia,Male,46-55,Christianity,Urban
Bolivia,Male,46-55,Christianity,Urban
Bolivia,Male,18-25,Christianity,Urban
Bolivia,Male,18-25,I do not identify with any religious group or faith,Urban
Bolivia,Female,26-35,Christianity,Urban
Bolivia,Female,36-45,Christianity,Urban
Bolivia,Male,26-35,Christianity,Urban
Bolivia,Male,56-65,Christianity,Urban
Bolivia,Male,18-25,Christianity,Urban
Bolivia,Female,26-35,Judaism,Urban
Bolivia,Female,46-55,Christianity,Urban
Bolivia,Female,65+,,Urban
Bolivia,Female,26-35,Christianity,Urban
Bolivia,Male,18-25,Christianity,Urban
Bolivia,Male,36-45,Christianity,Urban
Bolivia,Male,18-25,I do not identify with any religious group or faith,Urban
Bolivia,Male,26-35,Christianity,Urban
Bolivia,Female,46-55,I do not identify with any religious group or faith,Urban
Bolivia,Female,36-45,Christianity,Urban
Bolivia,Female,56-65,Christianity,Urban
Bolivia,Female,26-35,I do not identify with any religious group or faith,Urban
Bolivia,Male,65+,Christianity,Urban
Bolivia,Female,26-35,I do not identify with any religious group or faith,Urban
Bolivia,Male,26-35,Christianity,Urban
Bolivia,Female,18-25,Christianity,Urban
Bolivia,Male,18-25,Judaism,Urban
Bolivia,Male,46-55,Christianity,Urban
Bolivia,Female,46-55,Christianity,Urban
Bolivia,Female,56-65,I do not identify with any religious group or faith,Urban
Bolivia,Male,26-35,Christianity,Urban
Bolivia,Male,26-35,Christianity,Urban
Bolivia,Female,56-65,Christianity,Urban
Bolivia,Female,18-25,Christianity,Urban
Bolivia,Male,36-45,I do not identify with any religious group or faith,Urban
Bolivia,Male,18-25,Christianity,Urban
Bolivia,Male,46-55,Christianity,Urban
Bolivia,Female,18-25,Christianity,Urban
Bolivia,Male,36-45,I do not identify with any religious group or faith,Urban
Bolivia,Female,26-35,Christianity,Urban
Bolivia,Male,36-45,Christianity,Urban
Bolivia,Female,36-45,Christianity,Urban
Bolivia,Male,36-45,Judaism,Urban
Bolivia,Male,36-45,Christianity,Urban
Bolivia,Female,65+,Christianity,Urban
Bolivia,Male,36-45,Christianity,Urban
Bolivia,Female,26-35,Christianity,Urban
Bolivia,Female,65+,Christianity,Urban
Bolivia,Male,36-45,I do not identify with any religious group or faith,Urban
Bolivia,Female,18-25,Christianity,Urban
Bolivia,Male,36-45,Christianity,Urban
Bolivia,Male,26-35,Christianity,Urban
Bolivia,Male,26-35,Christianity,Urban
Bolivia,Female,65+,Christianity,Urban
Bolivia,Female,18-25,I do not identify with any religious group or faith,Urban
Bolivia,Female,46-55,Christianity,Urban
Bolivia,Male,65+,,Urban
Bolivia,Female,46-55,Christianity,Urban
Bolivia,Male,26-35,Christianity,Urban
Bolivia,Female,18-25,Christianity,Urban
Bolivia,Male,18-25,Christianity,Urban
Bolivia,Male,18-25,Christianity,Urban
Bolivia,Female,46-55,Christianity,Urban
Bolivia,Female,36-45,Christianity,Urban
Bolivia,Female,36-45,Christianity,Urban
Bolivia,Male,36-45,Christianity,Urban
Bolivia,Male,26-35,Christianity,Urban
Bolivia,Female,36-45,I do not identify with any religious group or faith,Urban
Bolivia,Female,18-25,Christianity,Urban
Bolivia,Female,26-35,Christianity,Urban
Bolivia,Male,26-35,Christianity,Urban
Bolivia,Female,36-45,Christianity,Urban
Bolivia,Female,18-25,Christianity,Urban
Bolivia,Male,26-35,Christianity,Urban
Bolivia,Female,36-45,Christianity,Urban
Bolivia,Male,26-35,Christianity,Urban
Bolivia,Male,26-35,Christianity,Urban
Bolivia,Male,36-45,Christianity,Urban
Bolivia,Female,65+,Christianity,Urban
Bolivia,Male,46-55,Christianity,Urban
Bolivia,Male,18-25,Christianity,Urban
Bolivia,Male,18-25,Christianity,Urban
Bolivia,Male,26-35,I do not identify with any religious group or faith,Urban
Bolivia,Female,56-65,Christianity,Urban
Bolivia,Female,46-55,Christianity,Urban
Bolivia,Female,18-25,I do not identify with any religious group or faith,Urban
Bolivia,Female,46-55,Christianity,Urban
Bolivia,Male,56-65,Judaism,Urban
Bolivia,Male,18-25,Judaism,Urban
Bolivia,Female,36-45,Christianity,Urban
Bolivia,Male,26-35,I do not identify with any religious group or faith,Urban
Bolivia,Male,18-25,Christianity,Urban
Bolivia,Male,56-65,Christianity,Urban
Bolivia,Female,26-35,I do not identify with any religious group or faith,Urban
Bolivia,Female,36-45,Christianity,Urban
Bolivia,Female,56-65,Christianity,Urban
Bolivia,Male,65+,Christianity,Urban
Bolivia,Male,26-35,Christianity,Urban
Bolivia,Female,18-25,Christianity,Urban
Bolivia,Female,18-25,Christianity,Urban
Bolivia,Male,56-65,Christianity,Urban
Bolivia,Female,36-45,Christianity,Urban
Bolivia,Male,36-45,,Urban
Bolivia,Female,36-45,I do not identify with any religious group or faith,Urban
Bolivia,Female,26-35,Christianity,Urban
Bolivia,Male,18-25,I do not identify with any religious group or faith,Urban
Bolivia,Male,36-45,Christianity,Urban
Bolivia,Female,36-45,Christianity,Urban
Bolivia,Male,46-55,Christianity,Urban
Bolivia,Female,18-25,Christianity,Urban
Bolivia,Male,56-65,Christianity,Urban
Bolivia,Male,56-65,Christianity,Urban
Bolivia,Female,26-35,Christianity,Urban
Bolivia,Male,26-35,Christianity,Urban
Bolivia,Female,56-65,Christianity,Urban
Bolivia,Female,18-25,I do not identify with any religious group or faith,Urban
Bolivia,Male,26-35,Christianity,Urban
Bolivia,Female,26-35,Christianity,Urban
Bolivia,Female,65+,Christianity,Urban
Bolivia,Male,18-25,Christianity,Urban
Bolivia,Male,46-55,Christianity,Urban
Bolivia,Male,18-25,Christianity,Urban
Bolivia,Male,46-55,I do not identify with any religious group or faith,Urban
Bolivia,Male,18-25,Christianity,Urban
Bolivia,Male,46-55,Christianity,Urban
Bolivia,Female,26-35,Christianity,Urban
Bolivia,Female,18-25,Christianity,Urban
Bolivia,Female,46-55,Christianity,Urban
Bolivia,Male,26-35,Christianity,Urban
Bolivia,Male,26-35,Christianity,Urban
Bolivia,Male,56-65,Christianity,Urban
Bolivia,Male,18-25,I do not identify with any religious group or faith,Urban
Bolivia,Female,18-25,Christianity,Urban
Bolivia,Female,46-55,Christianity,Urban
Bolivia,Female,26-35,Christianity,Urban
Bolivia,Male,36-45,Christianity,Urban
Bolivia,Female,18-25,Christianity,Urban
Bolivia,Male,36-45,Christianity,Urban
Bolivia,Female,26-35,I do not identify with any religious group or faith,Urban
Bolivia,Female,26-35,I do not identify with any religious group or faith,Urban
Bolivia,Male,36-45,Christianity,Urban
Bolivia,Male,46-55,Christianity,Urban
Bolivia,Male,46-55,Christianity,Urban
Bolivia,Male,65+,Christianity,Urban
Bolivia,Female,26-35,Christianity,Urban
Bolivia,Female,18-25,Christianity,Urban
Bolivia,Female,26-35,Christianity,Urban
Bolivia,Male,26-35,Christianity,Urban
Bolivia,Female,36-45,Christianity,Urban
Bolivia,Male,18-25,Christianity,Urban
Bolivia,Male,18-25,Christianity,Urban
Bolivia,Male,18-25,Judaism,Urban
Bolivia,Male,36-45,Christianity,Urban
Bolivia,Female,26-35,Christianity,Urban
Bolivia,Female,26-35,Christianity,Urban
Bolivia,Male,56-65,Christianity,Urban
Bolivia,Female,26-35,,Urban
Bolivia,Female,18-25,Christianity,Urban
Bolivia,Female,26-35,Judaism,Urban
Bolivia,Male,46-55,Christianity,Urban
Bolivia,Male,18-25,I do not identify with any religious group or faith,Urban
Bolivia,Female,46-55,Christianity,Rural
Bolivia,Male,36-45,Christianity,Rural
Bolivia,Male,46-55,Christianity,Rural
Bolivia,Female,36-45,Christianity,Rural
Bolivia,Female,36-45,Christianity,Rural
Bolivia,Male,18-25,Christianity,Rural
Bolivia,Female,26-35,Christianity,Rural
Bolivia,Male,18-25,Christianity,Rural
Bolivia,Female,18-25,Christianity,Rural
Bolivia,Male,18-25,I do not identify with any religious group or faith,Rural
Bolivia,Female,26-35,Christianity,Rural
Bolivia,Female,26-35,Christianity,Rural
Bolivia,Male,46-55,Christianity,Rural
Bolivia,Female,46-55,Christianity,Rural
Bolivia,Male,18-25,Christianity,Rural
Bolivia,Male,26-35,Judaism,Rural
Bolivia,Female,18-25,Christianity,Rural
Bolivia,Female,18-25,Judaism,Rural
Bolivia,Male,26-35,Christianity,Rural
Bolivia,Male,18-25,I do not identify with any religious group or faith,Rural
Bolivia,Female,36-45,I do not identify with any religious group or faith,Rural
Bolivia,Male,36-45,Christianity,Rural
Bolivia,Female,18-25,Judaism,Rural
Bolivia,Female,18-25,I do not identify with any religious group or faith,Rural
Bolivia,Female,36-45,Judaism,Rural
Bolivia,Male,46-55,Christianity,Rural
Bolivia,Male,46-55,Christianity,Rural
Bolivia,Female,26-35,I do not identify with any religious group or faith,Rural
Bolivia,Female,46-55,Christianity,Rural
Bolivia,Male,36-45,Christianity,Rural
Bolivia,Male,46-55,I do not identify with any religious group or faith,Rural
Bolivia,Female,26-35,Christianity,Rural
Bolivia,Male,26-35,Christianity,Rural
Bolivia,Female,26-35,Judaism,Rural
Bolivia,Female,56-65,Christianity,Rural
Bolivia,Male,65+,Christianity,Rural
Bolivia,Male,65+,Christianity,Rural
Bolivia,Male,65+,Judaism,Rural
Bolivia,Female,56-65,Christianity,Rural
Bolivia,Male,36-45,Judaism,Rural
Bolivia,Female,18-25,Christianity,Rural
Bolivia,Female,46-55,Christianity,Rural
Bolivia,Male,46-55,I do not identify with any religious group or faith,Rural
Bolivia,Female,56-65,Christianity,Rural
Bolivia,Female,36-45,Christianity,Rural
Bolivia,Male,26-35,Christianity,Rural
Bolivia,Female,56-65,Christianity,Rural
Bolivia,Male,26-35,Christianity,Rural
Bolivia,Female,18-25,Christianity,Rural
Bolivia,Male,65+,I do not identify with any religious group or faith,Rural
Bolivia,Female,18-25,Christianity,Rural
Bolivia,Male,56-65,I do not identify with any religious group or faith,Rural
Bolivia,Female,46-55,Christianity,Rural
Bolivia,Female,18-25,Christianity,Rural
Bolivia,Female,18-25,Christianity,Rural
Bolivia,Male,26-35,Christianity,Rural
Bolivia,Female,18-25,Christianity,Rural
Bolivia,Male,18-25,I do not identify with any religious group or faith,Rural
Bolivia,Male,18-25,Christianity,Rural
Bolivia,Female,56-65,I do not identify with any religious group or faith,Rural
Bolivia,Male,46-55,Judaism,Rural
Bolivia,Female,26-35,Christianity,Rural
Bolivia,Female,26-35,Christianity,Rural
Bolivia,Male,26-35,Judaism,Rural
Bolivia,Male,26-35,Christianity,Rural
Bolivia,Female,18-25,I do not identify with any religious group or faith,Rural
Bolivia,Male,18-25,Christianity,Rural
Bolivia,Female,46-55,I do not identify with any religious group or faith,Rural
Bolivia,Male,46-55,Christianity,Rural
Bolivia,Female,18-25,Christianity,Rural
Bolivia,Male,65+,Christianity,Rural
Bolivia,Male,36-45,Christianity,Rural
Bolivia,Male,18-25,Judaism,Rural
Bolivia,Female,46-55,Judaism,Rural
Bolivia,Female,26-35,I do not identify with any religious group or faith,Rural
Bolivia,Female,56-65,Christianity,Rural
Bolivia,Female,26-35,Judaism,Rural
Bolivia,Female,26-35,Judaism,Rural
Bolivia,Female,36-45,Judaism,Rural
Bolivia,Male,18-25,Christianity,Rural
Bolivia,Female,26-35,Christianity,Rural
Bolivia,Male,46-55,Christianity,Rural
Bolivia,Female,18-25,Judaism,Rural
Bolivia,Male,56-65,Christianity,Rural
Bolivia,Female,26-35,Christianity,Rural
Bolivia,Female,26-35,Christianity,Rural
Bolivia,Female,46-55,Christianity,Rural
Bolivia,Male,18-25,Christianity,Rural
Bolivia,Male,36-45,Christianity,Rural
Bolivia,Male,18-25,Christianity,Rural
Bolivia,Female,56-65,Christianity,Rural
Bolivia,Male,26-35,Christianity,Rural
Bolivia,Female,46-55,Christianity,Rural
Bolivia,Female,36-45,Christianity,Rural
Bolivia,Male,18-25,Judaism,Rural
Bolivia,Female,65+,Christianity,Rural
Bolivia,Female,36-45,Christianity,Rural
Bolivia,Male,26-35,Judaism,Rural
Bolivia,Male,18-25,Judaism,Rural
Bolivia,Male,46-55,,Rural
Bolivia,Female,36-45,,Urban
Bolivia,Male,36-45,Christianity,Urban
Bolivia,Female,36-45,Christianity,Urban
Bolivia,Female,26-35,Christianity,Urban
Bolivia,Female,18-25,Christianity,Urban
Bolivia,Female,56-65,Christianity,Urban
Bolivia,Male,18-25,Christianity,Urban
Bolivia,Male,26-35,Christianity,Urban
Bolivia,Male,56-65,Christianity,Urban
Bolivia,Male,18-25,I do not identify with any religious group or faith,Urban
Bolivia,Female,36-45,Christianity,Urban
Bolivia,Female,18-25,Christianity,Urban
Bolivia,Male,36-45,Christianity,Urban
Bolivia,Male,26-35,Christianity,Urban
Bolivia,Male,46-55,Christianity,Urban
Bolivia,Male,18-25,Christianity,Urban
Bolivia,Female,26-35,I do not identify with any religious group or faith,Urban
Bolivia,Male,26-35,Christianity,Urban
Bolivia,Male,36-45,Christianity,Urban
Bolivia,Male,46-55,Christianity,Urban
Bolivia,Female,26-35,Christianity,Urban
Bolivia,Female,65+,Christianity,Urban
Bolivia,Female,56-65,Christianity,Urban
Bolivia,Female,65+,Christianity,Urban
Bolivia,Male,26-35,Christianity,Urban
Bolivia,Female,26-35,Christianity,Urban
Bolivia,Male,46-55,Christianity,Urban
Bolivia,Female,18-25,Christianity,Urban
Bolivia,Male,18-25,I do not identify with any religious group or faith,Urban
Bolivia,Male,56-65,Christianity,Urban
Bolivia,Female,46-55,Christianity,Urban
Bolivia,Female,26-35,Christianity,Urban
Bolivia,Male,18-25,Christianity,Urban
Bolivia,Male,18-25,,Urban
Bolivia,Male,26-35,I do not identify with any religious group or faith,Urban
Bolivia,Female,26-35,Christianity,Rural
Bolivia,Male,46-55,Christianity,Rural
Bolivia,Female,36-45,Christianity,Rural
Bolivia,Male,36-45,Christianity,Rural
Bolivia,Male,18-25,Christianity,Rural
Bolivia,Female,46-55,Christianity,Rural
Bolivia,Female,56-65,Christianity,Rural
Bolivia,Female,18-25,Christianity,Rural
Bolivia,Female,18-25,Christianity,Rural
Bolivia,Male,18-25,Christianity,Rural
Bolivia,Female,65+,Christianity,Rural
Bolivia,Female,36-45,Christianity,Rural
Bolivia,Female,26-35,Christianity,Rural
Bolivia,Male,18-25,Christianity,Rural
Bolivia,Male,46-55,Christianity,Rural
Bolivia,Female,46-55,Christianity,Rural
Bolivia,Male,26-35,Christianity,Rural
Bolivia,Female,36-45,Christianity,Rural
Bolivia,Male,46-55,Christianity,Rural
Bolivia,Female,46-55,Christianity,Rural
Bolivia,Female,26-35,Christianity,Urban
Bolivia,Female,18-25,Christianity,Urban
Bolivia,Male,26-35,Christianity,Urban
Bolivia,Male,26-35,Christianity,Urban
Bolivia,Female,46-55,Christianity,Urban
Bolivia,Female,65+,Judaism,Urban
Bolivia,Male,18-25,Christianity,Urban
Bolivia,Male,18-25,Christianity,Urban
Bolivia,Male,36-45,Christianity,Urban
Bolivia,Male,36-45,I do not identify with any religious group or faith,Urban
Bolivia,Female,36-45,Christianity,Rural
Bolivia,Female,26-35,Christianity,Rural
Bolivia,Male,46-55,Christianity,Rural
Bolivia,Male,36-45,Christianity,Rural
Bolivia,Female,18-25,Christianity,Rural
Bolivia,Female,46-55,Christianity,Rural
Bolivia,Female,26-35,Christianity,Rural
Bolivia,Female,26-35,Christianity,Rural
Bolivia,Male,65+,Christianity,Rural
Bolivia,Male,18-25,Christianity,Rural
Bolivia,Male,18-25,,Urban
Bolivia,Female,46-55,Christianity,Urban
Bolivia,Female,36-45,Christianity,Urban
Bolivia,Male,26-35,Christianity,Urban
Bolivia,Male,36-45,Christianity,Urban
Bolivia,Male,18-25,Christianity,Urban
Bolivia,Female,26-35,Christianity,Urban
Bolivia,Female,18-25,Christianity,Urban
Bolivia,Male,56-65,Christianity,Urban
Bolivia,Female,18-25,Christianity,Urban
Bolivia,Male,56-65,Christianity,Urban
Bolivia,Male,18-25,Christianity,Urban
Bolivia,Female,56-65,Christianity,Urban
Bolivia,Female,26-35,Christianity,Urban
Bolivia,Male,26-35,Christianity,Urban
Bolivia,Male,18-25,I do not identify with any religious group or faith,Urban
Bolivia,Female,56-65,Christianity,Urban
Bolivia,Male,18-25,Christianity,Urban
Bolivia,Female,18-25,Christianity,Urban
Bolivia,Female,56-65,Christianity,Urban
Bolivia,Male,26-35,Christianity,Urban
Bolivia,Female,36-45,Christianity,Urban
Bolivia,Male,36-45,Christianity,Urban
Bolivia,Female,18-25,Christianity,Urban
Bolivia,Female,26-35,Christianity,Urban
Bolivia,Male,26-35,Christianity,Urban
Bolivia,Male,36-45,Christianity,Urban
Bolivia,Female,18-25,Christianity,Urban
Bolivia,Female,36-45,Christianity,Urban
Bolivia,Male,56-65,Christianity,Urban
Bolivia,Female,26-35,Christianity,Urban
Bolivia,Male,46-55,Christianity,Urban
Bolivia,Male,18-25,Christianity,Urban
Bolivia,Female,36-45,,Urban
Bolivia,Male,56-65,Christianity,Urban
Bolivia,Female,26-35,Christianity,Urban
Bolivia,Female,26-35,Christianity,Urban
Bolivia,Female,65+,Christianity,Urban
Bolivia,Male,18-25,Christianity,Urban
Bolivia,Male,56-65,Christianity,Urban
Bolivia,Male,18-25,Christianity,Rural
Bolivia,Male,26-35,Christianity,Rural
Bolivia,Male,46-55,Christianity,Rural
Bolivia,Female,26-35,Christianity,Rural
Bolivia,Female,46-55,Christianity,Rural
Bolivia,Female,65+,Christianity,Rural
Bolivia,Female,18-25,Christianity,Rural
Bolivia,Female,56-65,I do not identify with any religious group or faith,Rural
Bolivia,Male,26-35,Christianity,Rural
Bolivia,Male,36-45,Christianity,Rural
Bolivia,Female,56-65,Christianity,Rural
Bolivia,Male,26-35,Christianity,Rural
Bolivia,Female,18-25,Christianity,Rural
Bolivia,Female,36-45,Christianity,Rural
Bolivia,Male,36-45,Christianity,Rural
Bolivia,Female,65+,Christianity,Rural
Bolivia,Male,65+,Christianity,Rural
Bolivia,Female,46-55,I do not identify with any religious group or faith,Rural
Bolivia,Male,36-45,Christianity,Rural
Bolivia,Female,18-25,Christianity,Rural
Bolivia,Female,18-25,I do not identify with any religious group or faith,Rural
Bolivia,Female,26-35,Christianity,Rural
Bolivia,Male,36-45,Christianity,Rural
Bolivia,Male,56-65,Christianity,Rural
Bolivia,Male,46-55,Christianity,Rural
Bolivia,Male,26-35,Christianity,Rural
Bolivia,Female,36-45,Christianity,Rural
Bolivia,Female,65+,Christianity,Rural
Bolivia,Female,18-25,Christianity,Rural
Bolivia,Male,26-35,Christianity,Rural
Bolivia,Male,36-45,Christianity,Rural
Bolivia,Female,46-55,Christianity,Rural
Bolivia,Male,36-45,Christianity,Rural
Bolivia,Male,18-25,Christianity,Rural
Bolivia,Male,56-65,Christianity,Rural
Bolivia,Female,18-25,I do not identify with any religious group or faith,Rural
Bolivia,Male,36-45,Christianity,Rural
Bolivia,Female,65+,Christianity,Rural
Bolivia,Female,26-35,Christianity,Rural
Bolivia,Female,36-45,Christianity,Rural
Bolivia,Male,26-35,Christianity,Rural
Bolivia,Female,36-45,Christianity,Rural
Bolivia,Female,36-45,Christianity,Rural
Bolivia,Male,18-25,Christianity,Rural
Bolivia,Male,18-25,Christianity,Rural
Bolivia,Male,36-45,Christianity,Rural
Bolivia,Female,26-35,Christianity,Rural
Bolivia,Male,26-35,Christianity,Rural
Bolivia,Male,56-65,Christianity,Rural
Bolivia,Female,18-25,Christianity,Rural
Bolivia,Female,18-25,,Rural
Bolivia,Male,26-35,Christianity,Rural
Bolivia,Male,46-55,,Rural
Bolivia,Female,26-35,,Rural
Bolivia,Male,18-25,Christianity,Rural
Bolivia,Female,26-35,Christianity,Rural
Bolivia,Female,26-35,Christianity,Rural
Bolivia,Male,65+,Christianity,Rural
Bolivia,Male,36-45,Christianity,Rural
Bolivia,Female,18-25,Christianity,Rural
Bolivia,Female,26-35,I do not identify with any religious group or faith,Urban
Bolivia,Female,18-25,Christianity,Urban
Bolivia,Male,18-25,Christianity,Urban
Bolivia,Male,36-45,Christianity,Urban
Bolivia,Male,56-65,Christianity,Urban
Bolivia,Male,18-25,Christianity,Urban
Bolivia,Female,56-65,Christianity,Urban
Bolivia,Female,36-45,Christianity,Urban
Bolivia,Female,65+,Christianity,Urban
Bolivia,Male,36-45,Christianity,Urban
Bolivia,Male,56-65,Christianity,Urban
Bolivia,Male,36-45,Christianity,Urban
Bolivia,Female,36-45,Christianity,Urban
Bolivia,Female,18-25,Christianity,Urban
Bolivia,Male,56-65,Christianity,Urban
Bolivia,Female,18-25,Christianity,Urban
Bolivia,Female,36-45,Christianity,Urban
Bolivia,Female,65+,Christianity,Urban
Bolivia,Male,18-25,Christianity,Urban
Bolivia,Female,36-45,Christianity,Urban
Bolivia,Female,18-25,Christianity,Urban
Bolivia,Male,26-35,Christianity,Urban
Bolivia,Female,36-45,Christianity,Urban
Bolivia,Male,26-35,Christianity,Urban
Bolivia,Male,46-55,Christianity,Urban
Bolivia,Female,36-45,Christianity,Urban
Bolivia,Male,56-65,Christianity,Urban
Bolivia,Male,36-45,Christianity,Urban
Bolivia,Male,36-45,Christianity,Urban
Bolivia,Male,18-25,I do not identify with any religious group or faith,Urban
Bolivia,Female,36-45,Christianity,Urban
Bolivia,Female,36-45,Christianity,Urban
Bolivia,Female,18-25,Judaism,Urban
Bolivia,Male,56-65,Christianity,Urban
Bolivia,Male,18-25,Christianity,Urban
Bolivia,Male,26-35,Christianity,Urban
Bolivia,Female,18-25,Christianity,Urban
Bolivia,Female,26-35,Christianity,Urban
Bolivia,Female,65+,Christianity,Urban
Bolivia,Male,18-25,Christianity,Urban
Bolivia,Female,18-25,Christianity,Urban
Bolivia,Male,56-65,Christianity,Urban
Bolivia,Male,46-55,Christianity,Urban
Bolivia,Female,36-45,Christianity,Urban
Bolivia,Male,36-45,Christianity,Urban
Bolivia,Female,56-65,I do not identify with any religious group or faith,Urban
Bolivia,Female,26-35,Christianity,Urban
Bolivia,Male,36-45,Christianity,Urban
Bolivia,Male,18-25,I do not identify with any religious group or faith,Urban
Bolivia,Female,18-25,Christianity,Urban
Bolivia,Male,18-25,Christianity,Urban
Bolivia,Male,26-35,Christianity,Urban
Bolivia,Male,46-55,Christianity,Urban
Bolivia,Female,36-45,Christianity,Urban
Bolivia,Female,46-55,Christianity,Urban
Bolivia,Female,36-45,Christianity,Urban
Bolivia,Male,26-35,Christianity,Urban
Bolivia,Female,18-25,Christianity,Urban
Bolivia,Male,18-25,Christianity,Urban
Bolivia,Female,18-25,Christianity,Urban
Bolivia,Female,36-45,Christianity,Urban
Bolivia,Male,18-25,Christianity,Urban
Bolivia,Male,18-25,Christianity,Urban
Bolivia,Male,18-25,I do not identify with any religious group or faith,Urban
Bolivia,Male,36-45,Christianity,Urban
Bolivia,Female,36-45,Christianity,Urban
Bolivia,Male,26-35,Christianity,Urban
Bolivia,Male,18-25,Christianity,Urban
Bolivia,Female,36-45,Christianity,Urban
Bolivia,Female,26-35,I do not identify with any religious group or faith,Urban
Bolivia,Male,46-55,Christianity,Urban
Bolivia,Male,26-35,Christianity,Urban
Bolivia,Female,26-35,Christianity,Urban
Bolivia,Female,36-45,I do not identify with any religious group or faith,Urban
Bolivia,Male,18-25,Christianity,Urban
Bolivia,Male,18-25,Christianity,Urban
Bolivia,Female,26-35,,Urban
Bolivia,Female,46-55,Christianity,Urban
Bolivia,Female,65+,Christianity,Urban
Bolivia,Male,18-25,Christianity,Urban
Bolivia,Male,56-65,Christianity,Urban
Bolivia,Female,18-25,Christianity,Urban
Bolivia,Male,26-35,Christianity,Urban
Bolivia,Male,46-55,Christianity,Urban
Bolivia,Male,65+,Christianity,Urban
Bolivia,Male,18-25,Christianity,Urban
Bolivia,Male,56-65,Christianity,Urban
Bolivia,Female,36-45,Christianity,Urban
Bolivia,Female,36-45,Christianity,Urban
Bolivia,Female,65+,Christianity,Urban
Bolivia,Male,18-25,Christianity,Urban
Bolivia,Male,36-45,I do not identify with any religious group or faith,Urban
Bolivia,Male,26-35,Christianity,Urban
Bolivia,Male,18-25,Christianity,Urban
Bolivia,Female,18-25,Christianity,Urban
Bolivia,Male,26-35,Christianity,Urban
Bolivia,Male,56-65,Christianity,Urban
Bolivia,Female,26-35,Christianity,Urban
Bolivia,Female,18-25,,Urban
Bolivia,Female,46-55,I do not identify with any religious group or faith,Urban
Bolivia,Female,46-55,Christianity,Urban
Bolivia,Male,36-45,Christianity,Urban
Bolivia,Male,26-35,Christianity,Urban
Bolivia,Male,18-25,Christianity,Urban
Bolivia,Female,36-45,Christianity,Urban
Bolivia,Female,65+,Christianity,Urban
Bolivia,Female,18-25,Christianity,Urban
Bolivia,Female,46-55,Christianity,Urban
Bolivia,Male,26-35,Christianity,Urban
Bolivia,Male,18-25,Christianity,Urban
Bolivia,Female,18-25,Christianity,Urban
Bolivia,Female,26-35,Christianity,Urban
Bolivia,Male,26-35,Christianity,Urban
Bolivia,Male,46-55,Christianity,Urban
Bolivia,Male,46-55,Christianity,Urban
Bolivia,Female,56-65,Christianity,Urban
Bolivia,Female,18-25,Christianity,Urban
Bolivia,Male,26-35,Christianity,Urban
Bolivia,Female,46-55,Christianity,Urban
Bolivia,Male,26-35,Christianity,Urban
Bolivia,Female,36-45,Christianity,Urban
Bolivia,Male,56-65,Christianity,Urban
Bolivia,Female,26-35,Christianity,Urban
Bolivia,Male,26-35,Christianity,Urban
Bolivia,Male,56-65,I do not identify with any religious group or faith,Urban
Bolivia,Female,36-45,Christianity,Urban
Bolivia,Male,18-25,Christianity,Urban
Bolivia,Female,26-35,Christianity,Urban
Bolivia,Male,56-65,Christianity,Urban
Bolivia,Male,36-45,Christianity,Urban
Bolivia,Male,36-45,Christianity,Urban
Bolivia,Female,46-55,Christianity,Urban
Bolivia,Male,46-55,Christianity,Urban
Bolivia,Female,18-25,Christianity,Urban
Bolivia,Male,18-25,Christianity,Urban
Bolivia,Male,36-45,Christianity,Urban
Bolivia,Female,26-35,Christianity,Urban
Bolivia,Male,26-35,I do not identify with any religious group or faith,Urban
Bolivia,Female,18-25,Christianity,Urban
Bolivia,Female,65+,Christianity,Urban
Bolivia,Female,36-45,Christianity,Urban
Bolivia,Female,46-55,Christianity,Urban
Bolivia,Male,18-25,Christianity,Urban
Bolivia,Male,36-45,Christianity,Urban
Bolivia,Male,36-45,Christianity,Urban
Bolivia,Female,65+,Christianity,Urban
Bolivia,Female,46-55,Christianity,Urban
Bolivia,Female,26-35,Christianity,Urban
Bolivia,Male,18-25,Christianity,Urban
Bolivia,Male,36-45,Christianity,Urban
Bolivia,Female,56-65,Christianity,Urban
Bolivia,Male,18-25,Christianity,Urban
Bolivia,Female,26-35,Christianity,Urban
Bolivia,Male,36-45,Christianity,Urban
Bolivia,Male,18-25,Christianity,Urban
Bolivia,Male,26-35,Christianity,Urban
Bolivia,Female,36-45,Christianity,Urban
Bolivia,Female,18-25,Christianity,Urban
Bolivia,Female,36-45,Christianity,Urban
Bolivia,Male,56-65,Christianity,Urban
Bolivia,Female,56-65,Christianity,Urban
Bolivia,Male,36-45,Christianity,Urban
Bolivia,Male,18-25,Christianity,Urban
Bolivia,Male,36-45,Christianity,Urban
Bolivia,Female,18-25,Christianity,Urban
Bolivia,Female,56-65,Christianity,Urban
Bolivia,Male,18-25,Christianity,Urban
Bolivia,Female,36-45,Christianity,Urban
Bolivia,Male,56-65,I do not identify with any religious group or faith,Urban
Bolivia,Female,26-35,Christianity,Urban
Bolivia,Male,26-35,Christianity,Urban
Bolivia,Male,18-25,I do not identify with any religious group or faith,Urban
Bolivia,Female,46-55,Christianity,Urban
Bolivia,Male,36-45,Christianity,Urban
Bolivia,Female,36-45,Christianity,Urban
Bolivia,Male,18-25,Judaism,Urban
Bolivia,Male,26-35,I do not identify with any religious group or faith,Urban
Bolivia,Female,46-55,Christianity,Urban
Bolivia,Female,18-25,Christianity,Urban
Bolivia,Female,56-65,Christianity,Urban
Bolivia,Female,18-25,Christianity,Urban
Bolivia,Male,56-65,Christianity,Urban
Bolivia,Female,36-45,Christianity,Urban
Bolivia,Male,18-25,I do not identify with any religious group or faith,Urban
Bolivia,Male,26-35,I do not identify with any religious group or faith,Urban
Bolivia,Male,65+,Christianity,Urban
Bolivia,Male,26-35,Christianity,Urban
Bolivia,Female,46-55,Christianity,Urban
Bolivia,Female,36-45,I do not identify with any religious group or faith,Urban
Bolivia,Female,18-25,Christianity,Urban
Bolivia,Female,18-25,Christianity,Urban
Bolivia,Female,36-45,,Urban
Bolivia,Male,18-25,Christianity,Urban
Bolivia,Male,26-35,Christianity,Urban
Bolivia,Male,26-35,I do not identify with any religious group or faith,Urban
Bolivia,Female,56-65,Christianity,Urban
Bolivia,Female,46-55,Christianity,Urban
Bolivia,Male,26-35,Christianity,Urban
Bolivia,Male,18-25,Christianity,Urban
Bolivia,Female,36-45,Christianity,Urban
Bolivia,Female,46-55,Christianity,Urban
Bolivia,Female,26-35,Christianity,Urban
Bolivia,Female,36-45,Christianity,Urban
Bolivia,Male,65+,Christianity,Urban
Bolivia,Male,65+,Christianity,Urban
Bolivia,Female,46-55,Christianity,Urban
Bolivia,Male,36-45,Christianity,Urban
Bolivia,Male,65+,Christianity,Urban
Bolivia,Female,36-45,Christianity,Urban
Bolivia,Female,18-25,Christianity,Urban
Bolivia,Female,56-65,Christianity,Urban
Bolivia,Male,65+,Christianity,Urban
Bolivia,Female,26-35,Christianity,Urban
Bolivia,Male,36-45,Christianity,Urban
Bolivia,Male,18-25,Christianity,Urban
Bolivia,Male,18-25,Christianity,Urban
Bolivia,Male,36-45,,Urban
Bolivia,Female,36-45,Christianity,Urban
Bolivia,Female,26-35,Christianity,Urban
Bolivia,Female,56-65,Christianity,Urban
Bolivia,Female,36-45,Christianity,Urban
Bolivia,Male,36-45,Christianity,Urban
Bolivia,Female,36-45,Christianity,Urban
Bolivia,Male,18-25,Christianity,Urban
Bolivia,Male,56-65,Christianity,Urban
Bolivia,Male,56-65,Christianity,Urban
Bolivia,Female,36-45,,Urban
Bolivia,Female,18-25,Christianity,Urban
Bolivia,Male,36-45,Christianity,Urban
Bolivia,Female,26-35,I do not identify with any religious group or faith,Urban
Bolivia,Female,18-25,Christianity,Rural
Bolivia,Female,36-45,Christianity,Rural
Bolivia,Male,26-35,Christianity,Rural
Bolivia,Female,46-55,Christianity,Rural
Bolivia,Male,65+,Christianity,Rural
Bolivia,Female,46-55,Christianity,Rural
Bolivia,Male,18-25,Christianity,Rural
Bolivia,Male,26-35,Christianity,Rural
Bolivia,Male,18-25,Christianity,Rural
Bolivia,Female,65+,Christianity,Rural
Bolivia,Male,36-45,Christianity,Rural
Bolivia,Male,36-45,Christianity,Rural
Bolivia,Female,18-25,Christianity,Rural
Bolivia,Female,26-35,Christianity,Rural
Bolivia,Male,65+,Christianity,Rural
Bolivia,Female,46-55,Christianity,Rural
Bolivia,Female,65+,Christianity,Rural
Bolivia,Male,56-65,Christianity,Rural
Bolivia,Female,36-45,Christianity,Rural
Bolivia,Female,26-35,Christianity,Rural
Bolivia,Male,46-55,Christianity,Rural
Bolivia,Male,46-55,Christianity,Rural
Bolivia,Male,18-25,Christianity,Rural
Bolivia,Male,56-65,Christianity,Rural
Bolivia,Female,26-35,Christianity,Rural
Bolivia,Female,46-55,Christianity,Rural
Bolivia,Female,36-45,Christianity,Rural
Bolivia,Female,46-55,Christianity,Rural
Bolivia,Female,56-65,Christianity,Rural
Bolivia,Female,46-55,Christianity,Rural
Bolivia,Female,26-35,Christianity,Rural
Bolivia,Female,26-35,Christianity,Rural
Bolivia,Female,46-55,Christianity,Rural
Bolivia,Male,65+,Christianity,Rural
Bolivia,Female,18-25,Christianity,Rural
Bolivia,Female,46-55,Christianity,Rural
Bolivia,Male,36-45,Christianity,Rural
Bolivia,Male,36-45,Christianity,Rural
Bolivia,Male,18-25,Christianity,Rural
Bolivia,Female,36-45,Christianity,Rural
Bolivia,Female,56-65,Christianity,Rural
Bolivia,Female,18-25,Christianity,Rural
Bolivia,Male,36-45,Christianity,Rural
Bolivia,Male,26-35,Christianity,Rural
Bolivia,Male,56-65,Christianity,Rural
Bolivia,Female,26-35,I do not identify with any religious group or faith,Rural
Bolivia,Female,26-35,Christianity,Rural
Bolivia,Male,18-25,Christianity,Rural
Bolivia,Female,46-55,Christianity,Rural
Bolivia,Male,36-45,Christianity,Rural
Bolivia,Male,56-65,Christianity,Rural
Bolivia,Male,46-55,Christianity,Rural
Bolivia,Male,26-35,Christianity,Rural
Bolivia,Female,18-25,Christianity,Rural
Bolivia,Female,26-35,Christianity,Rural
Bolivia,Male,18-25,I do not identify with any religious group or faith,Rural
Bolivia,Female,26-35,Christianity,Rural
Bolivia,Female,36-45,Christianity,Rural
Bolivia,Male,36-45,Christianity,Rural
Bolivia,Female,26-35,Christianity,Rural
Bolivia,Female,26-35,Christianity,Rural
Bolivia,Female,18-25,Christianity,Rural
Bolivia,Male,36-45,Christianity,Rural
Bolivia,Male,36-45,Christianity,Rural
Bolivia,Male,18-25,Christianity,Rural
Bolivia,Female,26-35,Christianity,Rural
Bolivia,Female,26-35,Christianity,Rural
Bolivia,Female,56-65,Christianity,Rural
Bolivia,Male,36-45,Christianity,Rural
Bolivia,Male,18-25,Christianity,Rural
Bolivia,Female,18-25,Christianity,Rural
Bolivia,Male,36-45,Christianity,Rural
Bolivia,Male,36-45,Christianity,Rural
Bolivia,Male,46-55,Christianity,Rural
Bolivia,Female,18-25,Christianity,Rural
Bolivia,Female,26-35,Christianity,Rural
Bolivia,Male,56-65,Christianity,Rural
Bolivia,Male,26-35,Christianity,Rural
Bolivia,Female,18-25,Christianity,Rural
Bolivia,Female,56-65,Christianity,Rural
Bolivia,Male,26-35,Christianity,Urban
Bolivia,Female,46-55,Christianity,Urban
Bolivia,Female,18-25,Christianity,Urban
Bolivia,Male,46-55,Christianity,Urban
Bolivia,Male,26-35,I do not identify with any religious group or faith,Urban
Bolivia,Male,18-25,I do not identify with any religious group or faith,Urban
Bolivia,Female,26-35,Christianity,Urban
Bolivia,Male,46-55,Christianity,Urban
Bolivia,Female,56-65,Christianity,Urban
Bolivia,Male,18-25,Christianity,Urban
Bolivia,Female,36-45,Christianity,Urban
Bolivia,Male,56-65,Christianity,Urban
Bolivia,Male,26-35,Christianity,Urban
Bolivia,Female,18-25,Christianity,Urban
Bolivia,Male,46-55,Christianity,Urban
Bolivia,Male,56-65,Christianity,Urban
Bolivia,Male,36-45,Christianity,Urban
Bolivia,Female,18-25,Christianity,Urban
Bolivia,Female,65+,Christianity,Urban
Bolivia,Female,18-25,Christianity,Urban
Bolivia,Female,46-55,Christianity,Urban
Bolivia,Male,56-65,Christianity,Urban
Bolivia,Female,26-35,Christianity,Urban
Bolivia,Male,18-25,Christianity,Urban
Bolivia,Female,26-35,Christianity,Urban
Bolivia,Male,26-35,Christianity,Urban
Bolivia,Female,26-35,Christianity,Urban
Bolivia,Female,26-35,Christianity,Urban
Bolivia,Male,56-65,Christianity,Urban
Bolivia,Female,36-45,Christianity,Urban
Bolivia,Male,26-35,Christianity,Urban
Bolivia,Female,18-25,Christianity,Urban
Bolivia,Male,46-55,I do not identify with any religious group or faith,Urban
Bolivia,Female,18-25,Christianity,Urban
Bolivia,Male,56-65,Christianity,Urban
Bolivia,Male,18-25,Christianity,Urban
Bolivia,Male,26-35,Christianity,Urban
Bolivia,Female,65+,Christianity,Urban
Bolivia,Female,26-35,Christianity,Urban
Bolivia,Female,18-25,Christianity,Urban
Bolivia,Male,46-55,I do not identify with any religious group or faith,Rural
Bolivia,Male,26-35,Christianity,Rural
Bolivia,Female,18-25,Christianity,Rural
Bolivia,Female,56-65,Christianity,Rural
Bolivia,Male,65+,Christianity,Rural
Bolivia,Female,18-25,Christianity,Rural
Bolivia,Male,36-45,Christianity,Rural
Bolivia,Male,26-35,Christianity,Rural
Bolivia,Female,46-55,Christianity,Rural
Bolivia,Female,46-55,Christianity,Rural
Bolivia,Female,18-25,Christianity,Rural
Bolivia,Female,18-25,Christianity,Rural
Bolivia,Male,26-35,Christianity,Rural
Bolivia,Male,26-35,Christianity,Rural
Bolivia,Male,36-45,Christianity,Rural
Bolivia,Male,26-35,Christianity,Rural
Bolivia,Female,26-35,Christianity,Rural
Bolivia,Male,36-45,Christianity,Rural
Bolivia,Female,18-25,Christianity,Rural
Bolivia,Female,26-35,Christianity,Rural
Brazil,Female,36-45,Christianity,Urban
Brazil,Male,56-65,Christianity,Urban
Brazil,Female,18-25,I do not identify with any religious group or faith,Urban
Brazil,Male,36-45,Christianity,Urban
Brazil,Male,18-25,Christianity,Urban
Brazil,Female,36-45,Christianity,Urban
Brazil,Male,26-35,I do not identify with any religious group or faith,Urban
Brazil,Male,36-45,I do not identify with any religious group or faith,Urban
Brazil,Female,26-35,Christianity,Urban
Brazil,Female,18-25,Christianity,Urban
Brazil,Female,26-35,Christianity,Urban
Brazil,Male,18-25,I do not identify with any religious group or faith,Urban
Brazil,Female,65+,Christianity,Urban
Brazil,Female,56-65,Christianity,Urban
Brazil,Female,18-25,Christianity,Urban
Brazil,Male,46-55,Christianity,Urban
Brazil,Male,18-25,Christianity,Urban
Brazil,Female,46-55,Christianity,Urban
Brazil,Female,36-45,I do not identify with any religious group or faith,Urban
Brazil,Female,46-55,Christianity,Urban
Brazil,Male,26-35,Christianity,Urban
Brazil,Female,46-55,Christianity,Urban
Brazil,Female,36-45,Christianity,Urban
Brazil,Male,36-45,Christianity,Urban
Brazil,Male,18-25,I do not identify with any religious group or faith,Urban
Brazil,Male,65+,I do not identify with any religious group or faith,Urban
Brazil,Female,18-25,,Urban
Brazil,Male,56-65,I do not identify with any religious group or faith,Urban
Brazil,Female,56-65,Christianity,Urban
Brazil,Male,18-25,Christianity,Urban
Brazil,Male,26-35,Christianity,Urban
Brazil,Male,46-55,Christianity,Urban
Brazil,Female,26-35,Christianity,Urban
Brazil,Female,56-65,Christianity,Urban
Brazil,Male,36-45,Christianity,Urban
Brazil,Female,26-35,Judaism,Urban
Brazil,Female,18-25,Christianity,Urban
Brazil,Male,36-45,Christianity,Urban
Brazil,Female,36-45,Christianity,Urban
Brazil,Male,65+,Christianity,Urban
Brazil,Male,18-25,Christianity,Urban
Brazil,Female,26-35,Christianity,Urban
Brazil,Female,18-25,Christianity,Urban
Brazil,Male,26-35,Christianity,Urban
Brazil,Male,36-45,Christianity,Urban
Brazil,Female,26-35,Christianity,Urban
Brazil,Female,18-25,Christianity,Urban
Brazil,Female,36-45,Christianity,Urban
Brazil,Male,65+,Christianity,Urban
Brazil,Female,65+,Christianity,Urban
Brazil,Female,56-65,Christianity,Urban
Brazil,Male,46-55,Christianity,Urban
Brazil,Male,26-35,Christianity,Urban
Brazil,Male,46-55,Christianity,Urban
Brazil,Female,26-35,Christianity,Urban
Brazil,Male,18-25,I do not identify with any religious group or faith,Urban
Brazil,Female,26-35,Christianity,Urban
Brazil,Male,46-55,Christianity,Urban
Brazil,Female,46-55,Christianity,Urban
Brazil,Male,36-45,I do not identify with any religious group or faith,Urban
Brazil,Female,18-25,Christianity,Urban
Brazil,Male,56-65,Christianity,Urban
Brazil,Male,36-45,Christianity,Urban
Brazil,Female,36-45,Christianity,Urban
Brazil,Female,65+,Christianity,Urban
Brazil,Female,36-45,Christianity,Urban
Brazil,Male,18-25,Other religious group,Urban
Brazil,Male,26-35,Christianity,Urban
Brazil,Male,18-25,Christianity,Urban
Brazil,Female,18-25,Christianity,Urban
Brazil,Male,26-35,I do not identify with any religious group or faith,Urban
Brazil,Male,36-45,Christianity,Urban
Brazil,Male,56-65,Christianity,Urban
Brazil,Female,18-25,Christianity,Urban
Brazil,Female,56-65,I do not identify with any religious group or faith,Urban
Brazil,Female,18-25,Christianity,Urban
Brazil,Female,36-45,Christianity,Urban
Brazil,Female,36-45,Christianity,Urban
Brazil,Female,18-25,I do not identify with any religious group or faith,Urban
Brazil,Female,18-25,Christianity,Urban
Brazil,Male,18-25,Christianity,Urban
Brazil,Male,18-25,I do not identify with any religious group or faith,Urban
Brazil,Female,36-45,Christianity,Urban
Brazil,Male,26-35,Christianity,Urban
Brazil,Male,18-25,I do not identify with any religious group or faith,Urban
Brazil,Female,56-65,Christianity,Urban
Brazil,Female,65+,Christianity,Urban
Brazil,Male,65+,Christianity,Urban
Brazil,Female,46-55,Christianity,Urban
Brazil,Female,26-35,Christianity,Urban
Brazil,Male,56-65,Christianity,Urban
Brazil,Female,36-45,Christianity,Urban
Brazil,Female,36-45,Christianity,Urban
Brazil,Male,36-45,Christianity,Urban
Brazil,Female,65+,Christianity,Urban
Brazil,Male,36-45,Christianity,Urban
Brazil,Male,26-35,Christianity,Urban
Brazil,Female,18-25,Christianity,Urban
Brazil,Male,46-55,Christianity,Urban
Brazil,Male,56-65,Christianity,Urban
Brazil,Female,65+,Christianity,Urban
Brazil,Female,65+,Christianity,Urban
Brazil,Female,26-35,Christianity,Urban
Brazil,Male,26-35,Christianity,Urban
Brazil,Male,36-45,Christianity,Urban
Brazil,Female,26-35,Christianity,Urban
Brazil,Female,18-25,Christianity,Urban
Brazil,Male,18-25,I do not identify with any religious group or faith,Urban
Brazil,Female,46-55,Christianity,Urban
Brazil,Female,56-65,Christianity,Urban
Brazil,Male,26-35,I do not identify with any religious group or faith,Urban
Brazil,Male,36-45,Christianity,Urban
Brazil,Male,36-45,,Urban
Brazil,Female,18-25,Christianity,Urban
Brazil,Female,56-65,I do not identify with any religious group or faith,Urban
Brazil,Male,65+,Christianity,Urban
Brazil,Female,26-35,I do not identify with any religious group or faith,Urban
Brazil,Female,65+,Christianity,Urban
Brazil,Female,18-25,I do not identify with any religious group or faith,Urban
Brazil,Male,36-45,Christianity,Urban
Brazil,Male,56-65,Christianity,Urban
Brazil,Female,36-45,Judaism,Urban
Brazil,Male,18-25,I do not identify with any religious group or faith,Urban
Brazil,Male,36-45,I do not identify with any religious group or faith,Urban
Brazil,Female,56-65,Christianity,Urban
Brazil,Female,36-45,Christianity,Urban
Brazil,Male,36-45,I do not identify with any religious group or faith,Urban
Brazil,Female,26-35,,Urban
Brazil,Male,26-35,Christianity,Urban
Brazil,Male,18-25,I do not identify with any religious group or faith,Urban
Brazil,Female,18-25,I do not identify with any religious group or faith,Urban
Brazil,Female,56-65,Christianity,Urban
Brazil,Female,26-35,Christianity,Urban
Brazil,Male,36-45,,Urban
Brazil,Female,26-35,Other religious group,Urban
Brazil,Female,46-55,I do not identify with any religious group or faith,Urban
Brazil,Male,65+,Christianity,Urban
Brazil,Male,46-55,Christianity,Urban
Brazil,Male,18-25,Christianity,Urban
Brazil,Female,18-25,Christianity,Urban
Brazil,Female,46-55,Christianity,Urban
Brazil,Male,65+,Christianity,Urban
Brazil,Female,26-35,Christianity,Urban
Brazil,Male,36-45,Christianity,Urban
Brazil,Male,18-25,Christianity,Urban
Brazil,Male,46-55,I do not identify with any religious group or faith,Urban
Brazil,Male,65+,Christianity,Urban
Brazil,Female,18-25,I do not identify with any religious group or faith,Urban
Brazil,Female,26-35,I do not identify with any religious group or faith,Urban
Brazil,Female,46-55,,Urban
Brazil,Male,36-45,Christianity,Urban
Brazil,Male,36-45,I do not identify with any religious group or faith,Urban
Brazil,Male,26-35,I do not identify with any religious group or faith,Urban
Brazil,Female,65+,Christianity,Urban
Brazil,Female,46-55,Christianity,Urban
Brazil,Male,46-55,Christianity,Urban
Brazil,Female,65+,Christianity,Urban
Brazil,Female,18-25,Christianity,Urban
Brazil,Female,65+,Christianity,Urban
Brazil,Male,56-65,Christianity,Urban
Brazil,Male,26-35,Christianity,Urban
Brazil,Female,36-45,I do not identify with any religious group or faith,Urban
Brazil,Female,26-35,Christianity,Urban
Brazil,Male,18-25,I do not identify with any religious group or faith,Urban
Brazil,Female,18-25,Christianity,Urban
Brazil,Male,18-25,Christianity,Urban
Brazil,Male,26-35,Christianity,Urban
Brazil,Female,36-45,I do not identify with any religious group or faith,Urban
Brazil,Female,26-35,Christianity,Urban
Brazil,Male,46-55,Christianity,Urban
Brazil,Female,36-45,Christianity,Urban
Brazil,Female,65+,Christianity,Urban
Brazil,Male,36-45,Christianity,Urban
Brazil,Male,65+,Christianity,Urban
Brazil,Male,36-45,Christianity,Urban
Brazil,Male,65+,Christianity,Urban
Brazil,Female,46-55,Christianity,Urban
Brazil,Female,18-25,,Urban
Brazil,Male,18-25,Christianity,Urban
Brazil,Male,46-55,Christianity,Urban
Brazil,Female,36-45,,Urban
Brazil,Female,36-45,Christianity,Urban
Brazil,Female,26-35,Christianity,Urban
Brazil,Female,56-65,Christianity,Urban
Brazil,Male,56-65,Christianity,Urban
Brazil,Female,46-55,Christianity,Urban
Brazil,Male,46-55,Christianity,Urban
Brazil,Male,18-25,Christianity,Urban
Brazil,Female,56-65,Christianity,Urban
Brazil,Female,18-25,Christianity,Urban
Brazil,Male,65+,Christianity,Urban
Brazil,Female,26-35,Christianity,Urban
Brazil,Male,26-35,Christianity,Urban
Brazil,Male,46-55,Christianity,Urban
Brazil,Female,65+,Christianity,Urban
Brazil,Male,26-35,Christianity,Urban
Brazil,Female,36-45,Christianity,Urban
Brazil,Male,65+,Christianity,Urban
Brazil,Male,18-25,I do not identify with any religious group or faith,Urban
Brazil,Female,36-45,Christianity,Urban
Brazil,Female,18-25,I do not identify with any religious group or faith,Urban
Brazil,Female,65+,Christianity,Urban
Brazil,Male,26-35,I do not identify with any religious group or faith,Urban
Brazil,Female,18-25,,Urban
Brazil,Female,46-55,Christianity,Urban
Brazil,Male,26-35,Christianity,Urban
Brazil,Female,46-55,,Urban
Brazil,Female,26-35,Christianity,Urban
Brazil,Male,26-35,I do not identify with any religious group or faith,Urban
Brazil,Male,56-65,Christianity,Urban
Brazil,Female,36-45,Christianity,Urban
Brazil,Female,36-45,Christianity,Urban
Brazil,Male,46-55,Christianity,Urban
Brazil,Male,18-25,Christianity,Urban
Brazil,Male,36-45,I do not identify with any religious group or faith,Urban
Brazil,Female,65+,Christianity,Urban
Brazil,Female,18-25,I do not identify with any religious group or faith,Urban
Brazil,Female,56-65,Christianity,Urban
Brazil,Female,56-65,Christianity,Urban
Brazil,Male,26-35,Christianity,Urban
Brazil,Male,46-55,Christianity,Urban
Brazil,Female,26-35,I do not identify with any religious group or faith,Urban
Brazil,Male,18-25,I do not identify with any religious group or faith,Urban
Brazil,Female,36-45,Christianity,Urban
Brazil,Female,46-55,Christianity,Urban
Brazil,Female,56-65,Christianity,Urban
Brazil,Female,36-45,Christianity,Urban
Brazil,Male,65+,I do not identify with any religious group or faith,Urban
Brazil,Male,26-35,Christianity,Urban
Brazil,Male,36-45,Christianity,Urban
Brazil,Male,26-35,Christianity,Urban
Brazil,Male,18-25,Christianity,Urban
Brazil,Female,46-55,Christianity,Urban
Brazil,Female,65+,Christianity,Urban
Brazil,Female,36-45,Christianity,Urban
Brazil,Male,26-35,Christianity,Urban
Brazil,Male,56-65,Christianity,Urban
Brazil,Female,26-35,I do not identify with any religious group or faith,Urban
Brazil,Male,26-35,Christianity,Urban
Brazil,Female,18-25,Christianity,Urban
Brazil,Female,65+,Christianity,Urban
Brazil,Female,46-55,Christianity,Urban
Brazil,Male,18-25,Christianity,Urban
Brazil,Male,65+,Christianity,Urban
Brazil,Male,36-45,Christianity,Urban
Brazil,Female,36-45,Christianity,Urban
Brazil,Female,26-35,I do not identify with any religious group or faith,Urban
Brazil,Female,46-55,I do not identify with any religious group or faith,Urban
Brazil,Male,46-55,Christianity,Urban
Brazil,Male,18-25,Christianity,Urban
Brazil,Male,46-55,Christianity,Urban
Brazil,Male,36-45,Christianity,Urban
Brazil,Female,26-35,Christianity,Urban
Brazil,Male,56-65,Christianity,Urban
Brazil,Male,65+,Christianity,Urban
Brazil,Female,65+,Christianity,Urban
Brazil,Female,65+,Christianity,Urban
Brazil,Female,36-45,Christianity,Urban
Brazil,Male,46-55,Christianity,Urban
Brazil,Female,56-65,Christianity,Urban
Brazil,Male,36-45,Christianity,Urban
Brazil,Male,36-45,Christianity,Urban
Brazil,Male,26-35,Christianity,Urban
Brazil,Male,18-25,,Urban
Brazil,Female,36-45,Christianity,Urban
Brazil,Female,18-25,Christianity,Urban
Brazil,Male,36-45,Christianity,Urban
Brazil,Female,26-35,Christianity,Urban
Brazil,Female,36-45,Christianity,Urban
Brazil,Female,18-25,Christianity,Urban
Brazil,Female,56-65,Christianity,Urban
Brazil,Male,36-45,Christianity,Urban
Brazil,Male,18-25,Christianity,Urban
Brazil,Male,56-65,Christianity,Urban
Brazil,Female,65+,Christianity,Urban
Brazil,Female,46-55,Christianity,Urban
Brazil,Female,26-35,Christianity,Urban
Brazil,Male,36-45,Christianity,Urban
Brazil,Male,18-25,Christianity,Urban
Brazil,Female,18-25,Christianity,Urban
Brazil,Female,26-35,Christianity,Urban
Brazil,Female,36-45,Christianity,Urban
Brazil,Female,56-65,Christianity,Urban
Brazil,Male,18-25,Christianity,Urban
Brazil,Male,26-35,Christianity,Urban
Brazil,Male,18-25,Christianity,Urban
Brazil,Male,46-55,Christianity,Urban
Brazil,Male,36-45,Christianity,Urban
Brazil,Female,26-35,Christianity,Urban
Brazil,Female,18-25,I do not identify with any religious group or faith,Urban
Brazil,Male,36-45,Christianity,Urban
Brazil,Female,65+,Christianity,Urban
Brazil,Male,36-45,Christianity,Urban
Brazil,Female,18-25,Christianity,Urban
Brazil,Male,26-35,Christianity,Urban
Brazil,Female,36-45,I do not identify with any religious group or faith,Urban
Brazil,Male,46-55,Christianity,Urban
Brazil,Female,36-45,Christianity,Urban
Brazil,Female,26-35,I do not identify with any religious group or faith,Urban
Brazil,Male,18-25,Christianity,Urban
Brazil,Male,26-35,Christianity,Urban
Brazil,Female,26-35,Christianity,Urban
Brazil,Female,46-55,I do not identify with any religious group or faith,Urban
Brazil,Male,36-45,Christianity,Urban
Brazil,Male,26-35,Christianity,Urban
Brazil,Female,18-25,Christianity,Urban
Brazil,Male,56-65,Christianity,Urban
Brazil,Female,46-55,Christianity,Urban
Brazil,Male,36-45,,Urban
Brazil,Male,65+,Christianity,Urban
Brazil,Female,18-25,Christianity,Urban
Brazil,Female,65+,Christianity,Urban
Brazil,Female,26-35,Christianity,Urban
Brazil,Male,36-45,Christianity,Urban
Brazil,Male,46-55,Christianity,Urban
Brazil,Female,18-25,Christianity,Urban
Brazil,Male,18-25,Christianity,Urban
Brazil,Male,18-25,I do not identify with any religious group or faith,Urban
Brazil,Female,26-35,Christianity,Urban
Brazil,Female,56-65,Christianity,Urban
Brazil,Male,36-45,Christianity,Urban
Brazil,Female,46-55,Christianity,Urban
Brazil,Female,56-65,Christianity,Urban
Brazil,Female,18-25,I do not identify with any religious group or faith,Urban
Brazil,Female,26-35,Christianity,Urban
Brazil,Female,46-55,Christianity,Urban
Brazil,Male,56-65,Christianity,Urban
Brazil,Male,36-45,Christianity,Urban
Brazil,Male,18-25,I do not identify with any religious group or faith,Urban
Brazil,Female,65+,Christianity,Urban
Brazil,Female,46-55,Christianity,Urban
Brazil,Female,26-35,Christianity,Urban
Brazil,Male,36-45,Christianity,Urban
Brazil,Male,65+,Christianity,Urban
Brazil,Male,26-35,Christianity,Urban
Brazil,Male,36-45,Christianity,Urban
Brazil,Female,56-65,Christianity,Urban
Brazil,Female,36-45,I do not identify with any religious group or faith,Urban
Brazil,Male,26-35,Christianity,Urban
Brazil,Male,26-35,Christianity,Urban
Brazil,Female,18-25,I do not identify with any religious group or faith,Urban
Brazil,Female,36-45,Christianity,Urban
Brazil,Female,26-35,Christianity,Urban
Brazil,Male,65+,Christianity,Urban
Brazil,Male,18-25,Christianity,Urban
Brazil,Male,46-55,Christianity,Urban
Brazil,Female,65+,Christianity,Urban
Brazil,Female,36-45,Christianity,Urban
Brazil,Female,18-25,,Urban
Brazil,Female,46-55,Christianity,Urban
Brazil,Female,26-35,Christianity,Urban
Brazil,Female,18-25,Christianity,Urban
Brazil,Female,36-45,Christianity,Urban
Brazil,Male,26-35,Christianity,Urban
Brazil,Female,56-65,Christianity,Urban
Brazil,Male,36-45,Christianity,Urban
Brazil,Male,65+,Christianity,Urban
Brazil,Female,36-45,Christianity,Urban
Brazil,Male,26-35,Christianity,Urban
Brazil,Male,46-55,Christianity,Urban
Brazil,Male,18-25,Christianity,Urban
Brazil,Male,46-55,Christianity,Urban
Brazil,Female,26-35,Christianity,Urban
Brazil,Female,46-55,Christianity,Urban
Brazil,Female,18-25,Christianity,Rural
Brazil,Female,18-25,Christianity,Rural
Brazil,Female,65+,Christianity,Rural
Brazil,Male,18-25,I do not identify with any religious group or faith,Rural
Brazil,Male,18-25,Christianity,Rural
Brazil,Male,46-55,Christianity,Rural
Brazil,Male,26-35,Christianity,Rural
Brazil,Female,36-45,Christianity,Rural
Brazil,Female,36-45,Christianity,Rural
Brazil,Male,36-45,Christianity,Rural
Brazil,Male,65+,Christianity,Rural
Brazil,Female,46-55,Christianity,Rural
Brazil,Male,18-25,Christianity,Rural
Brazil,Female,26-35,Christianity,Rural
Brazil,Male,46-55,Christianity,Rural
Brazil,Female,18-25,I do not identify with any religious group or faith,Rural
Brazil,Male,36-45,Christianity,Rural
Brazil,Male,26-35,,Rural
Brazil,Female,36-45,Christianity,Rural
Brazil,Female,56-65,Christianity,Rural
Brazil,Male,18-25,Christianity,Rural
Brazil,Female,26-35,Christianity,Rural
Brazil,Female,56-65,Christianity,Rural
Brazil,Female,65+,,Rural
Brazil,Male,56-65,Christianity,Rural
Brazil,Female,18-25,,Rural
Brazil,Male,26-35,Christianity,Rural
Brazil,Male,65+,Christianity,Rural
Brazil,Female,18-25,Christianity,Rural
Brazil,Male,26-35,Christianity,Rural
Brazil,Male,46-55,Christianity,Rural
Brazil,Male,36-45,Christianity,Rural
Brazil,Male,65+,Christianity,Rural
Brazil,Female,56-65,Other religious group,Rural
Brazil,Female,26-35,Christianity,Rural
Brazil,Male,18-25,Christianity,Rural
Brazil,Female,56-65,Christianity,Rural
Brazil,Female,26-35,Christianity,Rural
Brazil,Male,46-55,Christianity,Rural
Brazil,Female,36-45,Christianity,Rural
Brazil,Female,36-45,Christianity,Rural
Brazil,Male,56-65,Christianity,Rural
Brazil,Female,56-65,Christianity,Urban
Brazil,Female,56-65,Christianity,Urban
Brazil,Female,18-25,Christianity,Urban
Brazil,Female,26-35,Christianity,Urban
Brazil,Male,36-45,Christianity,Urban
Brazil,Male,18-25,Judaism,Urban
Brazil,Male,18-25,,Urban
Brazil,Female,36-45,Christianity,Urban
Brazil,Female,65+,Christianity,Urban
Brazil,Male,26-35,I do not identify with any religious group or faith,Urban
Brazil,Male,36-45,Christianity,Urban
Brazil,Female,36-45,Christianity,Urban
Brazil,Female,18-25,Christianity,Urban
Brazil,Male,46-55,Christianity,Urban
Brazil,Female,18-25,Christianity,Urban
Brazil,Female,46-55,Christianity,Urban
Brazil,Male,56-65,Christianity,Urban
Brazil,Male,46-55,Christianity,Urban
Brazil,Female,46-55,Christianity,Urban
Brazil,Female,18-25,Christianity,Urban
Brazil,Female,65+,Christianity,Urban
Brazil,Male,26-35,Christianity,Urban
Brazil,Male,36-45,Christianity,Urban
Brazil,Female,65+,Christianity,Urban
Brazil,Male,18-25,Christianity,Urban
Brazil,Female,46-55,I do not identify with any religious group or faith,Urban
Brazil,Female,26-35,Christianity,Urban
Brazil,Male,36-45,I do not identify with any religious group or faith,Urban
Brazil,Female,18-25,I do not identify with any religious group or faith,Urban
Brazil,Female,56-65,Christianity,Urban
Brazil,Male,18-25,Christianity,Urban
Brazil,Male,26-35,Christianity,Urban
Brazil,Male,36-45,Christianity,Urban
Brazil,Female,26-35,Christianity,Urban
Brazil,Female,26-35,Christianity,Urban
Brazil,Male,46-55,Christianity,Urban
Brazil,Male,65+,Christianity,Urban
Brazil,Female,36-45,I do not identify with any religious group or faith,Urban
Brazil,Female,65+,Christianity,Urban
Brazil,Male,65+,Christianity,Urban
Brazil,Male,18-25,Christianity,Urban
Brazil,Female,26-35,Christianity,Urban
Brazil,Male,26-35,I do not identify with any religious group or faith,Urban
Brazil,Female,56-65,I do not identify with any religious group or faith,Urban
Brazil,Male,65+,Christianity,Urban
Brazil,Female,56-65,Christianity,Urban
Brazil,Female,65+,Christianity,Urban
Brazil,Male,65+,Other religious group,Urban
Brazil,Male,65+,Christianity,Urban
Brazil,Male,18-25,Christianity,Urban
Brazil,Male,36-45,Christianity,Urban
Brazil,Female,36-45,Christianity,Urban
Brazil,Male,36-45,Christianity,Urban
Brazil,Female,36-45,Christianity,Urban
Brazil,Female,18-25,Christianity,Urban
Brazil,Female,56-65,Christianity,Urban
Brazil,Female,18-25,I do not identify with any religious group or faith,Urban
Brazil,Male,26-35,Christianity,Urban
Brazil,Female,26-35,I do not identify with any religious group or faith,Urban
Brazil,Male,26-35,I do not identify with any religious group or faith,Urban
Brazil,Female,36-45,Christianity,Urban
Brazil,Female,46-55,Christianity,Urban
Brazil,Male,46-55,Christianity,Urban
Brazil,Female,26-35,Christianity,Urban
Brazil,Male,46-55,Christianity,Urban
Brazil,Male,36-45,Christianity,Urban
Brazil,Male,26-35,Christianity,Urban
Brazil,Female,65+,I do not identify with any religious group or faith,Urban
Brazil,Female,18-25,Christianity,Urban
Brazil,Female,36-45,Christianity,Urban
Brazil,Female,26-35,Christianity,Urban
Brazil,Male,36-45,Christianity,Urban
Brazil,Male,65+,Christianity,Urban
Brazil,Male,36-45,I do not identify with any religious group or faith,Urban
Brazil,Male,18-25,Christianity,Urban
Brazil,Female,18-25,I do not identify with any religious group or faith,Urban
Brazil,Female,65+,Christianity,Urban
Brazil,Male,36-45,Christianity,Urban
Brazil,Male,46-55,I do not identify with any religious group or faith,Urban
Brazil,Female,26-35,I do not identify with any religious group or faith,Urban
Brazil,Male,18-25,Christianity,Urban
Brazil,Female,36-45,Christianity,Urban
Brazil,Female,56-65,Christianity,Urban
Brazil,Female,46-55,Christianity,Urban
Brazil,Female,46-55,Christianity,Urban
Brazil,Female,18-25,Christianity,Urban
Brazil,Female,26-35,Christianity,Urban
Brazil,Male,36-45,Christianity,Urban
Brazil,Female,46-55,Christianity,Urban
Brazil,Female,65+,Christianity,Urban
Brazil,Female,46-55,Christianity,Urban
Brazil,Male,56-65,Christianity,Urban
Brazil,Male,36-45,Christianity,Urban
Brazil,Female,65+,Christianity,Urban
Brazil,Male,26-35,Christianity,Urban
Brazil,Male,18-25,Christianity,Urban
Brazil,Male,26-35,Christianity,Urban
Brazil,Male,56-65,Christianity,Urban
Brazil,Female,36-45,Christianity,Rural
Brazil,Male,65+,Christianity,Rural
Brazil,Male,65+,Christianity,Rural
Brazil,Male,26-35,I do not identify with any religious group or faith,Rural
Brazil,Female,65+,Christianity,Rural
Brazil,Male,18-25,Christianity,Rural
Brazil,Female,56-65,I do not identify with any religious group or faith,Rural
Brazil,Male,26-35,Christianity,Rural
Brazil,Male,18-25,,Rural
Brazil,Female,18-25,Christianity,Rural
Brazil,Male,46-55,Christianity,Rural
Brazil,Female,26-35,Christianity,Rural
Brazil,Male,46-55,Christianity,Rural
Brazil,Female,36-45,I do not identify with any religious group or faith,Rural
Brazil,Male,18-25,Christianity,Urban
Brazil,Male,26-35,Christianity,Urban
Brazil,Male,56-65,Christianity,Urban
Brazil,Female,36-45,Other religious group,Urban
Brazil,Female,36-45,Christianity,Urban
Brazil,Female,36-45,Christianity,Urban
Brazil,Male,18-25,,Urban
Brazil,Male,46-55,Christianity,Urban
Brazil,Female,46-55,Christianity,Urban
Brazil,Female,18-25,Christianity,Urban
Brazil,Female,18-25,Christianity,Urban
Brazil,Female,65+,Christianity,Urban
Brazil,Male,46-55,Christianity,Urban
Brazil,Male,26-35,I do not identify with any religious group or faith,Urban
Brazil,Female,36-45,,Urban
Brazil,Male,46-55,Christianity,Urban
Brazil,Male,26-35,Christianity,Urban
Brazil,Female,26-35,,Urban
Brazil,Female,36-45,Christianity,Urban
Brazil,Female,36-45,Christianity,Urban
Brazil,Male,26-35,Judaism,Urban
Brazil,Female,65+,Christianity,Urban
Brazil,Male,18-25,Christianity,Urban
Brazil,Female,18-25,Christianity,Urban
Brazil,Male,46-55,Christianity,Urban
Brazil,Female,46-55,Christianity,Urban
Brazil,Male,36-45,I do not identify with any religious group or faith,Urban
Brazil,Male,65+,Christianity,Urban
Brazil,Female,56-65,Christianity,Urban
Brazil,Male,36-45,Christianity,Urban
Brazil,Male,46-55,Christianity,Urban
Brazil,Female,36-45,Christianity,Urban
Brazil,Female,65+,Christianity,Urban
Brazil,Female,36-45,Christianity,Urban
Brazil,Female,26-35,Christianity,Urban
Brazil,Male,36-45,Christianity,Urban
Brazil,Female,18-25,Christianity,Urban
Brazil,Male,36-45,Christianity,Urban
Brazil,Male,26-35,Christianity,Urban
Brazil,Female,18-25,Christianity,Urban
Brazil,Male,65+,Christianity,Urban
Brazil,Male,26-35,Christianity,Urban
Brazil,Female,26-35,Christianity,Urban
Brazil,Male,26-35,I do not identify with any religious group or faith,Urban
Brazil,Male,18-25,I do not identify with any religious group or faith,Urban
Brazil,Female,18-25,I do not identify with any religious group or faith,Urban
Brazil,Female,36-45,I do not identify with any religious group or faith,Urban
Brazil,Female,26-35,I do not identify with any religious group or faith,Urban
Brazil,Male,18-25,Christianity,Urban
Brazil,Female,18-25,Christianity,Urban
Brazil,Female,56-65,Christianity,Urban
Brazil,Male,56-65,I do not identify with any religious group or faith,Urban
Brazil,Male,65+,Christianity,Urban
Brazil,Male,56-65,Christianity,Urban
Brazil,Male,36-45,Christianity,Urban
Brazil,Female,46-55,Christianity,Urban
Brazil,Female,36-45,Christianity,Urban
Brazil,Male,65+,I do not identify with any religious group or faith,Urban
Brazil,Female,26-35,,Urban
Brazil,Male,36-45,I do not identify with any religious group or faith,Urban
Brazil,Female,65+,Christianity,Urban
Brazil,Male,56-65,,Urban
Brazil,Female,46-55,Other religious group,Urban
Brazil,Female,56-65,Christianity,Urban
Brazil,Female,46-55,I do not identify with any religious group or faith,Urban
Brazil,Male,26-35,Christianity,Urban
Brazil,Male,46-55,Christianity,Urban
Brazil,Female,65+,Christianity,Urban
Brazil,Female,65+,Christianity,Urban
Brazil,Male,56-65,Christianity,Urban
Brazil,Male,36-45,Christianity,Urban
Brazil,Female,36-45,I do not identify with any religious group or faith,Urban
Brazil,Female,26-35,Christianity,Urban
Brazil,Male,46-55,Christianity,Urban
Brazil,Female,56-65,Christianity,Urban
Brazil,Female,46-55,Christianity,Urban
Brazil,Male,18-25,,Urban
Brazil,Male,65+,Christianity,Urban
Brazil,Female,18-25,I do not identify with any religious group or faith,Urban
Brazil,Female,65+,Christianity,Urban
Brazil,Male,56-65,I do not identify with any religious group or faith,Urban
Brazil,Female,46-55,,Urban
Brazil,Male,36-45,I do not identify with any religious group or faith,Urban
Brazil,Male,36-45,I do not identify with any religious group or faith,Urban
Brazil,Male,36-45,Christianity,Urban
Brazil,Female,26-35,I do not identify with any religious group or faith,Urban
Brazil,Male,18-25,I do not identify with any religious group or faith,Urban
Brazil,Female,46-55,Christianity,Urban
Brazil,Male,36-45,Christianity,Urban
Brazil,Female,18-25,I do not identify with any religious group or faith,Urban
Brazil,Female,65+,I do not identify with any religious group or faith,Urban
Brazil,Female,36-45,I do not identify with any religious group or faith,Urban
Brazil,Female,56-65,Christianity,Urban
Brazil,Female,26-35,Christianity,Urban
Brazil,Male,65+,I do not identify with any religious group or faith,Urban
Brazil,Male,46-55,I do not identify with any religious group or faith,Urban
Brazil,Female,26-35,Christianity,Urban
Brazil,Male,46-55,Christianity,Urban
Brazil,Male,26-35,Other religious group,Urban
Brazil,Female,65+,Christianity,Urban
Brazil,Male,36-45,Christianity,Urban
Brazil,Male,18-25,Christianity,Urban
Brazil,Female,18-25,I do not identify with any religious group or faith,Urban
Brazil,Female,56-65,Christianity,Urban
Brazil,Male,26-35,Christianity,Urban
Brazil,Female,26-35,,Urban
Brazil,Male,46-55,Christianity,Urban
Brazil,Male,65+,I do not identify with any religious group or faith,Urban
Brazil,Male,26-35,Christianity,Urban
Brazil,Female,46-55,Christianity,Urban
Brazil,Female,56-65,Christianity,Urban
Brazil,Female,18-25,I do not identify with any religious group or faith,Urban
Brazil,Female,56-65,Christianity,Urban
Brazil,Male,18-25,Christianity,Urban
Brazil,Male,46-55,Christianity,Urban
Brazil,Male,18-25,I do not identify with any religious group or faith,Urban
Brazil,Female,65+,Christianity,Urban
Brazil,Female,56-65,Christianity,Urban
Brazil,Female,18-25,Christianity,Urban
Brazil,Female,46-55,Christianity,Urban
Brazil,Male,65+,Christianity,Urban
Brazil,Female,26-35,,Urban
Brazil,Male,36-45,Christianity,Urban
Brazil,Female,18-25,I do not identify with any religious group or faith,Urban
Brazil,Male,18-25,I do not identify with any religious group or faith,Urban
Brazil,Male,56-65,Christianity,Urban
Brazil,Male,18-25,Christianity,Urban
Brazil,Male,56-65,Christianity,Urban
Brazil,Male,65+,Christianity,Urban
Brazil,Female,36-45,Christianity,Urban
Brazil,Female,56-65,Christianity,Urban
Brazil,Female,56-65,,Urban
Brazil,Female,18-25,Christianity,Urban
Brazil,Male,46-55,Christianity,Urban
Brazil,Female,36-45,Christianity,Urban
Brazil,Male,46-55,Christianity,Urban
Brazil,Female,26-35,I do not identify with any religious group or faith,Urban
Brazil,Female,18-25,I do not identify with any religious group or faith,Urban
Brazil,Male,36-45,Christianity,Urban
Brazil,Female,36-45,Other religious group,Urban
Brazil,Male,18-25,Christianity,Urban
Brazil,Female,56-65,Christianity,Urban
Brazil,Male,36-45,I do not identify with any religious group or faith,Urban
Brazil,Female,36-45,I do not identify with any religious group or faith,Urban
Brazil,Male,46-55,Christianity,Urban
Brazil,Female,36-45,Christianity,Urban
Brazil,Female,26-35,I do not identify with any religious group or faith,Urban
Brazil,Male,56-65,Christianity,Urban
Brazil,Male,65+,Christianity,Urban
Brazil,Female,65+,Christianity,Urban
Brazil,Male,26-35,Christianity,Urban
Brazil,Female,18-25,,Urban
Brazil,Female,65+,Christianity,Urban
Brazil,Female,46-55,Christianity,Urban
Brazil,Male,36-45,Christianity,Urban
Brazil,Female,65+,I do not identify with any religious group or faith,Urban
Brazil,Male,65+,Christianity,Urban
Brazil,Male,56-65,Christianity,Urban
Brazil,Female,56-65,Christianity,Urban
Brazil,Female,26-35,I do not identify with any religious group or faith,Urban
Brazil,Male,36-45,Christianity,Urban
Brazil,Female,36-45,Christianity,Urban
Brazil,Female,36-45,I do not identify with any religious group or faith,Urban
Brazil,Male,26-35,I do not identify with any religious group or faith,Urban
Brazil,Male,56-65,Christianity,Urban
Brazil,Female,46-55,Christianity,Urban
Brazil,Male,26-35,Christianity,Urban
Brazil,Female,18-25,I do not identify with any religious group or faith,Urban
Brazil,Male,26-35,Christianity,Urban
Brazil,Male,46-55,I do not identify with any religious group or faith,Urban
Brazil,Female,56-65,Christianity,Urban
Brazil,Female,65+,Christianity,Urban
Brazil,Female,36-45,I do not identify with any religious group or faith,Urban
Brazil,Male,18-25,,Urban
Brazil,Female,18-25,,Urban
Brazil,Female,36-45,I do not identify with any religious group or faith,Urban
Brazil,Female,46-55,I do not identify with any religious group or faith,Urban
Brazil,Male,36-45,Other religious group,Urban
Brazil,Female,65+,I do not identify with any religious group or faith,Urban
Brazil,Male,46-55,Christianity,Urban
Brazil,Female,56-65,Other religious group,Urban
Brazil,Female,56-65,Christianity,Urban
Brazil,Female,26-35,Christianity,Urban
Brazil,Male,56-65,Christianity,Urban
Brazil,Female,65+,Christianity,Urban
Brazil,Female,18-25,Christianity,Urban
Brazil,Female,56-65,Christianity,Urban
Brazil,Male,65+,Christianity,Urban
Brazil,Male,18-25,I do not identify with any religious group or faith,Urban
Brazil,Female,46-55,Christianity,Urban
Brazil,Male,65+,Christianity,Urban
Brazil,Male,36-45,Christianity,Urban
Brazil,Female,18-25,Christianity,Urban
Brazil,Female,36-45,Christianity,Urban
Brazil,Male,46-55,I do not identify with any religious group or faith,Urban
Brazil,Male,18-25,I do not identify with any religious group or faith,Urban
Brazil,Male,18-25,I do not identify with any religious group or faith,Urban
Brazil,Female,26-35,Christianity,Urban
Brazil,Male,26-35,Christianity,Urban
Brazil,Male,26-35,I do not identify with any religious group or faith,Urban
Brazil,Female,26-35,I do not identify with any religious group or faith,Urban
Brazil,Female,18-25,I do not identify with any religious group or faith,Urban
Brazil,Female,65+,Christianity,Urban
Brazil,Female,26-35,Christianity,Urban
Brazil,Male,56-65,Christianity,Urban
Brazil,Male,18-25,I do not identify with any religious group or faith,Urban
Brazil,Male,26-35,I do not identify with any religious group or faith,Urban
Brazil,Female,18-25,I do not identify with any religious group or faith,Urban
Brazil,Female,46-55,Christianity,Urban
Brazil,Male,26-35,Christianity,Urban
Brazil,Female,36-45,Christianity,Urban
Brazil,Female,36-45,Christianity,Urban
Brazil,Male,46-55,Christianity,Urban
Brazil,Female,46-55,Christianity,Urban
Brazil,Male,26-35,Christianity,Urban
Brazil,Male,65+,Christianity,Urban
Brazil,Female,26-35,Christianity,Urban
Brazil,Female,56-65,Christianity,Urban
Brazil,Female,36-45,I do not identify with any religious group or faith,Urban
Brazil,Female,18-25,I do not identify with any religious group or faith,Urban
Brazil,Female,65+,Christianity,Urban
Brazil,Male,36-45,Christianity,Urban
Brazil,Male,56-65,Christianity,Urban
Brazil,Female,18-25,I do not identify with any religious group or faith,Urban
Brazil,Female,26-35,Christianity,Urban
Brazil,Male,26-35,Christianity,Urban
Brazil,Male,46-55,Christianity,Urban
Brazil,Female,46-55,I do not identify with any religious group or faith,Urban
Brazil,Female,65+,Christianity,Urban
Brazil,Male,36-45,Christianity,Urban
Brazil,Male,56-65,Christianity,Urban
Brazil,Female,46-55,Other religious group,Urban
Brazil,Female,26-35,Christianity,Urban
Brazil,Female,36-45,Christianity,Urban
Brazil,Male,26-35,Christianity,Urban
Brazil,Male,26-35,I do not identify with any religious group or faith,Urban
Brazil,Male,18-25,I do not identify with any religious group or faith,Urban
Brazil,Female,56-65,Christianity,Urban
Brazil,Female,26-35,I do not identify with any religious group or faith,Urban
Brazil,Male,46-55,Christianity,Urban
Brazil,Male,65+,Christianity,Urban
Brazil,Male,36-45,Christianity,Urban
Brazil,Female,46-55,Christianity,Urban
Brazil,Male,46-55,Christianity,Urban
Brazil,Female,26-35,I do not identify with any religious group or faith,Urban
Brazil,Male,18-25,Christianity,Urban
Brazil,Female,56-65,Christianity,Urban
Brazil,Female,36-45,I do not identify with any religious group or faith,Urban
Brazil,Male,36-45,Christianity,Urban
Brazil,Male,18-25,Christianity,Urban
Brazil,Female,26-35,I do not identify with any religious group or faith,Urban
Brazil,Male,36-45,I do not identify with any religious group or faith,Urban
Brazil,Female,36-45,Christianity,Urban
Brazil,Male,46-55,Christianity,Urban
Brazil,Female,46-55,Christianity,Urban
Brazil,Female,46-55,I do not identify with any religious group or faith,Urban
Brazil,Male,26-35,Christianity,Urban
Brazil,Female,18-25,Christianity,Urban
Brazil,Female,46-55,I do not identify with any religious group or faith,Urban
Brazil,Female,26-35,Christianity,Urban
Brazil,Female,36-45,I do not identify with any religious group or faith,Urban
Brazil,Female,46-55,Christianity,Urban
Brazil,Male,26-35,Christianity,Urban
Brazil,Male,18-25,I do not identify with any religious group or faith,Urban
Brazil,Female,56-65,I do not identify with any religious group or faith,Urban
Brazil,Male,36-45,Christianity,Urban
Brazil,Female,36-45,Christianity,Urban
Brazil,Male,46-55,Christianity,Urban
Brazil,Male,46-55,I do not identify with any religious group or faith,Urban
Brazil,Female,56-65,Christianity,Urban
Brazil,Male,26-35,Christianity,Urban
Brazil,Female,46-55,Christianity,Urban
Brazil,Male,18-25,I do not identify with any religious group or faith,Urban
Brazil,Female,36-45,Christianity,Urban
Brazil,Male,56-65,Christianity,Urban
Brazil,Female,18-25,Other religious group,Urban
Brazil,Male,56-65,Christianity,Urban
Brazil,Female,36-45,I do not identify with any religious group or faith,Urban
Brazil,Male,36-45,Christianity,Urban
Brazil,Female,65+,Christianity,Urban
Brazil,Male,36-45,Christianity,Urban
Brazil,Female,46-55,Christianity,Urban
Brazil,Male,26-35,Christianity,Urban
Brazil,Female,36-45,Christianity,Urban
Brazil,Female,36-45,Christianity,Urban
Brazil,Female,46-55,Christianity,Urban
Brazil,Female,65+,Christianity,Urban
Brazil,Male,56-65,Christianity,Urban
Brazil,Male,18-25,Christianity,Urban
Brazil,Male,46-55,Christianity,Urban
Brazil,Female,18-25,Christianity,Urban
Brazil,Female,46-55,Christianity,Urban
Brazil,Male,56-65,Christianity,Urban
Brazil,Male,36-45,I do not identify with any religious group or faith,Urban
Brazil,Female,56-65,Christianity,Urban
Brazil,Male,26-35,Christianity,Urban
Brazil,Female,36-45,Christianity,Urban
Brazil,Male,65+,Christianity,Urban
Brazil,Female,26-35,Christianity,Urban
Brazil,Female,18-25,Christianity,Urban
Brazil,Female,65+,Christianity,Urban
Brazil,Male,26-35,Christianity,Urban
Brazil,Male,26-35,Christianity,Urban
Brazil,Female,46-55,Christianity,Urban
Brazil,Male,18-25,Christianity,Urban
Brazil,Male,36-45,Christianity,Urban
Brazil,Female,18-25,Christianity,Urban
Brazil,Male,26-35,Christianity,Urban
Brazil,Male,56-65,Christianity,Urban
Brazil,Male,46-55,Christianity,Urban
Brazil,Male,46-55,Christianity,Urban
Brazil,Male,65+,Christianity,Urban
Brazil,Male,26-35,,Urban
Brazil,Female,46-55,Christianity,Urban
Brazil,Female,18-25,Christianity,Urban
Brazil,Female,56-65,Christianity,Urban
Brazil,Female,36-45,Christianity,Urban
Brazil,Male,56-65,Christianity,Urban
Brazil,Male,56-65,Christianity,Urban
Brazil,Female,65+,Christianity,Urban
Brazil,Female,36-45,Christianity,Urban
Brazil,Male,26-35,I do not identify with any religious group or faith,Urban
Brazil,Female,26-35,I do not identify with any religious group or faith,Urban
Brazil,Male,26-35,Christianity,Urban
Brazil,Female,18-25,Other religious group,Urban
Brazil,Female,56-65,Christianity,Urban
Brazil,Male,56-65,Christianity,Urban
Brazil,Female,65+,,Urban
Brazil,Male,18-25,Christianity,Urban
Brazil,Female,46-55,Christianity,Urban
Brazil,Male,36-45,Christianity,Urban
Brazil,Male,18-25,Christianity,Urban
Brazil,Female,18-25,Christianity,Urban
Brazil,Female,26-35,Christianity,Urban
Brazil,Female,56-65,Christianity,Urban
Brazil,Male,65+,Christianity,Urban
Brazil,Female,18-25,,Urban
Brazil,Male,65+,Christianity,Urban
Brazil,Male,26-35,Christianity,Urban
Brazil,Female,56-65,Christianity,Urban
Brazil,Male,56-65,Christianity,Urban
Brazil,Male,18-25,Christianity,Urban
Brazil,Female,26-35,Christianity,Urban
Brazil,Female,56-65,Christianity,Urban
Brazil,Female,36-45,Christianity,Urban
Brazil,Male,36-45,I do not identify with any religious group or faith,Urban
Brazil,Female,26-35,Christianity,Urban
Brazil,Female,36-45,Christianity,Urban
Brazil,Male,26-35,Christianity,Urban
Brazil,Male,36-45,Christianity,Urban
Brazil,Female,36-45,Christianity,Urban
Brazil,Female,65+,Christianity,Urban
Brazil,Male,18-25,Christianity,Urban
Brazil,Male,65+,Christianity,Urban
Brazil,Female,65+,Christianity,Urban
Brazil,Male,26-35,Christianity,Urban
Brazil,Male,46-55,I do not identify with any religious group or faith,Urban
Brazil,Female,46-55,Christianity,Urban
Brazil,Male,46-55,Christianity,Urban
Brazil,Female,46-55,Christianity,Urban
Brazil,Female,46-55,Christianity,Urban
Brazil,Female,18-25,Christianity,Urban
Brazil,Male,46-55,Christianity,Urban
Brazil,Male,26-35,I do not identify with any religious group or faith,Urban
Brazil,Male,18-25,I do not identify with any religious group or faith,Urban
Brazil,Female,18-25,Christianity,Urban
Brazil,Female,46-55,Christianity,Urban
Brazil,Male,36-45,Christianity,Urban
Brazil,Female,56-65,Christianity,Urban
Brazil,Male,46-55,I do not identify with any religious group or faith,Urban
Brazil,Male,56-65,Christianity,Urban
Brazil,Female,65+,Christianity,Urban
Brazil,Female,65+,Christianity,Urban
Brazil,Female,36-45,Christianity,Urban
Brazil,Male,18-25,,Urban
Brazil,Male,65+,Christianity,Urban
Brazil,Female,26-35,Christianity,Urban
Brazil,Male,65+,Christianity,Urban
Brazil,Female,46-55,I do not identify with any religious group or faith,Urban
Brazil,Female,36-45,Christianity,Urban
Brazil,Male,65+,Christianity,Urban
Brazil,Male,56-65,Christianity,Urban
Brazil,Female,56-65,Christianity,Urban
Brazil,Male,36-45,Christianity,Urban
Brazil,Male,18-25,Christianity,Urban
Brazil,Female,18-25,Christianity,Urban
Brazil,Female,36-45,Christianity,Urban
Brazil,Male,56-65,Christianity,Urban
Brazil,Male,46-55,I do not identify with any religious group or faith,Urban
Brazil,Female,18-25,Christianity,Urban
Brazil,Female,26-35,,Urban
Brazil,Male,26-35,Christianity,Urban
Brazil,Female,36-45,Other religious group,Urban
Brazil,Female,56-65,Christianity,Urban
Brazil,Male,36-45,Christianity,Urban
Brazil,Female,65+,Christianity,Urban
Brazil,Male,46-55,Christianity,Urban
Brazil,Female,65+,Christianity,Urban
Brazil,Male,36-45,,Urban
Brazil,Female,46-55,Christianity,Urban
Brazil,Male,65+,Christianity,Urban
Brazil,Male,36-45,Christianity,Urban
Brazil,Female,26-35,Christianity,Urban
Brazil,Male,18-25,Christianity,Urban
Brazil,Male,18-25,I do not identify with any religious group or faith,Urban
Brazil,Female,18-25,I do not identify with any religious group or faith,Urban
Brazil,Female,56-65,Christianity,Urban
Brazil,Female,46-55,Christianity,Urban
Brazil,Female,36-45,,Urban
Brazil,Male,56-65,Christianity,Urban
Brazil,Male,65+,Christianity,Urban
Brazil,Male,36-45,Christianity,Urban
Brazil,Male,26-35,Christianity,Urban
Brazil,Female,26-35,Christianity,Urban
Brazil,Male,18-25,Christianity,Urban
Brazil,Female,18-25,I do not identify with any religious group or faith,Urban
Brazil,Male,46-55,Other religious group,Urban
Brazil,Female,65+,Christianity,Urban
Brazil,Female,36-45,Christianity,Urban
Brazil,Male,26-35,Christianity,Urban
Brazil,Male,56-65,Christianity,Urban
Brazil,Male,36-45,Christianity,Urban
Brazil,Female,18-25,I do not identify with any religious group or faith,Urban
Brazil,Male,18-25,I do not identify with any religious group or faith,Urban
Brazil,Female,46-55,Christianity,Urban
Brazil,Male,65+,I do not identify with any religious group or faith,Urban
Brazil,Male,26-35,I do not identify with any religious group or faith,Urban
Brazil,Female,36-45,Christianity,Urban
Brazil,Male,46-55,Christianity,Urban
Brazil,Female,36-45,Christianity,Urban
Brazil,Male,36-45,Christianity,Urban
Brazil,Female,18-25,Christianity,Urban
Brazil,Male,18-25,Christianity,Urban
Brazil,Male,26-35,I do not identify with any religious group or faith,Urban
Brazil,Male,56-65,Christianity,Urban
Brazil,Male,36-45,Christianity,Urban
Brazil,Male,56-65,Christianity,Urban
Brazil,Female,26-35,Christianity,Urban
Brazil,Female,18-25,I do not identify with any religious group or faith,Urban
Brazil,Female,46-55,Christianity,Urban
Brazil,Female,56-65,Christianity,Urban
Brazil,Female,65+,Christianity,Urban
Brazil,Female,56-65,Christianity,Urban
Brazil,Female,46-55,Christianity,Urban
Brazil,Male,18-25,Christianity,Urban
Brazil,Male,46-55,I do not identify with any religious group or faith,Urban
Brazil,Male,18-25,Christianity,Urban
Brazil,Female,26-35,I do not identify with any religious group or faith,Urban
Brazil,Female,18-25,Christianity,Rural
Brazil,Female,46-55,Christianity,Rural
Brazil,Male,36-45,I do not identify with any religious group or faith,Rural
Brazil,Female,36-45,Christianity,Rural
Brazil,Female,56-65,Christianity,Rural
Brazil,Female,26-35,Christianity,Rural
Brazil,Male,26-35,Christianity,Rural
Brazil,Female,36-45,Other religious group,Rural
Brazil,Female,65+,Christianity,Rural
Brazil,Female,26-35,Christianity,Rural
Brazil,Male,65+,Christianity,Rural
Brazil,Male,56-65,Christianity,Rural
Brazil,Male,65+,Other religious group,Rural
Brazil,Male,46-55,Christianity,Rural
Brazil,Female,36-45,Christianity,Urban
Brazil,Female,36-45,Christianity,Urban
Brazil,Female,36-45,Christianity,Urban
Brazil,Female,56-65,Christianity,Urban
Brazil,Male,26-35,I do not identify with any religious group or faith,Urban
Brazil,Male,65+,I do not identify with any religious group or faith,Urban
Brazil,Male,26-35,Christianity,Urban
Brazil,Female,46-55,Christianity,Urban
Brazil,Female,18-25,Christianity,Urban
Brazil,Male,46-55,Christianity,Urban
Brazil,Male,18-25,,Urban
Brazil,Female,46-55,Christianity,Urban
Brazil,Male,26-35,Other religious group,Urban
Brazil,Male,46-55,Christianity,Urban
Brazil,Male,18-25,Christianity,Urban
Brazil,Female,26-35,,Urban
Brazil,Male,18-25,I do not identify with any religious group or faith,Urban
Brazil,Female,65+,Christianity,Urban
Brazil,Female,65+,Christianity,Urban
Brazil,Female,56-65,I do not identify with any religious group or faith,Urban
Brazil,Male,65+,Christianity,Urban
Brazil,Female,18-25,I do not identify with any religious group or faith,Urban
Brazil,Female,65+,Christianity,Urban
Brazil,Female,46-55,Christianity,Urban
Brazil,Male,56-65,Christianity,Urban
Brazil,Male,18-25,Christianity,Urban
Brazil,Male,26-35,Christianity,Urban
Brazil,Male,46-55,Christianity,Urban
Brazil,Male,65+,Christianity,Urban
Brazil,Female,36-45,I do not identify with any religious group or faith,Urban
Brazil,Female,18-25,I do not identify with any religious group or faith,Urban
Brazil,Male,36-45,,Urban
Brazil,Female,18-25,I do not identify with any religious group or faith,Urban
Brazil,Male,18-25,Other religious group,Urban
Brazil,Male,65+,Christianity,Urban
Brazil,Female,46-55,Christianity,Urban
Brazil,Female,36-45,Christianity,Urban
Brazil,Female,26-35,I do not identify with any religious group or faith,Urban
Brazil,Male,56-65,Other religious group,Urban
Brazil,Female,46-55,Christianity,Urban
Brazil,Male,65+,Christianity,Urban
Brazil,Male,36-45,Christianity,Urban
Brazil,Female,36-45,Christianity,Rural
Brazil,Male,46-55,Christianity,Rural
Brazil,Female,18-25,Christianity,Rural
Brazil,Female,56-65,Christianity,Rural
Brazil,Male,36-45,Christianity,Rural
Brazil,Female,36-45,Christianity,Rural
Brazil,Male,26-35,Christianity,Rural
Brazil,Male,56-65,Christianity,Rural
Brazil,Female,56-65,Christianity,Rural
Brazil,Male,18-25,I do not identify with any religious group or faith,Rural
Brazil,Male,56-65,Christianity,Rural
Brazil,Male,46-55,Christianity,Rural
Brazil,Female,56-65,Christianity,Rural
Brazil,Female,26-35,Christianity,Rural
Brazil,Female,36-45,Other religious group,Urban
Brazil,Female,46-55,Christianity,Urban
Brazil,Male,36-45,I do not identify with any religious group or faith,Urban
Brazil,Female,18-25,I do not identify with any religious group or faith,Urban
Brazil,Male,36-45,I do not identify with any religious group or faith,Urban
Brazil,Female,18-25,I do not identify with any religious group or faith,Urban
Brazil,Male,36-45,Christianity,Urban
Brazil,Male,18-25,I do not identify with any religious group or faith,Urban
Brazil,Male,46-55,Christianity,Urban
Brazil,Male,36-45,Other religious group,Urban
Brazil,Female,18-25,Christianity,Urban
Brazil,Female,36-45,Christianity,Urban
Brazil,Female,36-45,Christianity,Urban
Brazil,Female,36-45,Christianity,Urban
Brazil,Female,65+,Christianity,Urban
Brazil,Male,46-55,Other religious group,Urban
Brazil,Female,26-35,Christianity,Urban
Brazil,Male,18-25,Christianity,Urban
Brazil,Male,46-55,Christianity,Urban
Brazil,Male,36-45,I do not identify with any religious group or faith,Urban
Brazil,Female,36-45,Christianity,Urban
Brazil,Female,56-65,I do not identify with any religious group or faith,Urban
Brazil,Male,36-45,Christianity,Urban
Brazil,Male,46-55,Christianity,Urban
Brazil,Female,36-45,Christianity,Urban
Brazil,Male,26-35,Christianity,Urban
Brazil,Female,46-55,Christianity,Urban
Brazil,Female,46-55,Christianity,Urban
Brazil,Male,18-25,I do not identify with any religious group or faith,Urban
Brazil,Female,36-45,I do not identify with any religious group or faith,Urban
Brazil,Female,56-65,I do not identify with any religious group or faith,Urban
Brazil,Male,46-55,I do not identify with any religious group or faith,Urban
Brazil,Female,26-35,Christianity,Urban
Brazil,Male,65+,Christianity,Urban
Brazil,Female,56-65,Christianity,Urban
Brazil,Female,18-25,I do not identify with any religious group or faith,Urban
Brazil,Male,46-55,Christianity,Urban
Brazil,Male,18-25,Christianity,Urban
Brazil,Female,56-65,I do not identify with any religious group or faith,Urban
Brazil,Male,56-65,Christianity,Urban
Brazil,Male,46-55,Christianity,Urban
Brazil,Male,36-45,I do not identify with any religious group or faith,Urban
Brazil,Male,46-55,Christianity,Urban
Brazil,Female,26-35,Christianity,Urban
Brazil,Female,36-45,Christianity,Urban
Brazil,Female,65+,Christianity,Urban
Brazil,Male,26-35,I do not identify with any religious group or faith,Urban
Brazil,Male,36-45,Christianity,Urban
Brazil,Male,26-35,I do not identify with any religious group or faith,Urban
Brazil,Male,18-25,Christianity,Urban
Brazil,Male,36-45,I do not identify with any religious group or faith,Urban
Brazil,Male,65+,Christianity,Urban
Brazil,Female,46-55,Christianity,Urban
Brazil,Female,18-25,I do not identify with any religious group or faith,Urban
Brazil,Female,46-55,Christianity,Urban
Brazil,Female,56-65,Christianity,Urban
Brazil,Female,36-45,Christianity,Urban
Brazil,Female,18-25,Christianity,Urban
Brazil,Male,36-45,Christianity,Urban
Brazil,Female,46-55,Christianity,Urban
Brazil,Male,18-25,I do not identify with any religious group or faith,Urban
Brazil,Male,56-65,Christianity,Urban
Brazil,Female,18-25,I do not identify with any religious group or faith,Urban
Brazil,Female,36-45,Christianity,Urban
Brazil,Female,26-35,I do not identify with any religious group or faith,Urban
Brazil,Male,26-35,Christianity,Urban
Brazil,Female,65+,Christianity,Urban
Brazil,Female,56-65,Christianity,Urban
Brazil,Male,26-35,I do not identify with any religious group or faith,Urban
Brazil,Male,36-45,I do not identify with any religious group or faith,Urban
Brazil,Male,56-65,Christianity,Urban
Brazil,Male,18-25,Christianity,Urban
Brazil,Female,18-25,Christianity,Urban
Brazil,Female,46-55,Christianity,Urban
Brazil,Male,36-45,Christianity,Urban
Brazil,Female,26-35,Christianity,Urban
Brazil,Female,36-45,Christianity,Urban
Brazil,Male,26-35,Christianity,Urban
Brazil,Female,18-25,I do not identify with any religious group or faith,Urban
Brazil,Female,26-35,Christianity,Urban
Brazil,Male,26-35,Christianity,Urban
Brazil,Male,56-65,Judaism,Urban
Brazil,Female,65+,Christianity,Urban
Brazil,Female,36-45,Christianity,Urban
Brazil,Female,26-35,Christianity,Urban
Brazil,Female,56-65,Christianity,Urban
Brazil,Female,26-35,Christianity,Urban
Brazil,Male,65+,Christianity,Urban
Brazil,Male,36-45,Christianity,Urban
Brazil,Female,26-35,I do not identify with any religious group or faith,Urban
Brazil,Male,18-25,I do not identify with any religious group or faith,Urban
Brazil,Female,18-25,Christianity,Urban
Brazil,Male,65+,Christianity,Urban
Brazil,Female,36-45,Christianity,Urban
Brazil,Male,56-65,Christianity,Urban
Brazil,Male,46-55,Christianity,Urban
Brazil,Female,65+,I do not identify with any religious group or faith,Urban
Brazil,Female,65+,Christianity,Urban
Brazil,Female,46-55,Christianity,Urban
Brazil,Female,18-25,I do not identify with any religious group or faith,Urban
Brazil,Male,18-25,Christianity,Urban
Brazil,Female,56-65,Christianity,Urban
Brazil,Male,18-25,Christianity,Urban
Brazil,Male,46-55,Christianity,Urban
Brazil,Male,26-35,I do not identify with any religious group or faith,Urban
Brazil,Female,26-35,Christianity,Urban
Brazil,Female,18-25,I do not identify with any religious group or faith,Urban
Brazil,Female,46-55,Christianity,Urban
Brazil,Male,36-45,Christianity,Urban
Brazil,Male,26-35,Christianity,Urban
Brazil,Female,26-35,Christianity,Urban
Brazil,Male,36-45,Christianity,Urban
Brazil,Male,18-25,Christianity,Urban
Brazil,Female,46-55,Christianity,Urban
Brazil,Male,46-55,Christianity,Urban
Brazil,Female,36-45,Christianity,Urban
Brazil,Male,65+,Christianity,Urban
Brazil,Male,36-45,Christianity,Urban
Brazil,Female,36-45,Christianity,Urban
Brazil,Female,46-55,Christianity,Urban
Brazil,Female,46-55,Christianity,Urban
Brazil,Male,46-55,Christianity,Urban
Brazil,Male,18-25,Christianity,Urban
Brazil,Male,46-55,Christianity,Urban
Brazil,Male,26-35,Christianity,Urban
Brazil,Female,18-25,Christianity,Urban
Brazil,Female,26-35,Christianity,Urban
Brazil,Female,46-55,Christianity,Urban
Brazil,Female,36-45,Christianity,Urban
Brazil,Female,65+,I do not identify with any religious group or faith,Urban
Brazil,Male,56-65,Christianity,Urban
Brazil,Male,26-35,I do not identify with any religious group or faith,Urban
Brazil,Male,18-25,Christianity,Urban
Brazil,Female,26-35,Judaism,Urban
Brazil,Female,18-25,Christianity,Urban
Brazil,Female,56-65,Christianity,Urban
Brazil,Female,56-65,I do not identify with any religious group or faith,Urban
Brazil,Male,65+,Christianity,Urban
Brazil,Male,26-35,Christianity,Urban
Brazil,Male,36-45,Christianity,Urban
Brazil,Female,26-35,Christianity,Urban
Brazil,Female,36-45,Christianity,Urban
Brazil,Male,18-25,I do not identify with any religious group or faith,Urban
Brazil,Male,26-35,Christianity,Urban
Brazil,Female,18-25,Christianity,Urban
Brazil,Male,36-45,I do not identify with any religious group or faith,Urban
Brazil,Female,46-55,Christianity,Urban
Brazil,Female,65+,Christianity,Urban
Brazil,Male,36-45,Christianity,Urban
Brazil,Male,65+,Christianity,Urban
Brazil,Male,36-45,I do not identify with any religious group or faith,Urban
Brazil,Male,46-55,Judaism,Urban
Brazil,Male,65+,I do not identify with any religious group or faith,Urban
Brazil,Female,46-55,Christianity,Urban
Brazil,Female,18-25,Christianity,Urban
Brazil,Male,56-65,Christianity,Urban
Brazil,Female,18-25,Other religious group,Urban
Brazil,Male,18-25,I do not identify with any religious group or faith,Urban
Brazil,Male,36-45,Christianity,Urban
Brazil,Female,56-65,Christianity,Urban
Brazil,Male,18-25,Christianity,Urban
Brazil,Male,36-45,Christianity,Urban
Brazil,Male,26-35,I do not identify with any religious group or faith,Urban
Brazil,Female,26-35,Christianity,Urban
Brazil,Female,26-35,Christianity,Urban
Brazil,Male,46-55,I do not identify with any religious group or faith,Urban
Brazil,Female,26-35,I do not identify with any religious group or faith,Urban
Brazil,Female,26-35,Christianity,Urban
Colombia,Female,65+,Christianity,Urban
Colombia,Male,18-25,Christianity,Urban
Colombia,Male,36-45,Christianity,Urban
Colombia,Male,56-65,Christianity,Urban
Colombia,Male,26-35,I do not identify with any religious group or faith,Urban
Colombia,Female,56-65,Christianity,Urban
Colombia,Female,46-55,Christianity,Urban
Colombia,Male,56-65,Christianity,Urban
Colombia,Female,56-65,Christianity,Urban
Colombia,Male,65+,Christianity,Urban
Colombia,Female,26-35,I do not identify with any religious group or faith,Urban
Colombia,Male,36-45,Christianity,Urban
Colombia,Female,26-35,Christianity,Urban
Colombia,Female,36-45,Christianity,Urban
Colombia,Female,26-35,Christianity,Urban
Colombia,Female,36-45,Christianity,Urban
Colombia,Female,26-35,Christianity,Urban
Colombia,Female,36-45,Christianity,Urban
Colombia,Male,56-65,Christianity,Urban
Colombia,Male,56-65,Christianity,Urban
Colombia,Female,65+,Christianity,Urban
Colombia,Male,56-65,Christianity,Urban
Colombia,Female,36-45,Christianity,Urban
Colombia,Male,65+,Christianity,Urban
Colombia,Male,18-25,Christianity,Urban
Colombia,Female,18-25,Christianity,Urban
Colombia,Male,26-35,I do not identify with any religious group or faith,Urban
Colombia,Male,46-55,Christianity,Urban
Colombia,Male,18-25,I do not identify with any religious group or faith,Urban
Colombia,Male,65+,Christianity,Urban
Colombia,Male,36-45,Christianity,Urban
Colombia,Female,26-35,Christianity,Urban
Colombia,Female,26-35,Christianity,Urban
Colombia,Male,56-65,I do not identify with any religious group or faith,Urban
Colombia,Male,36-45,Christianity,Urban
Colombia,Female,26-35,Christianity,Urban
Colombia,Female,18-25,I do not identify with any religious group or faith,Urban
Colombia,Female,65+,Christianity,Urban
Colombia,Male,56-65,Christianity,Urban
Colombia,Female,26-35,Christianity,Urban
Colombia,Female,26-35,I do not identify with any religious group or faith,Urban
Colombia,Female,36-45,Christianity,Urban
Colombia,Female,65+,Christianity,Urban
Colombia,Female,36-45,Christianity,Urban
Colombia,Female,65+,Christianity,Urban
Colombia,Male,18-25,Christianity,Urban
Colombia,Male,56-65,Christianity,Urban
Colombia,Male,56-65,Christianity,Urban
Colombia,Female,65+,Christianity,Urban
Colombia,Male,18-25,I do not identify with any religious group or faith,Urban
Colombia,Male,46-55,Christianity,Urban
Colombia,Female,18-25,I do not identify with any religious group or faith,Urban
Colombia,Female,18-25,Christianity,Urban
Colombia,Male,56-65,Christianity,Urban
Colombia,Female,18-25,Christianity,Urban
Colombia,Male,36-45,Christianity,Urban
Colombia,Male,36-45,I do not identify with any religious group or faith,Urban
Colombia,Female,65+,Christianity,Urban
Colombia,Male,46-55,Christianity,Urban
Colombia,Female,56-65,Christianity,Urban
Colombia,Male,46-55,Christianity,Urban
Colombia,Female,36-45,Christianity,Urban
Colombia,Female,56-65,Christianity,Urban
Colombia,Male,56-65,Christianity,Urban
Colombia,Female,26-35,Christianity,Urban
Colombia,Female,46-55,I do not identify with any religious group or faith,Urban
Colombia,Male,18-25,Christianity,Urban
Colombia,Female,56-65,Christianity,Urban
Colombia,Male,18-25,I do not identify with any religious group or faith,Urban
Colombia,Female,26-35,Christianity,Urban
Colombia,Female,26-35,I do not identify with any religious group or faith,Urban
Colombia,Male,36-45,Christianity,Urban
Colombia,Male,18-25,Christianity,Urban
Colombia,Male,36-45,Christianity,Urban
Colombia,Female,18-25,Christianity,Urban
Colombia,Female,36-45,I do not identify with any religious group or faith,Urban
Colombia,Male,26-35,Christianity,Urban
Colombia,Male,18-25,I do not identify with any religious group or faith,Urban
Colombia,Male,36-45,Christianity,Urban
Colombia,Female,26-35,Christianity,Urban
Colombia,Female,26-35,I do not identify with any religious group or faith,Urban
Colombia,Male,36-45,Christianity,Urban
Colombia,Male,18-25,I do not identify with any religious group or faith,Urban
Colombia,Female,56-65,Christianity,Urban
Colombia,Male,56-65,Christianity,Urban
Colombia,Male,26-35,Christianity,Urban
Colombia,Female,56-65,Christianity,Urban
Colombia,Female,36-45,Christianity,Urban
Colombia,Female,26-35,Christianity,Urban
Colombia,Female,36-45,Christianity,Urban
Colombia,Female,36-45,Christianity,Urban
Colombia,Male,36-45,Christianity,Urban
Colombia,Male,56-65,Christianity,Urban
Colombia,Male,18-25,I do not identify with any religious group or faith,Urban
Colombia,Female,36-45,Christianity,Urban
Colombia,Female,18-25,Christianity,Urban
Colombia,Female,26-35,Christianity,Urban
Colombia,Female,36-45,Christianity,Urban
Colombia,Female,65+,Christianity,Urban
Colombia,Male,26-35,Christianity,Urban
Colombia,Male,46-55,Christianity,Urban
Colombia,Male,26-35,Christianity,Urban
Colombia,Male,36-45,Christianity,Urban
Colombia,Male,46-55,Christianity,Urban
Colombia,Male,56-65,Christianity,Urban
Colombia,Female,36-45,Christianity,Urban
Colombia,Female,56-65,Christianity,Urban
Colombia,Male,65+,Christianity,Urban
Colombia,Female,56-65,I do not identify with any religious group or faith,Urban
Colombia,Male,36-45,Christianity,Urban
Colombia,Male,26-35,Christianity,Urban
Colombia,Male,18-25,Christianity,Urban
Colombia,Female,26-35,Christianity,Urban
Colombia,Male,26-35,I do not identify with any religious group or faith,Urban
Colombia,Male,36-45,Christianity,Urban
Colombia,Female,56-65,Christianity,Urban
Colombia,Male,65+,Christianity,Urban
Colombia,Female,46-55,,Urban
Colombia,Female,56-65,Christianity,Urban
Colombia,Female,18-25,Christianity,Urban
Colombia,Male,46-55,Christianity,Urban
Colombia,Female,56-65,Christianity,Urban
Colombia,Male,18-25,Christianity,Urban
Colombia,Female,46-55,I do not identify with any religious group or faith,Urban
Colombia,Female,46-55,Christianity,Urban
Colombia,Female,56-65,Christianity,Urban
Colombia,Female,26-35,,Urban
Colombia,Male,46-55,Christianity,Urban
Colombia,Female,65+,Christianity,Urban
Colombia,Female,18-25,I do not identify with any religious group or faith,Urban
Colombia,Female,26-35,I do not identify with any religious group or faith,Urban
Colombia,Male,36-45,Christianity,Urban
Colombia,Male,36-45,I do not identify with any religious group or faith,Urban
Colombia,Female,65+,Christianity,Urban
Colombia,Male,65+,Christianity,Urban
Colombia,Female,65+,Christianity,Rural
Colombia,Male,36-45,Christianity,Rural
Colombia,Female,26-35,,Rural
Colombia,Female,56-65,Christianity,Rural
Colombia,Male,36-45,,Rural
Colombia,Male,18-25,I do not identify with any religious group or faith,Rural
Colombia,Male,36-45,Christianity,Rural
Colombia,Female,46-55,Christianity,Rural
Colombia,Female,18-25,I do not identify with any religious group or faith,Rural
Colombia,Male,36-45,Christianity,Rural
Colombia,Male,56-65,Christianity,Rural
Colombia,Female,36-45,Christianity,Rural
Colombia,Male,56-65,Christianity,Urban
Colombia,Male,26-35,Christianity,Urban
Colombia,Male,18-25,I do not identify with any religious group or faith,Urban
Colombia,Female,65+,Christianity,Urban
Colombia,Female,26-35,I do not identify with any religious group or faith,Urban
Colombia,Male,36-45,Christianity,Urban
Colombia,Male,65+,Christianity,Urban
Colombia,Male,56-65,,Urban
Colombia,Male,56-65,Christianity,Urban
Colombia,Female,36-45,Christianity,Urban
Colombia,Female,26-35,I do not identify with any religious group or faith,Urban
Colombia,Male,26-35,I do not identify with any religious group or faith,Urban
Colombia,Female,56-65,I do not identify with any religious group or faith,Urban
Colombia,Male,36-45,Christianity,Urban
Colombia,Female,18-25,,Urban
Colombia,Female,26-35,,Urban
Colombia,Male,18-25,I do not identify with any religious group or faith,Urban
Colombia,Female,18-25,I do not identify with any religious group or faith,Urban
Colombia,Male,65+,Christianity,Urban
Colombia,Male,26-35,Christianity,Urban
Colombia,Female,46-55,I do not identify with any religious group or faith,Urban
Colombia,Male,56-65,Christianity,Urban
Colombia,Female,56-65,I do not identify with any religious group or faith,Urban
Colombia,Female,36-45,Christianity,Urban
Colombia,Female,65+,Christianity,Urban
Colombia,Female,56-65,Christianity,Urban
Colombia,Female,46-55,Christianity,Urban
Colombia,Male,36-45,Christianity,Urban
Colombia,Female,18-25,Christianity,Urban
Colombia,Male,18-25,,Urban
Colombia,Male,65+,Christianity,Urban
Colombia,Male,56-65,Christianity,Urban
Colombia,Male,18-25,I do not identify with any religious group or faith,Urban
Colombia,Female,26-35,I do not identify with any religious group or faith,Urban
Colombia,Male,65+,Christianity,Urban
Colombia,Female,65+,Christianity,Urban
Colombia,Female,56-65,Christianity,Urban
Colombia,Female,36-45,I do not identify with any religious group or faith,Urban
Colombia,Female,56-65,Christianity,Urban
Colombia,Male,26-35,I do not identify with any religious group or faith,Urban
Colombia,Female,36-45,Christianity,Urban
Colombia,Female,18-25,,Urban
Colombia,Male,18-25,Christianity,Urban
Colombia,Male,26-35,I do not identify with any religious group or faith,Urban
Colombia,Female,56-65,I do not identify with any religious group or faith,Urban
Colombia,Female,56-65,I do not identify with any religious group or faith,Urban
Colombia,Male,46-55,Christianity,Urban
Colombia,Female,56-65,I do not identify with any religious group or faith,Urban
Colombia,Female,36-45,Christianity,Urban
Colombia,Female,36-45,Christianity,Urban
Colombia,Male,46-55,,Urban
Colombia,Male,18-25,Christianity,Urban
Colombia,Female,46-55,Christianity,Urban
Colombia,Male,46-55,Christianity,Urban
Colombia,Female,26-35,Christianity,Urban
Colombia,Female,46-55,Christianity,Urban
Colombia,Male,56-65,Christianity,Urban
Colombia,Male,65+,Christianity,Urban
Colombia,Female,36-45,I do not identify with any religious group or faith,Urban
Colombia,Male,56-65,I do not identify with any religious group or faith,Urban
Colombia,Male,26-35,Christianity,Urban
Colombia,Female,46-55,Christianity,Urban
Colombia,Female,36-45,Christianity,Urban
Colombia,Female,56-65,I do not identify with any religious group or faith,Urban
Colombia,Male,46-55,Christianity,Urban
Colombia,Female,18-25,Christianity,Urban
Colombia,Male,26-35,Christianity,Urban
Colombia,Male,46-55,Christianity,Urban
Colombia,Female,18-25,Christianity,Urban
Colombia,Female,36-45,Christianity,Urban
Colombia,Male,56-65,Christianity,Urban
Colombia,Female,26-35,I do not identify with any religious group or faith,Urban
Colombia,Male,56-65,Christianity,Urban
Colombia,Female,36-45,I do not identify with any religious group or faith,Urban
Colombia,Male,36-45,Christianity,Urban
Colombia,Male,65+,Christianity,Urban
Colombia,Female,56-65,Christianity,Urban
Colombia,Male,26-35,Christianity,Urban
Colombia,Female,36-45,Christianity,Urban
Colombia,Female,56-65,Christianity,Urban
Colombia,Male,36-45,Christianity,Urban
Colombia,Female,18-25,Christianity,Urban
Colombia,Male,26-35,I do not identify with any religious group or faith,Urban
Colombia,Female,46-55,Christianity,Urban
Colombia,Female,26-35,I do not identify with any religious group or faith,Urban
Colombia,Male,18-25,Christianity,Urban
Colombia,Female,56-65,Christianity,Urban
Colombia,Female,46-55,Christianity,Urban
Colombia,Female,46-55,Christianity,Urban
Colombia,Male,18-25,I do not identify with any religious group or faith,Urban
Colombia,Male,26-35,Christianity,Urban
Colombia,Male,36-45,Christianity,Urban
Colombia,Female,18-25,Christianity,Urban
Colombia,Male,36-45,Christianity,Urban
Colombia,Male,18-25,I do not identify with any religious group or faith,Urban
Colombia,Male,36-45,Christianity,Urban
Colombia,Female,18-25,Christianity,Urban
Colombia,Male,46-55,Christianity,Urban
Colombia,Male,36-45,Christianity,Urban
Colombia,Male,18-25,I do not identify with any religious group or faith,Urban
Colombia,Female,46-55,Christianity,Urban
Colombia,Female,46-55,Christianity,Urban
Colombia,Female,36-45,Christianity,Urban
Colombia,Female,18-25,Christianity,Urban
Colombia,Male,18-25,I do not identify with any religious group or faith,Urban
Colombia,Female,26-35,I do not identify with any religious group or faith,Urban
Colombia,Female,26-35,Christianity,Urban
Colombia,Male,46-55,Christianity,Urban
Colombia,Male,36-45,Christianity,Urban
Colombia,Female,56-65,Christianity,Urban
Colombia,Female,56-65,Christianity,Urban
Colombia,Male,46-55,Christianity,Urban
Colombia,Male,56-65,I do not identify with any religious group or faith,Urban
Colombia,Female,65+,Christianity,Urban
Colombia,Male,26-35,I do not identify with any religious group or faith,Urban
Colombia,Female,36-45,Christianity,Urban
Colombia,Female,56-65,Christianity,Urban
Colombia,Male,46-55,Christianity,Urban
Colombia,Male,26-35,Christianity,Urban
Colombia,Male,18-25,,Urban
Colombia,Female,56-65,Christianity,Urban
Colombia,Female,36-45,Christianity,Urban
Colombia,Female,36-45,Christianity,Urban
Colombia,Female,26-35,I do not identify with any religious group or faith,Urban
Colombia,Female,18-25,Christianity,Urban
Colombia,Female,26-35,Christianity,Urban
Colombia,Male,26-35,I do not identify with any religious group or faith,Urban
Colombia,Female,56-65,Christianity,Urban
Colombia,Male,26-35,Christianity,Urban
Colombia,Female,65+,Christianity,Urban
Colombia,Male,18-25,I do not identify with any religious group or faith,Urban
Colombia,Male,26-35,,Urban
Colombia,Female,36-45,I do not identify with any religious group or faith,Urban
Colombia,Male,56-65,Christianity,Urban
Colombia,Male,46-55,Christianity,Urban
Colombia,Female,46-55,Christianity,Urban
Colombia,Female,18-25,I do not identify with any religious group or faith,Urban
Colombia,Male,56-65,I do not identify with any religious group or faith,Urban
Colombia,Female,36-45,Christianity,Urban
Colombia,Male,18-25,Christianity,Urban
Colombia,Male,36-45,Christianity,Urban
Colombia,Male,26-35,Christianity,Urban
Colombia,Female,18-25,Christianity,Urban
Colombia,Male,36-45,Christianity,Urban
Colombia,Male,65+,Christianity,Urban
Colombia,Male,46-55,Christianity,Urban
Colombia,Male,46-55,I do not identify with any religious group or faith,Urban
Colombia,Female,26-35,I do not identify with any religious group or faith,Urban
Colombia,Female,26-35,Christianity,Urban
Colombia,Male,18-25,I do not identify with any religious group or faith,Urban
Colombia,Female,56-65,I do not identify with any religious group or faith,Urban
Colombia,Female,36-45,Christianity,Urban
Colombia,Female,36-45,Christianity,Urban
Colombia,Male,56-65,Christianity,Urban
Colombia,Male,36-45,I do not identify with any religious group or faith,Urban
Colombia,Female,36-45,I do not identify with any religious group or faith,Urban
Colombia,Male,65+,Christianity,Urban
Colombia,Female,36-45,Christianity,Urban
Colombia,Female,18-25,I do not identify with any religious group or faith,Urban
Colombia,Male,36-45,Christianity,Urban
Colombia,Male,36-45,Christianity,Urban
Colombia,Male,36-45,Christianity,Urban
Colombia,Male,26-35,Christianity,Urban
Colombia,Male,46-55,I do not identify with any religious group or faith,Urban
Colombia,Female,18-25,Christianity,Urban
Colombia,Male,26-35,Christianity,Urban
Colombia,Female,26-35,Christianity,Urban
Colombia,Male,26-35,Christianity,Urban
Colombia,Female,56-65,Christianity,Urban
Colombia,Female,56-65,Christianity,Urban
Colombia,Male,46-55,Christianity,Urban
Colombia,Female,36-45,Christianity,Urban
Colombia,Female,18-25,Christianity,Urban
Colombia,Male,36-45,Christianity,Urban
Colombia,Male,18-25,Christianity,Urban
Colombia,Female,56-65,I do not identify with any religious group or faith,Urban
Colombia,Female,65+,Christianity,Urban
Colombia,Male,46-55,Christianity,Urban
Colombia,Male,56-65,Christianity,Urban
Colombia,Female,18-25,Christianity,Urban
Colombia,Female,26-35,Christianity,Urban
Colombia,Female,46-55,Christianity,Urban
Colombia,Male,18-25,Christianity,Urban
Colombia,Male,36-45,Christianity,Urban
Colombia,Female,56-65,Christianity,Urban
Colombia,Female,36-45,Christianity,Urban
Colombia,Female,36-45,Christianity,Urban
Colombia,Female,36-45,Christianity,Urban
Colombia,Female,36-45,I do not identify with any religious group or faith,Urban
Colombia,Male,56-65,Christianity,Urban
Colombia,Male,36-45,Christianity,Urban
Colombia,Female,56-65,Christianity,Urban
Colombia,Male,18-25,Christianity,Urban
Colombia,Female,36-45,Christianity,Urban
Colombia,Male,36-45,I do not identify with any religious group or faith,Urban
Colombia,Male,18-25,Christianity,Urban
Colombia,Female,65+,Christianity,Urban
Colombia,Male,46-55,Christianity,Urban
Colombia,Female,26-35,Christianity,Urban
Colombia,Female,18-25,I do not identify with any religious group or faith,Urban
Colombia,Female,26-35,Christianity,Urban
Colombia,Female,26-35,I do not identify with any religious group or faith,Urban
Colombia,Male,36-45,Christianity,Urban
Colombia,Male,46-55,Christianity,Urban
Colombia,Female,36-45,Christianity,Urban
Colombia,Male,65+,Christianity,Urban
Colombia,Male,46-55,Christianity,Urban
Colombia,Male,26-35,I do not identify with any religious group or faith,Urban
Colombia,Male,56-65,Christianity,Urban
Colombia,Female,56-65,Christianity,Urban
Colombia,Male,18-25,Christianity,Urban
Colombia,Female,26-35,Christianity,Urban
Colombia,Female,18-25,I do not identify with any religious group or faith,Urban
Colombia,Female,26-35,Christianity,Urban
Colombia,Male,65+,Christianity,Urban
Colombia,Female,26-35,Christianity,Urban
Colombia,Male,46-55,Christianity,Urban
Colombia,Female,46-55,Christianity,Urban
Colombia,Female,18-25,Christianity,Urban
Colombia,Male,46-55,Christianity,Urban
Colombia,Female,18-25,,Urban
Colombia,Female,46-55,Christianity,Urban
Colombia,Female,26-35,Christianity,Urban
Colombia,Male,46-55,Christianity,Urban
Colombia,Male,18-25,Christianity,Urban
Colombia,Male,46-55,Christianity,Urban
Colombia,Male,56-65,Christianity,Urban
Colombia,Female,18-25,Christianity,Urban
Colombia,Female,36-45,Christianity,Urban
Colombia,Female,18-25,Christianity,Urban
Colombia,Male,46-55,Christianity,Urban
Colombia,Female,26-35,Christianity,Urban
Colombia,Male,56-65,Christianity,Urban
Colombia,Female,36-45,Christianity,Urban
Colombia,Male,46-55,Christianity,Urban
Colombia,Male,26-35,Christianity,Urban
Colombia,Male,18-25,Christianity,Urban
Colombia,Female,18-25,Christianity,Urban
Colombia,Female,26-35,Christianity,Urban
Colombia,Female,56-65,Christianity,Urban
Colombia,Female,26-35,Christianity,Urban
Colombia,Male,46-55,Christianity,Urban
Colombia,Female,46-55,Christianity,Urban
Colombia,Male,46-55,Christianity,Urban
Colombia,Male,26-35,I do not identify with any religious group or faith,Urban
Colombia,Female,46-55,Christianity,Urban
Colombia,Male,18-25,I do not identify with any religious group or faith,Urban
Colombia,Female,36-45,Christianity,Urban
Colombia,Male,46-55,Christianity,Urban
Colombia,Female,46-55,Christianity,Urban
Colombia,Male,26-35,I do not identify with any religious group or faith,Urban
Colombia,Female,46-55,Christianity,Urban
Colombia,Male,18-25,Christianity,Urban
Colombia,Female,18-25,Christianity,Urban
Colombia,Female,26-35,Christianity,Urban
Colombia,Female,36-45,Christianity,Urban
Colombia,Male,18-25,Christianity,Urban
Colombia,Male,36-45,I do not identify with any religious group or faith,Urban
Colombia,Female,56-65,,Urban
Colombia,Male,26-35,Christianity,Urban
Colombia,Female,26-35,I do not identify with any religious group or faith,Urban
Colombia,Male,36-45,Christianity,Urban
Colombia,Female,18-25,Christianity,Urban
Colombia,Male,46-55,Christianity,Urban
Colombia,Female,26-35,,Urban
Colombia,Female,65+,Christianity,Urban
Colombia,Male,18-25,Christianity,Urban
Colombia,Female,18-25,Christianity,Urban
Colombia,Female,56-65,Christianity,Urban
Colombia,Male,26-35,I do not identify with any religious group or faith,Urban
Colombia,Male,18-25,I do not identify with any religious group or faith,Urban
Colombia,Female,26-35,Christianity,Urban
Colombia,Male,56-65,Judaism,Urban
Colombia,Male,36-45,Christianity,Urban
Colombia,Female,36-45,Christianity,Urban
Colombia,Male,18-25,I do not identify with any religious group or faith,Urban
Colombia,Female,46-55,Christianity,Urban
Colombia,Female,36-45,Christianity,Urban
Colombia,Male,56-65,Christianity,Urban
Colombia,Female,56-65,Christianity,Urban
Colombia,Male,46-55,Christianity,Urban
Colombia,Male,36-45,I do not identify with any religious group or faith,Urban
Colombia,Female,36-45,Christianity,Urban
Colombia,Female,36-45,I do not identify with any religious group or faith,Urban
Colombia,Male,36-45,Christianity,Urban
Colombia,Male,46-55,I do not identify with any religious group or faith,Urban
Colombia,Female,36-45,Christianity,Urban
Colombia,Female,36-45,Christianity,Urban
Colombia,Male,36-45,Christianity,Urban
Colombia,Female,46-55,Christianity,Urban
Colombia,Male,46-55,Christianity,Urban
Colombia,Male,56-65,Christianity,Urban
Colombia,Male,18-25,I do not identify with any religious group or faith,Urban
Colombia,Female,46-55,Christianity,Urban
Colombia,Female,56-65,Christianity,Urban
Colombia,Male,18-25,,Urban
Colombia,Female,56-65,Christianity,Urban
Colombia,Female,36-45,I do not identify with any religious group or faith,Urban
Colombia,Male,18-25,Christianity,Urban
Colombia,Female,18-25,I do not identify with any religious group or faith,Urban
Colombia,Male,46-55,Christianity,Urban
Colombia,Female,36-45,Christianity,Urban
Colombia,Male,46-55,Christianity,Urban
Colombia,Female,26-35,Christianity,Urban
Colombia,Female,56-65,I do not identify with any religious group or faith,Urban
Colombia,Female,18-25,Christianity,Urban
Colombia,Female,46-55,I do not identify with any religious group or faith,Urban
Colombia,Female,36-45,Christianity,Urban
Colombia,Female,26-35,Christianity,Urban
Colombia,Female,26-35,Christianity,Urban
Colombia,Male,36-45,Christianity,Urban
Colombia,Male,18-25,I do not identify with any religious group or faith,Urban
Colombia,Female,18-25,I do not identify with any religious group or faith,Urban
Colombia,Female,56-65,I do not identify with any religious group or faith,Urban
Colombia,Female,46-55,Christianity,Urban
Colombia,Female,26-35,Christianity,Urban
Colombia,Male,56-65,I do not identify with any religious group or faith,Urban
Colombia,Male,18-25,Christianity,Urban
Colombia,Female,56-65,Christianity,Urban
Colombia,Female,36-45,Christianity,Urban
Colombia,Male,36-45,I do not identify with any religious group or faith,Urban
Colombia,Male,56-65,Christianity,Urban
Colombia,Female,65+,Christianity,Urban
Colombia,Male,65+,Christianity,Urban
Colombia,Male,18-25,,Urban
Colombia,Male,36-45,Christianity,Urban
Colombia,Male,26-35,Christianity,Urban
Colombia,Male,26-35,Christianity,Urban
Colombia,Male,36-45,Christianity,Urban
Colombia,Male,36-45,Christianity,Urban
Colombia,Female,36-45,Christianity,Urban
Colombia,Male,26-35,I do not identify with any religious group or faith,Urban
Colombia,Female,26-35,Christianity,Urban
Colombia,Male,56-65,Christianity,Urban
Colombia,Male,56-65,Christianity,Urban
Colombia,Female,36-45,Christianity,Urban
Colombia,Female,36-45,Christianity,Urban
Colombia,Male,26-35,Christianity,Urban
Colombia,Male,56-65,Other religious group,Urban
Colombia,Male,65+,Christianity,Urban
Colombia,Female,18-25,I do not identify with any religious group or faith,Urban
Colombia,Female,56-65,Christianity,Urban
Colombia,Female,65+,Christianity,Urban
Colombia,Female,26-35,Christianity,Urban
Colombia,Male,46-55,Christianity,Urban
Colombia,Female,65+,Christianity,Urban
Colombia,Male,18-25,I do not identify with any religious group or faith,Urban
Colombia,Female,36-45,I do not identify with any religious group or faith,Urban
Colombia,Male,46-55,I do not identify with any religious group or faith,Urban
Colombia,Female,18-25,Christianity,Urban
Colombia,Male,36-45,Christianity,Urban
Colombia,Female,46-55,Christianity,Urban
Colombia,Male,56-65,Christianity,Urban
Colombia,Female,26-35,Christianity,Urban
Colombia,Female,26-35,Christianity,Urban
Colombia,Male,65+,I do not identify with any religious group or faith,Urban
Colombia,Male,36-45,Christianity,Urban
Colombia,Male,26-35,I do not identify with any religious group or faith,Urban
Colombia,Female,46-55,I do not identify with any religious group or faith,Urban
Colombia,Female,18-25,Christianity,Urban
Colombia,Male,46-55,Christianity,Urban
Colombia,Female,46-55,Christianity,Urban
Colombia,Female,26-35,Christianity,Urban
Colombia,Female,56-65,Christianity,Urban
Colombia,Male,18-25,Christianity,Urban
Colombia,Male,26-35,I do not identify with any religious group or faith,Urban
Colombia,Male,18-25,Christianity,Urban
Colombia,Female,18-25,Christianity,Urban
Colombia,Female,18-25,Christianity,Urban
Colombia,Female,65+,Christianity,Urban
Colombia,Male,18-25,Christianity,Urban
Colombia,Male,56-65,Christianity,Urban
Colombia,Male,36-45,Christianity,Urban
Colombia,Female,26-35,Christianity,Urban
Colombia,Female,26-35,Christianity,Urban
Colombia,Male,56-65,Christianity,Urban
Colombia,Female,36-45,I do not identify with any religious group or faith,Urban
Colombia,Female,36-45,Christianity,Urban
Colombia,Female,18-25,Christianity,Urban
Colombia,Male,46-55,Christianity,Urban
Colombia,Female,56-65,I do not identify with any religious group or faith,Urban
Colombia,Male,18-25,Christianity,Urban
Colombia,Male,36-45,I do not identify with any religious group or faith,Urban
Colombia,Male,26-35,Christianity,Urban
Colombia,Female,56-65,I do not identify with any religious group or faith,Urban
Colombia,Male,26-35,Christianity,Urban
Colombia,Male,26-35,Christianity,Urban
Colombia,Female,36-45,Christianity,Urban
Colombia,Female,46-55,Christianity,Urban
Colombia,Female,56-65,Christianity,Urban
Colombia,Male,26-35,Christianity,Urban
Colombia,Female,36-45,Christianity,Urban
Colombia,Female,36-45,Christianity,Urban
Colombia,Male,65+,Christianity,Urban
Colombia,Female,65+,Christianity,Urban
Colombia,Female,18-25,Christianity,Urban
Colombia,Female,18-25,Christianity,Urban
Colombia,Female,46-55,Christianity,Urban
Colombia,Female,26-35,I do not identify with any religious group or faith,Urban
Colombia,Male,18-25,Christianity,Urban
Colombia,Male,36-45,I do not identify with any religious group or faith,Urban
Colombia,Male,36-45,Christianity,Urban
Colombia,Female,18-25,I do not identify with any religious group or faith,Urban
Colombia,Female,56-65,I do not identify with any religious group or faith,Urban
Colombia,Male,65+,Christianity,Urban
Colombia,Female,46-55,Christianity,Urban
Colombia,Female,46-55,Christianity,Urban
Colombia,Female,36-45,I do not identify with any religious group or faith,Urban
Colombia,Male,18-25,Christianity,Urban
Colombia,Male,26-35,,Urban
Colombia,Male,36-45,Christianity,Urban
Colombia,Female,36-45,Christianity,Urban
Colombia,Male,36-45,I do not identify with any religious group or faith,Urban
Colombia,Male,26-35,Christianity,Urban
Colombia,Female,36-45,Christianity,Urban
Colombia,Female,18-25,I do not identify with any religious group or faith,Urban
Colombia,Male,56-65,I do not identify with any religious group or faith,Urban
Colombia,Female,26-35,I do not identify with any religious group or faith,Urban
Colombia,Male,36-45,I do not identify with any religious group or faith,Urban
Colombia,Male,26-35,Christianity,Urban
Colombia,Female,36-45,Christianity,Urban
Colombia,Male,56-65,Christianity,Urban
Colombia,Female,26-35,I do not identify with any religious group or faith,Urban
Colombia,Female,18-25,,Urban
Colombia,Female,36-45,Christianity,Urban
Colombia,Female,36-45,Christianity,Urban
Colombia,Male,46-55,Christianity,Urban
Colombia,Female,36-45,Christianity,Urban
Colombia,Male,56-65,Christianity,Urban
Colombia,Female,18-25,Christianity,Urban
Colombia,Male,36-45,Christianity,Urban
Colombia,Male,46-55,I do not identify with any religious group or faith,Urban
Colombia,Female,26-35,I do not identify with any religious group or faith,Urban
Colombia,Female,36-45,Christianity,Urban
Colombia,Female,18-25,I do not identify with any religious group or faith,Urban
Colombia,Female,26-35,Christianity,Urban
Colombia,Female,26-35,Christianity,Urban
Colombia,Male,36-45,Christianity,Urban
Colombia,Female,26-35,I do not identify with any religious group or faith,Urban
Colombia,Male,56-65,I do not identify with any religious group or faith,Urban
Colombia,Female,56-65,Christianity,Urban
Colombia,Female,18-25,Christianity,Urban
Colombia,Female,18-25,Christianity,Urban
Colombia,Male,56-65,Christianity,Urban
Colombia,Female,26-35,Christianity,Urban
Colombia,Male,18-25,Christianity,Urban
Colombia,Male,36-45,I do not identify with any religious group or faith,Urban
Colombia,Female,26-35,Christianity,Urban
Colombia,Male,56-65,Christianity,Urban
Colombia,Female,56-65,Christianity,Urban
Colombia,Male,36-45,Christianity,Urban
Colombia,Female,26-35,Christianity,Urban
Colombia,Male,36-45,I do not identify with any religious group or faith,Urban
Colombia,Male,26-35,Christianity,Urban
Colombia,Female,26-35,Christianity,Urban
Colombia,Male,56-65,I do not identify with any religious group or faith,Urban
Colombia,Female,46-55,Christianity,Urban
Colombia,Male,26-35,I do not identify with any religious group or faith,Urban
Colombia,Male,56-65,I do not identify with any religious group or faith,Urban
Colombia,Female,26-35,Christianity,Urban
Colombia,Male,36-45,,Urban
Colombia,Male,56-65,,Urban
Colombia,Female,26-35,I do not identify with any religious group or faith,Urban
Colombia,Female,56-65,Christianity,Urban
Colombia,Male,36-45,Christianity,Urban
Colombia,Female,26-35,Christianity,Urban
Colombia,Male,46-55,I do not identify with any religious group or faith,Urban
Colombia,Male,65+,Christianity,Urban
Colombia,Male,26-35,I do not identify with any religious group or faith,Urban
Colombia,Male,36-45,Christianity,Urban
Colombia,Male,56-65,I do not identify with any religious group or faith,Urban
Colombia,Female,18-25,Christianity,Urban
Colombia,Male,65+,Christianity,Urban
Colombia,Male,65+,Christianity,Urban
Colombia,Female,65+,Christianity,Urban
Colombia,Male,46-55,Christianity,Urban
Colombia,Male,56-65,Christianity,Urban
Colombia,Female,46-55,Christianity,Urban
Colombia,Female,26-35,Christianity,Urban
Colombia,Female,46-55,Christianity,Urban
Colombia,Male,26-35,I do not identify with any religious group or faith,Urban
Colombia,Male,46-55,,Urban
Colombia,Male,56-65,Christianity,Urban
Colombia,Male,26-35,Christianity,Urban
Colombia,Female,26-35,Christianity,Urban
Colombia,Female,26-35,Christianity,Urban
Colombia,Female,46-55,Christianity,Urban
Colombia,Female,26-35,Christianity,Urban
Colombia,Male,26-35,Christianity,Urban
Colombia,Female,26-35,Christianity,Urban
Colombia,Male,36-45,Christianity,Urban
Colombia,Male,18-25,I do not identify with any religious group or faith,Urban
Colombia,Male,36-45,Christianity,Urban
Colombia,Female,36-45,I do not identify with any religious group or faith,Urban
Colombia,Male,26-35,I do not identify with any religious group or faith,Urban
Colombia,Female,18-25,Christianity,Urban
Colombia,Male,26-35,Christianity,Urban
Colombia,Female,56-65,Christianity,Urban
Colombia,Male,65+,Christianity,Urban
Colombia,Female,36-45,Christianity,Urban
Colombia,Female,56-65,Christianity,Urban
Colombia,Male,26-35,Christianity,Urban
Colombia,Male,36-45,I do not identify with any religious group or faith,Urban
Colombia,Female,36-45,Christianity,Urban
Colombia,Male,65+,Christianity,Urban
Colombia,Female,36-45,Christianity,Urban
Colombia,Female,36-45,Christianity,Urban
Colombia,Male,46-55,I do not identify with any religious group or faith,Urban
Colombia,Male,36-45,Christianity,Urban
Colombia,Female,18-25,Christianity,Urban
Colombia,Female,56-65,Christianity,Urban
Colombia,Male,56-65,I do not identify with any religious group or faith,Urban
Colombia,Male,36-45,Christianity,Urban
Colombia,Female,56-65,Christianity,Urban
Colombia,Male,56-65,Christianity,Urban
Colombia,Male,36-45,Christianity,Urban
Colombia,Male,56-65,Christianity,Urban
Colombia,Female,18-25,Christianity,Urban
Colombia,Female,26-35,I do not identify with any religious group or faith,Urban
Colombia,Female,26-35,Christianity,Urban
Colombia,Male,18-25,Christianity,Urban
Colombia,Male,65+,Christianity,Urban
Colombia,Male,65+,Christianity,Urban
Colombia,Female,26-35,,Urban
Colombia,Female,56-65,Christianity,Urban
Colombia,Male,36-45,Christianity,Urban
Colombia,Female,26-35,I do not identify with any religious group or faith,Urban
Colombia,Female,18-25,Christianity,Urban
Colombia,Female,18-25,I do not identify with any religious group or faith,Urban
Colombia,Female,65+,Christianity,Urban
Colombia,Female,36-45,I do not identify with any religious group or faith,Urban
Colombia,Female,56-65,Christianity,Urban
Colombia,Female,18-25,I do not identify with any religious group or faith,Urban
Colombia,Male,18-25,Christianity,Urban
Colombia,Male,46-55,Christianity,Urban
Colombia,Male,18-25,I do not identify with any religious group or faith,Urban
Colombia,Male,56-65,Christianity,Urban
Colombia,Male,36-45,Christianity,Urban
Colombia,Male,65+,Other religious group,Urban
Colombia,Male,18-25,Christianity,Urban
Colombia,Female,36-45,Christianity,Urban
Colombia,Male,65+,Christianity,Urban
Colombia,Male,26-35,Christianity,Urban
Colombia,Male,36-45,Christianity,Urban
Colombia,Female,56-65,Christianity,Urban
Colombia,Female,26-35,Christianity,Urban
Colombia,Male,18-25,I do not identify with any religious group or faith,Urban
Colombia,Female,46-55,Christianity,Urban
Colombia,Male,36-45,Christianity,Urban
Colombia,Male,36-45,Christianity,Urban
Colombia,Male,26-35,I do not identify with any religious group or faith,Urban
Colombia,Female,65+,Christianity,Urban
Colombia,Female,36-45,Christianity,Urban
Colombia,Female,36-45,Christianity,Urban
Colombia,Female,46-55,Christianity,Urban
Colombia,Female,36-45,Christianity,Urban
Colombia,Female,26-35,Christianity,Urban
Colombia,Female,46-55,Christianity,Urban
Colombia,Female,18-25,Christianity,Urban
Colombia,Female,26-35,Christianity,Urban
Colombia,Female,56-65,Christianity,Urban
Colombia,Female,56-65,Christianity,Urban
Colombia,Female,18-25,Christianity,Urban
Colombia,Male,46-55,Christianity,Urban
Colombia,Female,18-25,Christianity,Rural
Colombia,Female,65+,Christianity,Rural
Colombia,Male,46-55,I do not identify with any religious group or faith,Rural
Colombia,Male,46-55,Christianity,Rural
Colombia,Female,26-35,Christianity,Rural
Colombia,Male,26-35,Christianity,Rural
Colombia,Female,36-45,Christianity,Rural
Colombia,Female,46-55,Christianity,Rural
Colombia,Female,26-35,Christianity,Rural
Colombia,Male,56-65,Christianity,Rural
Colombia,Male,18-25,Christianity,Rural
Colombia,Male,46-55,Christianity,Rural
Colombia,Male,56-65,Christianity,Rural
Colombia,Female,26-35,Christianity,Rural
Colombia,Male,65+,Christianity,Urban
Colombia,Female,36-45,Christianity,Urban
Colombia,Female,65+,Christianity,Urban
Colombia,Male,18-25,I do not identify with any religious group or faith,Urban
Colombia,Male,18-25,Christianity,Urban
Colombia,Female,36-45,I do not identify with any religious group or faith,Urban
Colombia,Female,18-25,Christianity,Urban
Colombia,Female,26-35,Christianity,Urban
Colombia,Male,26-35,Christianity,Urban
Colombia,Female,46-55,Christianity,Urban
Colombia,Female,26-35,Christianity,Urban
Colombia,Female,46-55,Christianity,Urban
Colombia,Male,26-35,Christianity,Urban
Colombia,Male,26-35,Christianity,Urban
Colombia,Female,18-25,Christianity,Urban
Colombia,Male,46-55,Christianity,Urban
Colombia,Female,36-45,Christianity,Urban
Colombia,Female,26-35,I do not identify with any religious group or faith,Urban
Colombia,Male,26-35,Christianity,Urban
Colombia,Female,65+,Christianity,Urban
Colombia,Male,18-25,I do not identify with any religious group or faith,Urban
Colombia,Male,46-55,Christianity,Urban
Colombia,Male,36-45,Christianity,Urban
Colombia,Male,56-65,Christianity,Urban
Colombia,Female,46-55,Christianity,Urban
Colombia,Female,26-35,Christianity,Urban
Colombia,Male,26-35,Christianity,Urban
Colombia,Male,18-25,Christianity,Urban
Colombia,Male,18-25,I do not identify with any religious group or faith,Urban
Colombia,Male,36-45,Christianity,Urban
Colombia,Female,56-65,Christianity,Urban
Colombia,Female,36-45,Christianity,Urban
Colombia,Female,26-35,Christianity,Urban
Colombia,Male,36-45,Christianity,Urban
Colombia,Female,36-45,Christianity,Urban
Colombia,Female,46-55,Christianity,Urban
Colombia,Female,36-45,Christianity,Urban
Colombia,Male,18-25,Christianity,Urban
Colombia,Male,65+,Christianity,Urban
Colombia,Male,56-65,Christianity,Urban
Colombia,Male,56-65,Christianity,Urban
Colombia,Female,26-35,Christianity,Urban
Colombia,Female,36-45,Christianity,Urban
Colombia,Male,56-65,Christianity,Urban
Colombia,Male,18-25,Christianity,Urban
Colombia,Female,18-25,Christianity,Urban
Colombia,Male,65+,Christianity,Urban
Colombia,Male,56-65,Christianity,Urban
Colombia,Female,46-55,Christianity,Urban
Colombia,Female,56-65,Christianity,Urban
Colombia,Female,36-45,Christianity,Urban
Colombia,Female,36-45,Christianity,Urban
Colombia,Female,36-45,Christianity,Urban
Colombia,Male,26-35,Christianity,Urban
Colombia,Female,46-55,Christianity,Urban
Colombia,Female,46-55,Christianity,Urban
Colombia,Male,26-35,Christianity,Urban
Colombia,Female,26-35,Christianity,Urban
Colombia,Female,36-45,Christianity,Urban
Colombia,Male,56-65,Christianity,Urban
Colombia,Female,36-45,Christianity,Urban
Colombia,Male,18-25,Christianity,Urban
Colombia,Male,36-45,Christianity,Urban
Colombia,Male,46-55,Christianity,Urban
Colombia,Female,46-55,Christianity,Urban
Colombia,Male,18-25,Christianity,Urban
Colombia,Male,18-25,Christianity,Urban
Colombia,Male,26-35,Christianity,Urban
Colombia,Male,46-55,I do not identify with any religious group or faith,Urban
Colombia,Female,26-35,Christianity,Urban
Colombia,Male,46-55,Christianity,Urban
Colombia,Female,26-35,Christianity,Urban
Colombia,Male,26-35,Christianity,Urban
Colombia,Male,18-25,Christianity,Urban
Colombia,Female,18-25,Christianity,Urban
Colombia,Male,18-25,Christianity,Urban
Colombia,Male,65+,Christianity,Urban
Colombia,Female,46-55,Christianity,Urban
Colombia,Female,36-45,Christianity,Urban
Colombia,Male,65+,Christianity,Urban
Colombia,Female,26-35,Christianity,Urban
Colombia,Female,18-25,Christianity,Urban
Colombia,Female,56-65,Christianity,Urban
Colombia,Female,18-25,Christianity,Urban
Colombia,Male,36-45,Christianity,Urban
Colombia,Male,36-45,Christianity,Urban
Colombia,Male,36-45,Christianity,Urban
Colombia,Male,36-45,Christianity,Urban
Colombia,Female,36-45,Christianity,Urban
Colombia,Male,36-45,Christianity,Urban
Colombia,Female,46-55,Christianity,Urban
Colombia,Male,56-65,Christianity,Urban
Colombia,Male,65+,Christianity,Urban
Colombia,Female,36-45,Christianity,Urban
Colombia,Male,56-65,Christianity,Urban
Colombia,Female,56-65,Christianity,Urban
Colombia,Female,18-25,Christianity,Urban
Colombia,Male,36-45,I do not identify with any religious group or faith,Urban
Colombia,Female,18-25,Christianity,Urban
Colombia,Female,36-45,Christianity,Urban
Colombia,Male,36-45,Christianity,Urban
Colombia,Female,36-45,Christianity,Urban
Colombia,Male,46-55,Christianity,Urban
Colombia,Male,56-65,Christianity,Urban
Colombia,Male,56-65,I do not identify with any religious group or faith,Urban
Colombia,Female,26-35,Christianity,Urban
Colombia,Male,18-25,Christianity,Urban
Colombia,Female,56-65,Christianity,Urban
Colombia,Female,36-45,I do not identify with any religious group or faith,Urban
Colombia,Female,26-35,Christianity,Urban
Colombia,Female,56-65,Christianity,Urban
Colombia,Female,18-25,Christianity,Urban
Colombia,Male,36-45,Christianity,Urban
Colombia,Female,46-55,Christianity,Urban
Colombia,Male,36-45,Christianity,Urban
Colombia,Male,65+,Christianity,Urban
Colombia,Female,56-65,Christianity,Urban
Colombia,Female,46-55,Christianity,Urban
Colombia,Female,18-25,I do not identify with any religious group or faith,Urban
Colombia,Male,65+,Christianity,Urban
Colombia,Female,36-45,Christianity,Urban
Colombia,Female,26-35,Christianity,Urban
Colombia,Female,56-65,Christianity,Urban
Colombia,Female,18-25,Christianity,Urban
Colombia,Male,56-65,Christianity,Urban
Colombia,Male,36-45,Christianity,Urban
Colombia,Female,18-25,Christianity,Urban
Colombia,Male,26-35,I do not identify with any religious group or faith,Urban
Colombia,Male,36-45,Christianity,Urban
Colombia,Male,26-35,Christianity,Urban
Colombia,Male,56-65,Christianity,Urban
Colombia,Female,56-65,Christianity,Urban
Colombia,Male,46-55,Christianity,Urban
Colombia,Male,36-45,Christianity,Urban
Colombia,Female,26-35,Christianity,Urban
Colombia,Female,26-35,Christianity,Urban
Colombia,Female,56-65,Christianity,Urban
Colombia,Female,46-55,Christianity,Urban
Colombia,Female,18-25,Christianity,Urban
Colombia,Male,26-35,Christianity,Urban
Colombia,Male,36-45,Christianity,Urban
Colombia,Male,18-25,I do not identify with any religious group or faith,Urban
Colombia,Male,36-45,Christianity,Urban
Colombia,Female,36-45,Other religious group,Urban
Colombia,Male,26-35,Christianity,Urban
Colombia,Male,18-25,Christianity,Urban
Colombia,Female,26-35,Christianity,Urban
Colombia,Male,36-45,Christianity,Urban
Colombia,Male,36-45,Christianity,Urban
Colombia,Male,26-35,I do not identify with any religious group or faith,Urban
Colombia,Female,36-45,I do not identify with any religious group or faith,Urban
Colombia,Female,56-65,Christianity,Urban
Colombia,Female,56-65,I do not identify with any religious group or faith,Urban
Colombia,Female,26-35,Christianity,Urban
Colombia,Male,18-25,Christianity,Urban
Colombia,Female,56-65,Christianity,Urban
Colombia,Female,18-25,I do not identify with any religious group or faith,Urban
Colombia,Male,36-45,I do not identify with any religious group or faith,Urban
Colombia,Female,36-45,Christianity,Urban
Colombia,Female,56-65,Christianity,Urban
Colombia,Male,56-65,Christianity,Urban
Colombia,Female,46-55,Christianity,Urban
Colombia,Male,18-25,Christianity,Urban
Colombia,Male,36-45,I do not identify with any religious group or faith,Urban
Colombia,Male,65+,Other religious group,Urban
Colombia,Male,26-35,Christianity,Urban
Colombia,Male,36-45,Christianity,Urban
Colombia,Female,18-25,I do not identify with any religious group or faith,Urban
Colombia,Female,65+,Christianity,Urban
Colombia,Female,56-65,Christianity,Urban
Colombia,Female,36-45,Christianity,Urban
Colombia,Female,36-45,I do not identify with any religious group or faith,Urban
Colombia,Female,18-25,Christianity,Urban
Colombia,Male,36-45,Christianity,Urban
Colombia,Male,36-45,Christianity,Urban
Colombia,Male,65+,Christianity,Urban
Colombia,Male,65+,Christianity,Urban
Colombia,Male,26-35,Christianity,Urban
Colombia,Female,46-55,Christianity,Urban
Colombia,Female,26-35,I do not identify with any religious group or faith,Urban
Colombia,Female,36-45,I do not identify with any religious group or faith,Urban
Colombia,Male,18-25,Christianity,Urban
Colombia,Female,56-65,I do not identify with any religious group or faith,Urban
Colombia,Female,18-25,I do not identify with any religious group or faith,Urban
Colombia,Male,26-35,Christianity,Urban
Colombia,Male,46-55,Christianity,Urban
Colombia,Female,26-35,I do not identify with any religious group or faith,Urban
Colombia,Female,56-65,Christianity,Urban
Colombia,Female,56-65,Christianity,Urban
Colombia,Male,18-25,Christianity,Urban
Colombia,Male,65+,Christianity,Urban
Colombia,Male,36-45,Christianity,Urban
Colombia,Male,26-35,Christianity,Urban
Colombia,Female,65+,Christianity,Urban
Colombia,Female,36-45,Christianity,Urban
Colombia,Male,65+,I do not identify with any religious group or faith,Urban
Colombia,Female,36-45,Christianity,Urban
Colombia,Female,18-25,I do not identify with any religious group or faith,Urban
Colombia,Female,18-25,Christianity,Urban
Colombia,Male,36-45,Christianity,Urban
Colombia,Female,65+,Christianity,Urban
Colombia,Male,46-55,Christianity,Urban
Colombia,Female,26-35,Christianity,Urban
Colombia,Male,26-35,Christianity,Urban
Colombia,Female,46-55,Christianity,Urban
Colombia,Male,56-65,Christianity,Urban
Colombia,Female,36-45,Christianity,Urban
Colombia,Female,36-45,Christianity,Urban
Colombia,Male,18-25,Christianity,Urban
Colombia,Male,18-25,Christianity,Urban
Colombia,Female,26-35,Christianity,Urban
Colombia,Female,36-45,Christianity,Urban
Colombia,Male,36-45,Christianity,Urban
Colombia,Male,26-35,I do not identify with any religious group or faith,Urban
Colombia,Male,65+,Christianity,Urban
Colombia,Female,36-45,Christianity,Urban
Colombia,Female,46-55,Christianity,Urban
Colombia,Female,46-55,Christianity,Urban
Colombia,Male,36-45,Christianity,Urban
Colombia,Female,26-35,Christianity,Urban
Colombia,Female,36-45,Christianity,Urban
Colombia,Male,18-25,Christianity,Urban
Colombia,Male,18-25,Christianity,Urban
Colombia,Male,56-65,Christianity,Urban
Colombia,Male,46-55,Christianity,Urban
Colombia,Male,26-35,,Urban
Colombia,Female,36-45,I do not identify with any religious group or faith,Urban
Colombia,Female,18-25,Christianity,Urban
Colombia,Male,56-65,Christianity,Urban
Colombia,Male,26-35,I do not identify with any religious group or faith,Urban
Colombia,Female,26-35,Christianity,Urban
Colombia,Male,18-25,Christianity,Urban
Colombia,Male,56-65,Christianity,Urban
Colombia,Male,65+,Christianity,Urban
Colombia,Female,26-35,Christianity,Urban
Colombia,Female,26-35,,Urban
Colombia,Female,18-25,,Urban
Colombia,Male,36-45,Christianity,Urban
Colombia,Female,18-25,Christianity,Urban
Colombia,Male,56-65,I do not identify with any religious group or faith,Urban
Colombia,Male,26-35,Christianity,Urban
Colombia,Female,36-45,Christianity,Urban
Colombia,Male,18-25,I do not identify with any religious group or faith,Urban
Colombia,Female,46-55,Christianity,Urban
Colombia,Male,56-65,I do not identify with any religious group or faith,Urban
Colombia,Female,26-35,Christianity,Urban
Colombia,Male,26-35,I do not identify with any religious group or faith,Urban
Colombia,Female,18-25,I do not identify with any religious group or faith,Urban
Colombia,Female,36-45,Christianity,Urban
Colombia,Male,18-25,Christianity,Urban
Colombia,Female,18-25,Christianity,Urban
Colombia,Male,56-65,I do not identify with any religious group or faith,Urban
Colombia,Male,36-45,Christianity,Urban
Colombia,Female,36-45,Christianity,Urban
Colombia,Male,36-45,I do not identify with any religious group or faith,Urban
Colombia,Female,26-35,,Urban
Colombia,Female,26-35,I do not identify with any religious group or faith,Urban
Colombia,Male,46-55,Christianity,Urban
Colombia,Male,56-65,Christianity,Urban
Colombia,Male,56-65,Christianity,Urban
Colombia,Male,36-45,Christianity,Urban
Colombia,Male,26-35,Christianity,Urban
Colombia,Female,26-35,Christianity,Urban
Colombia,Female,26-35,Christianity,Urban
Colombia,Female,26-35,Christianity,Urban
Colombia,Male,36-45,Christianity,Urban
Colombia,Female,18-25,Christianity,Urban
Colombia,Female,18-25,I do not identify with any religious group or faith,Urban
Colombia,Male,46-55,Christianity,Urban
Colombia,Male,18-25,Christianity,Urban
Colombia,Female,26-35,I do not identify with any religious group or faith,Urban
Colombia,Male,36-45,I do not identify with any religious group or faith,Urban
Colombia,Male,56-65,Christianity,Urban
Colombia,Male,56-65,Christianity,Urban
Colombia,Female,26-35,I do not identify with any religious group or faith,Urban
Colombia,Male,46-55,Christianity,Urban
Colombia,Female,46-55,Christianity,Urban
Colombia,Female,46-55,Christianity,Urban
Colombia,Female,18-25,I do not identify with any religious group or faith,Urban
Colombia,Female,36-45,Christianity,Urban
Colombia,Female,18-25,Christianity,Urban
Colombia,Male,56-65,Christianity,Urban
Colombia,Male,36-45,Christianity,Urban
Colombia,Male,18-25,Christianity,Urban
Colombia,Male,36-45,Christianity,Urban
Colombia,Female,26-35,Christianity,Urban
Colombia,Male,26-35,I do not identify with any religious group or faith,Urban
Colombia,Male,18-25,Christianity,Urban
Colombia,Female,46-55,Christianity,Urban
Colombia,Female,65+,Christianity,Urban
Colombia,Female,56-65,Christianity,Urban
Colombia,Male,26-35,Christianity,Urban
Colombia,Female,46-55,Christianity,Urban
Colombia,Male,26-35,Christianity,Urban
Colombia,Female,56-65,Christianity,Urban
Colombia,Female,46-55,Christianity,Urban
Colombia,Male,18-25,I do not identify with any religious group or faith,Urban
Colombia,Male,46-55,Christianity,Urban
Colombia,Female,36-45,Christianity,Urban
Colombia,Female,56-65,Christianity,Urban
Colombia,Male,26-35,Christianity,Urban
Colombia,Female,46-55,I do not identify with any religious group or faith,Urban
Colombia,Female,65+,Christianity,Urban
Colombia,Female,26-35,I do not identify with any religious group or faith,Urban
Colombia,Male,65+,Christianity,Urban
Colombia,Female,18-25,I do not identify with any religious group or faith,Urban
Colombia,Male,18-25,I do not identify with any religious group or faith,Urban
Colombia,Male,26-35,I do not identify with any religious group or faith,Urban
Colombia,Female,56-65,Christianity,Urban
Colombia,Female,36-45,Christianity,Urban
Colombia,Female,26-35,Christianity,Urban
Colombia,Male,56-65,Christianity,Urban
Colombia,Male,36-45,Christianity,Urban
Colombia,Male,18-25,Christianity,Urban
Colombia,Male,36-45,Christianity,Urban
Colombia,Female,26-35,Christianity,Urban
Colombia,Female,26-35,I do not identify with any religious group or faith,Urban
Colombia,Male,26-35,I do not identify with any religious group or faith,Urban
Colombia,Male,65+,Christianity,Urban
Colombia,Male,46-55,I do not identify with any religious group or faith,Urban
Colombia,Male,18-25,I do not identify with any religious group or faith,Urban
Colombia,Female,26-35,Christianity,Urban
Colombia,Male,18-25,I do not identify with any religious group or faith,Urban
Colombia,Female,36-45,Christianity,Urban
Colombia,Female,46-55,Christianity,Urban
Colombia,Female,56-65,Christianity,Urban
Colombia,Female,56-65,Christianity,Urban
Colombia,Male,18-25,I do not identify with any religious group or faith,Urban
Colombia,Female,36-45,Christianity,Urban
Colombia,Female,18-25,Christianity,Urban
Colombia,Female,36-45,Christianity,Urban
Colombia,Male,56-65,Christianity,Urban
Colombia,Male,18-25,Christianity,Urban
Colombia,Male,26-35,I do not identify with any religious group or faith,Urban
Colombia,Female,36-45,Christianity,Rural
Colombia,Male,56-65,Christianity,Rural
Colombia,Female,18-25,Christianity,Rural
Colombia,Male,36-45,Christianity,Rural
Colombia,Female,56-65,Christianity,Rural
Colombia,Female,26-35,I do not identify with any religious group or faith,Rural
Colombia,Female,18-25,Christianity,Rural
Colombia,Male,46-55,Christianity,Rural
Colombia,Male,26-35,Christianity,Rural
Colombia,Female,18-25,Christianity,Rural
Colombia,Male,56-65,Christianity,Rural
Colombia,Male,18-25,Christianity,Rural
Colombia,Male,26-35,I do not identify with any religious group or faith,Rural
Colombia,Female,46-55,Christianity,Rural
Colombia,Male,65+,I do not identify with any religious group or faith,Urban
Colombia,Male,26-35,I do not identify with any religious group or faith,Urban
Colombia,Male,26-35,I do not identify with any religious group or faith,Urban
Colombia,Male,56-65,Christianity,Urban
Colombia,Male,46-55,Christianity,Urban
Colombia,Male,18-25,Christianity,Urban
Colombia,Female,36-45,Christianity,Urban
Colombia,Male,36-45,Christianity,Urban
Colombia,Male,46-55,Christianity,Urban
Colombia,Female,46-55,Christianity,Urban
Colombia,Female,65+,Christianity,Urban
Colombia,Female,18-25,Christianity,Urban
Colombia,Female,46-55,Christianity,Urban
Colombia,Male,65+,Christianity,Urban
Colombia,Female,18-25,Other religious group,Urban
Colombia,Male,46-55,I do not identify with any religious group or faith,Urban
Colombia,Female,36-45,Christianity,Urban
Colombia,Female,46-55,I do not identify with any religious group or faith,Urban
Colombia,Male,36-45,Christianity,Urban
Colombia,Female,56-65,Christianity,Urban
Colombia,Male,56-65,Christianity,Urban
Colombia,Female,36-45,Christianity,Urban
Colombia,Female,26-35,Christianity,Urban
Colombia,Female,18-25,Christianity,Urban
Colombia,Female,46-55,Christianity,Urban
Colombia,Female,36-45,I do not identify with any religious group or faith,Urban
Colombia,Female,46-55,I do not identify with any religious group or faith,Urban
Colombia,Female,36-45,Christianity,Urban
Colombia,Female,46-55,Christianity,Urban
Colombia,Female,36-45,Christianity,Urban
Colombia,Male,56-65,Christianity,Urban
Colombia,Male,56-65,Christianity,Urban
Colombia,Male,18-25,Christianity,Urban
Colombia,Female,18-25,Christianity,Urban
Colombia,Female,26-35,I do not identify with any religious group or faith,Urban
Colombia,Male,18-25,I do not identify with any religious group or faith,Urban
Colombia,Male,56-65,Christianity,Urban
Colombia,Female,26-35,Christianity,Urban
Colombia,Female,26-35,Christianity,Urban
Colombia,Female,18-25,Christianity,Urban
Colombia,Male,26-35,I do not identify with any religious group or faith,Urban
Colombia,Male,46-55,Christianity,Urban
Colombia,Male,46-55,Christianity,Urban
Colombia,Female,56-65,I do not identify with any religious group or faith,Urban
Colombia,Female,18-25,Christianity,Urban
Colombia,Female,46-55,I do not identify with any religious group or faith,Urban
Colombia,Male,56-65,Christianity,Urban
Colombia,Male,56-65,Christianity,Urban
Colombia,Female,26-35,I do not identify with any religious group or faith,Urban
Colombia,Female,56-65,I do not identify with any religious group or faith,Urban
Colombia,Male,46-55,Christianity,Urban
Colombia,Female,46-55,I do not identify with any religious group or faith,Urban
Colombia,Male,26-35,I do not identify with any religious group or faith,Urban
Colombia,Female,26-35,I do not identify with any religious group or faith,Urban
Colombia,Female,26-35,Christianity,Urban
Colombia,Male,36-45,Christianity,Urban
Colombia,Female,46-55,I do not identify with any religious group or faith,Urban
Colombia,Female,36-45,Christianity,Urban
Colombia,Female,56-65,Christianity,Urban
Colombia,Male,56-65,I do not identify with any religious group or faith,Urban
Colombia,Male,56-65,Christianity,Urban
Colombia,Male,36-45,I do not identify with any religious group or faith,Urban
Colombia,Female,18-25,Christianity,Urban
Colombia,Female,18-25,Christianity,Urban
Colombia,Female,56-65,Christianity,Urban
Colombia,Male,26-35,I do not identify with any religious group or faith,Urban
Colombia,Male,65+,I do not identify with any religious group or faith,Urban
Colombia,Male,18-25,Christianity,Urban
Colombia,Female,65+,Christianity,Urban
Colombia,Male,26-35,Christianity,Urban
Colombia,Female,46-55,Christianity,Urban
Colombia,Female,26-35,I do not identify with any religious group or faith,Urban
Colombia,Male,56-65,Christianity,Urban
Colombia,Male,65+,I do not identify with any religious group or faith,Urban
Colombia,Male,18-25,Christianity,Urban
Colombia,Male,56-65,I do not identify with any religious group or faith,Urban
Colombia,Female,65+,Christianity,Urban
Colombia,Female,26-35,I do not identify with any religious group or faith,Urban
Colombia,Male,18-25,Christianity,Urban
Colombia,Male,56-65,Christianity,Urban
Colombia,Female,36-45,I do not identify with any religious group or faith,Urban
Colombia,Female,46-55,Christianity,Urban
Colombia,Female,18-25,I do not identify with any religious group or faith,Urban
Colombia,Female,36-45,I do not identify with any religious group or faith,Urban
Colombia,Female,56-65,Christianity,Urban
Colombia,Female,36-45,I do not identify with any religious group or faith,Urban
Colombia,Male,26-35,Christianity,Urban
Colombia,Male,46-55,Christianity,Urban
Colombia,Male,46-55,I do not identify with any religious group or faith,Urban
Colombia,Female,26-35,,Urban
Colombia,Male,26-35,I do not identify with any religious group or faith,Urban
Colombia,Female,18-25,Christianity,Urban
Colombia,Male,26-35,Christianity,Urban
Colombia,Male,36-45,Christianity,Urban
Colombia,Female,36-45,Christianity,Urban
Colombia,Female,18-25,I do not identify with any religious group or faith,Urban
Colombia,Male,18-25,Christianity,Urban
Colombia,Female,46-55,I do not identify with any religious group or faith,Urban
Colombia,Female,56-65,Christianity,Urban
Colombia,Female,18-25,Christianity,Urban
Colombia,Female,36-45,Christianity,Urban
Colombia,Male,56-65,I do not identify with any religious group or faith,Urban
Colombia,Male,56-65,Christianity,Urban
Colombia,Male,36-45,Christianity,Urban
Colombia,Female,26-35,I do not identify with any religious group or faith,Urban
Colombia,Male,56-65,Christianity,Urban
Colombia,Male,26-35,Christianity,Urban
Colombia,Male,26-35,Christianity,Urban
Colombia,Male,26-35,Christianity,Urban
Colombia,Male,46-55,Christianity,Urban
Colombia,Female,56-65,I do not identify with any religious group or faith,Urban
Colombia,Female,56-65,Christianity,Urban
Colombia,Male,65+,I do not identify with any religious group or faith,Urban
Colombia,Male,18-25,Christianity,Urban
Colombia,Female,36-45,Christianity,Urban
Colombia,Female,65+,Christianity,Urban
Colombia,Female,46-55,Christianity,Urban
Colombia,Female,46-55,Christianity,Urban
Colombia,Male,65+,Christianity,Urban
Colombia,Female,18-25,Christianity,Urban
Colombia,Female,26-35,Christianity,Urban
Colombia,Female,18-25,Christianity,Urban
Colombia,Male,26-35,Christianity,Urban
Colombia,Female,56-65,Christianity,Urban
Colombia,Female,46-55,Christianity,Urban
Colombia,Male,26-35,Christianity,Urban
Colombia,Female,56-65,I do not identify with any religious group or faith,Urban
Costa Rica,Female,65+,Christianity,Urban
Costa Rica,Male,26-35,Christianity,Urban
Costa Rica,Female,46-55,Christianity,Urban
Costa Rica,Female,46-55,Christianity,Urban
Costa Rica,Female,36-45,Christianity,Urban
Costa Rica,Male,26-35,,Urban
Costa Rica,Male,56-65,Christianity,Urban
Costa Rica,Female,36-45,Christianity,Urban
Costa Rica,Male,65+,Christianity,Urban
Costa Rica,Male,56-65,Christianity,Urban
Costa Rica,Female,65+,Christianity,Urban
Costa Rica,Male,18-25,I do not identify with any religious group or faith,Urban
Costa Rica,Male,26-35,I do not identify with any religious group or faith,Urban
Costa Rica,Female,36-45,Christianity,Urban
Costa Rica,Female,36-45,Christianity,Urban
Costa Rica,Female,56-65,I do not identify with any religious group or faith,Urban
Costa Rica,Male,65+,Christianity,Urban
Costa Rica,Male,46-55,Christianity,Urban
Costa Rica,Female,36-45,I do not identify with any religious group or faith,Urban
Costa Rica,Male,46-55,Christianity,Urban
Costa Rica,Female,36-45,I do not identify with any religious group or faith,Urban
Costa Rica,Female,65+,Christianity,Urban
Costa Rica,Male,26-35,Christianity,Urban
Costa Rica,Female,18-25,Christianity,Urban
Costa Rica,Female,46-55,Christianity,Urban
Costa Rica,Male,18-25,I do not identify with any religious group or faith,Urban
Costa Rica,Female,46-55,Christianity,Urban
Costa Rica,Male,56-65,Christianity,Urban
Costa Rica,Male,26-35,Christianity,Urban
Costa Rica,Male,46-55,Christianity,Urban
Costa Rica,Female,46-55,Christianity,Urban
Costa Rica,Male,46-55,Christianity,Urban
Costa Rica,Female,18-25,Christianity,Urban
Costa Rica,Male,46-55,Christianity,Urban
Costa Rica,Female,65+,Christianity,Urban
Costa Rica,Female,18-25,Christianity,Urban
Costa Rica,Female,46-55,Christianity,Urban
Costa Rica,Female,36-45,Christianity,Urban
Costa Rica,Male,56-65,Christianity,Urban
Costa Rica,Male,18-25,Christianity,Urban
Costa Rica,Male,46-55,Christianity,Urban
Costa Rica,Male,26-35,I do not identify with any religious group or faith,Urban
Costa Rica,Male,65+,Christianity,Urban
Costa Rica,Female,26-35,I do not identify with any religious group or faith,Urban
Costa Rica,Male,36-45,Christianity,Urban
Costa Rica,Female,36-45,Christianity,Urban
Costa Rica,Male,65+,I do not identify with any religious group or faith,Urban
Costa Rica,Female,56-65,Christianity,Urban
Costa Rica,Female,26-35,Christianity,Urban
Costa Rica,Female,26-35,Christianity,Urban
Costa Rica,Female,36-45,Christianity,Urban
Costa Rica,Female,65+,Christianity,Urban
Costa Rica,Male,46-55,Christianity,Urban
Costa Rica,Female,36-45,Christianity,Urban
Costa Rica,Female,26-35,Christianity,Urban
Costa Rica,Male,18-25,Christianity,Urban
Costa Rica,Female,65+,Christianity,Urban
Costa Rica,Male,46-55,Christianity,Urban
Costa Rica,Male,46-55,Christianity,Urban
Costa Rica,Female,65+,Christianity,Urban
Costa Rica,Male,65+,Christianity,Urban
Costa Rica,Male,56-65,I do not identify with any religious group or faith,Urban
Costa Rica,Male,56-65,Christianity,Urban
Costa Rica,Female,36-45,Christianity,Urban
Costa Rica,Female,65+,Christianity,Urban
Costa Rica,Female,18-25,Christianity,Urban
Costa Rica,Female,18-25,Christianity,Urban
Costa Rica,Female,46-55,Christianity,Urban
Costa Rica,Female,56-65,Christianity,Urban
Costa Rica,Male,26-35,Christianity,Urban
Costa Rica,Female,18-25,Christianity,Urban
Costa Rica,Male,36-45,I do not identify with any religious group or faith,Urban
Costa Rica,Female,36-45,I do not identify with any religious group or faith,Urban
Costa Rica,Female,26-35,Christianity,Urban
Costa Rica,Male,65+,Christianity,Urban
Costa Rica,Female,56-65,Judaism,Urban
Costa Rica,Male,36-45,I do not identify with any religious group or faith,Urban
Costa Rica,Female,26-35,Christianity,Urban
Costa Rica,Female,18-25,Christianity,Urban
Costa Rica,Male,56-65,I do not identify with any religious group or faith,Urban
Costa Rica,Female,36-45,I do not identify with any religious group or faith,Urban
Costa Rica,Female,46-55,Christianity,Urban
Costa Rica,Female,26-35,Christianity,Urban
Costa Rica,Female,26-35,Christianity,Urban
Costa Rica,Female,65+,Judaism,Urban
Costa Rica,Male,56-65,Christianity,Urban
Costa Rica,Male,36-45,Christianity,Urban
Costa Rica,Female,26-35,I do not identify with any religious group or faith,Urban
Costa Rica,Male,26-35,Christianity,Urban
Costa Rica,Male,26-35,Christianity,Urban
Costa Rica,Male,26-35,Christianity,Urban
Costa Rica,Male,65+,Christianity,Urban
Costa Rica,Male,18-25,Christianity,Urban
Costa Rica,Female,36-45,Christianity,Urban
Costa Rica,Female,56-65,I do not identify with any religious group or faith,Urban
Costa Rica,Female,46-55,Christianity,Urban
Costa Rica,Male,26-35,Christianity,Urban
Costa Rica,Male,65+,I do not identify with any religious group or faith,Urban
Costa Rica,Female,18-25,Christianity,Urban
Costa Rica,Female,65+,Christianity,Urban
Costa Rica,Female,36-45,Christianity,Urban
Costa Rica,Male,56-65,Christianity,Urban
Costa Rica,Male,18-25,Christianity,Urban
Costa Rica,Male,65+,Christianity,Urban
Costa Rica,Male,26-35,Christianity,Urban
Costa Rica,Female,46-55,Christianity,Urban
Costa Rica,Male,36-45,Christianity,Urban
Costa Rica,Female,46-55,Christianity,Urban
Costa Rica,Female,18-25,I do not identify with any religious group or faith,Urban
Costa Rica,Female,56-65,Christianity,Urban
Costa Rica,Female,36-45,Christianity,Urban
Costa Rica,Male,26-35,I do not identify with any religious group or faith,Urban
Costa Rica,Female,46-55,Christianity,Urban
Costa Rica,Male,56-65,Christianity,Urban
Costa Rica,Female,65+,Christianity,Urban
Costa Rica,Male,36-45,Christianity,Urban
Costa Rica,Female,56-65,Christianity,Urban
Costa Rica,Male,56-65,Christianity,Urban
Costa Rica,Male,65+,Christianity,Urban
Costa Rica,Male,65+,Christianity,Urban
Costa Rica,Male,18-25,I do not identify with any religious group or faith,Urban
Costa Rica,Female,26-35,Christianity,Urban
Costa Rica,Male,36-45,Christianity,Urban
Costa Rica,Female,18-25,Christianity,Urban
Costa Rica,Female,56-65,Christianity,Urban
Costa Rica,Male,56-65,I do not identify with any religious group or faith,Urban
Costa Rica,Male,46-55,I do not identify with any religious group or faith,Urban
Costa Rica,Female,56-65,Christianity,Urban
Costa Rica,Male,36-45,Christianity,Urban
Costa Rica,Female,46-55,I do not identify with any religious group or faith,Urban
Costa Rica,Male,36-45,I do not identify with any religious group or faith,Urban
Costa Rica,Male,18-25,Christianity,Urban
Costa Rica,Female,65+,Christianity,Urban
Costa Rica,Female,26-35,Christianity,Urban
Costa Rica,Female,36-45,Christianity,Urban
Costa Rica,Female,56-65,I do not identify with any religious group or faith,Urban
Costa Rica,Male,26-35,I do not identify with any religious group or faith,Urban
Costa Rica,Female,36-45,I do not identify with any religious group or faith,Urban
Costa Rica,Male,56-65,I do not identify with any religious group or faith,Urban
Costa Rica,Male,65+,Christianity,Urban
Costa Rica,Female,56-65,Christianity,Urban
Costa Rica,Female,46-55,Christianity,Urban
Costa Rica,Female,65+,Judaism,Urban
Costa Rica,Male,65+,Christianity,Urban
Costa Rica,Male,26-35,Christianity,Urban
Costa Rica,Male,56-65,I do not identify with any religious group or faith,Urban
Costa Rica,Female,46-55,Christianity,Urban
Costa Rica,Male,56-65,I do not identify with any religious group or faith,Urban
Costa Rica,Male,18-25,Christianity,Urban
Costa Rica,Female,26-35,Christianity,Urban
Costa Rica,Female,56-65,Christianity,Urban
Costa Rica,Female,18-25,Christianity,Urban
Costa Rica,Female,65+,I do not identify with any religious group or faith,Urban
Costa Rica,Male,56-65,Christianity,Urban
Costa Rica,Male,56-65,Christianity,Urban
Costa Rica,Female,65+,Christianity,Urban
Costa Rica,Female,26-35,Christianity,Urban
Costa Rica,Male,18-25,Christianity,Urban
Costa Rica,Male,36-45,Christianity,Urban
Costa Rica,Male,56-65,Christianity,Urban
Costa Rica,Female,18-25,Christianity,Urban
Costa Rica,Male,36-45,I do not identify with any religious group or faith,Urban
Costa Rica,Female,56-65,Christianity,Urban
Costa Rica,Female,46-55,I do not identify with any religious group or faith,Urban
Costa Rica,Male,56-65,Christianity,Urban
Costa Rica,Male,18-25,Christianity,Urban
Costa Rica,Female,26-35,Christianity,Urban
Costa Rica,Female,18-25,Christianity,Urban
Costa Rica,Male,56-65,Christianity,Urban
Costa Rica,Male,36-45,Christianity,Urban
Costa Rica,Female,26-35,Christianity,Urban
Costa Rica,Male,65+,Christianity,Urban
Costa Rica,Male,36-45,I do not identify with any religious group or faith,Urban
Costa Rica,Female,56-65,Christianity,Urban
Costa Rica,Male,46-55,Christianity,Urban
Costa Rica,Female,36-45,Christianity,Urban
Costa Rica,Female,26-35,Christianity,Urban
Costa Rica,Male,18-25,I do not identify with any religious group or faith,Urban
Costa Rica,Female,56-65,Christianity,Urban
Costa Rica,Male,46-55,Christianity,Urban
Costa Rica,Female,18-25,Christianity,Urban
Costa Rica,Female,46-55,Christianity,Urban
Costa Rica,Female,46-55,Christianity,Urban
Costa Rica,Male,56-65,I do not identify with any religious group or faith,Urban
Costa Rica,Female,56-65,Christianity,Urban
Costa Rica,Female,56-65,Christianity,Urban
Costa Rica,Female,36-45,Christianity,Urban
Costa Rica,Male,65+,Christianity,Urban
Costa Rica,Male,36-45,Christianity,Urban
Costa Rica,Male,65+,I do not identify with any religious group or faith,Urban
Costa Rica,Male,36-45,Christianity,Urban
Costa Rica,Female,46-55,Christianity,Urban
Costa Rica,Female,26-35,I do not identify with any religious group or faith,Urban
Costa Rica,Male,46-55,I do not identify with any religious group or faith,Urban
Costa Rica,Male,26-35,Christianity,Urban
Costa Rica,Male,56-65,I do not identify with any religious group or faith,Urban
Costa Rica,Female,56-65,I do not identify with any religious group or faith,Urban
Costa Rica,Female,65+,Christianity,Urban
Costa Rica,Female,26-35,Christianity,Urban
Costa Rica,Male,18-25,Christianity,Urban
Costa Rica,Male,46-55,Christianity,Urban
Costa Rica,Male,26-35,Christianity,Urban
Costa Rica,Male,18-25,Christianity,Urban
Costa Rica,Female,56-65,Christianity,Urban
Costa Rica,Male,26-35,Christianity,Urban
Costa Rica,Male,36-45,Christianity,Urban
Costa Rica,Female,26-35,Christianity,Urban
Costa Rica,Female,65+,Christianity,Urban
Costa Rica,Female,26-35,Christianity,Urban
Costa Rica,Female,56-65,Christianity,Urban
Costa Rica,Male,65+,I do not identify with any religious group or faith,Urban
Costa Rica,Male,56-65,Christianity,Urban
Costa Rica,Male,46-55,Christianity,Urban
Costa Rica,Female,36-45,Christianity,Urban
Costa Rica,Female,36-45,Christianity,Urban
Costa Rica,Male,26-35,Christianity,Urban
Costa Rica,Female,36-45,Christianity,Urban
Costa Rica,Male,56-65,Christianity,Urban
Costa Rica,Female,26-35,I do not identify with any religious group or faith,Urban
Costa Rica,Male,18-25,I do not identify with any religious group or faith,Urban
Costa Rica,Male,65+,Christianity,Urban
Costa Rica,Female,56-65,I do not identify with any religious group or faith,Urban
Costa Rica,Male,26-35,Christianity,Urban
Costa Rica,Female,36-45,Christianity,Urban
Costa Rica,Male,65+,Christianity,Urban
Costa Rica,Female,36-45,Christianity,Urban
Costa Rica,Female,46-55,Christianity,Urban
Costa Rica,Male,36-45,Christianity,Urban
Costa Rica,Female,18-25,Christianity,Urban
Costa Rica,Male,18-25,Christianity,Urban
Costa Rica,Female,65+,I do not identify with any religious group or faith,Urban
Costa Rica,Male,56-65,Christianity,Urban
Costa Rica,Female,26-35,Christianity,Urban
Costa Rica,Male,36-45,Christianity,Urban
Costa Rica,Female,18-25,Other religious group,Urban
Costa Rica,Female,56-65,Christianity,Urban
Costa Rica,Male,18-25,,Urban
Costa Rica,Female,26-35,,Urban
Costa Rica,Male,65+,Christianity,Urban
Costa Rica,Male,56-65,Christianity,Urban
Costa Rica,Female,18-25,Christianity,Urban
Costa Rica,Male,26-35,Christianity,Urban
Costa Rica,Female,56-65,Christianity,Urban
Costa Rica,Female,36-45,Christianity,Urban
Costa Rica,Female,56-65,Christianity,Urban
Costa Rica,Male,18-25,Christianity,Urban
Costa Rica,Female,46-55,Christianity,Urban
Costa Rica,Male,65+,Christianity,Urban
Costa Rica,Male,65+,Christianity,Urban
Costa Rica,Male,46-55,Christianity,Urban
Costa Rica,Female,26-35,Christianity,Urban
Costa Rica,Male,36-45,I do not identify with any religious group or faith,Urban
Costa Rica,Male,56-65,Christianity,Urban
Costa Rica,Female,56-65,Christianity,Urban
Costa Rica,Male,56-65,I do not identify with any religious group or faith,Urban
Costa Rica,Female,26-35,Christianity,Urban
Costa Rica,Female,18-25,Christianity,Urban
Costa Rica,Male,26-35,,Urban
Costa Rica,Male,56-65,Christianity,Urban
Costa Rica,Male,26-35,Christianity,Urban
Costa Rica,Female,18-25,I do not identify with any religious group or faith,Urban
Costa Rica,Female,18-25,Christianity,Urban
Costa Rica,Female,56-65,Christianity,Urban
Costa Rica,Male,36-45,I do not identify with any religious group or faith,Urban
Costa Rica,Female,56-65,Christianity,Urban
Costa Rica,Female,36-45,Christianity,Urban
Costa Rica,Female,56-65,Christianity,Urban
Costa Rica,Male,56-65,I do not identify with any religious group or faith,Urban
Costa Rica,Male,26-35,Christianity,Urban
Costa Rica,Male,46-55,Christianity,Urban
Costa Rica,Female,65+,Christianity,Urban
Costa Rica,Male,36-45,Christianity,Urban
Costa Rica,Male,46-55,Christianity,Urban
Costa Rica,Female,65+,Christianity,Urban
Costa Rica,Male,36-45,I do not identify with any religious group or faith,Urban
Costa Rica,Female,56-65,Christianity,Urban
Costa Rica,Male,56-65,Christianity,Urban
Costa Rica,Female,56-65,Christianity,Urban
Costa Rica,Female,26-35,Christianity,Urban
Costa Rica,Female,18-25,Christianity,Urban
Costa Rica,Female,36-45,Christianity,Urban
Costa Rica,Male,46-55,Christianity,Urban
Costa Rica,Male,18-25,Christianity,Urban
Costa Rica,Male,56-65,Christianity,Urban
Costa Rica,Male,56-65,I do not identify with any religious group or faith,Urban
Costa Rica,Female,56-65,Christianity,Urban
Costa Rica,Female,26-35,Christianity,Urban
Costa Rica,Male,65+,Christianity,Urban
Costa Rica,Female,18-25,Christianity,Urban
Costa Rica,Female,65+,Christianity,Urban
Costa Rica,Female,65+,Christianity,Urban
Costa Rica,Male,46-55,Christianity,Urban
Costa Rica,Male,56-65,I do not identify with any religious group or faith,Urban
Costa Rica,Female,26-35,I do not identify with any religious group or faith,Urban
Costa Rica,Female,18-25,Christianity,Urban
Costa Rica,Male,18-25,Christianity,Urban
Costa Rica,Female,26-35,Christianity,Urban
Costa Rica,Male,26-35,I do not identify with any religious group or faith,Urban
Costa Rica,Male,65+,Christianity,Urban
Costa Rica,Female,46-55,Christianity,Urban
Costa Rica,Female,65+,Christianity,Urban
Costa Rica,Male,46-55,Christianity,Urban
Costa Rica,Male,46-55,I do not identify with any religious group or faith,Urban
Costa Rica,Male,65+,Christianity,Urban
Costa Rica,Female,46-55,Christianity,Urban
Costa Rica,Female,56-65,Christianity,Urban
Costa Rica,Female,46-55,Christianity,Urban
Costa Rica,Male,18-25,Christianity,Urban
Costa Rica,Female,18-25,Christianity,Urban
Costa Rica,Female,36-45,I do not identify with any religious group or faith,Urban
Costa Rica,Male,26-35,Christianity,Urban
Costa Rica,Male,26-35,I do not identify with any religious group or faith,Urban
Costa Rica,Male,26-35,Christianity,Urban
Costa Rica,Male,65+,Christianity,Urban
Costa Rica,Female,36-45,Christianity,Urban
Costa Rica,Female,26-35,Christianity,Urban
Costa Rica,Male,36-45,Christianity,Urban
Costa Rica,Female,56-65,Christianity,Urban
Costa Rica,Female,18-25,Christianity,Urban
Costa Rica,Male,26-35,,Urban
Costa Rica,Male,26-35,,Urban
Costa Rica,Female,56-65,Judaism,Urban
Costa Rica,Female,36-45,Christianity,Urban
Costa Rica,Male,56-65,Christianity,Urban
Costa Rica,Male,36-45,Christianity,Urban
Costa Rica,Female,65+,Christianity,Urban
Costa Rica,Male,36-45,Christianity,Urban
Costa Rica,Female,18-25,Christianity,Urban
Costa Rica,Male,65+,I do not identify with any religious group or faith,Urban
Costa Rica,Female,65+,Christianity,Urban
Costa Rica,Female,26-35,Christianity,Urban
Costa Rica,Male,65+,Christianity,Urban
Costa Rica,Female,56-65,Christianity,Urban
Costa Rica,Male,46-55,Christianity,Urban
Costa Rica,Male,36-45,Christianity,Urban
Costa Rica,Male,18-25,Christianity,Urban
Costa Rica,Male,65+,Christianity,Urban
Costa Rica,Female,56-65,Christianity,Urban
Costa Rica,Female,56-65,Christianity,Urban
Costa Rica,Female,56-65,Christianity,Urban
Costa Rica,Female,26-35,Christianity,Urban
Costa Rica,Male,46-55,Christianity,Urban
Costa Rica,Male,36-45,I do not identify with any religious group or faith,Urban
Costa Rica,Female,36-45,Christianity,Urban
Costa Rica,Female,65+,Christianity,Urban
Costa Rica,Female,18-25,Christianity,Urban
Costa Rica,Male,56-65,I do not identify with any religious group or faith,Urban
Costa Rica,Male,46-55,Christianity,Urban
Costa Rica,Male,65+,I do not identify with any religious group or faith,Urban
Costa Rica,Female,46-55,Christianity,Urban
Costa Rica,Female,65+,Christianity,Urban
Costa Rica,Male,46-55,Christianity,Urban
Costa Rica,Female,36-45,Christianity,Urban
Costa Rica,Male,56-65,Christianity,Urban
Costa Rica,Male,26-35,I do not identify with any religious group or faith,Urban
Costa Rica,Male,56-65,Christianity,Urban
Costa Rica,Female,65+,Christianity,Urban
Costa Rica,Female,26-35,Christianity,Urban
Costa Rica,Female,26-35,I do not identify with any religious group or faith,Urban
Costa Rica,Female,56-65,Christianity,Urban
Costa Rica,Female,18-25,I do not identify with any religious group or faith,Urban
Costa Rica,Male,26-35,Christianity,Urban
Costa Rica,Female,56-65,Christianity,Urban
Costa Rica,Male,26-35,Christianity,Urban
Costa Rica,Male,18-25,Christianity,Urban
Costa Rica,Male,56-65,Christianity,Urban
Costa Rica,Male,56-65,Christianity,Urban
Costa Rica,Male,36-45,Christianity,Urban
Costa Rica,Female,26-35,I do not identify with any religious group or faith,Urban
Costa Rica,Female,65+,Christianity,Urban
Costa Rica,Female,56-65,Christianity,Urban
Costa Rica,Female,46-55,Christianity,Urban
Costa Rica,Male,26-35,Christianity,Urban
Costa Rica,Female,26-35,Christianity,Urban
Costa Rica,Female,36-45,Christianity,Urban
Costa Rica,Female,36-45,I do not identify with any religious group or faith,Urban
Costa Rica,Female,56-65,Christianity,Urban
Costa Rica,Male,65+,Christianity,Urban
Costa Rica,Female,56-65,Christianity,Urban
Costa Rica,Male,46-55,Christianity,Urban
Costa Rica,Female,26-35,I do not identify with any religious group or faith,Urban
Costa Rica,Male,56-65,Christianity,Urban
Costa Rica,Female,18-25,I do not identify with any religious group or faith,Urban
Costa Rica,Male,65+,Christianity,Urban
Costa Rica,Male,65+,Christianity,Urban
Costa Rica,Male,36-45,I do not identify with any religious group or faith,Urban
Costa Rica,Female,65+,I do not identify with any religious group or faith,Urban
Costa Rica,Female,36-45,I do not identify with any religious group or faith,Urban
Costa Rica,Female,36-45,Christianity,Urban
Costa Rica,Female,46-55,Christianity,Urban
Costa Rica,Male,26-35,Christianity,Urban
Costa Rica,Female,26-35,Christianity,Urban
Costa Rica,Male,36-45,I do not identify with any religious group or faith,Urban
Costa Rica,Female,46-55,Christianity,Urban
Costa Rica,Female,56-65,Christianity,Urban
Costa Rica,Male,56-65,Christianity,Urban
Costa Rica,Male,65+,I do not identify with any religious group or faith,Urban
Costa Rica,Female,65+,Christianity,Urban
Costa Rica,Female,56-65,Christianity,Urban
Costa Rica,Male,18-25,Christianity,Urban
Costa Rica,Male,26-35,Christianity,Urban
Costa Rica,Male,56-65,I do not identify with any religious group or faith,Urban
Costa Rica,Female,56-65,Christianity,Urban
Costa Rica,Male,18-25,I do not identify with any religious group or faith,Urban
Costa Rica,Female,36-45,I do not identify with any religious group or faith,Urban
Costa Rica,Female,18-25,Christianity,Urban
Costa Rica,Male,56-65,Christianity,Urban
Costa Rica,Female,36-45,Christianity,Urban
Costa Rica,Female,46-55,Christianity,Urban
Costa Rica,Male,26-35,I do not identify with any religious group or faith,Urban
Costa Rica,Male,56-65,Christianity,Urban
Costa Rica,Male,26-35,Christianity,Urban
Costa Rica,Male,56-65,I do not identify with any religious group or faith,Urban
Costa Rica,Male,26-35,Christianity,Urban
Costa Rica,Female,56-65,Christianity,Urban
Costa Rica,Female,56-65,I do not identify with any religious group or faith,Urban
Costa Rica,Male,26-35,I do not identify with any religious group or faith,Urban
Costa Rica,Female,36-45,Christianity,Urban
Costa Rica,Female,18-25,Christianity,Urban
Costa Rica,Male,65+,Christianity,Urban
Costa Rica,Female,18-25,I do not identify with any religious group or faith,Urban
Costa Rica,Female,46-55,Christianity,Urban
Costa Rica,Female,46-55,Christianity,Urban
Costa Rica,Female,18-25,Christianity,Urban
Costa Rica,Male,18-25,Christianity,Urban
Costa Rica,Male,65+,Christianity,Urban
Costa Rica,Male,65+,I do not identify with any religious group or faith,Urban
Costa Rica,Female,46-55,Christianity,Urban
Costa Rica,Male,36-45,Christianity,Urban
Costa Rica,Female,56-65,Christianity,Urban
Costa Rica,Male,18-25,Christianity,Urban
Costa Rica,Male,65+,Christianity,Urban
Costa Rica,Female,56-65,Christianity,Urban
Costa Rica,Female,65+,Christianity,Urban
Costa Rica,Female,36-45,Christianity,Urban
Costa Rica,Female,56-65,Christianity,Urban
Costa Rica,Male,56-65,I do not identify with any religious group or faith,Urban
Costa Rica,Female,26-35,Christianity,Urban
Costa Rica,Male,26-35,Christianity,Urban
Costa Rica,Female,56-65,Christianity,Urban
Costa Rica,Male,46-55,Christianity,Urban
Costa Rica,Female,26-35,Christianity,Urban
Costa Rica,Female,26-35,I do not identify with any religious group or faith,Urban
Costa Rica,Male,26-35,Christianity,Urban
Costa Rica,Female,56-65,Christianity,Urban
Costa Rica,Female,18-25,Christianity,Urban
Costa Rica,Female,65+,Christianity,Urban
Costa Rica,Male,65+,Christianity,Urban
Costa Rica,Male,36-45,Christianity,Urban
Costa Rica,Female,65+,Christianity,Urban
Costa Rica,Male,26-35,Christianity,Urban
Costa Rica,Male,18-25,I do not identify with any religious group or faith,Urban
Costa Rica,Female,46-55,Christianity,Urban
Costa Rica,Female,56-65,I do not identify with any religious group or faith,Urban
Costa Rica,Male,65+,Christianity,Urban
Costa Rica,Female,46-55,I do not identify with any religious group or faith,Urban
Costa Rica,Female,18-25,Christianity,Urban
Costa Rica,Male,65+,Christianity,Urban
Costa Rica,Female,56-65,I do not identify with any religious group or faith,Urban
Costa Rica,Male,56-65,I do not identify with any religious group or faith,Urban
Costa Rica,Male,46-55,Christianity,Urban
Costa Rica,Male,26-35,Christianity,Urban
Costa Rica,Male,56-65,I do not identify with any religious group or faith,Urban
Costa Rica,Female,56-65,Christianity,Urban
Costa Rica,Female,46-55,Christianity,Urban
Costa Rica,Female,65+,Christianity,Urban
Costa Rica,Female,26-35,I do not identify with any religious group or faith,Urban
Costa Rica,Male,36-45,I do not identify with any religious group or faith,Urban
Costa Rica,Male,65+,,Urban
Costa Rica,Female,18-25,Christianity,Urban
Costa Rica,Female,56-65,Christianity,Urban
Costa Rica,Female,18-25,Christianity,Urban
Costa Rica,Male,56-65,Christianity,Urban
Costa Rica,Female,18-25,Christianity,Urban
Costa Rica,Female,26-35,Christianity,Urban
Costa Rica,Male,56-65,Christianity,Urban
Costa Rica,Female,26-35,Christianity,Urban
Costa Rica,Male,56-65,Christianity,Urban
Costa Rica,Male,26-35,I do not identify with any religious group or faith,Urban
Costa Rica,Female,26-35,Christianity,Urban
Costa Rica,Male,46-55,Christianity,Urban
Costa Rica,Female,65+,Christianity,Urban
Costa Rica,Male,18-25,Christianity,Urban
Costa Rica,Male,36-45,Christianity,Urban
Costa Rica,Male,56-65,I do not identify with any religious group or faith,Urban
Costa Rica,Female,18-25,Christianity,Urban
Costa Rica,Male,56-65,Christianity,Urban
Costa Rica,Female,26-35,Christianity,Urban
Costa Rica,Female,26-35,Christianity,Urban
Costa Rica,Female,56-65,Christianity,Urban
Costa Rica,Male,36-45,Christianity,Urban
Costa Rica,Male,46-55,Christianity,Urban
Costa Rica,Female,65+,Christianity,Urban
Costa Rica,Female,36-45,Christianity,Urban
Costa Rica,Male,26-35,I do not identify with any religious group or faith,Urban
Costa Rica,Female,56-65,Christianity,Urban
Costa Rica,Female,18-25,Christianity,Urban
Costa Rica,Male,18-25,Christianity,Urban
Costa Rica,Female,36-45,Christianity,Urban
Costa Rica,Female,56-65,Christianity,Urban
Costa Rica,Male,18-25,Christianity,Urban
Costa Rica,Male,56-65,Christianity,Urban
Costa Rica,Female,36-45,Christianity,Urban
Costa Rica,Female,18-25,Christianity,Urban
Costa Rica,Male,46-55,Christianity,Urban
Costa Rica,Female,46-55,Christianity,Urban
Costa Rica,Male,36-45,Christianity,Urban
Costa Rica,Female,65+,Christianity,Urban
Costa Rica,Female,56-65,Christianity,Urban
Costa Rica,Male,46-55,I do not identify with any religious group or faith,Urban
Costa Rica,Female,36-45,Christianity,Urban
Costa Rica,Male,65+,Christianity,Urban
Costa Rica,Female,18-25,Christianity,Urban
Costa Rica,Male,46-55,I do not identify with any religious group or faith,Urban
Costa Rica,Male,46-55,Christianity,Urban
Costa Rica,Female,56-65,Christianity,Urban
Costa Rica,Female,36-45,Christianity,Urban
Costa Rica,Male,56-65,Christianity,Urban
Costa Rica,Male,26-35,Christianity,Urban
Costa Rica,Male,36-45,Christianity,Urban
Costa Rica,Male,36-45,Christianity,Urban
Costa Rica,Female,46-55,Christianity,Urban
Costa Rica,Female,26-35,Christianity,Urban
Costa Rica,Male,36-45,Christianity,Urban
Costa Rica,Female,36-45,Christianity,Urban
Costa Rica,Female,18-25,I do not identify with any religious group or faith,Urban
Costa Rica,Male,46-55,Christianity,Urban
Costa Rica,Female,18-25,Christianity,Urban
Costa Rica,Male,18-25,I do not identify with any religious group or faith,Urban
Costa Rica,Female,46-55,Christianity,Urban
Costa Rica,Male,26-35,Christianity,Urban
Costa Rica,Female,18-25,Christianity,Urban
Costa Rica,Female,18-25,Christianity,Urban
Costa Rica,Male,56-65,Christianity,Urban
Costa Rica,Male,46-55,Christianity,Urban
Costa Rica,Female,46-55,Christianity,Urban
Costa Rica,Female,56-65,Christianity,Urban
Costa Rica,Male,65+,Christianity,Urban
Costa Rica,Female,36-45,Christianity,Urban
Costa Rica,Female,36-45,Christianity,Urban
Costa Rica,Male,18-25,Christianity,Urban
Costa Rica,Female,56-65,Christianity,Urban
Costa Rica,Male,26-35,Christianity,Urban
Costa Rica,Male,56-65,I do not identify with any religious group or faith,Urban
Costa Rica,Female,56-65,I do not identify with any religious group or faith,Urban
Costa Rica,Male,46-55,Christianity,Urban
Costa Rica,Female,26-35,Christianity,Urban
Costa Rica,Female,46-55,Christianity,Urban
Costa Rica,Female,36-45,I do not identify with any religious group or faith,Urban
Costa Rica,Male,65+,I do not identify with any religious group or faith,Urban
Costa Rica,Male,56-65,Christianity,Urban
Costa Rica,Male,26-35,I do not identify with any religious group or faith,Urban
Costa Rica,Female,18-25,Christianity,Urban
Costa Rica,Male,18-25,Christianity,Urban
Costa Rica,Female,56-65,Christianity,Urban
Costa Rica,Female,65+,Christianity,Urban
Costa Rica,Female,36-45,Christianity,Urban
Costa Rica,Female,65+,Christianity,Urban
Costa Rica,Male,46-55,Christianity,Urban
Costa Rica,Male,26-35,I do not identify with any religious group or faith,Urban
Costa Rica,Female,36-45,Christianity,Urban
Costa Rica,Female,56-65,Christianity,Urban
Costa Rica,Male,46-55,Christianity,Urban
Costa Rica,Female,26-35,Christianity,Urban
Costa Rica,Male,46-55,I do not identify with any religious group or faith,Urban
Costa Rica,Male,26-35,Christianity,Urban
Costa Rica,Male,36-45,Christianity,Urban
Costa Rica,Female,56-65,Christianity,Urban
Costa Rica,Male,46-55,Christianity,Urban
Costa Rica,Female,46-55,Christianity,Urban
Costa Rica,Male,56-65,Judaism,Urban
Costa Rica,Female,56-65,Christianity,Urban
Costa Rica,Female,65+,Christianity,Urban
Costa Rica,Male,36-45,Christianity,Urban
Costa Rica,Female,46-55,Christianity,Urban
Costa Rica,Female,18-25,Christianity,Urban
Costa Rica,Female,65+,Christianity,Urban
Costa Rica,Male,36-45,Christianity,Urban
Costa Rica,Male,18-25,Christianity,Urban
Costa Rica,Male,56-65,Christianity,Urban
Costa Rica,Male,56-65,Christianity,Urban
Costa Rica,Male,56-65,Christianity,Urban
Costa Rica,Female,56-65,Christianity,Urban
Costa Rica,Female,18-25,Christianity,Urban
Costa Rica,Male,26-35,I do not identify with any religious group or faith,Urban
Costa Rica,Male,36-45,I do not identify with any religious group or faith,Urban
Costa Rica,Female,18-25,Christianity,Urban
Costa Rica,Female,18-25,Christianity,Urban
Costa Rica,Female,46-55,Other religious group,Urban
Costa Rica,Female,46-55,I do not identify with any religious group or faith,Urban
Costa Rica,Male,46-55,Christianity,Urban
Costa Rica,Female,65+,Christianity,Urban
Costa Rica,Male,46-55,I do not identify with any religious group or faith,Urban
Costa Rica,Female,18-25,Christianity,Urban
Costa Rica,Male,26-35,Christianity,Urban
Costa Rica,Male,46-55,I do not identify with any religious group or faith,Urban
Costa Rica,Female,36-45,Christianity,Urban
Costa Rica,Female,36-45,Christianity,Urban
Costa Rica,Female,46-55,Christianity,Urban
Costa Rica,Male,26-35,Christianity,Urban
Costa Rica,Female,56-65,Christianity,Urban
Costa Rica,Male,36-45,Christianity,Urban
Costa Rica,Male,18-25,Christianity,Urban
Costa Rica,Female,56-65,Christianity,Urban
Costa Rica,Female,56-65,Christianity,Urban
Costa Rica,Female,18-25,,Urban
Costa Rica,Male,46-55,Christianity,Urban
Costa Rica,Male,56-65,Christianity,Urban
Costa Rica,Male,36-45,Christianity,Urban
Costa Rica,Male,65+,Christianity,Urban
Costa Rica,Female,46-55,I do not identify with any religious group or faith,Urban
Costa Rica,Male,46-55,Christianity,Urban
Costa Rica,Male,56-65,Christianity,Urban
Costa Rica,Male,18-25,Christianity,Urban
Costa Rica,Female,26-35,Christianity,Urban
Costa Rica,Male,46-55,Christianity,Urban
Costa Rica,Female,56-65,Christianity,Urban
Costa Rica,Female,65+,Christianity,Urban
Costa Rica,Male,26-35,Christianity,Urban
Costa Rica,Female,56-65,Christianity,Urban
Costa Rica,Male,56-65,Christianity,Urban
Costa Rica,Female,56-65,Christianity,Urban
Costa Rica,Female,18-25,Christianity,Urban
Costa Rica,Female,18-25,Christianity,Urban
Costa Rica,Male,36-45,Christianity,Urban
Costa Rica,Female,46-55,Christianity,Urban
Costa Rica,Male,46-55,Christianity,Urban
Costa Rica,Female,36-45,Christianity,Urban
Costa Rica,Male,46-55,I do not identify with any religious group or faith,Urban
Costa Rica,Female,56-65,Christianity,Urban
Costa Rica,Female,36-45,Christianity,Urban
Costa Rica,Female,26-35,Christianity,Urban
Costa Rica,Male,56-65,Christianity,Urban
Costa Rica,Female,18-25,Christianity,Urban
Costa Rica,Male,56-65,Christianity,Urban
Costa Rica,Female,65+,I do not identify with any religious group or faith,Urban
Costa Rica,Female,65+,Christianity,Urban
Costa Rica,Male,18-25,I do not identify with any religious group or faith,Urban
Costa Rica,Female,36-45,Christianity,Urban
Costa Rica,Male,46-55,Christianity,Urban
Costa Rica,Male,36-45,Christianity,Urban
Costa Rica,Male,36-45,Christianity,Urban
Costa Rica,Female,18-25,Christianity,Urban
Costa Rica,Male,65+,Christianity,Urban
Costa Rica,Female,26-35,Christianity,Urban
Costa Rica,Female,46-55,Christianity,Urban
Costa Rica,Male,46-55,Christianity,Urban
Costa Rica,Female,36-45,Christianity,Urban
Costa Rica,Female,56-65,Christianity,Urban
Costa Rica,Female,65+,Christianity,Urban
Costa Rica,Female,26-35,I do not identify with any religious group or faith,Urban
Costa Rica,Male,65+,Christianity,Urban
Costa Rica,Female,26-35,Christianity,Urban
Costa Rica,Male,65+,Christianity,Urban
Costa Rica,Female,18-25,I do not identify with any religious group or faith,Urban
Costa Rica,Female,65+,Christianity,Urban
Costa Rica,Female,56-65,Christianity,Urban
Costa Rica,Male,36-45,Christianity,Urban
Costa Rica,Male,26-35,I do not identify with any religious group or faith,Urban
Costa Rica,Male,36-45,Christianity,Urban
Costa Rica,Male,46-55,I do not identify with any religious group or faith,Urban
Costa Rica,Female,46-55,Christianity,Urban
Costa Rica,Male,46-55,Christianity,Urban
Costa Rica,Female,56-65,Christianity,Urban
Costa Rica,Female,36-45,I do not identify with any religious group or faith,Urban
Costa Rica,Male,46-55,Christianity,Urban
Costa Rica,Female,56-65,Christianity,Urban
Costa Rica,Male,46-55,I do not identify with any religious group or faith,Urban
Costa Rica,Female,18-25,Christianity,Urban
Costa Rica,Female,56-65,Christianity,Urban
Costa Rica,Male,65+,Christianity,Urban
Costa Rica,Female,18-25,I do not identify with any religious group or faith,Urban
Costa Rica,Female,36-45,Christianity,Urban
Costa Rica,Male,36-45,Christianity,Urban
Costa Rica,Female,65+,Christianity,Urban
Costa Rica,Female,18-25,Christianity,Urban
Costa Rica,Male,26-35,Christianity,Urban
Costa Rica,Female,26-35,,Urban
Costa Rica,Male,36-45,Christianity,Urban
Costa Rica,Female,36-45,I do not identify with any religious group or faith,Urban
Costa Rica,Female,26-35,Christianity,Urban
Costa Rica,Male,46-55,I do not identify with any religious group or faith,Urban
Costa Rica,Male,46-55,Christianity,Urban
Costa Rica,Male,56-65,Christianity,Urban
Costa Rica,Female,36-45,I do not identify with any religious group or faith,Urban
Costa Rica,Male,18-25,Christianity,Urban
Costa Rica,Female,26-35,Christianity,Urban
Costa Rica,Male,65+,Christianity,Urban
Costa Rica,Female,18-25,Christianity,Urban
Costa Rica,Female,56-65,Christianity,Urban
Costa Rica,Female,36-45,Christianity,Urban
Costa Rica,Female,65+,Christianity,Urban
Costa Rica,Female,18-25,Christianity,Urban
Costa Rica,Female,36-45,Christianity,Urban
Costa Rica,Male,36-45,Christianity,Urban
Costa Rica,Male,46-55,Christianity,Urban
Costa Rica,Female,46-55,Christianity,Urban
Costa Rica,Male,46-55,Christianity,Urban
Costa Rica,Male,18-25,Christianity,Urban
Costa Rica,Female,36-45,Christianity,Urban
Costa Rica,Female,46-55,Christianity,Urban
Costa Rica,Female,46-55,Christianity,Urban
Costa Rica,Male,56-65,Christianity,Urban
Costa Rica,Male,26-35,Christianity,Urban
Costa Rica,Male,65+,Christianity,Urban
Costa Rica,Male,36-45,Christianity,Urban
Costa Rica,Male,56-65,Christianity,Urban
Costa Rica,Female,65+,Christianity,Urban
Costa Rica,Male,56-65,I do not identify with any religious group or faith,Urban
Costa Rica,Female,26-35,,Urban
Costa Rica,Female,65+,Christianity,Urban
Costa Rica,Male,65+,I do not identify with any religious group or faith,Urban
Costa Rica,Female,18-25,Other religious group,Urban
Costa Rica,Male,18-25,Christianity,Urban
Costa Rica,Female,46-55,Christianity,Urban
Costa Rica,Female,26-35,Christianity,Urban
Costa Rica,Female,46-55,I do not identify with any religious group or faith,Urban
Costa Rica,Female,18-25,I do not identify with any religious group or faith,Urban
Costa Rica,Male,56-65,Christianity,Urban
Costa Rica,Male,36-45,Christianity,Urban
Costa Rica,Female,18-25,I do not identify with any religious group or faith,Urban
Costa Rica,Female,36-45,Christianity,Urban
Costa Rica,Male,46-55,Christianity,Urban
Costa Rica,Female,18-25,Christianity,Urban
Costa Rica,Female,18-25,Christianity,Urban
Costa Rica,Female,56-65,I do not identify with any religious group or faith,Urban
Costa Rica,Male,65+,Christianity,Urban
Costa Rica,Male,65+,Christianity,Urban
Costa Rica,Male,65+,Christianity,Urban
Costa Rica,Female,36-45,Christianity,Urban
Costa Rica,Female,36-45,I do not identify with any religious group or faith,Urban
Costa Rica,Female,56-65,Judaism,Urban
Costa Rica,Male,46-55,Christianity,Urban
Costa Rica,Female,36-45,Christianity,Urban
Costa Rica,Female,36-45,I do not identify with any religious group or faith,Urban
Costa Rica,Male,36-45,Judaism,Urban
Costa Rica,Female,26-35,Christianity,Urban
Costa Rica,Female,36-45,,Urban
Costa Rica,Male,56-65,Christianity,Urban
Costa Rica,Male,56-65,Christianity,Urban
Costa Rica,Female,36-45,Christianity,Urban
Costa Rica,Male,65+,I do not identify with any religious group or faith,Urban
Costa Rica,Female,26-35,Christianity,Urban
Costa Rica,Male,26-35,Christianity,Urban
Costa Rica,Female,18-25,Christianity,Urban
Costa Rica,Female,56-65,Christianity,Urban
Costa Rica,Male,46-55,Christianity,Urban
Costa Rica,Male,36-45,Christianity,Urban
Costa Rica,Female,36-45,Christianity,Urban
Costa Rica,Male,56-65,I do not identify with any religious group or faith,Urban
Costa Rica,Male,18-25,Christianity,Urban
Costa Rica,Male,56-65,Christianity,Urban
Costa Rica,Female,36-45,Christianity,Urban
Costa Rica,Female,36-45,Christianity,Urban
Costa Rica,Female,46-55,Judaism,Urban
Costa Rica,Female,36-45,Christianity,Urban
Costa Rica,Male,26-35,Christianity,Urban
Costa Rica,Female,56-65,Christianity,Urban
Costa Rica,Male,65+,Christianity,Urban
Costa Rica,Male,46-55,Christianity,Urban
Costa Rica,Female,46-55,I do not identify with any religious group or faith,Urban
Costa Rica,Female,26-35,Christianity,Urban
Costa Rica,Female,56-65,Christianity,Urban
Costa Rica,Female,56-65,Christianity,Urban
Costa Rica,Female,18-25,Christianity,Urban
Costa Rica,Female,56-65,Christianity,Urban
Costa Rica,Male,36-45,Christianity,Urban
Costa Rica,Female,36-45,Christianity,Urban
Costa Rica,Male,65+,,Urban
Costa Rica,Male,18-25,Christianity,Urban
Costa Rica,Female,65+,Christianity,Urban
Costa Rica,Female,26-35,Christianity,Urban
Costa Rica,Male,26-35,Christianity,Urban
Costa Rica,Male,18-25,Christianity,Urban
Costa Rica,Male,26-35,Christianity,Urban
Costa Rica,Male,26-35,Christianity,Urban
Costa Rica,Male,26-35,Christianity,Urban
Costa Rica,Male,36-45,,Urban
Costa Rica,Male,65+,Christianity,Urban
Costa Rica,Female,26-35,Christianity,Urban
Costa Rica,Male,46-55,Christianity,Urban
Costa Rica,Male,56-65,Christianity,Urban
Costa Rica,Female,36-45,Christianity,Urban
Costa Rica,Male,18-25,I do not identify with any religious group or faith,Urban
Costa Rica,Female,65+,Christianity,Urban
Costa Rica,Male,26-35,Christianity,Urban
Costa Rica,Female,36-45,,Urban
Costa Rica,Female,18-25,Christianity,Urban
Costa Rica,Male,46-55,Christianity,Urban
Costa Rica,Female,56-65,I do not identify with any religious group or faith,Urban
Costa Rica,Male,46-55,I do not identify with any religious group or faith,Urban
Costa Rica,Female,65+,Christianity,Urban
Costa Rica,Female,26-35,Christianity,Urban
Costa Rica,Male,65+,Christianity,Urban
Costa Rica,Male,65+,Christianity,Urban
Costa Rica,Female,26-35,Christianity,Urban
Costa Rica,Male,36-45,I do not identify with any religious group or faith,Urban
Costa Rica,Female,56-65,Christianity,Urban
Costa Rica,Male,18-25,Christianity,Urban
Costa Rica,Female,46-55,Christianity,Urban
Costa Rica,Female,36-45,Christianity,Urban
Costa Rica,Female,18-25,Christianity,Urban
Costa Rica,Female,26-35,Christianity,Urban
Costa Rica,Female,26-35,,Urban
Costa Rica,Male,65+,Christianity,Urban
Costa Rica,Male,18-25,Christianity,Urban
Costa Rica,Male,46-55,Christianity,Urban
Costa Rica,Male,26-35,Christianity,Urban
Costa Rica,Male,36-45,Christianity,Urban
Costa Rica,Female,56-65,Christianity,Urban
Costa Rica,Male,18-25,Christianity,Urban
Costa Rica,Male,36-45,Christianity,Urban
Costa Rica,Male,36-45,Christianity,Urban
Costa Rica,Male,26-35,Christianity,Urban
Costa Rica,Female,26-35,Christianity,Urban
Costa Rica,Female,56-65,Christianity,Urban
Costa Rica,Female,26-35,Christianity,Urban
Costa Rica,Female,36-45,Christianity,Urban
Costa Rica,Female,26-35,Christianity,Urban
Costa Rica,Female,46-55,I do not identify with any religious group or faith,Urban
Costa Rica,Female,65+,I do not identify with any religious group or faith,Urban
Costa Rica,Female,18-25,Christianity,Urban
Costa Rica,Female,56-65,Christianity,Urban
Costa Rica,Male,56-65,Christianity,Urban
Costa Rica,Female,36-45,Christianity,Urban
Costa Rica,Male,26-35,Christianity,Urban
Costa Rica,Female,36-45,Christianity,Urban
Costa Rica,Male,36-45,Christianity,Urban
Costa Rica,Male,56-65,Christianity,Urban
Costa Rica,Female,18-25,,Urban
Costa Rica,Female,36-45,Christianity,Urban
Costa Rica,Female,26-35,Christianity,Urban
Costa Rica,Female,65+,Christianity,Urban
Costa Rica,Female,65+,Christianity,Urban
Costa Rica,Male,36-45,Christianity,Urban
Costa Rica,Male,36-45,I do not identify with any religious group or faith,Urban
Costa Rica,Female,56-65,Christianity,Urban
Costa Rica,Male,46-55,Christianity,Urban
Costa Rica,Male,18-25,I do not identify with any religious group or faith,Urban
Costa Rica,Female,18-25,Christianity,Urban
Costa Rica,Male,26-35,Christianity,Urban
Costa Rica,Male,18-25,Christianity,Urban
Costa Rica,Female,26-35,Christianity,Urban
Costa Rica,Male,65+,Christianity,Urban
Costa Rica,Male,56-65,Christianity,Urban
Costa Rica,Female,65+,Christianity,Urban
Costa Rica,Female,26-35,Christianity,Urban
Costa Rica,Female,65+,I do not identify with any religious group or faith,Urban
Costa Rica,Female,18-25,Christianity,Urban
Costa Rica,Female,56-65,Christianity,Urban
Costa Rica,Female,36-45,I do not identify with any religious group or faith,Urban
Costa Rica,Male,18-25,Christianity,Urban
Costa Rica,Male,36-45,Christianity,Urban
Costa Rica,Female,26-35,I do not identify with any religious group or faith,Urban
Costa Rica,Male,46-55,Christianity,Urban
Costa Rica,Female,65+,Christianity,Urban
Costa Rica,Male,46-55,I do not identify with any religious group or faith,Urban
Costa Rica,Female,36-45,Christianity,Urban
Costa Rica,Female,46-55,I do not identify with any religious group or faith,Urban
Costa Rica,Female,65+,Christianity,Urban
Costa Rica,Female,36-45,Christianity,Urban
Costa Rica,Female,56-65,Christianity,Urban
Costa Rica,Male,36-45,I do not identify with any religious group or faith,Urban
Costa Rica,Female,18-25,Christianity,Urban
Costa Rica,Male,26-35,I do not identify with any religious group or faith,Urban
Costa Rica,Male,18-25,Christianity,Urban
Costa Rica,Female,46-55,Christianity,Urban
Costa Rica,Female,65+,Christianity,Urban
Costa Rica,Male,56-65,I do not identify with any religious group or faith,Urban
Costa Rica,Male,65+,Christianity,Urban
Costa Rica,Male,26-35,Christianity,Urban
Costa Rica,Female,65+,Christianity,Urban
Costa Rica,Female,36-45,Christianity,Urban
Costa Rica,Female,18-25,Christianity,Urban
Costa Rica,Male,36-45,Christianity,Urban
Costa Rica,Female,36-45,Christianity,Urban
Costa Rica,Male,46-55,Christianity,Urban
Costa Rica,Female,56-65,Christianity,Urban
Costa Rica,Male,36-45,I do not identify with any religious group or faith,Urban
Costa Rica,Male,36-45,Christianity,Urban
Costa Rica,Male,36-45,Christianity,Urban
Costa Rica,Female,36-45,Christianity,Urban
Costa Rica,Male,65+,Christianity,Urban
Costa Rica,Male,56-65,Christianity,Urban
Costa Rica,Female,26-35,Christianity,Urban
Costa Rica,Female,26-35,Christianity,Urban
Costa Rica,Female,46-55,Christianity,Urban
Costa Rica,Male,18-25,Christianity,Urban
Costa Rica,Female,18-25,Christianity,Urban
Costa Rica,Male,26-35,Christianity,Urban
Costa Rica,Female,36-45,Christianity,Urban
Costa Rica,Male,65+,Christianity,Urban
Costa Rica,Female,46-55,Christianity,Urban
Costa Rica,Female,18-25,Christianity,Urban
Costa Rica,Male,36-45,I do not identify with any religious group or faith,Urban
Costa Rica,Male,46-55,Christianity,Urban
Costa Rica,Male,18-25,Christianity,Urban
Costa Rica,Female,26-35,Christianity,Urban
Costa Rica,Male,26-35,Christianity,Urban
Costa Rica,Female,46-55,Christianity,Urban
Costa Rica,Female,65+,Christianity,Urban
Costa Rica,Male,26-35,Christianity,Urban
Costa Rica,Female,26-35,Christianity,Urban
Costa Rica,Male,18-25,Christianity,Urban
Costa Rica,Male,46-55,Christianity,Urban
Costa Rica,Female,65+,Christianity,Urban
Costa Rica,Male,26-35,Christianity,Urban
Costa Rica,Female,56-65,Christianity,Urban
Costa Rica,Male,36-45,I do not identify with any religious group or faith,Urban
Costa Rica,Female,18-25,Christianity,Urban
Costa Rica,Female,18-25,Christianity,Urban
Costa Rica,Male,65+,Christianity,Urban
Costa Rica,Female,46-55,Christianity,Urban
Costa Rica,Male,56-65,I do not identify with any religious group or faith,Urban
Costa Rica,Female,18-25,Christianity,Urban
Costa Rica,Male,56-65,Christianity,Urban
Costa Rica,Female,56-65,Christianity,Urban
Costa Rica,Female,26-35,Christianity,Urban
Costa Rica,Male,26-35,I do not identify with any religious group or faith,Urban
Costa Rica,Female,65+,Christianity,Urban
Costa Rica,Female,26-35,Christianity,Urban
Costa Rica,Female,56-65,I do not identify with any religious group or faith,Urban
Costa Rica,Male,36-45,Christianity,Urban
Costa Rica,Female,26-35,Christianity,Urban
Costa Rica,Female,18-25,I do not identify with any religious group or faith,Urban
Costa Rica,Male,56-65,I do not identify with any religious group or faith,Urban
Costa Rica,Female,36-45,Christianity,Urban
Costa Rica,Female,36-45,Christianity,Urban
Costa Rica,Male,36-45,I do not identify with any religious group or faith,Urban
Costa Rica,Female,46-55,Christianity,Urban
Costa Rica,Female,46-55,Christianity,Urban
Costa Rica,Female,36-45,I do not identify with any religious group or faith,Urban
Costa Rica,Female,36-45,Christianity,Urban
Costa Rica,Female,36-45,Christianity,Urban
Costa Rica,Male,46-55,I do not identify with any religious group or faith,Urban
Costa Rica,Male,65+,Christianity,Urban
Costa Rica,Female,18-25,Christianity,Urban
Costa Rica,Female,46-55,Christianity,Urban
Costa Rica,Female,36-45,Christianity,Urban
Costa Rica,Male,18-25,Christianity,Urban
Costa Rica,Male,65+,I do not identify with any religious group or faith,Urban
Costa Rica,Male,56-65,Christianity,Urban
Costa Rica,Female,56-65,Christianity,Urban
Costa Rica,Male,56-65,Christianity,Urban
Costa Rica,Male,46-55,Christianity,Urban
Costa Rica,Female,56-65,Christianity,Urban
Costa Rica,Male,18-25,I do not identify with any religious group or faith,Urban
Costa Rica,Female,18-25,I do not identify with any religious group or faith,Urban
Costa Rica,Female,56-65,Christianity,Urban
Costa Rica,Male,56-65,I do not identify with any religious group or faith,Urban
Costa Rica,Female,18-25,Christianity,Urban
Costa Rica,Male,26-35,I do not identify with any religious group or faith,Urban
Costa Rica,Male,36-45,Christianity,Urban
Costa Rica,Male,56-65,Christianity,Urban
Costa Rica,Female,56-65,I do not identify with any religious group or faith,Urban
Costa Rica,Male,65+,Christianity,Urban
Costa Rica,Male,36-45,Christianity,Urban
Costa Rica,Female,26-35,Christianity,Urban
Costa Rica,Female,18-25,Christianity,Urban
Costa Rica,Male,18-25,Christianity,Urban
Costa Rica,Male,26-35,Christianity,Urban
Costa Rica,Male,56-65,Christianity,Urban
Costa Rica,Female,46-55,Christianity,Urban
Costa Rica,Male,26-35,Christianity,Urban
Costa Rica,Female,65+,Christianity,Urban
Costa Rica,Male,36-45,I do not identify with any religious group or faith,Urban
Costa Rica,Male,65+,Christianity,Urban
Costa Rica,Female,18-25,Christianity,Urban
Costa Rica,Female,26-35,Christianity,Urban
Costa Rica,Female,56-65,Christianity,Urban
Costa Rica,Male,18-25,I do not identify with any religious group or faith,Urban
Costa Rica,Female,26-35,I do not identify with any religious group or faith,Urban
Costa Rica,Female,46-55,Christianity,Urban
Costa Rica,Female,65+,Christianity,Urban
Costa Rica,Female,46-55,Christianity,Urban
Costa Rica,Male,26-35,I do not identify with any religious group or faith,Urban
Costa Rica,Female,46-55,Christianity,Urban
Costa Rica,Male,65+,Christianity,Urban
Costa Rica,Female,36-45,Christianity,Urban
Costa Rica,Male,26-35,Christianity,Urban
Costa Rica,Female,65+,Christianity,Urban
Costa Rica,Male,65+,Christianity,Urban
Costa Rica,Male,56-65,Christianity,Urban
Costa Rica,Female,18-25,I do not identify with any religious group or faith,Urban
Costa Rica,Female,18-25,Christianity,Urban
Costa Rica,Female,46-55,Christianity,Urban
Costa Rica,Male,65+,I do not identify with any religious group or faith,Urban
Costa Rica,Male,65+,Judaism,Urban
Costa Rica,Male,65+,Christianity,Urban
Costa Rica,Female,56-65,Christianity,Urban
Costa Rica,Male,26-35,Christianity,Urban
Costa Rica,Female,46-55,Christianity,Urban
Costa Rica,Female,65+,Christianity,Urban
Costa Rica,Female,56-65,I do not identify with any religious group or faith,Urban
Costa Rica,Male,26-35,Christianity,Urban
Costa Rica,Male,56-65,Christianity,Urban
Costa Rica,Female,65+,Christianity,Urban
Costa Rica,Female,26-35,I do not identify with any religious group or faith,Urban
Costa Rica,Male,56-65,Christianity,Urban
Costa Rica,Male,46-55,Christianity,Urban
Chile,Male,46-55,I do not identify with any religious group or faith,Urban
Chile,Male,46-55,I do not identify with any religious group or faith,Urban
Chile,Female,56-65,I do not identify with any religious group or faith,Urban
Chile,Male,26-35,I do not identify with any religious group or faith,Urban
Chile,Female,46-55,Christianity,Urban
Chile,Female,18-25,I do not identify with any religious group or faith,Urban
Chile,Male,56-65,Christianity,Urban
Chile,Male,26-35,,Urban
Chile,Male,65+,Christianity,Urban
Chile,Female,56-65,Christianity,Urban
Chile,Female,26-35,I do not identify with any religious group or faith,Urban
Chile,Female,36-45,Christianity,Urban
Chile,Female,46-55,Christianity,Urban
Chile,Male,56-65,Christianity,Urban
Chile,Female,26-35,I do not identify with any religious group or faith,Urban
Chile,Female,46-55,Christianity,Urban
Chile,Male,18-25,I do not identify with any religious group or faith,Urban
Chile,Male,18-25,I do not identify with any religious group or faith,Urban
Chile,Male,56-65,I do not identify with any religious group or faith,Urban
Chile,Male,18-25,Christianity,Urban
Chile,Female,18-25,I do not identify with any religious group or faith,Urban
Chile,Female,46-55,I do not identify with any religious group or faith,Urban
Chile,Female,46-55,I do not identify with any religious group or faith,Urban
Chile,Male,46-55,I do not identify with any religious group or faith,Urban
Chile,Female,36-45,I do not identify with any religious group or faith,Urban
Chile,Male,36-45,I do not identify with any religious group or faith,Urban
Chile,Female,36-45,Christianity,Urban
Chile,Female,36-45,Christianity,Urban
Chile,Female,26-35,Christianity,Urban
Chile,Female,26-35,Christianity,Urban
Chile,Male,18-25,I do not identify with any religious group or faith,Urban
Chile,Male,26-35,I do not identify with any religious group or faith,Urban
Chile,Female,56-65,Christianity,Urban
Chile,Male,36-45,I do not identify with any religious group or faith,Urban
Chile,Female,36-45,Christianity,Urban
Chile,Male,46-55,Christianity,Urban
Chile,Female,36-45,Christianity,Urban
Chile,Male,36-45,I do not identify with any religious group or faith,Urban
Chile,Female,36-45,Christianity,Urban
Chile,Male,46-55,Christianity,Urban
Chile,Female,65+,I do not identify with any religious group or faith,Urban
Chile,Female,46-55,Christianity,Urban
Chile,Female,36-45,Christianity,Urban
Chile,Female,36-45,I do not identify with any religious group or faith,Urban
Chile,Male,46-55,Christianity,Urban
Chile,Female,26-35,Christianity,Urban
Chile,Female,36-45,Christianity,Urban
Chile,Male,56-65,Christianity,Urban
Chile,Female,36-45,Christianity,Urban
Chile,Male,36-45,Christianity,Urban
Chile,Female,18-25,Christianity,Urban
Chile,Male,26-35,Christianity,Urban
Chile,Male,65+,Christianity,Urban
Chile,Female,65+,Christianity,Urban
Chile,Male,18-25,Christianity,Urban
Chile,Female,18-25,Christianity,Urban
Chile,Female,46-55,Christianity,Urban
Chile,Male,36-45,Christianity,Urban
Chile,Female,56-65,I do not identify with any religious group or faith,Urban
Chile,Male,56-65,Christianity,Urban
Chile,Female,36-45,Christianity,Urban
Chile,Female,65+,Christianity,Urban
Chile,Male,36-45,I do not identify with any religious group or faith,Urban
Chile,Male,18-25,I do not identify with any religious group or faith,Urban
Chile,Female,18-25,Christianity,Urban
Chile,Male,65+,Christianity,Urban
Chile,Male,56-65,Christianity,Urban
Chile,Female,65+,I do not identify with any religious group or faith,Urban
Chile,Male,65+,Christianity,Urban
Chile,Female,18-25,Christianity,Urban
Chile,Male,18-25,I do not identify with any religious group or faith,Urban
Chile,Female,46-55,Christianity,Urban
Chile,Female,18-25,Christianity,Urban
Chile,Male,26-35,Christianity,Urban
Chile,Female,36-45,Christianity,Urban
Chile,Male,36-45,I do not identify with any religious group or faith,Urban
Chile,Male,65+,Christianity,Urban
Chile,Female,65+,Christianity,Urban
Chile,Female,18-25,Christianity,Urban
Chile,Female,36-45,I do not identify with any religious group or faith,Urban
Chile,Male,26-35,I do not identify with any religious group or faith,Urban
Chile,Female,46-55,I do not identify with any religious group or faith,Urban
Chile,Female,18-25,I do not identify with any religious group or faith,Urban
Chile,Male,36-45,I do not identify with any religious group or faith,Urban
Chile,Male,56-65,Christianity,Urban
Chile,Female,36-45,I do not identify with any religious group or faith,Urban
Chile,Female,18-25,I do not identify with any religious group or faith,Urban
Chile,Male,56-65,Christianity,Urban
Chile,Male,26-35,I do not identify with any religious group or faith,Urban
Chile,Female,36-45,I do not identify with any religious group or faith,Urban
Chile,Male,56-65,Christianity,Urban
Chile,Female,26-35,Christianity,Urban
Chile,Male,36-45,I do not identify with any religious group or faith,Urban
Chile,Female,46-55,I do not identify with any religious group or faith,Urban
Chile,Male,65+,Christianity,Urban
Chile,Male,36-45,Christianity,Urban
Chile,Female,18-25,I do not identify with any religious group or faith,Urban
Chile,Male,26-35,I do not identify with any religious group or faith,Urban
Chile,Female,36-45,I do not identify with any religious group or faith,Urban
Chile,Female,36-45,I do not identify with any religious group or faith,Urban
Chile,Male,56-65,Christianity,Urban
Chile,Male,18-25,Christianity,Urban
Chile,Female,36-45,Christianity,Urban
Chile,Male,36-45,Christianity,Urban
Chile,Female,56-65,Christianity,Urban
Chile,Female,65+,I do not identify with any religious group or faith,Urban
Chile,Male,56-65,I do not identify with any religious group or faith,Urban
Chile,Female,46-55,Christianity,Urban
Chile,Male,36-45,Christianity,Urban
Chile,Male,18-25,I do not identify with any religious group or faith,Urban
Chile,Female,56-65,Christianity,Urban
Chile,Male,36-45,Christianity,Urban
Chile,Male,26-35,I do not identify with any religious group or faith,Urban
Chile,Male,26-35,Christianity,Urban
Chile,Male,65+,Christianity,Urban
Chile,Female,46-55,Christianity,Urban
Chile,Male,46-55,Christianity,Urban
Chile,Female,65+,Christianity,Urban
Chile,Male,18-25,I do not identify with any religious group or faith,Rural
Chile,Female,46-55,Christianity,Rural
Chile,Male,56-65,I do not identify with any religious group or faith,Rural
Chile,Female,36-45,Christianity,Rural
Chile,Male,65+,I do not identify with any religious group or faith,Rural
Chile,Male,65+,Christianity,Rural
Chile,Female,26-35,I do not identify with any religious group or faith,Rural
Chile,Female,26-35,I do not identify with any religious group or faith,Rural
Chile,Male,65+,Christianity,Rural
Chile,Male,18-25,I do not identify with any religious group or faith,Rural
Chile,Male,36-45,Christianity,Urban
Chile,Female,46-55,I do not identify with any religious group or faith,Urban
Chile,Male,56-65,Christianity,Urban
Chile,Female,26-35,Christianity,Urban
Chile,Male,18-25,Christianity,Urban
Chile,Female,46-55,Christianity,Urban
Chile,Male,26-35,I do not identify with any religious group or faith,Urban
Chile,Male,36-45,Christianity,Urban
Chile,Female,56-65,I do not identify with any religious group or faith,Urban
Chile,Male,18-25,Christianity,Urban
Chile,Female,56-65,Christianity,Urban
Chile,Female,56-65,I do not identify with any religious group or faith,Urban
Chile,Male,46-55,Christianity,Urban
Chile,Female,18-25,Christianity,Urban
Chile,Male,46-55,Christianity,Urban
Chile,Female,56-65,Christianity,Urban
Chile,Male,65+,I do not identify with any religious group or faith,Urban
Chile,Female,26-35,I do not identify with any religious group or faith,Urban
Chile,Male,36-45,Christianity,Urban
Chile,Male,56-65,Christianity,Urban
Chile,Female,65+,Christianity,Urban
Chile,Male,46-55,Christianity,Urban
Chile,Female,56-65,Christianity,Urban
Chile,Female,18-25,I do not identify with any religious group or faith,Urban
Chile,Female,46-55,Christianity,Urban
Chile,Male,65+,I do not identify with any religious group or faith,Urban
Chile,Female,46-55,I do not identify with any religious group or faith,Urban
Chile,Female,26-35,I do not identify with any religious group or faith,Urban
Chile,Male,26-35,I do not identify with any religious group or faith,Urban
Chile,Female,36-45,Christianity,Urban
Chile,Male,65+,I do not identify with any religious group or faith,Urban
Chile,Female,65+,Christianity,Urban
Chile,Female,56-65,Christianity,Urban
Chile,Male,65+,Christianity,Urban
Chile,Male,56-65,Judaism,Urban
Chile,Male,46-55,I do not identify with any religious group or faith,Rural
Chile,Female,56-65,Christianity,Rural
Chile,Male,26-35,I do not identify with any religious group or faith,Rural
Chile,Female,18-25,I do not identify with any religious group or faith,Rural
Chile,Female,46-55,I do not identify with any religious group or faith,Rural
Chile,Male,18-25,I do not identify with any religious group or faith,Rural
Chile,Male,26-35,I do not identify with any religious group or faith,Urban
Chile,Female,65+,Christianity,Urban
Chile,Female,26-35,Christianity,Urban
Chile,Male,36-45,Christianity,Urban
Chile,Male,65+,I do not identify with any religious group or faith,Urban
Chile,Female,36-45,I do not identify with any religious group or faith,Urban
Chile,Female,56-65,I do not identify with any religious group or faith,Urban
Chile,Male,65+,I do not identify with any religious group or faith,Urban
Chile,Male,56-65,Christianity,Urban
Chile,Male,26-35,I do not identify with any religious group or faith,Urban
Chile,Female,46-55,Christianity,Urban
Chile,Male,65+,I do not identify with any religious group or faith,Urban
Chile,Male,18-25,I do not identify with any religious group or faith,Urban
Chile,Female,36-45,I do not identify with any religious group or faith,Urban
Chile,Male,65+,Christianity,Urban
Chile,Female,46-55,Christianity,Urban
Chile,Male,18-25,I do not identify with any religious group or faith,Urban
Chile,Female,26-35,Christianity,Urban
Chile,Male,26-35,Christianity,Urban
Chile,Female,46-55,Christianity,Urban
Chile,Female,46-55,Christianity,Urban
Chile,Female,36-45,Christianity,Urban
Chile,Male,46-55,Christianity,Urban
Chile,Female,26-35,Christianity,Urban
Chile,Female,26-35,Christianity,Urban
Chile,Male,46-55,Christianity,Urban
Chile,Female,26-35,I do not identify with any religious group or faith,Urban
Chile,Female,65+,Christianity,Urban
Chile,Male,36-45,I do not identify with any religious group or faith,Urban
Chile,Female,36-45,Christianity,Urban
Chile,Female,18-25,I do not identify with any religious group or faith,Urban
Chile,Female,26-35,I do not identify with any religious group or faith,Urban
Chile,Male,18-25,I do not identify with any religious group or faith,Urban
Chile,Female,26-35,Christianity,Urban
Chile,Male,36-45,Christianity,Urban
Chile,Female,46-55,I do not identify with any religious group or faith,Urban
Chile,Male,46-55,I do not identify with any religious group or faith,Urban
Chile,Female,36-45,I do not identify with any religious group or faith,Urban
Chile,Male,26-35,Christianity,Urban
Chile,Female,46-55,Christianity,Urban
Chile,Female,56-65,Christianity,Urban
Chile,Female,56-65,Christianity,Urban
Chile,Female,46-55,Christianity,Urban
Chile,Female,65+,Christianity,Urban
Chile,Female,65+,Christianity,Urban
Chile,Male,65+,Christianity,Urban
Chile,Female,26-35,Christianity,Urban
Chile,Male,36-45,Christianity,Urban
Chile,Male,36-45,Christianity,Urban
Chile,Female,26-35,Christianity,Urban
Chile,Female,18-25,I do not identify with any religious group or faith,Urban
Chile,Male,26-35,I do not identify with any religious group or faith,Urban
Chile,Male,46-55,Christianity,Urban
Chile,Female,36-45,I do not identify with any religious group or faith,Urban
Chile,Female,46-55,I do not identify with any religious group or faith,Urban
Chile,Male,36-45,Christianity,Urban
Chile,Male,46-55,Christianity,Urban
Chile,Male,65+,Christianity,Urban
Chile,Female,18-25,I do not identify with any religious group or faith,Urban
Chile,Male,36-45,Christianity,Urban
Chile,Female,46-55,Christianity,Urban
Chile,Male,36-45,Christianity,Urban
Chile,Male,46-55,I do not identify with any religious group or faith,Rural
Chile,Female,46-55,Christianity,Rural
Chile,Male,18-25,I do not identify with any religious group or faith,Rural
Chile,Female,46-55,Christianity,Rural
Chile,Male,26-35,Christianity,Rural
Chile,Female,56-65,I do not identify with any religious group or faith,Rural
Chile,Male,56-65,I do not identify with any religious group or faith,Urban
Chile,Female,36-45,I do not identify with any religious group or faith,Urban
Chile,Male,56-65,Christianity,Urban
Chile,Female,26-35,I do not identify with any religious group or faith,Urban
Chile,Female,18-25,Christianity,Urban
Chile,Male,46-55,Christianity,Urban
Chile,Male,46-55,I do not identify with any religious group or faith,Urban
Chile,Male,65+,Christianity,Urban
Chile,Female,26-35,Christianity,Urban
Chile,Male,26-35,I do not identify with any religious group or faith,Urban
Chile,Female,65+,Christianity,Urban
Chile,Female,36-45,Christianity,Urban
Chile,Female,56-65,Christianity,Urban
Chile,Male,36-45,Christianity,Urban
Chile,Female,26-35,Christianity,Rural
Chile,Female,36-45,Christianity,Rural
Chile,Female,65+,Christianity,Rural
Chile,Male,26-35,Christianity,Rural
Chile,Female,56-65,Christianity,Rural
Chile,Male,56-65,Christianity,Rural
Chile,Female,36-45,I do not identify with any religious group or faith,Rural
Chile,Male,36-45,I do not identify with any religious group or faith,Rural
Chile,Female,56-65,Christianity,Rural
Chile,Female,65+,Christianity,Urban
Chile,Male,26-35,I do not identify with any religious group or faith,Urban
Chile,Male,65+,Christianity,Urban
Chile,Female,18-25,Christianity,Urban
Chile,Female,26-35,Christianity,Urban
Chile,Male,65+,I do not identify with any religious group or faith,Urban
Chile,Female,46-55,Christianity,Urban
Chile,Female,56-65,Christianity,Urban
Chile,Male,18-25,I do not identify with any religious group or faith,Urban
Chile,Female,46-55,Christianity,Urban
Chile,Male,36-45,I do not identify with any religious group or faith,Urban
Chile,Female,46-55,Christianity,Urban
Chile,Male,18-25,I do not identify with any religious group or faith,Urban
Chile,Female,65+,Christianity,Urban
Chile,Female,36-45,Christianity,Urban
Chile,Male,18-25,I do not identify with any religious group or faith,Urban
Chile,Female,65+,I do not identify with any religious group or faith,Urban
Chile,Male,65+,Christianity,Urban
Chile,Female,18-25,Christianity,Urban
Chile,Female,46-55,Christianity,Urban
Chile,Male,65+,I do not identify with any religious group or faith,Urban
Chile,Male,26-35,Christianity,Urban
Chile,Female,65+,Christianity,Urban
Chile,Male,46-55,I do not identify with any religious group or faith,Urban
Chile,Male,65+,Christianity,Urban
Chile,Female,18-25,Christianity,Urban
Chile,Female,56-65,Christianity,Urban
Chile,Male,46-55,Christianity,Urban
Chile,Male,26-35,Christianity,Urban
Chile,Female,46-55,Christianity,Urban
Chile,Female,65+,Christianity,Urban
Chile,Female,36-45,Christianity,Urban
Chile,Male,46-55,Christianity,Urban
Chile,Female,56-65,Christianity,Urban
Chile,Female,46-55,Christianity,Urban
Chile,Male,26-35,Christianity,Urban
Chile,Male,36-45,I do not identify with any religious group or faith,Urban
Chile,Male,56-65,Christianity,Urban
Chile,Female,46-55,Christianity,Urban
Chile,Female,36-45,Christianity,Urban
Chile,Female,26-35,Christianity,Urban
Chile,Female,18-25,Christianity,Urban
Chile,Female,65+,Christianity,Urban
Chile,Male,26-35,I do not identify with any religious group or faith,Urban
Chile,Male,46-55,Christianity,Urban
Chile,Female,56-65,I do not identify with any religious group or faith,Urban
Chile,Female,26-35,Christianity,Urban
Chile,Male,46-55,I do not identify with any religious group or faith,Urban
Chile,Female,65+,Christianity,Urban
Chile,Male,46-55,I do not identify with any religious group or faith,Urban
Chile,Female,18-25,I do not identify with any religious group or faith,Urban
Chile,Female,46-55,I do not identify with any religious group or faith,Urban
Chile,Female,18-25,I do not identify with any religious group or faith,Urban
Chile,Female,18-25,I do not identify with any religious group or faith,Urban
Chile,Female,26-35,I do not identify with any religious group or faith,Urban
Chile,Female,56-65,Christianity,Urban
Chile,Female,36-45,Christianity,Urban
Chile,Female,18-25,Christianity,Urban
Chile,Female,26-35,I do not identify with any religious group or faith,Urban
Chile,Male,36-45,Christianity,Urban
Chile,Male,56-65,Christianity,Urban
Chile,Female,46-55,Christianity,Urban
Chile,Female,46-55,I do not identify with any religious group or faith,Urban
Chile,Male,65+,I do not identify with any religious group or faith,Urban
Chile,Female,65+,Christianity,Urban
Chile,Male,26-35,Christianity,Urban
Chile,Female,26-35,I do not identify with any religious group or faith,Urban
Chile,Female,56-65,I do not identify with any religious group or faith,Urban
Chile,Male,46-55,I do not identify with any religious group or faith,Urban
Chile,Male,46-55,I do not identify with any religious group or faith,Urban
Chile,Female,26-35,I do not identify with any religious group or faith,Urban
Chile,Female,36-45,Christianity,Urban
Chile,Male,46-55,I do not identify with any religious group or faith,Urban
Chile,Male,46-55,I do not identify with any religious group or faith,Urban
Chile,Male,36-45,Christianity,Urban
Chile,Male,56-65,I do not identify with any religious group or faith,Urban
Chile,Male,56-65,Christianity,Urban
Chile,Male,56-65,I do not identify with any religious group or faith,Urban
Chile,Female,56-65,Christianity,Urban
Chile,Male,18-25,Christianity,Urban
Chile,Female,65+,,Urban
Chile,Male,46-55,I do not identify with any religious group or faith,Urban
Chile,Female,65+,Christianity,Urban
Chile,Male,36-45,I do not identify with any religious group or faith,Urban
Chile,Male,46-55,I do not identify with any religious group or faith,Urban
Chile,Male,46-55,I do not identify with any religious group or faith,Urban
Chile,Female,65+,I do not identify with any religious group or faith,Urban
Chile,Male,18-25,Christianity,Urban
Chile,Male,36-45,I do not identify with any religious group or faith,Urban
Chile,Male,65+,I do not identify with any religious group or faith,Urban
Chile,Female,18-25,Christianity,Urban
Chile,Female,56-65,I do not identify with any religious group or faith,Urban
Chile,Female,36-45,I do not identify with any religious group or faith,Urban
Chile,Male,46-55,I do not identify with any religious group or faith,Urban
Chile,Female,56-65,I do not identify with any religious group or faith,Urban
Chile,Male,18-25,Christianity,Urban
Chile,Female,18-25,Christianity,Urban
Chile,Female,65+,,Urban
Chile,Male,36-45,Christianity,Urban
Chile,Male,56-65,Christianity,Urban
Chile,Female,46-55,Christianity,Urban
Chile,Female,36-45,I do not identify with any religious group or faith,Urban
Chile,Female,18-25,I do not identify with any religious group or faith,Urban
Chile,Male,65+,Christianity,Urban
Chile,Male,36-45,I do not identify with any religious group or faith,Urban
Chile,Female,36-45,I do not identify with any religious group or faith,Urban
Chile,Male,26-35,I do not identify with any religious group or faith,Urban
Chile,Female,26-35,Christianity,Urban
Chile,Male,18-25,I do not identify with any religious group or faith,Urban
Chile,Female,36-45,Christianity,Urban
Chile,Female,36-45,I do not identify with any religious group or faith,Urban
Chile,Male,26-35,I do not identify with any religious group or faith,Urban
Chile,Male,56-65,Christianity,Urban
Chile,Male,65+,I do not identify with any religious group or faith,Urban
Chile,Male,46-55,Christianity,Urban
Chile,Female,56-65,Christianity,Urban
Chile,Male,26-35,I do not identify with any religious group or faith,Urban
Chile,Female,36-45,I do not identify with any religious group or faith,Urban
Chile,Male,36-45,I do not identify with any religious group or faith,Urban
Chile,Female,65+,Christianity,Urban
Chile,Female,18-25,Christianity,Urban
Chile,Male,56-65,Christianity,Urban
Chile,Male,46-55,I do not identify with any religious group or faith,Urban
Chile,Female,46-55,,Urban
Chile,Female,26-35,Christianity,Urban
Chile,Female,18-25,I do not identify with any religious group or faith,Urban
Chile,Female,36-45,Christianity,Urban
Chile,Male,56-65,Christianity,Urban
Chile,Female,56-65,Christianity,Urban
Chile,Female,46-55,I do not identify with any religious group or faith,Urban
Chile,Male,46-55,Christianity,Urban
Chile,Male,18-25,I do not identify with any religious group or faith,Urban
Chile,Male,56-65,Christianity,Urban
Chile,Female,36-45,Christianity,Urban
Chile,Female,26-35,I do not identify with any religious group or faith,Urban
Chile,Female,18-25,Christianity,Urban
Chile,Male,36-45,Christianity,Urban
Chile,Female,65+,Christianity,Urban
Chile,Male,18-25,I do not identify with any religious group or faith,Urban
Chile,Male,36-45,I do not identify with any religious group or faith,Urban
Chile,Female,46-55,Christianity,Urban
Chile,Male,18-25,Christianity,Urban
Chile,Female,26-35,Christianity,Urban
Chile,Female,56-65,Christianity,Urban
Chile,Male,26-35,Christianity,Urban
Chile,Female,18-25,I do not identify with any religious group or faith,Urban
Chile,Male,56-65,Christianity,Urban
Chile,Male,65+,Christianity,Urban
Chile,Female,36-45,I do not identify with any religious group or faith,Urban
Chile,Male,56-65,Christianity,Urban
Chile,Female,65+,I do not identify with any religious group or faith,Urban
Chile,Male,65+,Christianity,Urban
Chile,Female,36-45,Christianity,Urban
Chile,Male,18-25,I do not identify with any religious group or faith,Urban
Chile,Female,56-65,Christianity,Urban
Chile,Female,65+,Christianity,Urban
Chile,Female,46-55,Christianity,Urban
Chile,Male,18-25,Christianity,Urban
Chile,Female,46-55,Christianity,Urban
Chile,Male,65+,Christianity,Urban
Chile,Female,65+,Christianity,Urban
Chile,Male,56-65,I do not identify with any religious group or faith,Urban
Chile,Female,46-55,Christianity,Urban
Chile,Male,46-55,I do not identify with any religious group or faith,Urban
Chile,Male,18-25,I do not identify with any religious group or faith,Urban
Chile,Female,26-35,I do not identify with any religious group or faith,Urban
Chile,Male,65+,Christianity,Urban
Chile,Male,46-55,I do not identify with any religious group or faith,Urban
Chile,Female,26-35,Christianity,Urban
Chile,Female,56-65,Christianity,Urban
Chile,Female,65+,Christianity,Urban
Chile,Male,46-55,I do not identify with any religious group or faith,Urban
Chile,Female,18-25,Christianity,Urban
Chile,Male,36-45,Christianity,Urban
Chile,Female,65+,Christianity,Urban
Chile,Male,36-45,I do not identify with any religious group or faith,Urban
Chile,Female,26-35,Christianity,Urban
Chile,Male,56-65,I do not identify with any religious group or faith,Urban
Chile,Male,46-55,I do not identify with any religious group or faith,Urban
Chile,Female,18-25,I do not identify with any religious group or faith,Urban
Chile,Male,65+,Christianity,Urban
Chile,Female,46-55,I do not identify with any religious group or faith,Urban
Chile,Male,56-65,I do not identify with any religious group or faith,Urban
Chile,Male,46-55,I do not identify with any religious group or faith,Urban
Chile,Male,18-25,I do not identify with any religious group or faith,Urban
Chile,Female,65+,I do not identify with any religious group or faith,Urban
Chile,Male,26-35,Christianity,Urban
Chile,Female,18-25,I do not identify with any religious group or faith,Urban
Chile,Female,46-55,I do not identify with any religious group or faith,Urban
Chile,Male,56-65,Christianity,Urban
Chile,Male,46-55,I do not identify with any religious group or faith,Urban
Chile,Male,56-65,I do not identify with any religious group or faith,Urban
Chile,Female,36-45,I do not identify with any religious group or faith,Urban
Chile,Male,36-45,I do not identify with any religious group or faith,Urban
Chile,Female,46-55,I do not identify with any religious group or faith,Urban
Chile,Female,56-65,I do not identify with any religious group or faith,Urban
Chile,Female,36-45,Christianity,Urban
Chile,Female,36-45,I do not identify with any religious group or faith,Urban
Chile,Male,26-35,I do not identify with any religious group or faith,Urban
Chile,Female,26-35,I do not identify with any religious group or faith,Urban
Chile,Male,46-55,Christianity,Urban
Chile,Female,46-55,I do not identify with any religious group or faith,Urban
Chile,Male,56-65,Christianity,Urban
Chile,Female,65+,Christianity,Urban
Chile,Male,36-45,Christianity,Urban
Chile,Male,26-35,I do not identify with any religious group or faith,Urban
Chile,Female,46-55,Christianity,Urban
Chile,Male,56-65,Christianity,Urban
Chile,Female,36-45,Christianity,Urban
Chile,Female,46-55,Christianity,Urban
Chile,Male,18-25,I do not identify with any religious group or faith,Urban
Chile,Male,26-35,Christianity,Urban
Chile,Female,26-35,Christianity,Urban
Chile,Male,65+,I do not identify with any religious group or faith,Urban
Chile,Female,46-55,Christianity,Urban
Chile,Female,18-25,Christianity,Urban
Chile,Female,26-35,Christianity,Urban
Chile,Female,36-45,I do not identify with any religious group or faith,Urban
Chile,Male,65+,Christianity,Urban
Chile,Male,36-45,Christianity,Urban
Chile,Male,36-45,Christianity,Urban
Chile,Male,26-35,Christianity,Urban
Chile,Male,46-55,I do not identify with any religious group or faith,Urban
Chile,Female,56-65,Christianity,Urban
Chile,Female,65+,Christianity,Urban
Chile,Male,65+,I do not identify with any religious group or faith,Urban
Chile,Female,65+,Christianity,Urban
Chile,Male,18-25,I do not identify with any religious group or faith,Urban
Chile,Male,65+,I do not identify with any religious group or faith,Urban
Chile,Male,65+,Christianity,Urban
Chile,Male,56-65,I do not identify with any religious group or faith,Urban
Chile,Female,26-35,I do not identify with any religious group or faith,Urban
Chile,Male,36-45,I do not identify with any religious group or faith,Urban
Chile,Female,46-55,Christianity,Urban
Chile,Female,36-45,Christianity,Urban
Chile,Female,56-65,Christianity,Urban
Chile,Female,46-55,Christianity,Urban
Chile,Female,18-25,I do not identify with any religious group or faith,Urban
Chile,Female,18-25,Christianity,Urban
Chile,Male,56-65,Christianity,Urban
Chile,Male,26-35,I do not identify with any religious group or faith,Urban
Chile,Female,26-35,Christianity,Urban
Chile,Female,26-35,Christianity,Urban
Chile,Female,46-55,Christianity,Urban
Chile,Female,65+,Christianity,Urban
Chile,Male,65+,Christianity,Urban
Chile,Female,56-65,Christianity,Urban
Chile,Female,18-25,I do not identify with any religious group or faith,Urban
Chile,Female,65+,Christianity,Urban
Chile,Male,65+,Christianity,Urban
Chile,Female,56-65,Christianity,Urban
Chile,Male,18-25,I do not identify with any religious group or faith,Urban
Chile,Female,26-35,Christianity,Urban
Chile,Female,56-65,Christianity,Urban
Chile,Female,65+,Christianity,Urban
Chile,Male,26-35,Christianity,Urban
Chile,Male,36-45,Christianity,Urban
Chile,Male,46-55,Christianity,Urban
Chile,Male,65+,Christianity,Urban
Chile,Female,56-65,Christianity,Urban
Chile,Male,18-25,Christianity,Urban
Chile,Male,26-35,I do not identify with any religious group or faith,Urban
Chile,Female,18-25,Christianity,Urban
Chile,Female,36-45,Christianity,Urban
Chile,Male,65+,Christianity,Urban
Chile,Male,46-55,Christianity,Urban
Chile,Male,46-55,I do not identify with any religious group or faith,Urban
Chile,Female,36-45,I do not identify with any religious group or faith,Urban
Chile,Male,46-55,I do not identify with any religious group or faith,Urban
Chile,Male,56-65,I do not identify with any religious group or faith,Urban
Chile,Female,46-55,I do not identify with any religious group or faith,Urban
Chile,Female,65+,I do not identify with any religious group or faith,Urban
Chile,Female,36-45,I do not identify with any religious group or faith,Urban
Chile,Female,46-55,Christianity,Urban
Chile,Male,18-25,I do not identify with any religious group or faith,Urban
Chile,Male,26-35,I do not identify with any religious group or faith,Urban
Chile,Female,65+,Christianity,Urban
Chile,Female,18-25,Christianity,Urban
Chile,Male,56-65,Christianity,Urban
Chile,Male,46-55,Christianity,Urban
Chile,Male,36-45,Christianity,Urban
Chile,Male,56-65,I do not identify with any religious group or faith,Urban
Chile,Female,65+,Christianity,Urban
Chile,Female,18-25,Christianity,Urban
Chile,Female,36-45,Christianity,Urban
Chile,Male,46-55,Christianity,Urban
Chile,Female,56-65,Christianity,Urban
Chile,Female,65+,Christianity,Urban
Chile,Female,36-45,I do not identify with any religious group or faith,Urban
Chile,Male,26-35,I do not identify with any religious group or faith,Urban
Chile,Male,18-25,I do not identify with any religious group or faith,Urban
Chile,Male,56-65,Christianity,Urban
Chile,Male,46-55,I do not identify with any religious group or faith,Urban
Chile,Male,65+,Christianity,Urban
Chile,Female,65+,Christianity,Urban
Chile,Male,46-55,I do not identify with any religious group or faith,Urban
Chile,Male,18-25,Christianity,Urban
Chile,Female,36-45,Christianity,Urban
Chile,Female,65+,Christianity,Urban
Chile,Female,18-25,I do not identify with any religious group or faith,Urban
Chile,Male,46-55,I do not identify with any religious group or faith,Urban
Chile,Female,18-25,Christianity,Urban
Chile,Male,36-45,I do not identify with any religious group or faith,Urban
Chile,Male,46-55,Christianity,Urban
Chile,Female,56-65,I do not identify with any religious group or faith,Urban
Chile,Male,56-65,Christianity,Rural
Chile,Female,56-65,Christianity,Rural
Chile,Female,36-45,Christianity,Rural
Chile,Male,56-65,,Rural
Chile,Male,18-25,Christianity,Rural
Chile,Male,56-65,I do not identify with any religious group or faith,Rural
Chile,Female,56-65,I do not identify with any religious group or faith,Rural
Chile,Male,46-55,Christianity,Rural
Chile,Female,36-45,Christianity,Rural
Chile,Male,46-55,Christianity,Rural
Chile,Male,56-65,Christianity,Rural
Chile,Female,65+,Christianity,Rural
Chile,Male,46-55,I do not identify with any religious group or faith,Urban
Chile,Female,46-55,Christianity,Urban
Chile,Male,56-65,I do not identify with any religious group or faith,Urban
Chile,Female,18-25,Christianity,Urban
Chile,Male,65+,Christianity,Urban
Chile,Male,65+,Christianity,Urban
Chile,Male,18-25,Christianity,Urban
Chile,Male,18-25,Christianity,Urban
Chile,Male,65+,Christianity,Urban
Chile,Male,36-45,Christianity,Urban
Chile,Female,36-45,Christianity,Urban
Chile,Female,26-35,I do not identify with any religious group or faith,Urban
Chile,Female,46-55,Christianity,Urban
Chile,Male,56-65,Christianity,Urban
Chile,Female,26-35,I do not identify with any religious group or faith,Urban
Chile,Male,26-35,Christianity,Urban
Chile,Female,26-35,Christianity,Urban
Chile,Female,36-45,Christianity,Urban
Chile,Female,46-55,Christianity,Urban
Chile,Female,46-55,Christianity,Urban
Chile,Male,65+,Christianity,Urban
Chile,Male,18-25,I do not identify with any religious group or faith,Urban
Chile,Male,65+,Christianity,Urban
Chile,Female,36-45,Christianity,Urban
Chile,Male,46-55,Christianity,Urban
Chile,Male,46-55,I do not identify with any religious group or faith,Urban
Chile,Female,36-45,Christianity,Urban
Chile,Female,18-25,I do not identify with any religious group or faith,Urban
Chile,Female,65+,Christianity,Urban
Chile,Male,26-35,Christianity,Urban
Chile,Female,36-45,Christianity,Urban
Chile,Male,18-25,I do not identify with any religious group or faith,Urban
Chile,Female,46-55,Christianity,Urban
Chile,Female,18-25,I do not identify with any religious group or faith,Urban
Chile,Male,26-35,Christianity,Urban
Chile,Female,65+,I do not identify with any religious group or faith,Urban
Chile,Female,26-35,Christianity,Urban
Chile,Male,46-55,,Urban
Chile,Female,56-65,Christianity,Urban
Chile,Female,65+,Christianity,Urban
Chile,Female,65+,Christianity,Urban
Chile,Male,65+,I do not identify with any religious group or faith,Urban
Chile,Male,26-35,,Urban
Chile,Female,65+,Christianity,Urban
Chile,Male,56-65,Christianity,Urban
Chile,Male,18-25,I do not identify with any religious group or faith,Urban
Chile,Female,65+,Christianity,Urban
Chile,Male,26-35,Christianity,Urban
Chile,Male,26-35,I do not identify with any religious group or faith,Urban
Chile,Female,18-25,I do not identify with any religious group or faith,Urban
Chile,Male,36-45,I do not identify with any religious group or faith,Urban
Chile,Female,56-65,Christianity,Urban
Chile,Female,46-55,Christianity,Urban
Chile,Male,26-35,I do not identify with any religious group or faith,Urban
Chile,Male,18-25,I do not identify with any religious group or faith,Urban
Chile,Female,36-45,Christianity,Urban
Chile,Male,26-35,Christianity,Urban
Chile,Female,26-35,Christianity,Urban
Chile,Female,65+,Christianity,Urban
Chile,Male,36-45,I do not identify with any religious group or faith,Urban
Chile,Female,26-35,Christianity,Urban
Chile,Male,56-65,Christianity,Urban
Chile,Female,56-65,Christianity,Urban
Chile,Female,36-45,I do not identify with any religious group or faith,Urban
Chile,Male,18-25,I do not identify with any religious group or faith,Urban
Chile,Male,65+,I do not identify with any religious group or faith,Urban
Chile,Female,56-65,Christianity,Urban
Chile,Male,36-45,Christianity,Urban
Chile,Female,46-55,I do not identify with any religious group or faith,Urban
Chile,Male,36-45,I do not identify with any religious group or faith,Urban
Chile,Female,36-45,I do not identify with any religious group or faith,Urban
Chile,Female,46-55,Christianity,Urban
Chile,Female,36-45,Christianity,Urban
Chile,Male,36-45,Christianity,Urban
Chile,Female,46-55,Christianity,Urban
Chile,Female,46-55,Christianity,Urban
Chile,Female,56-65,Christianity,Urban
Chile,Female,56-65,Christianity,Urban
Chile,Male,36-45,I do not identify with any religious group or faith,Urban
Chile,Female,56-65,I do not identify with any religious group or faith,Urban
Chile,Female,46-55,I do not identify with any religious group or faith,Urban
Chile,Male,36-45,I do not identify with any religious group or faith,Urban
Chile,Male,18-25,I do not identify with any religious group or faith,Urban
Chile,Male,46-55,Christianity,Urban
Chile,Female,26-35,I do not identify with any religious group or faith,Urban
Chile,Female,56-65,I do not identify with any religious group or faith,Urban
Chile,Female,56-65,Christianity,Urban
Chile,Female,26-35,Christianity,Urban
Chile,Male,36-45,Christianity,Urban
Chile,Female,46-55,Christianity,Urban
Chile,Male,65+,Christianity,Urban
Chile,Male,18-25,I do not identify with any religious group or faith,Urban
Chile,Female,56-65,Christianity,Urban
Chile,Female,65+,Christianity,Urban
Chile,Male,56-65,I do not identify with any religious group or faith,Urban
Chile,Male,56-65,Christianity,Urban
Chile,Male,36-45,Christianity,Urban
Chile,Female,36-45,Christianity,Urban
Chile,Female,46-55,Christianity,Urban
Chile,Male,46-55,Christianity,Urban
Chile,Male,65+,I do not identify with any religious group or faith,Urban
Chile,Male,26-35,Christianity,Urban
Chile,Male,36-45,I do not identify with any religious group or faith,Urban
Chile,Female,18-25,I do not identify with any religious group or faith,Urban
Chile,Female,36-45,I do not identify with any religious group or faith,Urban
Chile,Female,18-25,I do not identify with any religious group or faith,Urban
Chile,Male,18-25,Christianity,Urban
Chile,Male,65+,Christianity,Urban
Chile,Female,56-65,Christianity,Urban
Chile,Female,36-45,Christianity,Urban
Chile,Female,36-45,Christianity,Urban
Chile,Female,18-25,Christianity,Urban
Chile,Female,65+,Christianity,Urban
Chile,Male,56-65,I do not identify with any religious group or faith,Urban
Chile,Male,18-25,Christianity,Urban
Chile,Female,46-55,Christianity,Urban
Chile,Male,46-55,I do not identify with any religious group or faith,Urban
Chile,Male,26-35,Christianity,Urban
Chile,Female,65+,I do not identify with any religious group or faith,Urban
Chile,Male,56-65,Christianity,Urban
Chile,Male,56-65,Christianity,Urban
Chile,Female,46-55,Christianity,Urban
Chile,Male,56-65,Christianity,Urban
Chile,Male,46-55,Christianity,Rural
Chile,Female,65+,Christianity,Rural
Chile,Male,18-25,Christianity,Rural
Chile,Female,36-45,Christianity,Rural
Chile,Male,65+,Christianity,Rural
Chile,Female,18-25,Christianity,Rural
Chile,Female,46-55,Christianity,Urban
Chile,Female,65+,Christianity,Urban
Chile,Female,46-55,Christianity,Urban
Chile,Female,46-55,Christianity,Urban
Chile,Male,65+,Christianity,Urban
Chile,Female,46-55,I do not identify with any religious group or faith,Urban
Chile,Male,36-45,I do not identify with any religious group or faith,Urban
Chile,Female,26-35,Christianity,Urban
Chile,Male,18-25,I do not identify with any religious group or faith,Urban
Chile,Female,56-65,Christianity,Urban
Chile,Male,36-45,I do not identify with any religious group or faith,Urban
Chile,Male,18-25,I do not identify with any religious group or faith,Urban
Chile,Female,65+,Christianity,Urban
Chile,Male,18-25,I do not identify with any religious group or faith,Urban
Chile,Female,56-65,Christianity,Urban
Chile,Male,56-65,Christianity,Urban
Chile,Female,18-25,Christianity,Urban
Chile,Female,36-45,Christianity,Urban
Chile,Male,65+,Christianity,Urban
Chile,Male,18-25,I do not identify with any religious group or faith,Rural
Chile,Male,65+,Christianity,Rural
Chile,Male,46-55,I do not identify with any religious group or faith,Rural
Chile,Female,36-45,Christianity,Rural
Chile,Female,56-65,Christianity,Rural
Chile,Female,56-65,Christianity,Rural
Chile,Male,18-25,I do not identify with any religious group or faith,Rural
Chile,Female,46-55,I do not identify with any religious group or faith,Rural
Chile,Female,26-35,Christianity,Rural
Chile,Male,26-35,Christianity,Rural
Chile,Male,56-65,Christianity,Rural
Chile,Female,18-25,I do not identify with any religious group or faith,Rural
Chile,Female,65+,Christianity,Urban
Chile,Male,26-35,Christianity,Urban
Chile,Male,46-55,I do not identify with any religious group or faith,Urban
Chile,Male,56-65,Christianity,Urban
Chile,Female,65+,Christianity,Urban
Chile,Female,56-65,Christianity,Rural
Chile,Female,36-45,Christianity,Rural
Chile,Female,56-65,Christianity,Rural
Chile,Male,46-55,Christianity,Rural
Chile,Male,18-25,I do not identify with any religious group or faith,Rural
Chile,Male,56-65,Christianity,Rural
Chile,Female,56-65,I do not identify with any religious group or faith,Urban
Chile,Female,26-35,Christianity,Urban
Chile,Female,56-65,I do not identify with any religious group or faith,Urban
Chile,Female,26-35,Christianity,Urban
Chile,Female,56-65,Christianity,Urban
Chile,Female,65+,,Urban
Chile,Female,18-25,Christianity,Urban
Chile,Female,46-55,Christianity,Urban
Chile,Female,56-65,Christianity,Urban
Chile,Female,65+,Christianity,Urban
Chile,Female,65+,,Urban
Chile,Female,65+,Christianity,Urban
Chile,Male,26-35,,Urban
Chile,Female,26-35,I do not identify with any religious group or faith,Urban
Chile,Female,26-35,I do not identify with any religious group or faith,Urban
Chile,Female,26-35,I do not identify with any religious group or faith,Urban
Chile,Female,26-35,I do not identify with any religious group or faith,Urban
Chile,Male,36-45,I do not identify with any religious group or faith,Urban
Chile,Male,56-65,I do not identify with any religious group or faith,Urban
Chile,Male,36-45,I do not identify with any religious group or faith,Urban
Chile,Female,56-65,Christianity,Urban
Chile,Male,56-65,Christianity,Urban
Chile,Female,46-55,Christianity,Urban
Chile,Male,46-55,I do not identify with any religious group or faith,Urban
Chile,Female,56-65,Christianity,Urban
Chile,Male,36-45,Christianity,Urban
Chile,Female,26-35,I do not identify with any religious group or faith,Urban
Chile,Female,56-65,I do not identify with any religious group or faith,Urban
Chile,Male,56-65,I do not identify with any religious group or faith,Urban
Chile,Male,36-45,I do not identify with any religious group or faith,Urban
Chile,Female,46-55,Christianity,Urban
Chile,Male,26-35,I do not identify with any religious group or faith,Urban
Chile,Male,18-25,I do not identify with any religious group or faith,Rural
Chile,Female,65+,Christianity,Rural
Chile,Male,36-45,I do not identify with any religious group or faith,Rural
Chile,Male,56-65,I do not identify with any religious group or faith,Rural
Chile,Male,26-35,Christianity,Rural
Chile,Male,56-65,Christianity,Rural
Chile,Male,65+,Christianity,Rural
Chile,Female,18-25,I do not identify with any religious group or faith,Rural
Chile,Male,36-45,Christianity,Rural
Chile,Female,56-65,Christianity,Rural
Chile,Female,36-45,I do not identify with any religious group or faith,Rural
Chile,Male,26-35,I do not identify with any religious group or faith,Rural
Chile,Male,46-55,Christianity,Rural
Chile,Male,46-55,I do not identify with any religious group or faith,Rural
Chile,Female,26-35,Christianity,Rural
Chile,Male,56-65,Christianity,Rural
Chile,Female,36-45,I do not identify with any religious group or faith,Rural
Chile,Female,26-35,I do not identify with any religious group or faith,Rural
Chile,Male,46-55,Christianity,Urban
Chile,Female,26-35,I do not identify with any religious group or faith,Urban
Chile,Female,36-45,I do not identify with any religious group or faith,Urban
Chile,Female,36-45,I do not identify with any religious group or faith,Urban
Chile,Male,46-55,Christianity,Urban
Chile,Male,26-35,Christianity,Urban
Chile,Male,26-35,Christianity,Urban
Chile,Female,36-45,Christianity,Urban
Chile,Female,56-65,I do not identify with any religious group or faith,Urban
Chile,Male,26-35,Christianity,Urban
Chile,Male,56-65,I do not identify with any religious group or faith,Urban
Chile,Male,65+,Christianity,Urban
Chile,Female,36-45,I do not identify with any religious group or faith,Rural
Chile,Female,26-35,Christianity,Rural
Chile,Male,56-65,I do not identify with any religious group or faith,Rural
Chile,Male,56-65,Christianity,Rural
Chile,Female,26-35,Christianity,Rural
Chile,Female,26-35,I do not identify with any religious group or faith,Rural
Chile,Male,65+,Christianity,Rural
Chile,Male,36-45,I do not identify with any religious group or faith,Rural
Chile,Male,65+,Christianity,Rural
Chile,Female,46-55,Christianity,Rural
Chile,Female,46-55,I do not identify with any religious group or faith,Rural
Chile,Male,56-65,I do not identify with any religious group or faith,Rural
Chile,Female,18-25,I do not identify with any religious group or faith,Urban
Chile,Male,46-55,Christianity,Urban
Chile,Female,56-65,Christianity,Urban
Chile,Male,36-45,I do not identify with any religious group or faith,Urban
Chile,Male,65+,I do not identify with any religious group or faith,Urban
Chile,Female,46-55,Christianity,Urban
Chile,Female,36-45,I do not identify with any religious group or faith,Urban
Chile,Male,56-65,I do not identify with any religious group or faith,Urban
Chile,Male,18-25,I do not identify with any religious group or faith,Urban
Chile,Male,26-35,Christianity,Urban
Chile,Female,56-65,I do not identify with any religious group or faith,Urban
Chile,Male,36-45,Christianity,Rural
Chile,Female,18-25,I do not identify with any religious group or faith,Rural
Chile,Male,65+,Christianity,Rural
Chile,Female,56-65,Christianity,Rural
Chile,Male,46-55,Christianity,Rural
Chile,Female,18-25,I do not identify with any religious group or faith,Rural
Chile,Male,18-25,I do not identify with any religious group or faith,Rural
Chile,Female,36-45,I do not identify with any religious group or faith,Rural
Chile,Male,65+,Christianity,Rural
Chile,Female,36-45,Christianity,Rural
Chile,Female,56-65,I do not identify with any religious group or faith,Rural
Chile,Male,46-55,I do not identify with any religious group or faith,Rural
Chile,Male,56-65,I do not identify with any religious group or faith,Urban
Chile,Female,36-45,I do not identify with any religious group or faith,Urban
Chile,Female,18-25,I do not identify with any religious group or faith,Urban
Chile,Female,56-65,Christianity,Urban
Chile,Male,56-65,Christianity,Urban
Chile,Male,56-65,Christianity,Urban
Chile,Female,36-45,I do not identify with any religious group or faith,Urban
Chile,Male,65+,I do not identify with any religious group or faith,Urban
Chile,Male,26-35,Christianity,Urban
Chile,Female,36-45,Christianity,Urban
Chile,Female,56-65,Christianity,Rural
Chile,Male,18-25,I do not identify with any religious group or faith,Rural
Chile,Female,36-45,Christianity,Rural
Chile,Male,26-35,I do not identify with any religious group or faith,Rural
Chile,Female,46-55,Christianity,Rural
Chile,Female,18-25,Christianity,Urban
Chile,Male,46-55,Christianity,Urban
Chile,Female,56-65,Christianity,Urban
Chile,Male,36-45,I do not identify with any religious group or faith,Urban
Chile,Female,26-35,Christianity,Urban
Chile,Female,46-55,Christianity,Urban
Chile,Male,46-55,Christianity,Urban
Chile,Female,65+,Christianity,Urban
Chile,Female,65+,Christianity,Urban
Chile,Male,36-45,I do not identify with any religious group or faith,Urban
Chile,Male,56-65,Christianity,Urban
Chile,Female,36-45,Christianity,Urban
Chile,Male,46-55,Christianity,Urban
Chile,Female,18-25,Christianity,Urban
Chile,Male,26-35,Christianity,Urban
Chile,Male,18-25,I do not identify with any religious group or faith,Urban
Chile,Male,46-55,,Rural
Chile,Female,36-45,Christianity,Rural
Chile,Female,56-65,Christianity,Rural
Chile,Female,26-35,I do not identify with any religious group or faith,Rural
Chile,Female,46-55,Judaism,Rural
Chile,Male,46-55,I do not identify with any religious group or faith,Rural
Chile,Male,65+,Christianity,Rural
Chile,Female,65+,Christianity,Rural
Chile,Male,18-25,I do not identify with any religious group or faith,Rural
Chile,Female,26-35,I do not identify with any religious group or faith,Rural
Chile,Female,36-45,Christianity,Rural
Chile,Female,26-35,Judaism,Rural
Chile,Female,36-45,I do not identify with any religious group or faith,Rural
Chile,Male,36-45,Christianity,Rural
Chile,Female,36-45,Christianity,Rural
Chile,Male,46-55,I do not identify with any religious group or faith,Rural
Chile,Male,26-35,Christianity,Urban
Chile,Female,18-25,Christianity,Urban
Chile,Female,46-55,I do not identify with any religious group or faith,Urban
Chile,Female,26-35,I do not identify with any religious group or faith,Urban
Chile,Female,18-25,I do not identify with any religious group or faith,Urban
Chile,Female,26-35,Christianity,Urban
Chile,Male,46-55,I do not identify with any religious group or faith,Urban
Chile,Male,26-35,Christianity,Urban
Chile,Female,26-35,Christianity,Urban
Chile,Male,26-35,Christianity,Urban
Chile,Male,26-35,Christianity,Urban
Chile,Female,36-45,I do not identify with any religious group or faith,Urban
Chile,Female,56-65,Christianity,Urban
Chile,Female,56-65,Christianity,Urban
Chile,Female,46-55,Christianity,Rural
Chile,Male,56-65,Christianity,Rural
Chile,Female,26-35,I do not identify with any religious group or faith,Rural
Chile,Male,36-45,I do not identify with any religious group or faith,Rural
Chile,Female,56-65,I do not identify with any religious group or faith,Rural
Chile,Male,46-55,I do not identify with any religious group or faith,Rural
Chile,Female,36-45,Christianity,Rural
Chile,Female,65+,Christianity,Rural
Chile,Male,65+,,Urban
Chile,Male,56-65,Christianity,Urban
Chile,Male,65+,I do not identify with any religious group or faith,Urban
Chile,Male,36-45,Christianity,Urban
Chile,Female,56-65,Christianity,Urban
Chile,Male,36-45,Christianity,Urban
Chile,Male,46-55,I do not identify with any religious group or faith,Urban
Chile,Male,46-55,Christianity,Urban
Chile,Male,36-45,I do not identify with any religious group or faith,Urban
Chile,Male,36-45,I do not identify with any religious group or faith,Urban
Chile,Female,56-65,Christianity,Urban
Chile,Male,46-55,Christianity,Urban
Chile,Male,26-35,Christianity,Urban
Chile,Female,26-35,Christianity,Urban
Chile,Female,26-35,Christianity,Urban
Chile,Male,46-55,Christianity,Urban
Chile,Female,46-55,Christianity,Urban
Chile,Female,36-45,I do not identify with any religious group or faith,Urban
Chile,Male,46-55,Christianity,Urban
Chile,Male,18-25,I do not identify with any religious group or faith,Urban
Chile,Female,46-55,I do not identify with any religious group or faith,Urban
Chile,Female,36-45,I do not identify with any religious group or faith,Urban
Chile,Male,36-45,I do not identify with any religious group or faith,Urban
Chile,Female,36-45,I do not identify with any religious group or faith,Urban
Chile,Male,46-55,Christianity,Urban
Chile,Male,56-65,Christianity,Urban
Chile,Female,26-35,Christianity,Urban
Chile,Female,18-25,Christianity,Urban
Chile,Male,36-45,Christianity,Urban
Chile,Female,26-35,Christianity,Urban
Chile,Female,46-55,Christianity,Urban
Chile,Male,18-25,I do not identify with any religious group or faith,Urban
Chile,Female,56-65,Christianity,Urban
Chile,Male,56-65,Christianity,Urban
Chile,Male,46-55,I do not identify with any religious group or faith,Urban
Chile,Female,46-55,I do not identify with any religious group or faith,Urban
Chile,Male,18-25,I do not identify with any religious group or faith,Urban
Chile,Male,26-35,I do not identify with any religious group or faith,Urban
Chile,Male,56-65,Christianity,Urban
Chile,Male,36-45,I do not identify with any religious group or faith,Urban
Chile,Male,56-65,Christianity,Urban
Chile,Male,56-65,I do not identify with any religious group or faith,Urban
Chile,Male,36-45,Christianity,Urban
Chile,Female,26-35,Christianity,Urban
Chile,Male,36-45,Christianity,Urban
Chile,Male,46-55,Christianity,Urban
Chile,Male,26-35,Christianity,Urban
Chile,Female,36-45,I do not identify with any religious group or faith,Urban
Chile,Male,36-45,,Urban
Chile,Male,36-45,Christianity,Urban
Chile,Female,36-45,I do not identify with any religious group or faith,Urban
Chile,Female,46-55,Christianity,Urban
Chile,Male,46-55,I do not identify with any religious group or faith,Urban
Chile,Female,26-35,I do not identify with any religious group or faith,Urban
Chile,Female,26-35,I do not identify with any religious group or faith,Urban
Chile,Male,26-35,Christianity,Urban
Chile,Female,36-45,Christianity,Urban
Chile,Male,26-35,I do not identify with any religious group or faith,Urban
Chile,Male,18-25,I do not identify with any religious group or faith,Urban
Chile,Female,26-35,Christianity,Urban
Chile,Female,26-35,Christianity,Urban
Chile,Male,56-65,Christianity,Urban
Chile,Male,36-45,I do not identify with any religious group or faith,Urban
Chile,Male,26-35,I do not identify with any religious group or faith,Urban
Chile,Male,36-45,I do not identify with any religious group or faith,Urban
Chile,Male,36-45,I do not identify with any religious group or faith,Urban
Chile,Male,18-25,I do not identify with any religious group or faith,Urban
Chile,Female,26-35,Christianity,Rural
Chile,Female,46-55,Christianity,Rural
Chile,Male,18-25,Christianity,Rural
Chile,Female,26-35,I do not identify with any religious group or faith,Rural
Chile,Male,56-65,Christianity,Rural
Chile,Male,26-35,Christianity,Rural
Chile,Female,36-45,Christianity,Rural
Chile,Female,26-35,Christianity,Rural
Chile,Female,18-25,Christianity,Rural
Chile,Male,56-65,Christianity,Rural
Chile,Male,36-45,,Rural
Chile,Female,18-25,,Rural
Chile,Female,26-35,I do not identify with any religious group or faith,Rural
Chile,Male,56-65,Christianity,Rural
Chile,Female,36-45,Christianity,Rural
Chile,Male,18-25,Christianity,Rural
Chile,Female,36-45,I do not identify with any religious group or faith,Rural
Chile,Female,18-25,,Rural
Chile,Male,46-55,,Rural
Chile,Female,26-35,,Rural
Chile,Female,56-65,I do not identify with any religious group or faith,Urban
Chile,Male,18-25,I do not identify with any religious group or faith,Urban
Chile,Male,65+,Christianity,Urban
Chile,Female,46-55,I do not identify with any religious group or faith,Rural
Chile,Male,36-45,Christianity,Rural
Chile,Female,18-25,Christianity,Rural
Chile,Male,26-35,,Rural
Chile,Male,26-35,I do not identify with any religious group or faith,Rural
Chile,Male,56-65,Christianity,Rural
Chile,Female,65+,Christianity,Rural
Chile,Male,36-45,Christianity,Rural
Chile,Female,26-35,Christianity,Rural
Chile,Female,56-65,Christianity,Urban
Chile,Female,46-55,Christianity,Urban
Chile,Female,18-25,I do not identify with any religious group or faith,Urban
Chile,Female,26-35,Christianity,Rural
Chile,Female,26-35,Christianity,Rural
Chile,Male,36-45,I do not identify with any religious group or faith,Rural
Chile,Female,65+,Christianity,Rural
Chile,Male,65+,Christianity,Rural
Chile,Female,36-45,Christianity,Rural
Chile,Female,56-65,Christianity,Urban
Chile,Female,26-35,Christianity,Urban
Chile,Male,65+,Christianity,Urban
Chile,Male,36-45,Christianity,Urban
Chile,Male,18-25,Christianity,Urban
Chile,Male,26-35,Christianity,Urban
Chile,Female,46-55,,Urban
Chile,Female,65+,I do not identify with any religious group or faith,Urban
Chile,Female,36-45,Christianity,Urban
Chile,Female,46-55,Christianity,Urban
Chile,Female,65+,Christianity,Urban
Chile,Female,18-25,Christianity,Rural
Chile,Male,46-55,Christianity,Rural
Chile,Male,56-65,I do not identify with any religious group or faith,Rural
Chile,Female,26-35,I do not identify with any religious group or faith,Rural
Chile,Female,36-45,Christianity,Rural
Chile,Male,65+,Christianity,Rural
Chile,Male,36-45,Christianity,Rural
Chile,Male,18-25,,Rural
Chile,Male,65+,Christianity,Rural
Chile,Female,46-55,Judaism,Rural
Chile,Female,36-45,I do not identify with any religious group or faith,Rural
Chile,Female,56-65,I do not identify with any religious group or faith,Rural
Chile,Female,36-45,I do not identify with any religious group or faith,Urban
Chile,Male,46-55,Christianity,Urban
Chile,Female,56-65,Christianity,Urban
Chile,Female,56-65,Christianity,Urban
Chile,Female,46-55,Christianity,Urban
Chile,Male,46-55,Christianity,Urban
Chile,Male,56-65,Christianity,Urban
Chile,Male,56-65,I do not identify with any religious group or faith,Urban
Chile,Female,46-55,Christianity,Urban
Chile,Female,46-55,Christianity,Urban
Chile,Male,18-25,I do not identify with any religious group or faith,Urban
Chile,Female,18-25,Christianity,Urban
Chile,Male,26-35,Christianity,Urban
Chile,Male,18-25,I do not identify with any religious group or faith,Urban
Chile,Female,26-35,Christianity,Urban
Chile,Male,18-25,I do not identify with any religious group or faith,Urban
Chile,Male,36-45,Christianity,Urban
Chile,Female,36-45,Christianity,Urban
Chile,Male,56-65,Christianity,Urban
Chile,Male,36-45,I do not identify with any religious group or faith,Urban
Chile,Female,18-25,Christianity,Urban
Chile,Male,56-65,I do not identify with any religious group or faith,Urban
Chile,Female,56-65,Christianity,Urban
Chile,Female,36-45,I do not identify with any religious group or faith,Urban
Chile,Male,18-25,Christianity,Urban
Chile,Female,18-25,Christianity,Rural
Chile,Male,36-45,Christianity,Rural
Chile,Female,36-45,Christianity,Rural
Chile,Female,56-65,I do not identify with any religious group or faith,Rural
Chile,Female,26-35,I do not identify with any religious group or faith,Rural
Chile,Female,26-35,Christianity,Rural
Chile,Male,65+,I do not identify with any religious group or faith,Rural
Chile,Male,26-35,Christianity,Rural
Chile,Female,36-45,Christianity,Rural
Chile,Male,26-35,I do not identify with any religious group or faith,Rural
Chile,Male,36-45,Christianity,Rural
Chile,Female,56-65,I do not identify with any religious group or faith,Rural
Chile,Female,26-35,Christianity,Rural
Chile,Female,18-25,I do not identify with any religious group or faith,Rural
Chile,Male,56-65,Christianity,Rural
Chile,Male,56-65,Christianity,Rural
Chile,Female,26-35,Christianity,Rural
Chile,Female,46-55,Christianity,Rural
Chile,Female,26-35,I do not identify with any religious group or faith,Rural
Chile,Female,26-35,,Rural
Chile,Male,18-25,,Urban
Chile,Female,36-45,Christianity,Urban
Chile,Male,36-45,Christianity,Urban
Chile,Male,18-25,Christianity,Urban
Chile,Female,65+,Christianity,Rural
Chile,Male,26-35,I do not identify with any religious group or faith,Rural
Chile,Female,26-35,Christianity,Rural
Chile,Male,46-55,Christianity,Rural
Chile,Female,56-65,Christianity,Rural
Chile,Male,36-45,I do not identify with any religious group or faith,Rural
Chile,Male,46-55,Christianity,Rural
Chile,Male,18-25,Christianity,Rural
Chile,Female,26-35,Christianity,Rural
Chile,Female,56-65,Christianity,Rural
Chile,Male,26-35,Christianity,Rural
Chile,Male,26-35,Christianity,Rural
Chile,Female,46-55,Christianity,Rural
Chile,Female,36-45,,Urban
Chile,Male,46-55,Christianity,Urban
Chile,Male,26-35,Christianity,Urban
Chile,Female,26-35,Christianity,Urban
Chile,Female,56-65,Christianity,Urban
Chile,Male,26-35,Christianity,Urban
Chile,Male,56-65,Christianity,Urban
Chile,Male,36-45,Christianity,Urban
Chile,Female,26-35,Christianity,Urban
Chile,Female,26-35,I do not identify with any religious group or faith,Urban
Chile,Female,56-65,Christianity,Urban
Chile,Male,26-35,I do not identify with any religious group or faith,Urban
Chile,Female,18-25,I do not identify with any religious group or faith,Urban
Chile,Female,56-65,Christianity,Urban
Chile,Female,46-55,Christianity,Urban
Chile,Male,56-65,Christianity,Urban
Chile,Female,46-55,Christianity,Urban
Chile,Female,18-25,I do not identify with any religious group or faith,Urban
Chile,Male,36-45,I do not identify with any religious group or faith,Urban
Chile,Female,65+,,Rural
Chile,Female,46-55,Christianity,Rural
Chile,Male,36-45,I do not identify with any religious group or faith,Rural
Chile,Female,65+,Christianity,Rural
Chile,Male,65+,Christianity,Rural
Chile,Female,65+,Christianity,Rural
Chile,Male,36-45,Christianity,Rural
Chile,Male,46-55,I do not identify with any religious group or faith,Rural
Chile,Male,65+,Christianity,Rural
Chile,Female,36-45,Christianity,Rural
Chile,Male,36-45,I do not identify with any religious group or faith,Rural
Chile,Male,18-25,I do not identify with any religious group or faith,Urban
Chile,Female,46-55,Christianity,Urban
Chile,Female,36-45,Christianity,Urban
Chile,Male,56-65,Christianity,Urban
Chile,Female,18-25,I do not identify with any religious group or faith,Urban
Chile,Female,56-65,Christianity,Urban
Chile,Female,36-45,,Urban
Chile,Female,36-45,I do not identify with any religious group or faith,Urban
Chile,Female,18-25,I do not identify with any religious group or faith,Urban
Chile,Female,36-45,Christianity,Urban
Chile,Female,36-45,Christianity,Rural
Chile,Male,56-65,I do not identify with any religious group or faith,Rural
Chile,Female,26-35,Christianity,Rural
Chile,Male,65+,Christianity,Rural
Chile,Male,36-45,I do not identify with any religious group or faith,Rural
Chile,Male,46-55,,Rural
Chile,Male,65+,Christianity,Rural
Chile,Male,26-35,I do not identify with any religious group or faith,Rural
Chile,Male,46-55,Christianity,Rural
Chile,Female,36-45,Christianity,Rural
Chile,Female,18-25,I do not identify with any religious group or faith,Urban
Chile,Male,18-25,I do not identify with any religious group or faith,Urban
Chile,Female,46-55,Christianity,Urban
Chile,Female,56-65,Christianity,Urban
Chile,Male,65+,Christianity,Urban
Chile,Female,65+,Christianity,Urban
Chile,Female,46-55,Christianity,Urban
Chile,Female,56-65,I do not identify with any religious group or faith,Urban
Chile,Male,56-65,Christianity,Urban
Chile,Female,18-25,I do not identify with any religious group or faith,Urban
Chile,Female,18-25,I do not identify with any religious group or faith,Urban
Chile,Male,18-25,I do not identify with any religious group or faith,Urban
Chile,Female,36-45,,Urban
Chile,Male,65+,I do not identify with any religious group or faith,Urban
Chile,Female,46-55,Christianity,Urban
Chile,Female,26-35,I do not identify with any religious group or faith,Urban
Chile,Male,36-45,I do not identify with any religious group or faith,Urban
Chile,Male,26-35,Christianity,Urban
Chile,Male,36-45,I do not identify with any religious group or faith,Urban
Chile,Male,56-65,Christianity,Urban
Chile,Female,26-35,Christianity,Urban
Chile,Female,26-35,I do not identify with any religious group or faith,Urban
Chile,Male,18-25,I do not identify with any religious group or faith,Urban
Chile,Female,56-65,Christianity,Urban
Chile,Male,36-45,I do not identify with any religious group or faith,Urban
Chile,Male,56-65,Christianity,Urban
Chile,Male,46-55,I do not identify with any religious group or faith,Urban
Chile,Female,36-45,I do not identify with any religious group or faith,Urban
Chile,Male,26-35,I do not identify with any religious group or faith,Urban
Chile,Female,26-35,Christianity,Urban
Chile,Male,46-55,Christianity,Urban
Chile,Female,46-55,Christianity,Urban
Chile,Male,18-25,Christianity,Urban
Chile,Female,46-55,Christianity,Urban
Chile,Male,18-25,Christianity,Urban
Chile,Female,46-55,Christianity,Urban
Chile,Female,26-35,Christianity,Urban
Chile,Male,56-65,Christianity,Urban
Chile,Female,18-25,Christianity,Urban
Chile,Male,65+,I do not identify with any religious group or faith,Urban
Chile,Male,56-65,Christianity,Urban
Chile,Male,18-25,Christianity,Urban
Chile,Male,56-65,Christianity,Urban
Dominican Republic,Female,36-45,Christianity,Urban
Dominican Republic,Female,56-65,I do not identify with any religious group or faith,Urban
Dominican Republic,Male,65+,Christianity,Urban
Dominican Republic,Female,36-45,Christianity,Urban
Dominican Republic,Female,18-25,I do not identify with any religious group or faith,Urban
Dominican Republic,Male,26-35,Christianity,Urban
Dominican Republic,Male,26-35,I do not identify with any religious group or faith,Urban
Dominican Republic,Female,18-25,Christianity,Urban
Dominican Republic,Female,26-35,I do not identify with any religious group or faith,Urban
Dominican Republic,Male,36-45,I do not identify with any religious group or faith,Urban
Dominican Republic,Male,18-25,Judaism,Urban
Dominican Republic,Female,26-35,Christianity,Urban
Dominican Republic,Male,36-45,Christianity,Urban
Dominican Republic,Male,56-65,Christianity,Urban
Dominican Republic,Female,18-25,I do not identify with any religious group or faith,Urban
Dominican Republic,Female,56-65,Christianity,Urban
Dominican Republic,Female,65+,Christianity,Urban
Dominican Republic,Female,26-35,I do not identify with any religious group or faith,Urban
Dominican Republic,Female,36-45,Christianity,Urban
Dominican Republic,Male,65+,Christianity,Urban
Dominican Republic,Female,18-25,Christianity,Urban
Dominican Republic,Female,26-35,Christianity,Urban
Dominican Republic,Male,36-45,I do not identify with any religious group or faith,Urban
Dominican Republic,Female,18-25,Christianity,Urban
Dominican Republic,Female,26-35,Christianity,Urban
Dominican Republic,Female,18-25,I do not identify with any religious group or faith,Urban
Dominican Republic,Female,36-45,Christianity,Urban
Dominican Republic,Female,36-45,Christianity,Urban
Dominican Republic,Male,36-45,I do not identify with any religious group or faith,Urban
Dominican Republic,Male,26-35,I do not identify with any religious group or faith,Urban
Dominican Republic,Male,26-35,I do not identify with any religious group or faith,Urban
Dominican Republic,Male,65+,Christianity,Urban
Dominican Republic,Male,18-25,Christianity,Urban
Dominican Republic,Male,18-25,I do not identify with any religious group or faith,Urban
Dominican Republic,Male,36-45,Christianity,Urban
Dominican Republic,Female,26-35,I do not identify with any religious group or faith,Urban
Dominican Republic,Female,36-45,Christianity,Urban
Dominican Republic,Female,26-35,Christianity,Urban
Dominican Republic,Female,36-45,I do not identify with any religious group or faith,Urban
Dominican Republic,Female,46-55,Christianity,Urban
Dominican Republic,Female,46-55,Christianity,Urban
Dominican Republic,Female,18-25,Christianity,Urban
Dominican Republic,Female,36-45,Christianity,Urban
Dominican Republic,Male,18-25,I do not identify with any religious group or faith,Urban
Dominican Republic,Male,56-65,Christianity,Urban
Dominican Republic,Female,65+,Christianity,Urban
Dominican Republic,Male,46-55,Christianity,Urban
Dominican Republic,Female,46-55,Christianity,Urban
Dominican Republic,Female,65+,Christianity,Urban
Dominican Republic,Male,26-35,Christianity,Urban
Dominican Republic,Female,26-35,I do not identify with any religious group or faith,Urban
Dominican Republic,Female,18-25,Christianity,Urban
Dominican Republic,Male,18-25,Christianity,Urban
Dominican Republic,Female,56-65,Christianity,Urban
Dominican Republic,Female,18-25,I do not identify with any religious group or faith,Urban
Dominican Republic,Female,26-35,Christianity,Urban
Dominican Republic,Male,65+,Christianity,Urban
Dominican Republic,Female,46-55,Christianity,Urban
Dominican Republic,Female,36-45,I do not identify with any religious group or faith,Urban
Dominican Republic,Male,26-35,I do not identify with any religious group or faith,Urban
Dominican Republic,Female,46-55,I do not identify with any religious group or faith,Urban
Dominican Republic,Male,65+,Christianity,Urban
Dominican Republic,Female,26-35,Christianity,Urban
Dominican Republic,Male,56-65,Christianity,Urban
Dominican Republic,Female,18-25,Christianity,Urban
Dominican Republic,Female,36-45,I do not identify with any religious group or faith,Urban
Dominican Republic,Male,36-45,Christianity,Urban
Dominican Republic,Female,36-45,Christianity,Urban
Dominican Republic,Female,26-35,I do not identify with any religious group or faith,Urban
Dominican Republic,Male,18-25,Christianity,Urban
Dominican Republic,Female,18-25,,Urban
Dominican Republic,Female,46-55,Christianity,Urban
Dominican Republic,Male,26-35,Christianity,Urban
Dominican Republic,Female,36-45,Christianity,Urban
Dominican Republic,Male,18-25,I do not identify with any religious group or faith,Urban
Dominican Republic,Male,56-65,Christianity,Urban
Dominican Republic,Male,18-25,I do not identify with any religious group or faith,Urban
Dominican Republic,Male,65+,Christianity,Urban
Dominican Republic,Male,26-35,Christianity,Urban
Dominican Republic,Female,36-45,Christianity,Urban
Dominican Republic,Female,18-25,Christianity,Urban
Dominican Republic,Female,36-45,Christianity,Urban
Dominican Republic,Female,26-35,Christianity,Urban
Dominican Republic,Female,36-45,Christianity,Urban
Dominican Republic,Female,65+,Christianity,Urban
Dominican Republic,Male,26-35,Christianity,Urban
Dominican Republic,Female,26-35,I do not identify with any religious group or faith,Urban
Dominican Republic,Male,26-35,I do not identify with any religious group or faith,Urban
Dominican Republic,Male,36-45,Christianity,Urban
Dominican Republic,Female,36-45,Christianity,Urban
Dominican Republic,Male,46-55,Christianity,Urban
Dominican Republic,Female,26-35,I do not identify with any religious group or faith,Urban
Dominican Republic,Male,46-55,Christianity,Urban
Dominican Republic,Male,65+,Christianity,Urban
Dominican Republic,Female,18-25,Christianity,Urban
Dominican Republic,Male,18-25,Christianity,Urban
Dominican Republic,Male,18-25,Christianity,Urban
Dominican Republic,Female,46-55,I do not identify with any religious group or faith,Urban
Dominican Republic,Female,26-35,Christianity,Urban
Dominican Republic,Male,46-55,Christianity,Urban
Dominican Republic,Male,36-45,Christianity,Urban
Dominican Republic,Female,26-35,Christianity,Urban
Dominican Republic,Male,18-25,Christianity,Urban
Dominican Republic,Female,26-35,Christianity,Urban
Dominican Republic,Male,46-55,Christianity,Urban
Dominican Republic,Male,36-45,Christianity,Urban
Dominican Republic,Male,18-25,I do not identify with any religious group or faith,Urban
Dominican Republic,Female,36-45,Christianity,Urban
Dominican Republic,Male,65+,Christianity,Urban
Dominican Republic,Female,18-25,I do not identify with any religious group or faith,Urban
Dominican Republic,Male,36-45,I do not identify with any religious group or faith,Urban
Dominican Republic,Male,56-65,Christianity,Urban
Dominican Republic,Female,36-45,I do not identify with any religious group or faith,Urban
Dominican Republic,Male,26-35,Christianity,Urban
Dominican Republic,Female,36-45,Christianity,Urban
Dominican Republic,Female,46-55,Christianity,Urban
Dominican Republic,Female,26-35,Christianity,Urban
Dominican Republic,Female,65+,Christianity,Urban
Dominican Republic,Female,26-35,I do not identify with any religious group or faith,Urban
Dominican Republic,Male,56-65,Christianity,Urban
Dominican Republic,Female,65+,Christianity,Urban
Dominican Republic,Male,65+,I do not identify with any religious group or faith,Urban
Dominican Republic,Female,26-35,Christianity,Urban
Dominican Republic,Male,36-45,Christianity,Urban
Dominican Republic,Female,26-35,I do not identify with any religious group or faith,Urban
Dominican Republic,Male,36-45,Christianity,Urban
Dominican Republic,Male,46-55,Christianity,Urban
Dominican Republic,Male,18-25,Christianity,Urban
Dominican Republic,Female,36-45,Christianity,Urban
Dominican Republic,Male,36-45,I do not identify with any religious group or faith,Urban
Dominican Republic,Male,26-35,Christianity,Urban
Dominican Republic,Female,26-35,I do not identify with any religious group or faith,Urban
Dominican Republic,Female,46-55,Christianity,Urban
Dominican Republic,Male,36-45,Christianity,Urban
Dominican Republic,Male,65+,Christianity,Urban
Dominican Republic,Female,46-55,Christianity,Urban
Dominican Republic,Male,56-65,I do not identify with any religious group or faith,Urban
Dominican Republic,Female,36-45,I do not identify with any religious group or faith,Urban
Dominican Republic,Male,18-25,Christianity,Urban
Dominican Republic,Female,26-35,Christianity,Urban
Dominican Republic,Male,56-65,Christianity,Urban
Dominican Republic,Female,26-35,Christianity,Urban
Dominican Republic,Female,36-45,Christianity,Urban
Dominican Republic,Female,26-35,Christianity,Urban
Dominican Republic,Male,18-25,I do not identify with any religious group or faith,Urban
Dominican Republic,Female,18-25,Christianity,Urban
Dominican Republic,Female,56-65,Christianity,Urban
Dominican Republic,Female,46-55,I do not identify with any religious group or faith,Urban
Dominican Republic,Female,26-35,Christianity,Urban
Dominican Republic,Male,46-55,Christianity,Urban
Dominican Republic,Male,36-45,Christianity,Urban
Dominican Republic,Female,18-25,Christianity,Urban
Dominican Republic,Female,46-55,Christianity,Urban
Dominican Republic,Male,26-35,Christianity,Urban
Dominican Republic,Male,18-25,I do not identify with any religious group or faith,Urban
Dominican Republic,Male,65+,Christianity,Urban
Dominican Republic,Male,18-25,I do not identify with any religious group or faith,Urban
Dominican Republic,Female,56-65,Christianity,Urban
Dominican Republic,Male,56-65,Christianity,Urban
Dominican Republic,Male,26-35,I do not identify with any religious group or faith,Urban
Dominican Republic,Male,56-65,Christianity,Urban
Dominican Republic,Female,18-25,Christianity,Urban
Dominican Republic,Female,46-55,Christianity,Urban
Dominican Republic,Male,56-65,Christianity,Urban
Dominican Republic,Male,65+,Christianity,Urban
Dominican Republic,Male,18-25,Christianity,Urban
Dominican Republic,Female,56-65,Christianity,Urban
Dominican Republic,Male,18-25,I do not identify with any religious group or faith,Urban
Dominican Republic,Female,56-65,Christianity,Urban
Dominican Republic,Female,46-55,Christianity,Urban
Dominican Republic,Male,18-25,Christianity,Urban
Dominican Republic,Female,56-65,Christianity,Urban
Dominican Republic,Female,18-25,Christianity,Urban
Dominican Republic,Female,46-55,Christianity,Urban
Dominican Republic,Male,56-65,Christianity,Urban
Dominican Republic,Female,26-35,I do not identify with any religious group or faith,Urban
Dominican Republic,Male,56-65,Christianity,Urban
Dominican Republic,Male,36-45,I do not identify with any religious group or faith,Urban
Dominican Republic,Female,18-25,I do not identify with any religious group or faith,Urban
Dominican Republic,Female,36-45,I do not identify with any religious group or faith,Urban
Dominican Republic,Male,26-35,Christianity,Urban
Dominican Republic,Female,46-55,Christianity,Urban
Dominican Republic,Male,65+,Christianity,Urban
Dominican Republic,Male,56-65,Christianity,Urban
Dominican Republic,Female,36-45,Christianity,Urban
Dominican Republic,Female,56-65,Christianity,Urban
Dominican Republic,Male,36-45,Christianity,Urban
Dominican Republic,Male,26-35,Christianity,Urban
Dominican Republic,Female,36-45,Christianity,Urban
Dominican Republic,Female,46-55,Christianity,Urban
Dominican Republic,Female,26-35,I do not identify with any religious group or faith,Urban
Dominican Republic,Female,26-35,Christianity,Urban
Dominican Republic,Male,65+,Christianity,Urban
Dominican Republic,Female,46-55,Christianity,Urban
Dominican Republic,Male,46-55,I do not identify with any religious group or faith,Urban
Dominican Republic,Female,56-65,Christianity,Urban
Dominican Republic,Female,18-25,Christianity,Urban
Dominican Republic,Male,26-35,Christianity,Urban
Dominican Republic,Male,36-45,Christianity,Urban
Dominican Republic,Female,18-25,Christianity,Urban
Dominican Republic,Female,65+,Christianity,Urban
Dominican Republic,Male,56-65,I do not identify with any religious group or faith,Urban
Dominican Republic,Female,18-25,I do not identify with any religious group or faith,Urban
Dominican Republic,Male,26-35,Christianity,Urban
Dominican Republic,Male,56-65,Christianity,Urban
Dominican Republic,Male,18-25,Christianity,Urban
Dominican Republic,Female,26-35,Christianity,Urban
Dominican Republic,Male,36-45,Christianity,Urban
Dominican Republic,Female,65+,Christianity,Urban
Dominican Republic,Male,26-35,Christianity,Urban
Dominican Republic,Female,18-25,Christianity,Urban
Dominican Republic,Female,36-45,Christianity,Urban
Dominican Republic,Male,65+,Christianity,Urban
Dominican Republic,Female,56-65,I do not identify with any religious group or faith,Urban
Dominican Republic,Male,56-65,I do not identify with any religious group or faith,Urban
Dominican Republic,Male,18-25,Christianity,Urban
Dominican Republic,Male,56-65,Christianity,Urban
Dominican Republic,Female,26-35,,Urban
Dominican Republic,Female,56-65,Christianity,Urban
Dominican Republic,Male,26-35,Christianity,Urban
Dominican Republic,Female,56-65,Christianity,Urban
Dominican Republic,Male,65+,Christianity,Urban
Dominican Republic,Male,36-45,Christianity,Urban
Dominican Republic,Female,18-25,Judaism,Urban
Dominican Republic,Male,26-35,Christianity,Urban
Dominican Republic,Male,46-55,Christianity,Urban
Dominican Republic,Female,36-45,I do not identify with any religious group or faith,Urban
Dominican Republic,Female,26-35,Christianity,Urban
Dominican Republic,Male,18-25,I do not identify with any religious group or faith,Urban
Dominican Republic,Female,56-65,Christianity,Urban
Dominican Republic,Male,26-35,Christianity,Urban
Dominican Republic,Male,26-35,I do not identify with any religious group or faith,Urban
Dominican Republic,Male,65+,Christianity,Urban
Dominican Republic,Female,46-55,Christianity,Urban
Dominican Republic,Male,26-35,Christianity,Urban
Dominican Republic,Female,26-35,I do not identify with any religious group or faith,Urban
Dominican Republic,Female,36-45,Christianity,Urban
Dominican Republic,Male,36-45,Christianity,Urban
Dominican Republic,Female,65+,Christianity,Urban
Dominican Republic,Female,18-25,I do not identify with any religious group or faith,Urban
Dominican Republic,Female,18-25,Christianity,Urban
Dominican Republic,Male,36-45,Christianity,Urban
Dominican Republic,Male,56-65,Christianity,Urban
Dominican Republic,Female,56-65,Christianity,Urban
Dominican Republic,Female,56-65,Christianity,Urban
Dominican Republic,Male,26-35,Christianity,Urban
Dominican Republic,Male,26-35,,Urban
Dominican Republic,Male,18-25,,Urban
Dominican Republic,Female,46-55,Christianity,Urban
Dominican Republic,Female,26-35,I do not identify with any religious group or faith,Urban
Dominican Republic,Male,46-55,Christianity,Urban
Dominican Republic,Female,46-55,Christianity,Urban
Dominican Republic,Female,26-35,Christianity,Urban
Dominican Republic,Female,18-25,Christianity,Urban
Dominican Republic,Male,36-45,Christianity,Urban
Dominican Republic,Male,46-55,Christianity,Urban
Dominican Republic,Male,26-35,I do not identify with any religious group or faith,Urban
Dominican Republic,Female,36-45,Christianity,Urban
Dominican Republic,Male,56-65,Christianity,Urban
Dominican Republic,Male,46-55,Christianity,Urban
Dominican Republic,Male,18-25,Christianity,Urban
Dominican Republic,Female,26-35,Christianity,Urban
Dominican Republic,Female,56-65,,Urban
Dominican Republic,Male,56-65,Christianity,Urban
Dominican Republic,Male,26-35,Christianity,Urban
Dominican Republic,Male,56-65,Christianity,Urban
Dominican Republic,Male,56-65,I do not identify with any religious group or faith,Urban
Dominican Republic,Female,26-35,Christianity,Urban
Dominican Republic,Female,65+,Christianity,Urban
Dominican Republic,Female,18-25,Christianity,Urban
Dominican Republic,Female,36-45,Christianity,Urban
Dominican Republic,Male,56-65,Christianity,Urban
Dominican Republic,Male,18-25,I do not identify with any religious group or faith,Urban
Dominican Republic,Male,56-65,Christianity,Urban
Dominican Republic,Female,26-35,Christianity,Urban
Dominican Republic,Female,18-25,Christianity,Urban
Dominican Republic,Male,46-55,Christianity,Urban
Dominican Republic,Male,26-35,I do not identify with any religious group or faith,Urban
Dominican Republic,Male,36-45,Judaism,Urban
Dominican Republic,Male,56-65,I do not identify with any religious group or faith,Urban
Dominican Republic,Female,36-45,Christianity,Urban
Dominican Republic,Male,36-45,Christianity,Urban
Dominican Republic,Male,26-35,Christianity,Urban
Dominican Republic,Female,46-55,Christianity,Urban
Dominican Republic,Male,36-45,Christianity,Urban
Dominican Republic,Female,18-25,I do not identify with any religious group or faith,Urban
Dominican Republic,Female,56-65,Christianity,Urban
Dominican Republic,Female,36-45,Christianity,Urban
Dominican Republic,Male,56-65,I do not identify with any religious group or faith,Urban
Dominican Republic,Female,36-45,Christianity,Urban
Dominican Republic,Male,46-55,Christianity,Urban
Dominican Republic,Female,26-35,Christianity,Urban
Dominican Republic,Female,36-45,Christianity,Urban
Dominican Republic,Female,46-55,Christianity,Urban
Dominican Republic,Female,36-45,Christianity,Urban
Dominican Republic,Female,36-45,Christianity,Urban
Dominican Republic,Male,46-55,I do not identify with any religious group or faith,Urban
Dominican Republic,Female,18-25,Christianity,Urban
Dominican Republic,Male,18-25,Christianity,Urban
Dominican Republic,Female,56-65,Christianity,Urban
Dominican Republic,Male,65+,Christianity,Urban
Dominican Republic,Female,26-35,Christianity,Urban
Dominican Republic,Female,26-35,Christianity,Urban
Dominican Republic,Male,26-35,Christianity,Urban
Dominican Republic,Male,18-25,I do not identify with any religious group or faith,Urban
Dominican Republic,Female,18-25,I do not identify with any religious group or faith,Urban
Dominican Republic,Female,56-65,Christianity,Urban
Dominican Republic,Male,36-45,Christianity,Urban
Dominican Republic,Female,56-65,Christianity,Urban
Dominican Republic,Male,26-35,Christianity,Urban
Dominican Republic,Male,56-65,Christianity,Urban
Dominican Republic,Male,36-45,I do not identify with any religious group or faith,Urban
Dominican Republic,Female,26-35,Christianity,Urban
Dominican Republic,Female,26-35,Christianity,Urban
Dominican Republic,Female,46-55,Christianity,Urban
Dominican Republic,Female,26-35,Christianity,Urban
Dominican Republic,Female,36-45,Christianity,Urban
Dominican Republic,Male,46-55,Christianity,Urban
Dominican Republic,Female,65+,Christianity,Urban
Dominican Republic,Male,18-25,Christianity,Urban
Dominican Republic,Female,36-45,Judaism,Urban
Dominican Republic,Female,26-35,Christianity,Urban
Dominican Republic,Male,26-35,Christianity,Urban
Dominican Republic,Female,18-25,Christianity,Urban
Dominican Republic,Male,36-45,Christianity,Urban
Dominican Republic,Male,65+,Christianity,Urban
Dominican Republic,Female,26-35,Judaism,Urban
Dominican Republic,Female,18-25,Christianity,Urban
Dominican Republic,Male,36-45,Christianity,Urban
Dominican Republic,Male,36-45,Christianity,Urban
Dominican Republic,Male,18-25,I do not identify with any religious group or faith,Urban
Dominican Republic,Female,36-45,Christianity,Urban
Dominican Republic,Female,46-55,Christianity,Urban
Dominican Republic,Male,26-35,I do not identify with any religious group or faith,Urban
Dominican Republic,Female,18-25,Christianity,Urban
Dominican Republic,Female,18-25,Christianity,Urban
Dominican Republic,Female,56-65,Christianity,Urban
Dominican Republic,Male,56-65,Christianity,Urban
Dominican Republic,Female,18-25,Christianity,Urban
Dominican Republic,Male,26-35,I do not identify with any religious group or faith,Urban
Dominican Republic,Female,36-45,Christianity,Urban
Dominican Republic,Female,36-45,Christianity,Urban
Dominican Republic,Male,26-35,I do not identify with any religious group or faith,Urban
Dominican Republic,Female,18-25,Christianity,Urban
Dominican Republic,Male,26-35,Christianity,Urban
Dominican Republic,Male,18-25,I do not identify with any religious group or faith,Urban
Dominican Republic,Male,26-35,I do not identify with any religious group or faith,Urban
Dominican Republic,Female,36-45,I do not identify with any religious group or faith,Urban
Dominican Republic,Female,18-25,Christianity,Urban
Dominican Republic,Male,18-25,Christianity,Urban
Dominican Republic,Male,36-45,Christianity,Urban
Dominican Republic,Male,36-45,Christianity,Urban
Dominican Republic,Female,46-55,I do not identify with any religious group or faith,Urban
Dominican Republic,Female,46-55,Christianity,Urban
Dominican Republic,Male,56-65,Christianity,Urban
Dominican Republic,Female,46-55,Christianity,Urban
Dominican Republic,Female,56-65,I do not identify with any religious group or faith,Urban
Dominican Republic,Female,36-45,Christianity,Urban
Dominican Republic,Male,56-65,Christianity,Urban
Dominican Republic,Male,56-65,Christianity,Urban
Dominican Republic,Male,65+,Christianity,Urban
Dominican Republic,Male,46-55,Christianity,Urban
Dominican Republic,Male,46-55,Christianity,Urban
Dominican Republic,Male,18-25,Christianity,Urban
Dominican Republic,Male,36-45,Christianity,Urban
Dominican Republic,Male,56-65,I do not identify with any religious group or faith,Urban
Dominican Republic,Male,46-55,Christianity,Urban
Dominican Republic,Female,26-35,,Urban
Dominican Republic,Male,46-55,Christianity,Urban
Dominican Republic,Male,65+,Christianity,Urban
Dominican Republic,Female,56-65,Christianity,Urban
Dominican Republic,Male,36-45,I do not identify with any religious group or faith,Urban
Dominican Republic,Female,36-45,Christianity,Urban
Dominican Republic,Male,46-55,Christianity,Urban
Dominican Republic,Male,65+,Christianity,Urban
Dominican Republic,Female,36-45,I do not identify with any religious group or faith,Urban
Dominican Republic,Female,56-65,Christianity,Urban
Dominican Republic,Female,36-45,I do not identify with any religious group or faith,Urban
Dominican Republic,Male,36-45,Christianity,Urban
Dominican Republic,Female,46-55,Christianity,Urban
Dominican Republic,Female,36-45,Christianity,Urban
Dominican Republic,Male,56-65,Christianity,Urban
Dominican Republic,Male,26-35,I do not identify with any religious group or faith,Urban
Dominican Republic,Female,26-35,Christianity,Urban
Dominican Republic,Female,65+,Christianity,Urban
Dominican Republic,Male,65+,Christianity,Urban
Dominican Republic,Male,36-45,Christianity,Urban
Dominican Republic,Female,18-25,Christianity,Urban
Dominican Republic,Male,18-25,I do not identify with any religious group or faith,Urban
Dominican Republic,Female,46-55,Christianity,Urban
Dominican Republic,Male,18-25,Christianity,Urban
Dominican Republic,Female,56-65,Christianity,Urban
Dominican Republic,Female,18-25,Christianity,Urban
Dominican Republic,Female,26-35,Christianity,Urban
Dominican Republic,Male,65+,I do not identify with any religious group or faith,Urban
Dominican Republic,Male,56-65,Christianity,Urban
Dominican Republic,Male,26-35,Christianity,Urban
Dominican Republic,Female,46-55,Christianity,Urban
Dominican Republic,Male,26-35,I do not identify with any religious group or faith,Urban
Dominican Republic,Female,65+,Christianity,Urban
Dominican Republic,Female,26-35,Christianity,Urban
Dominican Republic,Male,46-55,Christianity,Urban
Dominican Republic,Female,18-25,Christianity,Urban
Dominican Republic,Male,36-45,Christianity,Urban
Dominican Republic,Female,56-65,I do not identify with any religious group or faith,Urban
Dominican Republic,Male,46-55,Christianity,Urban
Dominican Republic,Female,46-55,Christianity,Urban
Dominican Republic,Female,26-35,I do not identify with any religious group or faith,Urban
Dominican Republic,Male,18-25,Christianity,Urban
Dominican Republic,Male,36-45,Christianity,Urban
Dominican Republic,Male,26-35,I do not identify with any religious group or faith,Urban
Dominican Republic,Male,36-45,Christianity,Urban
Dominican Republic,Female,56-65,Christianity,Urban
Dominican Republic,Female,46-55,Christianity,Urban
Dominican Republic,Male,18-25,Christianity,Urban
Dominican Republic,Female,36-45,Christianity,Urban
Dominican Republic,Male,26-35,Christianity,Urban
Dominican Republic,Male,46-55,Christianity,Urban
Dominican Republic,Female,46-55,I do not identify with any religious group or faith,Urban
Dominican Republic,Male,56-65,Christianity,Urban
Dominican Republic,Male,36-45,Christianity,Urban
Dominican Republic,Female,46-55,Christianity,Urban
Dominican Republic,Male,36-45,Christianity,Urban
Dominican Republic,Female,26-35,Christianity,Urban
Dominican Republic,Male,26-35,I do not identify with any religious group or faith,Urban
Dominican Republic,Male,46-55,Christianity,Urban
Dominican Republic,Female,36-45,Christianity,Urban
Dominican Republic,Female,56-65,Christianity,Urban
Dominican Republic,Male,56-65,Christianity,Urban
Dominican Republic,Male,46-55,Christianity,Urban
Dominican Republic,Female,18-25,Christianity,Urban
Dominican Republic,Female,56-65,Christianity,Urban
Dominican Republic,Female,46-55,Christianity,Urban
Dominican Republic,Male,18-25,Christianity,Urban
Dominican Republic,Female,18-25,Christianity,Urban
Dominican Republic,Female,26-35,I do not identify with any religious group or faith,Urban
Dominican Republic,Male,18-25,I do not identify with any religious group or faith,Urban
Dominican Republic,Female,26-35,Christianity,Urban
Dominican Republic,Male,56-65,Christianity,Urban
Dominican Republic,Male,26-35,I do not identify with any religious group or faith,Urban
Dominican Republic,Male,46-55,Christianity,Urban
Dominican Republic,Male,46-55,Christianity,Urban
Dominican Republic,Female,36-45,Christianity,Urban
Dominican Republic,Male,46-55,Christianity,Urban
Dominican Republic,Female,65+,Christianity,Urban
Dominican Republic,Female,26-35,Christianity,Urban
Dominican Republic,Male,65+,Christianity,Urban
Dominican Republic,Male,56-65,Other religious group,Urban
Dominican Republic,Female,36-45,Christianity,Urban
Dominican Republic,Male,36-45,Christianity,Urban
Dominican Republic,Male,56-65,Christianity,Urban
Dominican Republic,Male,36-45,Christianity,Urban
Dominican Republic,Female,56-65,Christianity,Urban
Dominican Republic,Female,18-25,Christianity,Urban
Dominican Republic,Female,56-65,Christianity,Urban
Dominican Republic,Male,26-35,Christianity,Urban
Dominican Republic,Female,18-25,Christianity,Urban
Dominican Republic,Female,26-35,I do not identify with any religious group or faith,Urban
Dominican Republic,Male,26-35,Christianity,Urban
Dominican Republic,Female,56-65,Christianity,Urban
Dominican Republic,Male,46-55,Christianity,Urban
Dominican Republic,Female,56-65,Christianity,Urban
Dominican Republic,Female,26-35,Judaism,Urban
Dominican Republic,Male,65+,Christianity,Urban
Dominican Republic,Female,26-35,Christianity,Urban
Dominican Republic,Male,65+,Christianity,Urban
Dominican Republic,Male,36-45,Christianity,Urban
Dominican Republic,Male,56-65,Christianity,Urban
Dominican Republic,Male,18-25,I do not identify with any religious group or faith,Urban
Dominican Republic,Male,18-25,I do not identify with any religious group or faith,Urban
Dominican Republic,Female,18-25,I do not identify with any religious group or faith,Urban
Dominican Republic,Female,26-35,I do not identify with any religious group or faith,Urban
Dominican Republic,Male,26-35,Christianity,Urban
Dominican Republic,Male,65+,Christianity,Urban
Dominican Republic,Female,46-55,Christianity,Urban
Dominican Republic,Male,18-25,I do not identify with any religious group or faith,Urban
Dominican Republic,Female,26-35,I do not identify with any religious group or faith,Urban
Dominican Republic,Female,56-65,Christianity,Urban
Dominican Republic,Male,18-25,I do not identify with any religious group or faith,Urban
Dominican Republic,Male,56-65,Christianity,Urban
Dominican Republic,Female,56-65,Christianity,Urban
Dominican Republic,Female,26-35,Christianity,Urban
Dominican Republic,Female,36-45,Christianity,Urban
Dominican Republic,Female,18-25,Christianity,Urban
Dominican Republic,Female,65+,Christianity,Urban
Dominican Republic,Male,46-55,Christianity,Urban
Dominican Republic,Male,36-45,Christianity,Urban
Dominican Republic,Female,65+,Christianity,Urban
Dominican Republic,Male,26-35,I do not identify with any religious group or faith,Urban
Dominican Republic,Male,18-25,I do not identify with any religious group or faith,Urban
Dominican Republic,Male,18-25,Christianity,Urban
Dominican Republic,Male,65+,Judaism,Urban
Dominican Republic,Female,26-35,Christianity,Urban
Dominican Republic,Male,36-45,I do not identify with any religious group or faith,Urban
Dominican Republic,Female,56-65,Christianity,Urban
Dominican Republic,Female,26-35,Christianity,Urban
Dominican Republic,Female,36-45,I do not identify with any religious group or faith,Urban
Dominican Republic,Male,36-45,I do not identify with any religious group or faith,Urban
Dominican Republic,Male,36-45,I do not identify with any religious group or faith,Urban
Dominican Republic,Female,18-25,I do not identify with any religious group or faith,Urban
Dominican Republic,Female,46-55,Christianity,Urban
Dominican Republic,Male,26-35,Christianity,Urban
Dominican Republic,Male,36-45,Christianity,Urban
Dominican Republic,Male,26-35,Christianity,Urban
Dominican Republic,Female,26-35,Christianity,Urban
Dominican Republic,Female,56-65,Christianity,Urban
Dominican Republic,Female,26-35,Christianity,Urban
Dominican Republic,Male,65+,Christianity,Urban
Dominican Republic,Male,46-55,Christianity,Urban
Dominican Republic,Female,18-25,Christianity,Urban
Dominican Republic,Female,46-55,Christianity,Urban
Dominican Republic,Male,18-25,Christianity,Urban
Dominican Republic,Male,26-35,Christianity,Urban
Dominican Republic,Male,65+,Christianity,Urban
Dominican Republic,Male,56-65,Christianity,Urban
Dominican Republic,Female,18-25,Christianity,Urban
Dominican Republic,Male,36-45,I do not identify with any religious group or faith,Urban
Dominican Republic,Female,36-45,Christianity,Urban
Dominican Republic,Female,56-65,Christianity,Urban
Dominican Republic,Female,26-35,Christianity,Urban
Dominican Republic,Male,36-45,Christianity,Urban
Dominican Republic,Female,56-65,Christianity,Urban
Dominican Republic,Female,18-25,I do not identify with any religious group or faith,Urban
Dominican Republic,Male,36-45,Christianity,Urban
Dominican Republic,Female,36-45,Christianity,Urban
Dominican Republic,Male,56-65,Christianity,Urban
Dominican Republic,Male,18-25,Christianity,Urban
Dominican Republic,Female,26-35,Christianity,Urban
Dominican Republic,Female,65+,Christianity,Urban
Dominican Republic,Male,46-55,Christianity,Urban
Dominican Republic,Male,26-35,Christianity,Urban
Dominican Republic,Female,56-65,Christianity,Urban
Dominican Republic,Female,36-45,I do not identify with any religious group or faith,Urban
Dominican Republic,Female,18-25,Christianity,Urban
Dominican Republic,Female,36-45,Christianity,Urban
Dominican Republic,Male,46-55,Christianity,Urban
Dominican Republic,Female,26-35,Christianity,Urban
Dominican Republic,Male,46-55,Christianity,Urban
Dominican Republic,Male,36-45,Christianity,Urban
Dominican Republic,Male,56-65,Christianity,Urban
Dominican Republic,Male,26-35,Christianity,Urban
Dominican Republic,Male,18-25,I do not identify with any religious group or faith,Urban
Dominican Republic,Female,65+,Christianity,Urban
Dominican Republic,Female,18-25,Christianity,Urban
Dominican Republic,Female,26-35,Christianity,Urban
Dominican Republic,Male,36-45,Christianity,Urban
Dominican Republic,Male,56-65,Christianity,Urban
Dominican Republic,Male,65+,Christianity,Urban
Dominican Republic,Female,46-55,Christianity,Urban
Dominican Republic,Female,36-45,Christianity,Urban
Dominican Republic,Male,18-25,Christianity,Urban
Dominican Republic,Male,56-65,Christianity,Urban
Dominican Republic,Male,46-55,Christianity,Urban
Dominican Republic,Female,36-45,Christianity,Urban
Dominican Republic,Male,18-25,I do not identify with any religious group or faith,Urban
Dominican Republic,Male,36-45,I do not identify with any religious group or faith,Urban
Dominican Republic,Female,18-25,I do not identify with any religious group or faith,Urban
Dominican Republic,Female,65+,Christianity,Urban
Dominican Republic,Female,26-35,I do not identify with any religious group or faith,Urban
Dominican Republic,Female,26-35,I do not identify with any religious group or faith,Urban
Dominican Republic,Female,18-25,Christianity,Urban
Dominican Republic,Female,26-35,Christianity,Urban
Dominican Republic,Female,18-25,Christianity,Urban
Dominican Republic,Male,18-25,Christianity,Urban
Dominican Republic,Female,26-35,Christianity,Urban
Dominican Republic,Female,26-35,Christianity,Urban
Dominican Republic,Female,18-25,I do not identify with any religious group or faith,Urban
Dominican Republic,Male,65+,Christianity,Urban
Dominican Republic,Male,56-65,Christianity,Urban
Dominican Republic,Female,46-55,Christianity,Urban
Dominican Republic,Male,56-65,Christianity,Urban
Dominican Republic,Male,36-45,Christianity,Urban
Dominican Republic,Female,18-25,I do not identify with any religious group or faith,Urban
Dominican Republic,Female,46-55,Christianity,Urban
Dominican Republic,Female,56-65,Christianity,Urban
Dominican Republic,Male,56-65,Christianity,Urban
Dominican Republic,Female,36-45,Christianity,Urban
Dominican Republic,Female,26-35,Christianity,Urban
Dominican Republic,Male,65+,Christianity,Urban
Dominican Republic,Male,18-25,Christianity,Urban
Dominican Republic,Female,46-55,Christianity,Urban
Dominican Republic,Male,65+,Christianity,Urban
Dominican Republic,Male,56-65,Christianity,Urban
Dominican Republic,Male,36-45,I do not identify with any religious group or faith,Urban
Dominican Republic,Female,36-45,I do not identify with any religious group or faith,Urban
Dominican Republic,Male,36-45,I do not identify with any religious group or faith,Urban
Dominican Republic,Male,56-65,Christianity,Urban
Dominican Republic,Female,56-65,Christianity,Urban
Dominican Republic,Male,65+,Christianity,Urban
Dominican Republic,Male,36-45,Christianity,Urban
Dominican Republic,Female,18-25,Christianity,Urban
Dominican Republic,Male,36-45,Christianity,Urban
Dominican Republic,Female,18-25,Christianity,Urban
Dominican Republic,Male,56-65,Christianity,Urban
Dominican Republic,Female,26-35,Christianity,Urban
Dominican Republic,Female,26-35,I do not identify with any religious group or faith,Urban
Dominican Republic,Male,26-35,Christianity,Urban
Dominican Republic,Female,36-45,Christianity,Urban
Dominican Republic,Male,56-65,Christianity,Urban
Dominican Republic,Male,18-25,Christianity,Urban
Dominican Republic,Female,26-35,I do not identify with any religious group or faith,Urban
Dominican Republic,Female,18-25,I do not identify with any religious group or faith,Urban
Dominican Republic,Male,36-45,Christianity,Urban
Dominican Republic,Female,46-55,Christianity,Urban
Dominican Republic,Male,36-45,Christianity,Urban
Dominican Republic,Female,18-25,I do not identify with any religious group or faith,Urban
Dominican Republic,Male,36-45,Christianity,Urban
Dominican Republic,Male,26-35,Christianity,Urban
Dominican Republic,Female,26-35,I do not identify with any religious group or faith,Urban
Dominican Republic,Male,26-35,Christianity,Urban
Dominican Republic,Male,36-45,Christianity,Urban
Dominican Republic,Female,18-25,Christianity,Urban
Dominican Republic,Male,36-45,I do not identify with any religious group or faith,Urban
Dominican Republic,Male,36-45,I do not identify with any religious group or faith,Urban
Dominican Republic,Female,36-45,I do not identify with any religious group or faith,Urban
Dominican Republic,Female,56-65,Christianity,Urban
Dominican Republic,Female,36-45,Christianity,Urban
Dominican Republic,Male,36-45,I do not identify with any religious group or faith,Urban
Dominican Republic,Female,18-25,Judaism,Urban
Dominican Republic,Female,46-55,Christianity,Urban
Dominican Republic,Female,36-45,I do not identify with any religious group or faith,Urban
Dominican Republic,Male,56-65,I do not identify with any religious group or faith,Urban
Dominican Republic,Male,36-45,I do not identify with any religious group or faith,Urban
Dominican Republic,Female,26-35,I do not identify with any religious group or faith,Urban
Dominican Republic,Female,18-25,I do not identify with any religious group or faith,Urban
Dominican Republic,Female,26-35,I do not identify with any religious group or faith,Urban
Dominican Republic,Male,26-35,I do not identify with any religious group or faith,Urban
Dominican Republic,Male,26-35,I do not identify with any religious group or faith,Urban
Dominican Republic,Female,46-55,I do not identify with any religious group or faith,Urban
Dominican Republic,Male,18-25,I do not identify with any religious group or faith,Urban
Dominican Republic,Female,46-55,Christianity,Urban
Dominican Republic,Female,36-45,Christianity,Urban
Dominican Republic,Female,36-45,Christianity,Urban
Dominican Republic,Female,26-35,Christianity,Urban
Dominican Republic,Female,18-25,Christianity,Urban
Dominican Republic,Male,18-25,I do not identify with any religious group or faith,Urban
Dominican Republic,Male,36-45,Christianity,Urban
Dominican Republic,Female,56-65,Christianity,Urban
Dominican Republic,Female,18-25,I do not identify with any religious group or faith,Urban
Dominican Republic,Female,18-25,Christianity,Urban
Dominican Republic,Female,36-45,Christianity,Urban
Dominican Republic,Male,36-45,I do not identify with any religious group or faith,Urban
Dominican Republic,Male,36-45,I do not identify with any religious group or faith,Urban
Dominican Republic,Male,26-35,Christianity,Urban
Dominican Republic,Male,36-45,Christianity,Urban
Dominican Republic,Male,56-65,Christianity,Urban
Dominican Republic,Female,56-65,Christianity,Urban
Dominican Republic,Male,56-65,Christianity,Urban
Dominican Republic,Male,46-55,Christianity,Urban
Dominican Republic,Male,18-25,Christianity,Urban
Dominican Republic,Male,56-65,Christianity,Urban
Dominican Republic,Male,26-35,I do not identify with any religious group or faith,Urban
Dominican Republic,Male,36-45,I do not identify with any religious group or faith,Urban
Dominican Republic,Female,18-25,I do not identify with any religious group or faith,Urban
Dominican Republic,Female,36-45,Christianity,Urban
Dominican Republic,Female,36-45,I do not identify with any religious group or faith,Urban
Dominican Republic,Female,36-45,Christianity,Urban
Dominican Republic,Male,56-65,I do not identify with any religious group or faith,Urban
Dominican Republic,Male,18-25,I do not identify with any religious group or faith,Urban
Dominican Republic,Female,26-35,Christianity,Urban
Dominican Republic,Male,26-35,Christianity,Urban
Dominican Republic,Female,18-25,I do not identify with any religious group or faith,Urban
Dominican Republic,Female,46-55,Christianity,Urban
Dominican Republic,Male,26-35,I do not identify with any religious group or faith,Urban
Dominican Republic,Female,26-35,I do not identify with any religious group or faith,Urban
Dominican Republic,Male,18-25,Christianity,Urban
Dominican Republic,Female,36-45,Christianity,Urban
Dominican Republic,Male,26-35,Christianity,Urban
Dominican Republic,Female,26-35,Christianity,Urban
Dominican Republic,Female,26-35,Christianity,Urban
Dominican Republic,Female,18-25,I do not identify with any religious group or faith,Urban
Dominican Republic,Female,26-35,Christianity,Urban
Dominican Republic,Male,26-35,Christianity,Urban
Dominican Republic,Female,56-65,Christianity,Urban
Dominican Republic,Male,56-65,Christianity,Urban
Dominican Republic,Male,18-25,I do not identify with any religious group or faith,Urban
Dominican Republic,Male,26-35,Christianity,Urban
Dominican Republic,Female,46-55,Christianity,Urban
Dominican Republic,Female,36-45,Christianity,Urban
Dominican Republic,Male,56-65,Christianity,Urban
Dominican Republic,Male,56-65,Christianity,Urban
Dominican Republic,Female,46-55,Christianity,Urban
Dominican Republic,Female,26-35,Christianity,Urban
Dominican Republic,Female,18-25,Christianity,Urban
Dominican Republic,Male,26-35,Christianity,Urban
Dominican Republic,Male,56-65,Christianity,Urban
Dominican Republic,Male,46-55,I do not identify with any religious group or faith,Urban
Dominican Republic,Male,26-35,I do not identify with any religious group or faith,Urban
Dominican Republic,Male,18-25,Christianity,Urban
Dominican Republic,Female,36-45,I do not identify with any religious group or faith,Urban
Dominican Republic,Female,26-35,Christianity,Urban
Dominican Republic,Male,56-65,Christianity,Urban
Dominican Republic,Female,18-25,Christianity,Urban
Dominican Republic,Male,18-25,I do not identify with any religious group or faith,Urban
Dominican Republic,Female,36-45,Christianity,Urban
Dominican Republic,Male,56-65,Christianity,Urban
Dominican Republic,Female,26-35,I do not identify with any religious group or faith,Urban
Dominican Republic,Male,36-45,Christianity,Urban
Dominican Republic,Male,26-35,Christianity,Urban
Dominican Republic,Female,56-65,Christianity,Urban
Dominican Republic,Female,65+,Christianity,Urban
Dominican Republic,Female,56-65,Christianity,Urban
Dominican Republic,Female,18-25,Christianity,Urban
Dominican Republic,Male,36-45,Christianity,Urban
Dominican Republic,Female,36-45,Christianity,Urban
Dominican Republic,Female,36-45,I do not identify with any religious group or faith,Urban
Dominican Republic,Male,46-55,Christianity,Urban
Dominican Republic,Male,18-25,Christianity,Urban
Dominican Republic,Male,56-65,Christianity,Urban
Dominican Republic,Male,26-35,I do not identify with any religious group or faith,Urban
Dominican Republic,Male,26-35,Christianity,Urban
Dominican Republic,Female,36-45,Christianity,Urban
Dominican Republic,Male,36-45,I do not identify with any religious group or faith,Urban
Dominican Republic,Male,65+,Christianity,Urban
Dominican Republic,Female,56-65,Christianity,Urban
Dominican Republic,Male,26-35,Christianity,Urban
Dominican Republic,Female,36-45,Christianity,Urban
Dominican Republic,Male,18-25,I do not identify with any religious group or faith,Urban
Dominican Republic,Female,56-65,Christianity,Urban
Dominican Republic,Female,18-25,Christianity,Urban
Dominican Republic,Male,18-25,Christianity,Urban
Dominican Republic,Female,36-45,Judaism,Urban
Dominican Republic,Male,56-65,Christianity,Urban
Dominican Republic,Female,26-35,Christianity,Urban
Dominican Republic,Male,36-45,Christianity,Urban
Dominican Republic,Female,18-25,Christianity,Urban
Dominican Republic,Female,56-65,Christianity,Urban
Dominican Republic,Male,46-55,Christianity,Urban
Dominican Republic,Male,36-45,Christianity,Urban
Dominican Republic,Female,46-55,Christianity,Urban
Dominican Republic,Female,36-45,Christianity,Urban
Dominican Republic,Female,46-55,Christianity,Urban
Dominican Republic,Male,36-45,Christianity,Urban
Dominican Republic,Female,26-35,Christianity,Urban
Dominican Republic,Male,46-55,Christianity,Urban
Dominican Republic,Male,36-45,Christianity,Urban
Dominican Republic,Female,18-25,Christianity,Urban
Dominican Republic,Female,18-25,I do not identify with any religious group or faith,Urban
Dominican Republic,Female,65+,Christianity,Urban
Dominican Republic,Female,36-45,Christianity,Urban
Dominican Republic,Male,26-35,Christianity,Urban
Dominican Republic,Male,46-55,Christianity,Urban
Dominican Republic,Female,26-35,Christianity,Urban
Dominican Republic,Female,46-55,Christianity,Urban
Dominican Republic,Female,56-65,Christianity,Urban
Dominican Republic,Male,56-65,Christianity,Urban
Dominican Republic,Female,65+,Judaism,Urban
Dominican Republic,Male,26-35,Christianity,Urban
Dominican Republic,Male,18-25,Judaism,Urban
Dominican Republic,Male,36-45,Christianity,Urban
Dominican Republic,Female,46-55,I do not identify with any religious group or faith,Urban
Dominican Republic,Male,46-55,Christianity,Urban
Dominican Republic,Male,65+,Christianity,Urban
Dominican Republic,Female,56-65,Christianity,Urban
Dominican Republic,Male,26-35,Christianity,Urban
Dominican Republic,Female,26-35,Christianity,Urban
Dominican Republic,Male,36-45,Christianity,Urban
Dominican Republic,Male,46-55,Christianity,Urban
Dominican Republic,Male,18-25,Christianity,Urban
Dominican Republic,Female,65+,Christianity,Urban
Dominican Republic,Male,36-45,I do not identify with any religious group or faith,Urban
Dominican Republic,Male,26-35,I do not identify with any religious group or faith,Urban
Dominican Republic,Male,36-45,Christianity,Urban
Dominican Republic,Female,36-45,Christianity,Urban
Dominican Republic,Female,56-65,Christianity,Urban
Dominican Republic,Male,56-65,Christianity,Urban
Dominican Republic,Male,65+,Christianity,Urban
Dominican Republic,Female,18-25,,Urban
Dominican Republic,Male,18-25,Christianity,Urban
Dominican Republic,Female,36-45,Christianity,Urban
Dominican Republic,Female,65+,Christianity,Urban
Dominican Republic,Male,46-55,Christianity,Urban
Dominican Republic,Female,36-45,Christianity,Urban
Dominican Republic,Male,18-25,I do not identify with any religious group or faith,Urban
Dominican Republic,Female,36-45,Christianity,Urban
Dominican Republic,Male,26-35,Christianity,Urban
Dominican Republic,Male,65+,Christianity,Urban
Dominican Republic,Male,26-35,Christianity,Urban
Dominican Republic,Female,18-25,,Urban
Dominican Republic,Female,56-65,Christianity,Urban
Dominican Republic,Female,26-35,Christianity,Urban
Dominican Republic,Male,36-45,Christianity,Urban
Dominican Republic,Male,18-25,Christianity,Urban
Dominican Republic,Male,18-25,I do not identify with any religious group or faith,Urban
Dominican Republic,Female,26-35,Christianity,Urban
Dominican Republic,Female,56-65,Christianity,Urban
Dominican Republic,Male,26-35,I do not identify with any religious group or faith,Urban
Dominican Republic,Female,26-35,I do not identify with any religious group or faith,Urban
Dominican Republic,Female,26-35,I do not identify with any religious group or faith,Urban
Dominican Republic,Male,26-35,I do not identify with any religious group or faith,Urban
Dominican Republic,Male,18-25,I do not identify with any religious group or faith,Urban
Dominican Republic,Female,18-25,Christianity,Urban
Dominican Republic,Female,18-25,Christianity,Urban
Dominican Republic,Female,18-25,Christianity,Urban
Dominican Republic,Male,46-55,Christianity,Urban
Dominican Republic,Male,26-35,,Urban
Dominican Republic,Female,46-55,I do not identify with any religious group or faith,Urban
Dominican Republic,Female,36-45,Christianity,Urban
Dominican Republic,Male,46-55,Christianity,Urban
Dominican Republic,Male,18-25,I do not identify with any religious group or faith,Urban
Dominican Republic,Female,18-25,Christianity,Urban
Dominican Republic,Male,36-45,Christianity,Urban
Dominican Republic,Female,36-45,Christianity,Urban
Dominican Republic,Female,18-25,Christianity,Urban
Dominican Republic,Male,36-45,Christianity,Urban
Dominican Republic,Female,36-45,Christianity,Urban
Dominican Republic,Male,56-65,Christianity,Urban
Dominican Republic,Male,18-25,Christianity,Urban
Dominican Republic,Male,56-65,I do not identify with any religious group or faith,Urban
Dominican Republic,Female,56-65,Christianity,Urban
Dominican Republic,Female,18-25,Christianity,Urban
Dominican Republic,Female,26-35,Christianity,Urban
Dominican Republic,Male,26-35,Christianity,Urban
Dominican Republic,Male,36-45,Christianity,Urban
Dominican Republic,Male,36-45,Christianity,Urban
Dominican Republic,Female,36-45,Christianity,Urban
Dominican Republic,Female,36-45,Christianity,Urban
Dominican Republic,Male,18-25,Christianity,Urban
Dominican Republic,Male,26-35,Christianity,Urban
Dominican Republic,Male,36-45,Christianity,Urban
Dominican Republic,Female,26-35,I do not identify with any religious group or faith,Urban
Dominican Republic,Male,36-45,I do not identify with any religious group or faith,Urban
Dominican Republic,Male,65+,Christianity,Urban
Dominican Republic,Female,26-35,I do not identify with any religious group or faith,Urban
Dominican Republic,Male,18-25,I do not identify with any religious group or faith,Urban
Dominican Republic,Male,46-55,Christianity,Urban
Dominican Republic,Female,36-45,Christianity,Urban
Dominican Republic,Male,46-55,I do not identify with any religious group or faith,Urban
Dominican Republic,Male,36-45,I do not identify with any religious group or faith,Urban
Dominican Republic,Female,26-35,Christianity,Urban
Dominican Republic,Female,26-35,Christianity,Urban
Dominican Republic,Female,18-25,Christianity,Urban
Dominican Republic,Male,56-65,Christianity,Urban
Dominican Republic,Male,36-45,I do not identify with any religious group or faith,Urban
Dominican Republic,Female,36-45,Other religious group,Urban
Dominican Republic,Male,46-55,I do not identify with any religious group or faith,Urban
Dominican Republic,Male,56-65,Christianity,Urban
Dominican Republic,Female,18-25,I do not identify with any religious group or faith,Urban
Dominican Republic,Female,26-35,I do not identify with any religious group or faith,Urban
Dominican Republic,Female,36-45,I do not identify with any religious group or faith,Urban
Dominican Republic,Female,26-35,I do not identify with any religious group or faith,Urban
Dominican Republic,Male,26-35,Christianity,Urban
Dominican Republic,Male,65+,Christianity,Urban
Dominican Republic,Female,18-25,I do not identify with any religious group or faith,Urban
Dominican Republic,Male,46-55,Christianity,Urban
Dominican Republic,Female,46-55,Christianity,Urban
Dominican Republic,Male,18-25,I do not identify with any religious group or faith,Urban
Dominican Republic,Female,26-35,I do not identify with any religious group or faith,Urban
Dominican Republic,Male,18-25,I do not identify with any religious group or faith,Urban
Dominican Republic,Female,65+,Christianity,Urban
Dominican Republic,Female,56-65,Christianity,Urban
Dominican Republic,Male,18-25,I do not identify with any religious group or faith,Urban
Dominican Republic,Female,18-25,Judaism,Urban
Dominican Republic,Female,56-65,Christianity,Urban
Dominican Republic,Male,18-25,Christianity,Urban
Dominican Republic,Male,46-55,Christianity,Urban
Dominican Republic,Female,18-25,I do not identify with any religious group or faith,Urban
Dominican Republic,Male,18-25,Christianity,Urban
Dominican Republic,Female,56-65,Christianity,Urban
Dominican Republic,Female,26-35,I do not identify with any religious group or faith,Urban
Dominican Republic,Male,18-25,I do not identify with any religious group or faith,Urban
Dominican Republic,Male,36-45,I do not identify with any religious group or faith,Urban
Dominican Republic,Female,65+,Christianity,Urban
Dominican Republic,Female,36-45,Christianity,Urban
Dominican Republic,Female,18-25,Christianity,Urban
Dominican Republic,Male,18-25,Christianity,Urban
Dominican Republic,Female,46-55,Christianity,Urban
Dominican Republic,Male,65+,Christianity,Urban
Dominican Republic,Male,26-35,I do not identify with any religious group or faith,Urban
Dominican Republic,Female,56-65,Christianity,Urban
Dominican Republic,Male,18-25,Christianity,Urban
Dominican Republic,Male,65+,I do not identify with any religious group or faith,Urban
Dominican Republic,Female,26-35,I do not identify with any religious group or faith,Urban
Dominican Republic,Male,26-35,Christianity,Urban
Dominican Republic,Male,36-45,I do not identify with any religious group or faith,Urban
Dominican Republic,Male,56-65,Christianity,Urban
Dominican Republic,Female,56-65,Christianity,Urban
Dominican Republic,Male,18-25,Christianity,Urban
Dominican Republic,Female,56-65,Christianity,Urban
Dominican Republic,Male,36-45,I do not identify with any religious group or faith,Urban
Dominican Republic,Male,56-65,Christianity,Urban
Dominican Republic,Male,46-55,I do not identify with any religious group or faith,Urban
Dominican Republic,Female,36-45,Christianity,Urban
Dominican Republic,Female,56-65,Christianity,Urban
Dominican Republic,Female,18-25,Christianity,Urban
Dominican Republic,Female,26-35,Christianity,Urban
Dominican Republic,Female,36-45,Christianity,Urban
Dominican Republic,Male,18-25,I do not identify with any religious group or faith,Urban
Dominican Republic,Female,18-25,Christianity,Urban
Dominican Republic,Male,26-35,Christianity,Urban
Dominican Republic,Male,46-55,I do not identify with any religious group or faith,Urban
Dominican Republic,Male,56-65,Christianity,Urban
Dominican Republic,Female,36-45,I do not identify with any religious group or faith,Urban
Dominican Republic,Male,18-25,Christianity,Urban
Dominican Republic,Female,36-45,I do not identify with any religious group or faith,Urban
Dominican Republic,Female,18-25,I do not identify with any religious group or faith,Urban
Dominican Republic,Female,36-45,Christianity,Urban
Dominican Republic,Male,56-65,Christianity,Urban
Dominican Republic,Female,26-35,I do not identify with any religious group or faith,Urban
Dominican Republic,Female,46-55,Christianity,Urban
Dominican Republic,Female,46-55,Christianity,Urban
Dominican Republic,Male,56-65,Christianity,Urban
Dominican Republic,Male,36-45,Christianity,Urban
Dominican Republic,Female,26-35,Christianity,Urban
Dominican Republic,Female,65+,Christianity,Urban
Dominican Republic,Male,36-45,Christianity,Urban
Dominican Republic,Female,18-25,I do not identify with any religious group or faith,Urban
Dominican Republic,Male,18-25,I do not identify with any religious group or faith,Urban
Dominican Republic,Male,18-25,I do not identify with any religious group or faith,Urban
Dominican Republic,Female,26-35,Christianity,Urban
Dominican Republic,Male,26-35,I do not identify with any religious group or faith,Rural
Dominican Republic,Male,56-65,I do not identify with any religious group or faith,Rural
Dominican Republic,Male,26-35,Christianity,Rural
Dominican Republic,Female,18-25,I do not identify with any religious group or faith,Rural
Dominican Republic,Male,56-65,I do not identify with any religious group or faith,Rural
Dominican Republic,Female,18-25,Christianity,Rural
Dominican Republic,Female,56-65,Christianity,Rural
Dominican Republic,Male,18-25,I do not identify with any religious group or faith,Rural
Dominican Republic,Female,26-35,I do not identify with any religious group or faith,Rural
Dominican Republic,Male,46-55,Christianity,Rural
Dominican Republic,Male,46-55,I do not identify with any religious group or faith,Urban
Dominican Republic,Female,18-25,Christianity,Urban
Dominican Republic,Female,56-65,Christianity,Urban
Dominican Republic,Male,26-35,Christianity,Urban
Dominican Republic,Female,26-35,Christianity,Urban
Dominican Republic,Male,65+,Christianity,Urban
Dominican Republic,Female,46-55,Christianity,Urban
Dominican Republic,Male,36-45,Judaism,Urban
Dominican Republic,Male,26-35,I do not identify with any religious group or faith,Urban
Dominican Republic,Female,36-45,I do not identify with any religious group or faith,Urban
Dominican Republic,Female,18-25,Christianity,Urban
Dominican Republic,Male,36-45,Christianity,Urban
Dominican Republic,Female,26-35,Christianity,Urban
Dominican Republic,Female,46-55,Christianity,Urban
Dominican Republic,Male,46-55,Christianity,Urban
Dominican Republic,Male,46-55,Christianity,Urban
Dominican Republic,Male,56-65,Christianity,Urban
Dominican Republic,Female,36-45,Christianity,Urban
Dominican Republic,Female,65+,Christianity,Urban
Dominican Republic,Male,18-25,I do not identify with any religious group or faith,Urban
Dominican Republic,Male,56-65,Judaism,Urban
Dominican Republic,Female,56-65,I do not identify with any religious group or faith,Urban
Dominican Republic,Male,26-35,,Urban
Dominican Republic,Male,46-55,Christianity,Urban
Dominican Republic,Female,18-25,I do not identify with any religious group or faith,Urban
Dominican Republic,Female,56-65,Christianity,Urban
Dominican Republic,Male,56-65,I do not identify with any religious group or faith,Urban
Dominican Republic,Male,18-25,Christianity,Urban
Dominican Republic,Female,36-45,I do not identify with any religious group or faith,Urban
Dominican Republic,Male,26-35,Christianity,Urban
Dominican Republic,Female,36-45,Christianity,Urban
Dominican Republic,Male,46-55,Christianity,Urban
Dominican Republic,Female,36-45,Christianity,Urban
Dominican Republic,Male,18-25,Christianity,Urban
Dominican Republic,Female,36-45,Christianity,Urban
Dominican Republic,Female,26-35,I do not identify with any religious group or faith,Urban
Dominican Republic,Male,26-35,Christianity,Urban
Dominican Republic,Female,36-45,Christianity,Urban
Dominican Republic,Female,26-35,Christianity,Urban
Dominican Republic,Male,36-45,Christianity,Urban
Dominican Republic,Female,56-65,Christianity,Urban
Dominican Republic,Female,46-55,Christianity,Urban
Dominican Republic,Female,18-25,Christianity,Urban
Dominican Republic,Female,56-65,Christianity,Urban
Dominican Republic,Female,65+,Christianity,Urban
Dominican Republic,Female,26-35,I do not identify with any religious group or faith,Urban
Dominican Republic,Female,26-35,Christianity,Urban
Dominican Republic,Male,36-45,I do not identify with any religious group or faith,Urban
Dominican Republic,Female,26-35,I do not identify with any religious group or faith,Urban
Dominican Republic,Male,46-55,Christianity,Urban
Dominican Republic,Female,65+,Christianity,Urban
Dominican Republic,Female,36-45,Christianity,Urban
Dominican Republic,Female,65+,Christianity,Urban
Dominican Republic,Male,56-65,Christianity,Urban
Dominican Republic,Female,56-65,Christianity,Urban
Dominican Republic,Female,18-25,Christianity,Urban
Dominican Republic,Male,65+,I do not identify with any religious group or faith,Urban
Dominican Republic,Male,56-65,Christianity,Urban
Dominican Republic,Female,18-25,I do not identify with any religious group or faith,Urban
Dominican Republic,Male,36-45,Christianity,Urban
Dominican Republic,Male,46-55,I do not identify with any religious group or faith,Urban
Dominican Republic,Female,26-35,Christianity,Urban
Dominican Republic,Female,18-25,Christianity,Urban
Dominican Republic,Male,36-45,I do not identify with any religious group or faith,Urban
Dominican Republic,Female,26-35,Christianity,Urban
Dominican Republic,Male,18-25,I do not identify with any religious group or faith,Urban
Dominican Republic,Female,18-25,Christianity,Urban
Dominican Republic,Male,56-65,Christianity,Urban
Dominican Republic,Male,26-35,Christianity,Urban
Dominican Republic,Female,36-45,Christianity,Urban
Dominican Republic,Female,36-45,Christianity,Urban
Dominican Republic,Female,26-35,Christianity,Urban
Dominican Republic,Female,36-45,,Urban
Dominican Republic,Female,65+,I do not identify with any religious group or faith,Urban
Dominican Republic,Male,65+,I do not identify with any religious group or faith,Urban
Dominican Republic,Female,36-45,I do not identify with any religious group or faith,Urban
Dominican Republic,Male,56-65,Christianity,Urban
Dominican Republic,Male,36-45,I do not identify with any religious group or faith,Urban
Dominican Republic,Female,46-55,Christianity,Urban
Dominican Republic,Female,46-55,I do not identify with any religious group or faith,Urban
Ecuador,Female,56-65,Christianity,Urban
Ecuador,Male,36-45,Christianity,Urban
Ecuador,Male,26-35,I do not identify with any religious group or faith,Urban
Ecuador,Male,46-55,Christianity,Urban
Ecuador,Female,26-35,Christianity,Urban
Ecuador,Male,18-25,Christianity,Urban
Ecuador,Female,26-35,Christianity,Urban
Ecuador,Male,56-65,Christianity,Urban
Ecuador,Female,56-65,Christianity,Urban
Ecuador,Male,56-65,Christianity,Urban
Ecuador,Female,36-45,Christianity,Urban
Ecuador,Male,18-25,Christianity,Urban
Ecuador,Male,36-45,I do not identify with any religious group or faith,Urban
Ecuador,Male,36-45,Christianity,Urban
Ecuador,Female,36-45,I do not identify with any religious group or faith,Urban
Ecuador,Male,18-25,Christianity,Urban
Ecuador,Male,36-45,Christianity,Urban
Ecuador,Female,18-25,Christianity,Urban
Ecuador,Male,26-35,Christianity,Urban
Ecuador,Female,26-35,Christianity,Urban
Ecuador,Male,46-55,Christianity,Urban
Ecuador,Female,26-35,Christianity,Urban
Ecuador,Female,18-25,I do not identify with any religious group or faith,Urban
Ecuador,Male,56-65,Christianity,Urban
Ecuador,Male,36-45,Christianity,Urban
Ecuador,Female,65+,Christianity,Urban
Ecuador,Female,56-65,Christianity,Urban
Ecuador,Male,18-25,Christianity,Urban
Ecuador,Female,18-25,Christianity,Urban
Ecuador,Male,56-65,Christianity,Urban
Ecuador,Male,26-35,Christianity,Urban
Ecuador,Female,26-35,Christianity,Urban
Ecuador,Female,65+,Christianity,Urban
Ecuador,Male,36-45,Christianity,Urban
Ecuador,Female,26-35,Christianity,Urban
Ecuador,Male,18-25,I do not identify with any religious group or faith,Urban
Ecuador,Male,56-65,Christianity,Urban
Ecuador,Female,18-25,Christianity,Urban
Ecuador,Male,26-35,Christianity,Urban
Ecuador,Female,26-35,I do not identify with any religious group or faith,Urban
Ecuador,Male,65+,Christianity,Rural
Ecuador,Male,18-25,Christianity,Rural
Ecuador,Female,26-35,Christianity,Rural
Ecuador,Male,18-25,Christianity,Rural
Ecuador,Female,46-55,Christianity,Rural
Ecuador,Male,36-45,Christianity,Rural
Ecuador,Female,46-55,Christianity,Rural
Ecuador,Female,36-45,Christianity,Rural
Ecuador,Male,18-25,Christianity,Urban
Ecuador,Male,26-35,I do not identify with any religious group or faith,Urban
Ecuador,Female,18-25,Christianity,Urban
Ecuador,Female,26-35,Christianity,Urban
Ecuador,Female,26-35,I do not identify with any religious group or faith,Urban
Ecuador,Male,18-25,I do not identify with any religious group or faith,Urban
Ecuador,Male,26-35,Christianity,Urban
Ecuador,Male,46-55,Christianity,Urban
Ecuador,Female,18-25,I do not identify with any religious group or faith,Rural
Ecuador,Female,46-55,Christianity,Rural
Ecuador,Female,36-45,Christianity,Rural
Ecuador,Female,36-45,Christianity,Rural
Ecuador,Female,46-55,Christianity,Rural
Ecuador,Male,56-65,Christianity,Rural
Ecuador,Female,18-25,Christianity,Rural
Ecuador,Male,36-45,I do not identify with any religious group or faith,Rural
Ecuador,Female,26-35,Christianity,Urban
Ecuador,Female,26-35,Christianity,Urban
Ecuador,Female,18-25,I do not identify with any religious group or faith,Urban
Ecuador,Female,46-55,Christianity,Urban
Ecuador,Male,26-35,Christianity,Urban
Ecuador,Male,26-35,Christianity,Urban
Ecuador,Female,36-45,Christianity,Urban
Ecuador,Female,18-25,Christianity,Urban
Ecuador,Male,65+,Christianity,Urban
Ecuador,Female,56-65,Christianity,Urban
Ecuador,Female,26-35,I do not identify with any religious group or faith,Urban
Ecuador,Female,36-45,I do not identify with any religious group or faith,Urban
Ecuador,Male,36-45,Christianity,Urban
Ecuador,Male,46-55,I do not identify with any religious group or faith,Urban
Ecuador,Male,65+,Christianity,Urban
Ecuador,Female,26-35,Christianity,Urban
Ecuador,Female,26-35,Christianity,Urban
Ecuador,Female,56-65,Christianity,Urban
Ecuador,Female,18-25,Christianity,Urban
Ecuador,Male,26-35,Christianity,Urban
Ecuador,Male,26-35,Christianity,Urban
Ecuador,Female,46-55,Christianity,Urban
Ecuador,Male,56-65,Christianity,Urban
Ecuador,Male,18-25,I do not identify with any religious group or faith,Urban
Ecuador,Female,18-25,Christianity,Urban
Ecuador,Female,46-55,Christianity,Urban
Ecuador,Male,36-45,Christianity,Urban
Ecuador,Male,65+,Christianity,Urban
Ecuador,Female,36-45,Christianity,Urban
Ecuador,Female,36-45,I do not identify with any religious group or faith,Urban
Ecuador,Male,18-25,I do not identify with any religious group or faith,Urban
Ecuador,Male,26-35,Christianity,Urban
Ecuador,Male,65+,Christianity,Urban
Ecuador,Male,18-25,Christianity,Urban
Ecuador,Female,65+,Christianity,Urban
Ecuador,Female,18-25,Christianity,Urban
Ecuador,Female,36-45,Christianity,Urban
Ecuador,Female,26-35,Christianity,Urban
Ecuador,Male,56-65,Christianity,Urban
Ecuador,Male,36-45,Christianity,Urban
Ecuador,Female,46-55,Christianity,Urban
Ecuador,Female,56-65,Christianity,Urban
Ecuador,Male,26-35,Christianity,Urban
Ecuador,Male,18-25,I do not identify with any religious group or faith,Urban
Ecuador,Female,46-55,Christianity,Urban
Ecuador,Female,36-45,Christianity,Urban
Ecuador,Male,36-45,Christianity,Urban
Ecuador,Male,26-35,Christianity,Urban
Ecuador,Male,46-55,Christianity,Urban
Ecuador,Male,18-25,Christianity,Urban
Ecuador,Female,46-55,Christianity,Urban
Ecuador,Female,36-45,Christianity,Urban
Ecuador,Female,46-55,Christianity,Urban
Ecuador,Female,18-25,I do not identify with any religious group or faith,Urban
Ecuador,Male,36-45,Christianity,Urban
Ecuador,Male,36-45,Christianity,Urban
Ecuador,Female,18-25,Christianity,Urban
Ecuador,Male,46-55,Christianity,Urban
Ecuador,Female,56-65,Christianity,Urban
Ecuador,Female,56-65,Christianity,Urban
Ecuador,Male,36-45,Christianity,Urban
Ecuador,Male,26-35,Christianity,Urban
Ecuador,Female,36-45,I do not identify with any religious group or faith,Urban
Ecuador,Female,26-35,Christianity,Urban
Ecuador,Male,36-45,Christianity,Urban
Ecuador,Male,46-55,Christianity,Urban
Ecuador,Female,18-25,Christianity,Urban
Ecuador,Male,26-35,Christianity,Urban
Ecuador,Female,18-25,Christianity,Urban
Ecuador,Female,46-55,Christianity,Urban
Ecuador,Male,36-45,Christianity,Urban
Ecuador,Female,36-45,Christianity,Urban
Ecuador,Female,36-45,Christianity,Urban
Ecuador,Male,26-35,Christianity,Urban
Ecuador,Male,26-35,Christianity,Urban
Ecuador,Male,26-35,I do not identify with any religious group or faith,Urban
Ecuador,Male,56-65,Christianity,Urban
Ecuador,Female,36-45,Christianity,Urban
Ecuador,Male,46-55,Christianity,Urban
Ecuador,Female,36-45,Christianity,Urban
Ecuador,Male,36-45,Christianity,Urban
Ecuador,Male,26-35,Christianity,Urban
Ecuador,Male,36-45,Christianity,Urban
Ecuador,Male,46-55,Christianity,Urban
Ecuador,Male,36-45,Christianity,Urban
Ecuador,Male,26-35,Christianity,Urban
Ecuador,Male,56-65,Christianity,Urban
Ecuador,Male,56-65,Christianity,Urban
Ecuador,Male,36-45,I do not identify with any religious group or faith,Urban
Ecuador,Male,36-45,Christianity,Urban
Ecuador,Male,65+,Christianity,Urban
Ecuador,Female,36-45,Christianity,Urban
Ecuador,Male,18-25,Christianity,Urban
Ecuador,Female,56-65,Christianity,Urban
Ecuador,Male,26-35,Christianity,Urban
Ecuador,Female,26-35,Christianity,Urban
Ecuador,Female,46-55,Christianity,Urban
Ecuador,Male,36-45,I do not identify with any religious group or faith,Urban
Ecuador,Female,36-45,Christianity,Urban
Ecuador,Female,18-25,Christianity,Urban
Ecuador,Male,36-45,Christianity,Urban
Ecuador,Male,26-35,Christianity,Urban
Ecuador,Female,56-65,Christianity,Urban
Ecuador,Female,36-45,Christianity,Urban
Ecuador,Male,56-65,Christianity,Urban
Ecuador,Female,26-35,Christianity,Urban
Ecuador,Male,36-45,Christianity,Urban
Ecuador,Female,18-25,Christianity,Urban
Ecuador,Male,65+,Christianity,Urban
Ecuador,Female,36-45,Christianity,Urban
Ecuador,Male,18-25,Christianity,Urban
Ecuador,Female,26-35,Christianity,Urban
Ecuador,Female,46-55,Christianity,Urban
Ecuador,Male,56-65,Christianity,Urban
Ecuador,Female,36-45,I do not identify with any religious group or faith,Urban
Ecuador,Female,26-35,I do not identify with any religious group or faith,Urban
Ecuador,Female,46-55,Christianity,Urban
Ecuador,Male,18-25,Christianity,Urban
Ecuador,Male,36-45,Christianity,Urban
Ecuador,Male,18-25,Christianity,Urban
Ecuador,Female,26-35,Christianity,Urban
Ecuador,Male,18-25,Christianity,Urban
Ecuador,Female,56-65,Christianity,Urban
Ecuador,Male,36-45,Christianity,Urban
Ecuador,Female,46-55,Christianity,Urban
Ecuador,Male,18-25,Christianity,Urban
Ecuador,Male,56-65,Christianity,Urban
Ecuador,Female,46-55,I do not identify with any religious group or faith,Urban
Ecuador,Female,18-25,Christianity,Urban
Ecuador,Female,46-55,Christianity,Urban
Ecuador,Male,26-35,I do not identify with any religious group or faith,Urban
Ecuador,Male,26-35,Christianity,Urban
Ecuador,Male,46-55,Christianity,Urban
Ecuador,Female,18-25,Christianity,Urban
Ecuador,Female,46-55,I do not identify with any religious group or faith,Urban
Ecuador,Male,36-45,Christianity,Urban
Ecuador,Male,56-65,Christianity,Urban
Ecuador,Female,26-35,Christianity,Urban
Ecuador,Male,46-55,Christianity,Urban
Ecuador,Female,36-45,Christianity,Urban
Ecuador,Male,36-45,Christianity,Urban
Ecuador,Female,18-25,Christianity,Urban
Ecuador,Male,26-35,Christianity,Urban
Ecuador,Female,46-55,Christianity,Urban
Ecuador,Male,36-45,Christianity,Urban
Ecuador,Female,56-65,I do not identify with any religious group or faith,Urban
Ecuador,Female,26-35,Christianity,Urban
Ecuador,Male,18-25,Christianity,Urban
Ecuador,Female,36-45,Christianity,Urban
Ecuador,Female,56-65,Christianity,Urban
Ecuador,Male,18-25,Christianity,Urban
Ecuador,Male,56-65,Christianity,Urban
Ecuador,Female,18-25,Christianity,Urban
Ecuador,Female,46-55,Christianity,Urban
Ecuador,Female,26-35,Christianity,Urban
Ecuador,Male,18-25,I do not identify with any religious group or faith,Urban
Ecuador,Male,56-65,Christianity,Urban
Ecuador,Male,26-35,Christianity,Urban
Ecuador,Male,56-65,Christianity,Urban
Ecuador,Female,36-45,Christianity,Urban
Ecuador,Female,46-55,Christianity,Urban
Ecuador,Female,18-25,I do not identify with any religious group or faith,Urban
Ecuador,Female,36-45,Christianity,Urban
Ecuador,Male,18-25,Christianity,Urban
Ecuador,Female,65+,Christianity,Urban
Ecuador,Male,36-45,Christianity,Urban
Ecuador,Male,46-55,Christianity,Urban
Ecuador,Male,36-45,Christianity,Urban
Ecuador,Male,36-45,Christianity,Urban
Ecuador,Female,36-45,Christianity,Urban
Ecuador,Male,36-45,Christianity,Urban
Ecuador,Male,36-45,Christianity,Urban
Ecuador,Female,26-35,Christianity,Urban
Ecuador,Male,18-25,Christianity,Urban
Ecuador,Female,46-55,Christianity,Urban
Ecuador,Male,36-45,Christianity,Urban
Ecuador,Male,26-35,Christianity,Urban
Ecuador,Female,18-25,Christianity,Urban
Ecuador,Female,26-35,I do not identify with any religious group or faith,Urban
Ecuador,Female,46-55,Christianity,Urban
Ecuador,Female,56-65,Christianity,Urban
Ecuador,Male,46-55,I do not identify with any religious group or faith,Urban
Ecuador,Male,26-35,I do not identify with any religious group or faith,Urban
Ecuador,Male,18-25,I do not identify with any religious group or faith,Urban
Ecuador,Male,18-25,I do not identify with any religious group or faith,Urban
Ecuador,Female,56-65,Christianity,Urban
Ecuador,Female,26-35,Christianity,Urban
Ecuador,Male,46-55,Christianity,Urban
Ecuador,Male,56-65,Christianity,Urban
Ecuador,Female,18-25,Christianity,Urban
Ecuador,Female,46-55,Christianity,Urban
Ecuador,Male,26-35,Christianity,Urban
Ecuador,Female,18-25,Christianity,Urban
Ecuador,Female,56-65,Christianity,Urban
Ecuador,Male,18-25,Christianity,Urban
Ecuador,Male,26-35,Christianity,Urban
Ecuador,Female,56-65,Christianity,Urban
Ecuador,Female,36-45,Christianity,Urban
Ecuador,Male,26-35,I do not identify with any religious group or faith,Urban
Ecuador,Male,56-65,Christianity,Urban
Ecuador,Male,36-45,Christianity,Urban
Ecuador,Male,56-65,Christianity,Urban
Ecuador,Female,18-25,Christianity,Urban
Ecuador,Female,26-35,Christianity,Urban
Ecuador,Female,36-45,Christianity,Urban
Ecuador,Female,18-25,Christianity,Urban
Ecuador,Male,18-25,Christianity,Urban
Ecuador,Male,36-45,Christianity,Urban
Ecuador,Male,26-35,Christianity,Urban
Ecuador,Male,18-25,Christianity,Urban
Ecuador,Female,56-65,Christianity,Urban
Ecuador,Male,46-55,Christianity,Urban
Ecuador,Male,18-25,Christianity,Urban
Ecuador,Female,65+,Christianity,Urban
Ecuador,Female,18-25,Christianity,Urban
Ecuador,Female,36-45,Christianity,Urban
Ecuador,Male,18-25,Christianity,Urban
Ecuador,Female,26-35,Christianity,Urban
Ecuador,Male,36-45,Christianity,Urban
Ecuador,Male,26-35,Christianity,Urban
Ecuador,Female,46-55,Christianity,Urban
Ecuador,Female,56-65,Christianity,Urban
Ecuador,Female,36-45,Christianity,Urban
Ecuador,Male,18-25,Christianity,Urban
Ecuador,Male,36-45,Christianity,Urban
Ecuador,Male,18-25,Christianity,Urban
Ecuador,Female,26-35,Christianity,Urban
Ecuador,Male,26-35,Christianity,Urban
Ecuador,Female,65+,I do not identify with any religious group or faith,Urban
Ecuador,Female,18-25,Christianity,Urban
Ecuador,Female,56-65,Christianity,Urban
Ecuador,Female,56-65,Christianity,Urban
Ecuador,Female,56-65,Christianity,Urban
Ecuador,Male,46-55,Christianity,Urban
Ecuador,Female,26-35,Christianity,Urban
Ecuador,Male,26-35,I do not identify with any religious group or faith,Urban
Ecuador,Female,65+,Christianity,Urban
Ecuador,Male,18-25,Christianity,Urban
Ecuador,Female,36-45,Christianity,Urban
Ecuador,Male,18-25,Christianity,Urban
Ecuador,Female,36-45,Christianity,Urban
Ecuador,Male,18-25,Christianity,Urban
Ecuador,Female,65+,Christianity,Urban
Ecuador,Male,36-45,I do not identify with any religious group or faith,Urban
Ecuador,Male,26-35,Christianity,Urban
Ecuador,Female,46-55,Christianity,Urban
Ecuador,Female,56-65,Christianity,Urban
Ecuador,Male,26-35,Christianity,Urban
Ecuador,Female,36-45,Christianity,Urban
Ecuador,Male,26-35,Christianity,Urban
Ecuador,Female,56-65,Christianity,Urban
Ecuador,Male,26-35,I do not identify with any religious group or faith,Urban
Ecuador,Female,36-45,Christianity,Urban
Ecuador,Male,56-65,Christianity,Urban
Ecuador,Male,56-65,Christianity,Urban
Ecuador,Female,26-35,Christianity,Urban
Ecuador,Male,18-25,Christianity,Urban
Ecuador,Female,18-25,Christianity,Urban
Ecuador,Male,26-35,Christianity,Urban
Ecuador,Male,26-35,I do not identify with any religious group or faith,Urban
Ecuador,Female,18-25,Christianity,Urban
Ecuador,Male,36-45,Christianity,Urban
Ecuador,Male,36-45,Christianity,Urban
Ecuador,Female,36-45,Christianity,Urban
Ecuador,Female,26-35,Christianity,Urban
Ecuador,Female,36-45,Christianity,Urban
Ecuador,Male,36-45,Christianity,Urban
Ecuador,Male,18-25,Christianity,Urban
Ecuador,Female,26-35,Christianity,Urban
Ecuador,Female,56-65,Christianity,Urban
Ecuador,Male,36-45,Christianity,Urban
Ecuador,Male,18-25,I do not identify with any religious group or faith,Urban
Ecuador,Male,26-35,I do not identify with any religious group or faith,Urban
Ecuador,Female,18-25,Christianity,Urban
Ecuador,Female,56-65,Christianity,Urban
Ecuador,Male,36-45,Christianity,Urban
Ecuador,Male,56-65,Christianity,Urban
Ecuador,Female,26-35,Christianity,Urban
Ecuador,Female,46-55,Christianity,Urban
Ecuador,Male,26-35,Christianity,Urban
Ecuador,Female,36-45,I do not identify with any religious group or faith,Urban
Ecuador,Female,36-45,Christianity,Urban
Ecuador,Male,26-35,I do not identify with any religious group or faith,Urban
Ecuador,Female,26-35,Christianity,Urban
Ecuador,Male,26-35,Christianity,Urban
Ecuador,Female,56-65,Christianity,Urban
Ecuador,Male,18-25,Christianity,Urban
Ecuador,Male,36-45,Christianity,Urban
Ecuador,Female,65+,Christianity,Rural
Ecuador,Male,46-55,Christianity,Rural
Ecuador,Male,18-25,Christianity,Rural
Ecuador,Female,56-65,Christianity,Rural
Ecuador,Female,18-25,Christianity,Rural
Ecuador,Male,36-45,Christianity,Rural
Ecuador,Female,36-45,Christianity,Rural
Ecuador,Male,36-45,Christianity,Rural
Ecuador,Female,56-65,Christianity,Urban
Ecuador,Male,36-45,I do not identify with any religious group or faith,Urban
Ecuador,Male,36-45,Christianity,Urban
Ecuador,Female,26-35,Christianity,Urban
Ecuador,Female,26-35,Christianity,Urban
Ecuador,Male,36-45,Christianity,Urban
Ecuador,Female,26-35,Christianity,Urban
Ecuador,Male,36-45,Christianity,Urban
Ecuador,Male,26-35,Christianity,Urban
Ecuador,Male,36-45,Christianity,Urban
Ecuador,Female,18-25,Christianity,Urban
Ecuador,Female,26-35,Christianity,Urban
Ecuador,Female,26-35,Christianity,Urban
Ecuador,Male,18-25,I do not identify with any religious group or faith,Urban
Ecuador,Male,46-55,Christianity,Urban
Ecuador,Female,36-45,Christianity,Urban
Ecuador,Female,46-55,Christianity,Urban
Ecuador,Female,36-45,Christianity,Urban
Ecuador,Male,18-25,Christianity,Urban
Ecuador,Male,26-35,Christianity,Urban
Ecuador,Female,65+,I do not identify with any religious group or faith,Urban
Ecuador,Female,36-45,I do not identify with any religious group or faith,Urban
Ecuador,Male,36-45,Christianity,Urban
Ecuador,Female,18-25,Christianity,Urban
Ecuador,Male,26-35,Christianity,Urban
Ecuador,Female,65+,Christianity,Urban
Ecuador,Female,26-35,Christianity,Urban
Ecuador,Male,36-45,Christianity,Urban
Ecuador,Male,26-35,Christianity,Urban
Ecuador,Male,36-45,I do not identify with any religious group or faith,Urban
Ecuador,Female,26-35,Christianity,Urban
Ecuador,Female,36-45,Christianity,Urban
Ecuador,Male,36-45,Christianity,Urban
Ecuador,Female,26-35,I do not identify with any religious group or faith,Urban
Ecuador,Female,56-65,Christianity,Urban
Ecuador,Male,56-65,Christianity,Urban
Ecuador,Male,36-45,Christianity,Urban
Ecuador,Female,26-35,Christianity,Urban
Ecuador,Female,26-35,Christianity,Urban
Ecuador,Male,18-25,Christianity,Urban
Ecuador,Male,36-45,Christianity,Urban
Ecuador,Female,18-25,Christianity,Urban
Ecuador,Female,26-35,Christianity,Urban
Ecuador,Male,36-45,Christianity,Urban
Ecuador,Female,18-25,Christianity,Urban
Ecuador,Female,18-25,Christianity,Urban
Ecuador,Male,26-35,Christianity,Urban
Ecuador,Male,65+,Christianity,Urban
Ecuador,Female,56-65,Christianity,Urban
Ecuador,Male,56-65,Christianity,Urban
Ecuador,Male,18-25,I do not identify with any religious group or faith,Urban
Ecuador,Female,36-45,Christianity,Urban
Ecuador,Male,18-25,Christianity,Urban
Ecuador,Male,18-25,Christianity,Urban
Ecuador,Female,26-35,Christianity,Urban
Ecuador,Female,36-45,Christianity,Urban
Ecuador,Male,18-25,Christianity,Urban
Ecuador,Female,26-35,I do not identify with any religious group or faith,Urban
Ecuador,Female,36-45,Christianity,Urban
Ecuador,Female,36-45,Christianity,Urban
Ecuador,Male,56-65,Christianity,Urban
Ecuador,Male,56-65,Christianity,Urban
Ecuador,Male,26-35,Christianity,Urban
Ecuador,Female,18-25,Christianity,Urban
Ecuador,Male,56-65,Christianity,Urban
Ecuador,Female,36-45,Christianity,Urban
Ecuador,Male,46-55,Christianity,Urban
Ecuador,Female,26-35,,Urban
Ecuador,Male,36-45,Christianity,Urban
Ecuador,Female,18-25,Christianity,Urban
Ecuador,Female,36-45,Christianity,Urban
Ecuador,Male,36-45,Christianity,Urban
Ecuador,Female,26-35,Christianity,Urban
Ecuador,Male,36-45,Christianity,Urban
Ecuador,Female,18-25,I do not identify with any religious group or faith,Urban
Ecuador,Male,26-35,Christianity,Urban
Ecuador,Male,56-65,Christianity,Urban
Ecuador,Female,36-45,Christianity,Urban
Ecuador,Female,26-35,Christianity,Urban
Ecuador,Female,18-25,Christianity,Urban
Ecuador,Male,26-35,Christianity,Urban
Ecuador,Female,56-65,Christianity,Urban
Ecuador,Female,56-65,Christianity,Urban
Ecuador,Female,18-25,Christianity,Urban
Ecuador,Male,18-25,Christianity,Urban
Ecuador,Female,56-65,Christianity,Urban
Ecuador,Male,26-35,Christianity,Urban
Ecuador,Male,26-35,Christianity,Urban
Ecuador,Male,26-35,Christianity,Urban
Ecuador,Female,65+,Christianity,Urban
Ecuador,Female,36-45,Christianity,Urban
Ecuador,Male,26-35,Christianity,Urban
Ecuador,Female,18-25,Christianity,Urban
Ecuador,Female,26-35,Christianity,Urban
Ecuador,Male,56-65,Christianity,Urban
Ecuador,Male,56-65,Christianity,Urban
Ecuador,Female,26-35,Christianity,Urban
Ecuador,Female,46-55,Christianity,Urban
Ecuador,Male,46-55,,Urban
Ecuador,Female,26-35,Christianity,Urban
Ecuador,Male,56-65,Christianity,Urban
Ecuador,Male,26-35,Christianity,Urban
Ecuador,Male,26-35,Christianity,Urban
Ecuador,Female,26-35,Christianity,Urban
Ecuador,Female,46-55,Christianity,Urban
Ecuador,Female,56-65,Christianity,Urban
Ecuador,Female,36-45,Christianity,Urban
Ecuador,Female,18-25,Christianity,Urban
Ecuador,Male,56-65,Christianity,Urban
Ecuador,Male,36-45,Christianity,Urban
Ecuador,Male,26-35,Christianity,Urban
Ecuador,Male,18-25,I do not identify with any religious group or faith,Urban
Ecuador,Female,56-65,Christianity,Urban
Ecuador,Female,26-35,Christianity,Urban
Ecuador,Male,18-25,I do not identify with any religious group or faith,Urban
Ecuador,Male,65+,Christianity,Urban
Ecuador,Female,46-55,Christianity,Urban
Ecuador,Male,36-45,Christianity,Urban
Ecuador,Male,26-35,Christianity,Urban
Ecuador,Female,18-25,I do not identify with any religious group or faith,Urban
Ecuador,Female,56-65,Christianity,Urban
Ecuador,Female,56-65,Christianity,Urban
Ecuador,Female,26-35,Christianity,Urban
Ecuador,Male,46-55,Christianity,Urban
Ecuador,Female,26-35,I do not identify with any religious group or faith,Urban
Ecuador,Male,26-35,Christianity,Urban
Ecuador,Male,26-35,Christianity,Urban
Ecuador,Male,26-35,Christianity,Urban
Ecuador,Male,26-35,Christianity,Urban
Ecuador,Male,36-45,Christianity,Urban
Ecuador,Male,26-35,Christianity,Urban
Ecuador,Female,36-45,Christianity,Urban
Ecuador,Female,65+,Christianity,Urban
Ecuador,Female,18-25,Christianity,Urban
Ecuador,Male,18-25,Christianity,Urban
Ecuador,Female,36-45,Christianity,Urban
Ecuador,Female,65+,Christianity,Urban
Ecuador,Male,18-25,Christianity,Urban
Ecuador,Female,46-55,Christianity,Urban
Ecuador,Male,26-35,Christianity,Urban
Ecuador,Male,18-25,Christianity,Urban
Ecuador,Male,26-35,I do not identify with any religious group or faith,Urban
Ecuador,Female,26-35,Judaism,Urban
Ecuador,Female,46-55,Christianity,Urban
Ecuador,Female,56-65,Christianity,Rural
Ecuador,Male,56-65,Christianity,Rural
Ecuador,Female,18-25,I do not identify with any religious group or faith,Rural
Ecuador,Female,18-25,Christianity,Rural
Ecuador,Male,65+,Christianity,Rural
Ecuador,Female,26-35,Christianity,Rural
Ecuador,Male,36-45,Christianity,Rural
Ecuador,Male,26-35,Christianity,Rural
Ecuador,Female,18-25,,Urban
Ecuador,Male,18-25,Christianity,Urban
Ecuador,Male,65+,Christianity,Urban
Ecuador,Male,26-35,Christianity,Urban
Ecuador,Male,26-35,Christianity,Urban
Ecuador,Female,46-55,Christianity,Urban
Ecuador,Female,56-65,Christianity,Urban
Ecuador,Female,26-35,Christianity,Urban
Ecuador,Male,56-65,Christianity,Rural
Ecuador,Female,18-25,Christianity,Rural
Ecuador,Male,26-35,I do not identify with any religious group or faith,Rural
Ecuador,Female,26-35,Christianity,Rural
Ecuador,Male,46-55,Christianity,Rural
Ecuador,Male,36-45,Christianity,Rural
Ecuador,Female,18-25,Christianity,Rural
Ecuador,Female,46-55,I do not identify with any religious group or faith,Rural
Ecuador,Female,18-25,Christianity,Rural
Ecuador,Male,18-25,I do not identify with any religious group or faith,Rural
Ecuador,Female,26-35,Christianity,Rural
Ecuador,Male,56-65,Christianity,Rural
Ecuador,Female,46-55,Christianity,Rural
Ecuador,Male,65+,Christianity,Rural
Ecuador,Male,26-35,Christianity,Rural
Ecuador,Female,26-35,Christianity,Rural
Ecuador,Male,18-25,,Urban
Ecuador,Female,18-25,Christianity,Urban
Ecuador,Male,65+,Christianity,Urban
Ecuador,Male,26-35,Christianity,Urban
Ecuador,Male,36-45,I do not identify with any religious group or faith,Urban
Ecuador,Female,36-45,Christianity,Urban
Ecuador,Female,26-35,Christianity,Urban
Ecuador,Female,36-45,Christianity,Urban
Ecuador,Male,36-45,Christianity,Rural
Ecuador,Male,65+,Christianity,Rural
Ecuador,Male,46-55,Christianity,Rural
Ecuador,Female,56-65,Christianity,Rural
Ecuador,Female,18-25,Christianity,Rural
Ecuador,Female,56-65,Christianity,Rural
Ecuador,Female,18-25,Christianity,Rural
Ecuador,Female,26-35,Christianity,Rural
Ecuador,Female,56-65,Christianity,Rural
Ecuador,Male,26-35,Christianity,Rural
Ecuador,Male,18-25,Christianity,Rural
Ecuador,Male,56-65,Christianity,Rural
Ecuador,Female,18-25,Christianity,Rural
Ecuador,Female,26-35,Christianity,Rural
Ecuador,Female,56-65,Christianity,Rural
Ecuador,Male,26-35,Christianity,Rural
Ecuador,Male,36-45,Christianity,Rural
Ecuador,Female,26-35,Christianity,Rural
Ecuador,Female,26-35,I do not identify with any religious group or faith,Rural
Ecuador,Female,26-35,Christianity,Rural
Ecuador,Male,65+,Christianity,Rural
Ecuador,Male,56-65,Christianity,Rural
Ecuador,Female,26-35,I do not identify with any religious group or faith,Rural
Ecuador,Male,26-35,Christianity,Rural
Ecuador,Male,26-35,Christianity,Urban
Ecuador,Female,36-45,Christianity,Urban
Ecuador,Male,36-45,Christianity,Urban
Ecuador,Female,26-35,Christianity,Urban
Ecuador,Female,56-65,Christianity,Urban
Ecuador,Male,36-45,Christianity,Urban
Ecuador,Female,18-25,Christianity,Urban
Ecuador,Male,26-35,Christianity,Urban
Ecuador,Female,26-35,Christianity,Urban
Ecuador,Male,36-45,Christianity,Urban
Ecuador,Female,65+,Christianity,Urban
Ecuador,Male,56-65,Christianity,Urban
Ecuador,Male,36-45,I do not identify with any religious group or faith,Urban
Ecuador,Female,18-25,Christianity,Urban
Ecuador,Male,26-35,Christianity,Urban
Ecuador,Female,26-35,Christianity,Urban
Ecuador,Female,56-65,Christianity,Urban
Ecuador,Male,26-35,I do not identify with any religious group or faith,Urban
Ecuador,Male,56-65,Christianity,Urban
Ecuador,Female,26-35,I do not identify with any religious group or faith,Urban
Ecuador,Female,36-45,Christianity,Urban
Ecuador,Male,46-55,Christianity,Urban
Ecuador,Female,18-25,Christianity,Urban
Ecuador,Male,36-45,Christianity,Urban
Ecuador,Female,18-25,I do not identify with any religious group or faith,Urban
Ecuador,Male,26-35,Christianity,Urban
Ecuador,Male,26-35,Christianity,Urban
Ecuador,Female,36-45,Christianity,Urban
Ecuador,Female,65+,Christianity,Urban
Ecuador,Male,56-65,Christianity,Urban
Ecuador,Male,26-35,Christianity,Urban
Ecuador,Female,26-35,Christianity,Urban
Ecuador,Male,36-45,I do not identify with any religious group or faith,Urban
Ecuador,Female,26-35,I do not identify with any religious group or faith,Urban
Ecuador,Female,26-35,Christianity,Urban
Ecuador,Male,18-25,Christianity,Urban
Ecuador,Female,26-35,Christianity,Urban
Ecuador,Female,56-65,Christianity,Urban
Ecuador,Male,18-25,Christianity,Urban
Ecuador,Male,26-35,Christianity,Urban
Ecuador,Male,46-55,Christianity,Urban
Ecuador,Female,26-35,Christianity,Urban
Ecuador,Male,36-45,Christianity,Urban
Ecuador,Female,18-25,Christianity,Urban
Ecuador,Male,18-25,I do not identify with any religious group or faith,Urban
Ecuador,Male,65+,Christianity,Urban
Ecuador,Female,46-55,Christianity,Urban
Ecuador,Female,26-35,Christianity,Urban
Ecuador,Male,56-65,Christianity,Urban
Ecuador,Female,46-55,Christianity,Urban
Ecuador,Male,36-45,Christianity,Urban
Ecuador,Female,36-45,Christianity,Urban
Ecuador,Male,18-25,I do not identify with any religious group or faith,Urban
Ecuador,Female,36-45,Christianity,Urban
Ecuador,Female,36-45,Christianity,Urban
Ecuador,Male,18-25,Christianity,Urban
Ecuador,Male,26-35,Christianity,Urban
Ecuador,Female,26-35,Christianity,Urban
Ecuador,Female,46-55,Christianity,Urban
Ecuador,Female,18-25,I do not identify with any religious group or faith,Urban
Ecuador,Male,46-55,,Urban
Ecuador,Male,26-35,I do not identify with any religious group or faith,Urban
Ecuador,Male,56-65,Christianity,Urban
Ecuador,Female,18-25,Christianity,Urban
Ecuador,Male,18-25,Christianity,Urban
Ecuador,Female,18-25,Christianity,Urban
Ecuador,Male,36-45,Christianity,Urban
Ecuador,Female,56-65,Christianity,Urban
Ecuador,Female,56-65,Christianity,Urban
Ecuador,Female,36-45,Christianity,Urban
Ecuador,Male,36-45,Christianity,Urban
Ecuador,Male,36-45,Christianity,Urban
Ecuador,Female,26-35,Christianity,Urban
Ecuador,Male,56-65,Christianity,Urban
Ecuador,Female,26-35,Christianity,Urban
Ecuador,Female,18-25,Christianity,Urban
Ecuador,Male,36-45,Christianity,Urban
Ecuador,Male,56-65,Christianity,Urban
Ecuador,Male,36-45,Christianity,Urban
Ecuador,Female,36-45,Christianity,Urban
Ecuador,Female,18-25,Christianity,Urban
Ecuador,Female,56-65,Christianity,Urban
Ecuador,Male,18-25,Christianity,Urban
Ecuador,Female,36-45,Christianity,Urban
Ecuador,Female,36-45,Christianity,Urban
Ecuador,Male,36-45,Christianity,Urban
Ecuador,Male,56-65,Christianity,Urban
Ecuador,Male,26-35,Christianity,Urban
Ecuador,Female,18-25,Christianity,Urban
Ecuador,Male,36-45,Christianity,Urban
Ecuador,Female,26-35,Christianity,Urban
Ecuador,Male,18-25,Christianity,Urban
Ecuador,Female,36-45,Christianity,Urban
Ecuador,Male,26-35,Christianity,Urban
Ecuador,Female,36-45,Christianity,Urban
Ecuador,Male,56-65,Christianity,Urban
Ecuador,Female,26-35,Christianity,Urban
Ecuador,Female,26-35,Christianity,Urban
Ecuador,Male,18-25,Christianity,Urban
Ecuador,Male,56-65,Christianity,Urban
Ecuador,Male,36-45,Christianity,Urban
Ecuador,Female,56-65,Christianity,Urban
Ecuador,Female,18-25,Christianity,Urban
Ecuador,Male,26-35,Christianity,Urban
Ecuador,Female,18-25,Christianity,Urban
Ecuador,Male,56-65,Christianity,Urban
Ecuador,Male,36-45,Christianity,Urban
Ecuador,Female,36-45,Christianity,Urban
Ecuador,Female,26-35,Christianity,Urban
Ecuador,Male,26-35,Christianity,Urban
Ecuador,Male,26-35,Christianity,Urban
Ecuador,Female,36-45,Christianity,Urban
Ecuador,Female,18-25,Christianity,Rural
Ecuador,Male,36-45,Christianity,Rural
Ecuador,Male,46-55,Christianity,Rural
Ecuador,Female,26-35,Christianity,Rural
Ecuador,Female,56-65,Christianity,Rural
Ecuador,Male,26-35,Christianity,Rural
Ecuador,Male,36-45,Christianity,Rural
Ecuador,Female,26-35,Christianity,Rural
Ecuador,Male,26-35,I do not identify with any religious group or faith,Urban
Ecuador,Male,56-65,Christianity,Urban
Ecuador,Female,18-25,Christianity,Urban
Ecuador,Male,18-25,Christianity,Urban
Ecuador,Male,56-65,Christianity,Urban
Ecuador,Female,56-65,Christianity,Urban
Ecuador,Female,26-35,Christianity,Urban
Ecuador,Female,26-35,Christianity,Urban
Ecuador,Male,26-35,I do not identify with any religious group or faith,Urban
Ecuador,Female,36-45,Christianity,Urban
Ecuador,Male,26-35,Christianity,Urban
Ecuador,Female,56-65,Christianity,Urban
Ecuador,Female,18-25,Christianity,Urban
Ecuador,Male,26-35,Christianity,Urban
Ecuador,Male,26-35,I do not identify with any religious group or faith,Urban
Ecuador,Female,18-25,I do not identify with any religious group or faith,Urban
Ecuador,Male,18-25,Christianity,Urban
Ecuador,Female,26-35,Christianity,Urban
Ecuador,Female,56-65,Christianity,Urban
Ecuador,Female,46-55,Christianity,Urban
Ecuador,Male,26-35,Christianity,Urban
Ecuador,Male,65+,I do not identify with any religious group or faith,Urban
Ecuador,Female,26-35,Christianity,Urban
Ecuador,Male,18-25,Christianity,Urban
Ecuador,Male,18-25,I do not identify with any religious group or faith,Urban
Ecuador,Female,36-45,Christianity,Urban
Ecuador,Female,56-65,Christianity,Urban
Ecuador,Male,26-35,Christianity,Urban
Ecuador,Male,46-55,Christianity,Urban
Ecuador,Female,26-35,Christianity,Urban
Ecuador,Male,26-35,Christianity,Urban
Ecuador,Female,36-45,Christianity,Urban
Ecuador,Male,26-35,Christianity,Urban
Ecuador,Female,26-35,Christianity,Urban
Ecuador,Male,36-45,Christianity,Urban
Ecuador,Female,36-45,I do not identify with any religious group or faith,Urban
Ecuador,Female,56-65,I do not identify with any religious group or faith,Urban
Ecuador,Female,46-55,Christianity,Urban
Ecuador,Male,26-35,Christianity,Urban
Ecuador,Male,26-35,Christianity,Urban
Ecuador,Male,26-35,I do not identify with any religious group or faith,Urban
Ecuador,Male,46-55,Christianity,Urban
Ecuador,Female,26-35,Christianity,Urban
Ecuador,Female,18-25,I do not identify with any religious group or faith,Urban
Ecuador,Female,18-25,Christianity,Urban
Ecuador,Male,56-65,Christianity,Urban
Ecuador,Female,26-35,I do not identify with any religious group or faith,Urban
Ecuador,Male,65+,Christianity,Urban
Ecuador,Female,18-25,Christianity,Rural
Ecuador,Female,26-35,Christianity,Rural
Ecuador,Male,26-35,Christianity,Rural
Ecuador,Male,56-65,Christianity,Rural
Ecuador,Male,26-35,Christianity,Rural
Ecuador,Female,56-65,Christianity,Rural
Ecuador,Male,56-65,Christianity,Rural
Ecuador,Female,26-35,Christianity,Rural
Ecuador,Male,18-25,Christianity,Rural
Ecuador,Female,26-35,Christianity,Rural
Ecuador,Female,26-35,Christianity,Rural
Ecuador,Male,46-55,Christianity,Rural
Ecuador,Female,36-45,Christianity,Rural
Ecuador,Male,46-55,Christianity,Rural
Ecuador,Female,18-25,Christianity,Rural
Ecuador,Male,65+,Christianity,Rural
Ecuador,Female,18-25,,Urban
Ecuador,Female,46-55,Christianity,Urban
Ecuador,Male,26-35,I do not identify with any religious group or faith,Urban
Ecuador,Male,26-35,Christianity,Urban
Ecuador,Male,65+,Christianity,Urban
Ecuador,Male,46-55,Christianity,Urban
Ecuador,Female,26-35,I do not identify with any religious group or faith,Urban
Ecuador,Female,18-25,Christianity,Urban
Ecuador,Female,26-35,Christianity,Urban
Ecuador,Female,18-25,Christianity,Urban
Ecuador,Female,26-35,Christianity,Urban
Ecuador,Female,36-45,Christianity,Urban
Ecuador,Male,18-25,Christianity,Urban
Ecuador,Male,56-65,Christianity,Urban
Ecuador,Male,56-65,Judaism,Urban
Ecuador,Male,46-55,Christianity,Urban
Ecuador,Male,36-45,Christianity,Urban
Ecuador,Male,18-25,Christianity,Urban
Ecuador,Female,18-25,I do not identify with any religious group or faith,Urban
Ecuador,Female,26-35,Christianity,Urban
Ecuador,Male,36-45,Christianity,Urban
Ecuador,Female,36-45,,Urban
Ecuador,Female,36-45,Christianity,Urban
Ecuador,Male,46-55,,Urban
Ecuador,Male,65+,Christianity,Rural
Ecuador,Female,46-55,Christianity,Rural
Ecuador,Female,26-35,Christianity,Rural
Ecuador,Male,18-25,Christianity,Rural
Ecuador,Male,18-25,,Rural
Ecuador,Female,26-35,Christianity,Rural
Ecuador,Female,36-45,Christianity,Rural
Ecuador,Male,26-35,Christianity,Rural
Ecuador,Male,46-55,Christianity,Urban
Ecuador,Female,26-35,I do not identify with any religious group or faith,Urban
Ecuador,Female,26-35,I do not identify with any religious group or faith,Urban
Ecuador,Male,26-35,Christianity,Urban
Ecuador,Male,26-35,Christianity,Urban
Ecuador,Male,18-25,I do not identify with any religious group or faith,Urban
Ecuador,Female,56-65,Christianity,Urban
Ecuador,Female,56-65,Christianity,Urban
Ecuador,Female,26-35,Christianity,Rural
Ecuador,Female,65+,Christianity,Rural
Ecuador,Male,18-25,I do not identify with any religious group or faith,Rural
Ecuador,Male,56-65,Christianity,Rural
Ecuador,Female,36-45,Christianity,Rural
Ecuador,Male,36-45,Christianity,Rural
Ecuador,Male,18-25,Christianity,Rural
Ecuador,Female,26-35,Christianity,Rural
Ecuador,Female,26-35,Christianity,Urban
Ecuador,Female,26-35,Christianity,Urban
Ecuador,Female,65+,Christianity,Urban
Ecuador,Male,56-65,Christianity,Urban
Ecuador,Male,18-25,Christianity,Urban
Ecuador,Male,46-55,Christianity,Urban
Ecuador,Male,18-25,Christianity,Urban
Ecuador,Female,26-35,Christianity,Urban
Ecuador,Female,18-25,Christianity,Urban
Ecuador,Male,56-65,Christianity,Urban
Ecuador,Female,65+,Christianity,Urban
Ecuador,Male,26-35,Christianity,Urban
Ecuador,Female,36-45,Christianity,Urban
Ecuador,Female,36-45,Christianity,Urban
Ecuador,Male,18-25,I do not identify with any religious group or faith,Urban
Ecuador,Male,56-65,Christianity,Urban
Ecuador,Male,26-35,Christianity,Urban
Ecuador,Male,18-25,Christianity,Urban
Ecuador,Female,36-45,Christianity,Urban
Ecuador,Female,56-65,Christianity,Urban
Ecuador,Female,26-35,I do not identify with any religious group or faith,Urban
Ecuador,Female,26-35,,Urban
Ecuador,Male,56-65,Christianity,Urban
Ecuador,Male,26-35,I do not identify with any religious group or faith,Urban
Ecuador,Female,36-45,Christianity,Urban
Ecuador,Female,26-35,Christianity,Urban
Ecuador,Female,26-35,Christianity,Urban
Ecuador,Female,18-25,Christianity,Urban
Ecuador,Male,18-25,Christianity,Urban
Ecuador,Female,26-35,Christianity,Urban
Ecuador,Male,56-65,Christianity,Urban
Ecuador,Male,36-45,Christianity,Urban
Ecuador,Male,56-65,Christianity,Rural
Ecuador,Male,56-65,Christianity,Rural
Ecuador,Male,18-25,Christianity,Rural
Ecuador,Male,18-25,Christianity,Rural
Ecuador,Female,26-35,Christianity,Rural
Ecuador,Female,36-45,Christianity,Rural
Ecuador,Female,36-45,Christianity,Rural
Ecuador,Female,56-65,Christianity,Rural
Ecuador,Female,18-25,Christianity,Rural
Ecuador,Female,26-35,Christianity,Rural
Ecuador,Female,26-35,Christianity,Rural
Ecuador,Male,26-35,Christianity,Rural
Ecuador,Female,26-35,Christianity,Rural
Ecuador,Male,56-65,Christianity,Rural
Ecuador,Male,36-45,Christianity,Rural
Ecuador,Male,56-65,Christianity,Rural
Ecuador,Male,26-35,Christianity,Urban
Ecuador,Female,26-35,Christianity,Urban
Ecuador,Female,26-35,Christianity,Urban
Ecuador,Male,56-65,Christianity,Urban
Ecuador,Female,26-35,Christianity,Urban
Ecuador,Female,18-25,Christianity,Urban
Ecuador,Male,46-55,Judaism,Urban
Ecuador,Female,56-65,Christianity,Urban
Ecuador,Female,36-45,Christianity,Urban
Ecuador,Female,26-35,Christianity,Urban
Ecuador,Male,36-45,Christianity,Urban
Ecuador,Male,26-35,Christianity,Urban
Ecuador,Female,56-65,Christianity,Urban
Ecuador,Female,65+,Christianity,Urban
Ecuador,Male,18-25,Christianity,Urban
Ecuador,Male,18-25,,Urban
Ecuador,Male,56-65,Christianity,Urban
Ecuador,Male,56-65,Christianity,Urban
Ecuador,Female,46-55,,Urban
Ecuador,Male,26-35,Christianity,Urban
Ecuador,Male,18-25,Christianity,Urban
Ecuador,Male,18-25,Christianity,Urban
Ecuador,Female,26-35,Christianity,Urban
Ecuador,Female,26-35,Christianity,Urban
Ecuador,Male,36-45,Christianity,Urban
Ecuador,Female,18-25,Christianity,Urban
Ecuador,Male,26-35,Christianity,Urban
Ecuador,Female,26-35,Christianity,Urban
Ecuador,Female,36-45,Christianity,Urban
Ecuador,Male,46-55,Christianity,Urban
Ecuador,Female,26-35,Christianity,Urban
Ecuador,Male,18-25,I do not identify with any religious group or faith,Urban
Ecuador,Male,46-55,Christianity,Urban
Ecuador,Female,18-25,Christianity,Urban
Ecuador,Male,36-45,Christianity,Urban
Ecuador,Male,26-35,Christianity,Urban
Ecuador,Female,26-35,Christianity,Urban
Ecuador,Female,36-45,Christianity,Urban
Ecuador,Male,36-45,Christianity,Urban
Ecuador,Female,18-25,I do not identify with any religious group or faith,Urban
Ecuador,Female,18-25,Christianity,Urban
Ecuador,Female,65+,Christianity,Urban
Ecuador,Male,18-25,Christianity,Urban
Ecuador,Male,36-45,Christianity,Urban
Ecuador,Male,36-45,Christianity,Urban
Ecuador,Male,26-35,Christianity,Urban
Ecuador,Female,46-55,,Urban
Ecuador,Female,46-55,Christianity,Urban
Ecuador,Female,18-25,Christianity,Urban
Ecuador,Female,18-25,Christianity,Urban
Ecuador,Male,65+,Christianity,Urban
Ecuador,Female,36-45,Christianity,Urban
Ecuador,Female,26-35,Christianity,Urban
Ecuador,Male,36-45,Christianity,Urban
Ecuador,Male,36-45,Christianity,Urban
Ecuador,Male,36-45,,Urban
Ecuador,Female,56-65,Christianity,Urban
Ecuador,Male,36-45,Christianity,Urban
Ecuador,Female,26-35,Christianity,Urban
Ecuador,Male,18-25,I do not identify with any religious group or faith,Urban
Ecuador,Female,26-35,Christianity,Urban
Ecuador,Male,56-65,Christianity,Urban
Ecuador,Male,36-45,Christianity,Urban
Ecuador,Female,46-55,Christianity,Urban
Ecuador,Female,26-35,Christianity,Urban
Ecuador,Male,46-55,I do not identify with any religious group or faith,Urban
Ecuador,Female,26-35,Christianity,Urban
Ecuador,Female,18-25,Christianity,Urban
Ecuador,Male,18-25,I do not identify with any religious group or faith,Urban
Ecuador,Female,26-35,I do not identify with any religious group or faith,Urban
Ecuador,Female,18-25,Christianity,Urban
Ecuador,Male,36-45,Christianity,Urban
Ecuador,Male,18-25,I do not identify with any religious group or faith,Urban
Ecuador,Female,26-35,Christianity,Urban
Ecuador,Male,26-35,Christianity,Urban
Ecuador,Female,36-45,Christianity,Urban
Ecuador,Male,18-25,Christianity,Urban
Ecuador,Female,36-45,Christianity,Urban
Ecuador,Female,26-35,I do not identify with any religious group or faith,Urban
Ecuador,Female,56-65,I do not identify with any religious group or faith,Urban
Ecuador,Male,26-35,Christianity,Urban
Ecuador,Male,56-65,Christianity,Urban
Ecuador,Female,26-35,Christianity,Urban
Ecuador,Male,46-55,Christianity,Urban
Ecuador,Male,36-45,Christianity,Urban
Ecuador,Female,18-25,I do not identify with any religious group or faith,Urban
Ecuador,Female,36-45,Christianity,Urban
Ecuador,Female,36-45,I do not identify with any religious group or faith,Urban
Ecuador,Male,18-25,Christianity,Urban
Ecuador,Female,26-35,Christianity,Urban
Ecuador,Male,26-35,Christianity,Urban
Ecuador,Female,65+,Christianity,Urban
Ecuador,Female,56-65,I do not identify with any religious group or faith,Urban
Ecuador,Female,36-45,Christianity,Urban
Ecuador,Male,18-25,I do not identify with any religious group or faith,Urban
Ecuador,Male,26-35,Christianity,Urban
Ecuador,Female,46-55,Christianity,Urban
Ecuador,Male,56-65,Christianity,Urban
Ecuador,Male,56-65,Christianity,Urban
Ecuador,Male,26-35,Christianity,Urban
Ecuador,Male,36-45,I do not identify with any religious group or faith,Urban
Ecuador,Female,18-25,Christianity,Urban
Ecuador,Male,18-25,I do not identify with any religious group or faith,Urban
Ecuador,Female,18-25,Christianity,Urban
Ecuador,Male,18-25,Christianity,Urban
Ecuador,Male,46-55,Christianity,Urban
Ecuador,Female,36-45,Christianity,Urban
Ecuador,Male,36-45,Christianity,Urban
Ecuador,Female,18-25,Christianity,Urban
Ecuador,Female,46-55,Christianity,Urban
Ecuador,Male,26-35,I do not identify with any religious group or faith,Urban
Ecuador,Female,56-65,I do not identify with any religious group or faith,Urban
Ecuador,Male,18-25,I do not identify with any religious group or faith,Urban
Ecuador,Male,26-35,Christianity,Urban
Ecuador,Female,46-55,Christianity,Urban
Ecuador,Female,56-65,Christianity,Urban
Ecuador,Female,18-25,Christianity,Urban
Ecuador,Female,56-65,Christianity,Urban
Ecuador,Male,65+,Christianity,Urban
Ecuador,Male,18-25,Christianity,Urban
Ecuador,Female,18-25,Christianity,Urban
Ecuador,Male,26-35,I do not identify with any religious group or faith,Urban
Ecuador,Male,56-65,Christianity,Urban
Ecuador,Female,26-35,Christianity,Urban
Ecuador,Female,26-35,Christianity,Urban
Ecuador,Male,56-65,Christianity,Urban
Ecuador,Male,36-45,Christianity,Urban
Ecuador,Male,56-65,Christianity,Urban
Ecuador,Female,18-25,Christianity,Urban
Ecuador,Male,65+,Christianity,Urban
Ecuador,Female,46-55,Christianity,Urban
Ecuador,Male,36-45,Christianity,Urban
Ecuador,Female,26-35,Christianity,Urban
Ecuador,Male,46-55,I do not identify with any religious group or faith,Urban
Ecuador,Male,26-35,I do not identify with any religious group or faith,Urban
Ecuador,Female,18-25,Christianity,Urban
Ecuador,Male,56-65,Christianity,Urban
Ecuador,Female,26-35,I do not identify with any religious group or faith,Urban
Ecuador,Male,46-55,Christianity,Urban
Ecuador,Female,26-35,Christianity,Urban
Ecuador,Female,36-45,Christianity,Urban
Ecuador,Female,26-35,Christianity,Urban
Ecuador,Female,56-65,Christianity,Urban
Ecuador,Male,18-25,Christianity,Urban
Ecuador,Male,26-35,Christianity,Urban
Ecuador,Female,36-45,Christianity,Urban
Ecuador,Male,26-35,Christianity,Urban
Ecuador,Female,18-25,Christianity,Urban
Ecuador,Male,65+,I do not identify with any religious group or faith,Urban
Ecuador,Female,18-25,Christianity,Urban
Ecuador,Male,26-35,Christianity,Urban
Ecuador,Female,36-45,Christianity,Urban
Ecuador,Female,18-25,Christianity,Urban
Ecuador,Female,46-55,Christianity,Urban
Ecuador,Male,26-35,Christianity,Urban
Ecuador,Male,36-45,I do not identify with any religious group or faith,Urban
Ecuador,Female,26-35,Christianity,Urban
Ecuador,Male,56-65,Christianity,Urban
Ecuador,Male,56-65,Christianity,Urban
Ecuador,Female,18-25,Christianity,Urban
Ecuador,Female,36-45,I do not identify with any religious group or faith,Urban
Ecuador,Male,18-25,Christianity,Urban
Ecuador,Male,18-25,Christianity,Urban
Ecuador,Female,26-35,I do not identify with any religious group or faith,Urban
Ecuador,Male,56-65,Christianity,Urban
Ecuador,Male,26-35,I do not identify with any religious group or faith,Urban
Ecuador,Male,26-35,I do not identify with any religious group or faith,Urban
Ecuador,Female,36-45,Christianity,Urban
Ecuador,Female,46-55,Christianity,Urban
Ecuador,Female,18-25,Christianity,Urban
Ecuador,Male,26-35,Christianity,Urban
Ecuador,Male,36-45,Christianity,Urban
Ecuador,Female,36-45,Christianity,Urban
Ecuador,Female,18-25,I do not identify with any religious group or faith,Urban
Ecuador,Male,26-35,I do not identify with any religious group or faith,Urban
Ecuador,Male,65+,Christianity,Urban
Ecuador,Female,46-55,Christianity,Rural
Ecuador,Female,36-45,Christianity,Rural
Ecuador,Female,26-35,Christianity,Rural
Ecuador,Male,26-35,I do not identify with any religious group or faith,Rural
Ecuador,Male,18-25,Christianity,Rural
Ecuador,Male,18-25,I do not identify with any religious group or faith,Rural
Ecuador,Male,65+,I do not identify with any religious group or faith,Rural
Ecuador,Male,26-35,I do not identify with any religious group or faith,Rural
Ecuador,Female,65+,Christianity,Urban
Ecuador,Male,46-55,Christianity,Urban
Ecuador,Female,56-65,Christianity,Urban
Ecuador,Male,18-25,I do not identify with any religious group or faith,Urban
Ecuador,Female,26-35,Christianity,Urban
Ecuador,Male,36-45,Christianity,Urban
Ecuador,Female,26-35,Christianity,Urban
Ecuador,Male,36-45,I do not identify with any religious group or faith,Urban
Ecuador,Male,26-35,I do not identify with any religious group or faith,Urban
Ecuador,Male,65+,Christianity,Urban
Ecuador,Male,18-25,,Urban
Ecuador,Female,26-35,Christianity,Urban
Ecuador,Female,18-25,Christianity,Urban
Ecuador,Female,26-35,Christianity,Urban
Ecuador,Female,56-65,Christianity,Urban
Ecuador,Female,36-45,Christianity,Urban
Ecuador,Male,18-25,I do not identify with any religious group or faith,Urban
Ecuador,Male,26-35,I do not identify with any religious group or faith,Urban
Ecuador,Female,26-35,Christianity,Urban
Ecuador,Female,56-65,Christianity,Urban
Ecuador,Female,36-45,,Urban
Ecuador,Female,36-45,Christianity,Urban
Ecuador,Male,46-55,Christianity,Urban
Ecuador,Male,18-25,Christianity,Urban
Ecuador,Female,36-45,Christianity,Urban
Ecuador,Male,36-45,Christianity,Urban
Ecuador,Male,26-35,Christianity,Urban
Ecuador,Male,36-45,Christianity,Urban
Ecuador,Female,56-65,I do not identify with any religious group or faith,Urban
Ecuador,Female,26-35,Christianity,Urban
Ecuador,Female,18-25,I do not identify with any religious group or faith,Urban
Ecuador,Male,26-35,Christianity,Urban
Ecuador,Male,18-25,I do not identify with any religious group or faith,Urban
Ecuador,Female,18-25,Christianity,Urban
Ecuador,Female,36-45,Christianity,Urban
Ecuador,Female,56-65,Christianity,Urban
Ecuador,Male,26-35,I do not identify with any religious group or faith,Urban
Ecuador,Female,65+,Christianity,Urban
Ecuador,Male,65+,Christianity,Urban
Ecuador,Male,26-35,Christianity,Urban
Ecuador,Female,36-45,Christianity,Urban
Ecuador,Male,36-45,Christianity,Urban
Ecuador,Male,18-25,Christianity,Urban
Ecuador,Male,18-25,Christianity,Urban
Ecuador,Male,36-45,Christianity,Urban
Ecuador,Female,46-55,Christianity,Urban
Ecuador,Female,65+,Christianity,Urban
Ecuador,Female,56-65,Christianity,Urban
Ecuador,Female,18-25,Christianity,Urban
Ecuador,Female,56-65,Christianity,Urban
Ecuador,Male,26-35,I do not identify with any religious group or faith,Urban
Ecuador,Female,26-35,Christianity,Urban
Ecuador,Female,36-45,Christianity,Urban
Ecuador,Male,36-45,Christianity,Urban
Ecuador,Female,65+,Christianity,Urban
Ecuador,Male,18-25,Christianity,Urban
Ecuador,Female,46-55,Christianity,Urban
Ecuador,Female,56-65,Christianity,Urban
Ecuador,Female,18-25,Christianity,Urban
Ecuador,Male,18-25,Christianity,Urban
Ecuador,Male,26-35,I do not identify with any religious group or faith,Urban
Ecuador,Female,46-55,Christianity,Urban
Ecuador,Male,18-25,Christianity,Urban
Ecuador,Male,26-35,Christianity,Urban
Ecuador,Female,26-35,Christianity,Urban
Ecuador,Male,56-65,Christianity,Urban
Ecuador,Male,18-25,I do not identify with any religious group or faith,Urban
Ecuador,Female,18-25,Christianity,Urban
Ecuador,Male,46-55,Christianity,Urban
Ecuador,Male,26-35,Christianity,Urban
Ecuador,Female,56-65,Christianity,Urban
Ecuador,Female,26-35,Christianity,Urban
Ecuador,Female,26-35,I do not identify with any religious group or faith,Urban
Ecuador,Male,36-45,I do not identify with any religious group or faith,Urban
Ecuador,Female,18-25,I do not identify with any religious group or faith,Urban
Ecuador,Male,46-55,Christianity,Urban
Ecuador,Female,18-25,I do not identify with any religious group or faith,Urban
Ecuador,Female,26-35,I do not identify with any religious group or faith,Urban
Ecuador,Male,56-65,Christianity,Urban
Ecuador,Male,65+,Christianity,Urban
Ecuador,Female,36-45,Christianity,Urban
Ecuador,Male,56-65,Christianity,Urban
Ecuador,Female,65+,Christianity,Urban
Ecuador,Male,26-35,Christianity,Urban
Ecuador,Male,26-35,I do not identify with any religious group or faith,Urban
Ecuador,Female,18-25,Christianity,Urban
Ecuador,Female,18-25,Christianity,Urban
Ecuador,Male,26-35,Christianity,Urban
Ecuador,Female,46-55,Christianity,Rural
Ecuador,Female,26-35,I do not identify with any religious group or faith,Rural
Ecuador,Male,36-45,Christianity,Rural
Ecuador,Male,18-25,I do not identify with any religious group or faith,Rural
Ecuador,Female,18-25,I do not identify with any religious group or faith,Rural
Ecuador,Female,26-35,Christianity,Rural
Ecuador,Male,65+,Christianity,Rural
Ecuador,Male,46-55,Christianity,Rural
Ecuador,Female,26-35,Christianity,Urban
Ecuador,Male,56-65,Christianity,Urban
Ecuador,Male,36-45,Christianity,Urban
Ecuador,Female,18-25,Christianity,Urban
Ecuador,Female,18-25,Christianity,Urban
Ecuador,Male,26-35,Christianity,Urban
Ecuador,Female,26-35,Christianity,Urban
Ecuador,Male,46-55,Christianity,Urban
Ecuador,Male,56-65,Christianity,Urban
Ecuador,Female,18-25,I do not identify with any religious group or faith,Urban
Ecuador,Female,26-35,Christianity,Urban
Ecuador,Male,36-45,Christianity,Urban
Ecuador,Female,26-35,I do not identify with any religious group or faith,Urban
Ecuador,Female,56-65,Christianity,Urban
Ecuador,Male,18-25,I do not identify with any religious group or faith,Urban
Ecuador,Male,26-35,Christianity,Urban
Ecuador,Male,26-35,Christianity,Rural
Ecuador,Male,18-25,Christianity,Rural
Ecuador,Female,26-35,I do not identify with any religious group or faith,Rural
Ecuador,Female,26-35,Christianity,Rural
Ecuador,Female,18-25,Christianity,Rural
Ecuador,Male,36-45,Christianity,Rural
Ecuador,Male,65+,Christianity,Rural
Ecuador,Female,36-45,Christianity,Rural
Ecuador,Female,36-45,Christianity,Rural
Ecuador,Male,18-25,Christianity,Rural
Ecuador,Female,26-35,I do not identify with any religious group or faith,Rural
Ecuador,Male,36-45,Christianity,Rural
Ecuador,Female,26-35,Christianity,Rural
Ecuador,Female,36-45,Christianity,Rural
Ecuador,Male,56-65,Christianity,Rural
Ecuador,Male,18-25,Christianity,Rural
Ecuador,Male,18-25,Christianity,Urban
Ecuador,Female,36-45,Christianity,Urban
Ecuador,Male,26-35,Christianity,Urban
Ecuador,Female,26-35,Christianity,Urban
Ecuador,Female,36-45,Christianity,Urban
Ecuador,Female,56-65,Christianity,Urban
Ecuador,Male,56-65,Christianity,Urban
Ecuador,Male,26-35,Christianity,Urban
Ecuador,Female,36-45,Christianity,Urban
Ecuador,Female,26-35,Christianity,Urban
Ecuador,Male,26-35,I do not identify with any religious group or faith,Urban
Ecuador,Male,26-35,Christianity,Urban
Ecuador,Male,36-45,Christianity,Urban
Ecuador,Male,18-25,Christianity,Urban
Ecuador,Female,36-45,Christianity,Urban
Ecuador,Female,56-65,Christianity,Urban
Ecuador,Female,46-55,Christianity,Urban
Ecuador,Male,18-25,Christianity,Urban
Ecuador,Male,26-35,Christianity,Urban
Ecuador,Female,26-35,Christianity,Urban
Ecuador,Female,18-25,Christianity,Urban
Ecuador,Female,26-35,Christianity,Urban
Ecuador,Male,36-45,Christianity,Urban
Ecuador,Male,56-65,Christianity,Urban
Ecuador,Female,56-65,Christianity,Urban
Ecuador,Female,18-25,Christianity,Urban
Ecuador,Male,36-45,Christianity,Urban
Ecuador,Male,36-45,Christianity,Urban
Ecuador,Female,36-45,Christianity,Urban
Ecuador,Female,18-25,Christianity,Urban
Ecuador,Male,56-65,Christianity,Urban
Ecuador,Male,26-35,Christianity,Urban
Ecuador,Female,18-25,Christianity,Rural
Ecuador,Male,26-35,Christianity,Rural
Ecuador,Male,26-35,Christianity,Rural
Ecuador,Female,36-45,Christianity,Rural
Ecuador,Female,56-65,Christianity,Rural
Ecuador,Male,56-65,Christianity,Rural
Ecuador,Male,36-45,Christianity,Rural
Ecuador,Female,18-25,Christianity,Rural
El Salvador,Male,56-65,I do not identify with any religious group or faith,Urban
El Salvador,Male,46-55,Christianity,Urban
El Salvador,Female,36-45,Christianity,Urban
El Salvador,Female,36-45,I do not identify with any religious group or faith,Urban
El Salvador,Female,18-25,Christianity,Urban
El Salvador,Male,36-45,Christianity,Urban
El Salvador,Male,18-25,Christianity,Urban
El Salvador,Male,26-35,Christianity,Urban
El Salvador,Male,36-45,I do not identify with any religious group or faith,Urban
El Salvador,Female,36-45,Christianity,Urban
El Salvador,Female,18-25,Christianity,Urban
El Salvador,Female,36-45,Christianity,Urban
El Salvador,Male,26-35,Christianity,Urban
El Salvador,Female,56-65,Christianity,Urban
El Salvador,Female,36-45,Christianity,Urban
El Salvador,Male,46-55,Christianity,Urban
El Salvador,Female,18-25,Christianity,Urban
El Salvador,Male,18-25,I do not identify with any religious group or faith,Urban
El Salvador,Male,56-65,Christianity,Urban
El Salvador,Female,65+,Christianity,Urban
El Salvador,Male,56-65,Christianity,Urban
El Salvador,Male,46-55,Christianity,Urban
El Salvador,Male,26-35,Christianity,Urban
El Salvador,Female,46-55,Christianity,Urban
El Salvador,Female,56-65,Christianity,Urban
El Salvador,Female,36-45,Christianity,Urban
El Salvador,Female,36-45,Christianity,Urban
El Salvador,Female,18-25,Christianity,Urban
El Salvador,Male,18-25,I do not identify with any religious group or faith,Urban
El Salvador,Female,36-45,I do not identify with any religious group or faith,Urban
El Salvador,Female,46-55,Christianity,Urban
El Salvador,Male,65+,Christianity,Urban
El Salvador,Female,36-45,Christianity,Urban
El Salvador,Male,65+,Christianity,Urban
El Salvador,Female,46-55,Christianity,Urban
El Salvador,Female,46-55,I do not identify with any religious group or faith,Urban
El Salvador,Female,26-35,Christianity,Urban
El Salvador,Male,18-25,Christianity,Urban
El Salvador,Female,46-55,Christianity,Urban
El Salvador,Male,46-55,Christianity,Urban
El Salvador,Female,46-55,Christianity,Urban
El Salvador,Male,26-35,I do not identify with any religious group or faith,Urban
El Salvador,Female,65+,Christianity,Urban
El Salvador,Female,56-65,Christianity,Urban
El Salvador,Female,26-35,Christianity,Urban
El Salvador,Male,36-45,Christianity,Urban
El Salvador,Male,56-65,Christianity,Urban
El Salvador,Male,36-45,Christianity,Urban
El Salvador,Female,26-35,Christianity,Urban
El Salvador,Male,18-25,I do not identify with any religious group or faith,Urban
El Salvador,Female,26-35,Christianity,Urban
El Salvador,Male,65+,Christianity,Urban
El Salvador,Female,65+,Christianity,Urban
El Salvador,Female,18-25,I do not identify with any religious group or faith,Urban
El Salvador,Female,56-65,Christianity,Urban
El Salvador,Male,18-25,I do not identify with any religious group or faith,Urban
El Salvador,Female,36-45,Christianity,Urban
El Salvador,Male,26-35,Christianity,Urban
El Salvador,Male,46-55,Christianity,Urban
El Salvador,Male,56-65,Christianity,Urban
El Salvador,Male,56-65,Christianity,Urban
El Salvador,Female,46-55,Christianity,Urban
El Salvador,Female,65+,Christianity,Urban
El Salvador,Male,18-25,Christianity,Urban
El Salvador,Male,36-45,Christianity,Urban
El Salvador,Male,26-35,Christianity,Urban
El Salvador,Male,18-25,I do not identify with any religious group or faith,Urban
El Salvador,Female,46-55,Christianity,Urban
El Salvador,Male,26-35,I do not identify with any religious group or faith,Urban
El Salvador,Female,18-25,Christianity,Urban
El Salvador,Male,56-65,Christianity,Urban
El Salvador,Male,46-55,Christianity,Urban
El Salvador,Male,56-65,Christianity,Urban
El Salvador,Female,18-25,I do not identify with any religious group or faith,Urban
El Salvador,Male,46-55,Christianity,Urban
El Salvador,Female,36-45,Christianity,Urban
El Salvador,Female,26-35,Christianity,Urban
El Salvador,Female,26-35,Christianity,Urban
El Salvador,Female,36-45,Christianity,Urban
El Salvador,Female,65+,Christianity,Urban
El Salvador,Female,18-25,Christianity,Urban
El Salvador,Male,18-25,I do not identify with any religious group or faith,Urban
El Salvador,Female,56-65,I do not identify with any religious group or faith,Urban
El Salvador,Female,56-65,Christianity,Urban
El Salvador,Female,26-35,Christianity,Urban
El Salvador,Female,56-65,Christianity,Urban
El Salvador,Male,26-35,Christianity,Urban
El Salvador,Male,36-45,I do not identify with any religious group or faith,Urban
El Salvador,Female,26-35,I do not identify with any religious group or faith,Urban
El Salvador,Male,36-45,I do not identify with any religious group or faith,Urban
El Salvador,Male,36-45,Christianity,Urban
El Salvador,Male,26-35,Christianity,Urban
El Salvador,Female,65+,Christianity,Urban
El Salvador,Female,36-45,Christianity,Urban
El Salvador,Female,56-65,Christianity,Urban
El Salvador,Male,26-35,Christianity,Urban
El Salvador,Male,65+,I do not identify with any religious group or faith,Urban
El Salvador,Female,18-25,I do not identify with any religious group or faith,Urban
El Salvador,Female,26-35,Christianity,Urban
El Salvador,Female,56-65,Christianity,Urban
El Salvador,Male,18-25,Christianity,Urban
El Salvador,Female,18-25,Christianity,Urban
El Salvador,Female,26-35,Christianity,Urban
El Salvador,Female,18-25,Christianity,Urban
El Salvador,Male,26-35,Christianity,Urban
El Salvador,Male,36-45,Christianity,Urban
El Salvador,Female,26-35,I do not identify with any religious group or faith,Urban
El Salvador,Female,56-65,Christianity,Urban
El Salvador,Female,46-55,Christianity,Urban
El Salvador,Male,56-65,Christianity,Urban
El Salvador,Female,18-25,Christianity,Urban
El Salvador,Male,26-35,Christianity,Urban
El Salvador,Male,46-55,Christianity,Urban
El Salvador,Female,46-55,Christianity,Urban
El Salvador,Female,65+,Christianity,Urban
El Salvador,Male,65+,Christianity,Urban
El Salvador,Female,36-45,Christianity,Urban
El Salvador,Male,26-35,Christianity,Urban
El Salvador,Female,36-45,Other religious group,Urban
El Salvador,Female,26-35,Christianity,Urban
El Salvador,Male,18-25,I do not identify with any religious group or faith,Urban
El Salvador,Male,56-65,Other religious group,Urban
El Salvador,Male,18-25,I do not identify with any religious group or faith,Urban
El Salvador,Male,26-35,Christianity,Urban
El Salvador,Male,18-25,I do not identify with any religious group or faith,Urban
El Salvador,Male,46-55,Christianity,Urban
El Salvador,Male,18-25,I do not identify with any religious group or faith,Urban
El Salvador,Male,26-35,Christianity,Urban
El Salvador,Male,18-25,Christianity,Urban
El Salvador,Male,18-25,,Urban
El Salvador,Male,46-55,I do not identify with any religious group or faith,Urban
El Salvador,Male,65+,I do not identify with any religious group or faith,Urban
El Salvador,Male,18-25,I do not identify with any religious group or faith,Urban
El Salvador,Female,18-25,I do not identify with any religious group or faith,Urban
El Salvador,Female,26-35,I do not identify with any religious group or faith,Urban
El Salvador,Female,46-55,Christianity,Urban
El Salvador,Female,65+,Christianity,Urban
El Salvador,Male,36-45,Christianity,Urban
El Salvador,Female,18-25,Christianity,Urban
El Salvador,Female,18-25,I do not identify with any religious group or faith,Urban
El Salvador,Male,65+,,Urban
El Salvador,Male,46-55,I do not identify with any religious group or faith,Urban
El Salvador,Female,36-45,I do not identify with any religious group or faith,Urban
El Salvador,Male,36-45,Christianity,Urban
El Salvador,Male,36-45,Christianity,Urban
El Salvador,Male,18-25,Christianity,Urban
El Salvador,Female,36-45,Christianity,Urban
El Salvador,Female,26-35,Christianity,Urban
El Salvador,Female,56-65,Christianity,Urban
El Salvador,Female,36-45,Christianity,Urban
El Salvador,Male,18-25,Christianity,Urban
El Salvador,Male,65+,Christianity,Urban
El Salvador,Male,36-45,Christianity,Urban
El Salvador,Female,18-25,Christianity,Urban
El Salvador,Male,18-25,Christianity,Urban
El Salvador,Female,56-65,Christianity,Urban
El Salvador,Male,36-45,Christianity,Urban
El Salvador,Female,36-45,Christianity,Urban
El Salvador,Male,36-45,Christianity,Urban
El Salvador,Female,46-55,Christianity,Urban
El Salvador,Male,26-35,Christianity,Urban
El Salvador,Female,18-25,Christianity,Urban
El Salvador,Male,46-55,Christianity,Urban
El Salvador,Female,26-35,Christianity,Urban
El Salvador,Male,18-25,Christianity,Urban
El Salvador,Female,65+,Christianity,Urban
El Salvador,Female,36-45,Christianity,Urban
El Salvador,Female,36-45,Christianity,Urban
El Salvador,Female,18-25,Christianity,Urban
El Salvador,Male,65+,I do not identify with any religious group or faith,Urban
El Salvador,Male,65+,Christianity,Urban
El Salvador,Male,36-45,Christianity,Urban
El Salvador,Female,18-25,Christianity,Urban
El Salvador,Female,65+,I do not identify with any religious group or faith,Urban
El Salvador,Female,56-65,Christianity,Urban
El Salvador,Female,36-45,Christianity,Urban
El Salvador,Male,18-25,Christianity,Urban
El Salvador,Female,56-65,I do not identify with any religious group or faith,Urban
El Salvador,Male,46-55,I do not identify with any religious group or faith,Urban
El Salvador,Male,18-25,Christianity,Urban
El Salvador,Male,65+,Christianity,Urban
El Salvador,Male,46-55,Christianity,Urban
El Salvador,Male,18-25,Christianity,Urban
El Salvador,Male,18-25,Christianity,Urban
El Salvador,Female,18-25,I do not identify with any religious group or faith,Urban
El Salvador,Male,26-35,I do not identify with any religious group or faith,Urban
El Salvador,Female,26-35,I do not identify with any religious group or faith,Urban
El Salvador,Male,65+,I do not identify with any religious group or faith,Urban
El Salvador,Female,65+,Christianity,Urban
El Salvador,Female,36-45,Christianity,Urban
El Salvador,Female,18-25,I do not identify with any religious group or faith,Urban
El Salvador,Male,46-55,Christianity,Urban
El Salvador,Male,46-55,Christianity,Urban
El Salvador,Female,26-35,I do not identify with any religious group or faith,Urban
El Salvador,Male,26-35,,Urban
El Salvador,Female,26-35,I do not identify with any religious group or faith,Urban
El Salvador,Female,36-45,Christianity,Urban
El Salvador,Male,36-45,Christianity,Urban
El Salvador,Female,18-25,Christianity,Urban
El Salvador,Female,65+,Christianity,Urban
El Salvador,Female,46-55,Christianity,Urban
El Salvador,Female,36-45,Christianity,Urban
El Salvador,Female,46-55,Christianity,Urban
El Salvador,Male,18-25,I do not identify with any religious group or faith,Urban
El Salvador,Female,26-35,Christianity,Urban
El Salvador,Female,46-55,Christianity,Urban
El Salvador,Female,46-55,I do not identify with any religious group or faith,Urban
El Salvador,Male,46-55,Christianity,Urban
El Salvador,Male,46-55,Christianity,Urban
El Salvador,Female,65+,Christianity,Urban
El Salvador,Male,26-35,Christianity,Urban
El Salvador,Male,36-45,Christianity,Urban
El Salvador,Male,36-45,Christianity,Urban
El Salvador,Female,56-65,I do not identify with any religious group or faith,Urban
El Salvador,Female,26-35,Christianity,Urban
El Salvador,Female,18-25,Christianity,Urban
El Salvador,Male,65+,I do not identify with any religious group or faith,Urban
El Salvador,Female,56-65,Christianity,Urban
El Salvador,Female,46-55,Christianity,Urban
El Salvador,Male,18-25,Christianity,Urban
El Salvador,Female,56-65,Christianity,Urban
El Salvador,Male,65+,,Urban
El Salvador,Female,36-45,Christianity,Urban
El Salvador,Female,18-25,Christianity,Urban
El Salvador,Female,36-45,Christianity,Urban
El Salvador,Female,18-25,Christianity,Urban
El Salvador,Female,18-25,I do not identify with any religious group or faith,Urban
El Salvador,Male,26-35,I do not identify with any religious group or faith,Urban
El Salvador,Female,46-55,Christianity,Urban
El Salvador,Male,18-25,Christianity,Urban
El Salvador,Male,26-35,I do not identify with any religious group or faith,Urban
El Salvador,Male,18-25,I do not identify with any religious group or faith,Urban
El Salvador,Female,36-45,Christianity,Urban
El Salvador,Male,56-65,Christianity,Urban
El Salvador,Female,36-45,Christianity,Urban
El Salvador,Male,65+,Christianity,Urban
El Salvador,Female,46-55,Christianity,Urban
El Salvador,Male,36-45,,Urban
El Salvador,Female,26-35,I do not identify with any religious group or faith,Urban
El Salvador,Female,56-65,Christianity,Urban
El Salvador,Female,26-35,Christianity,Urban
El Salvador,Female,26-35,Christianity,Urban
El Salvador,Female,56-65,I do not identify with any religious group or faith,Urban
El Salvador,Male,26-35,I do not identify with any religious group or faith,Urban
El Salvador,Female,56-65,Christianity,Urban
El Salvador,Female,18-25,I do not identify with any religious group or faith,Urban
El Salvador,Male,46-55,I do not identify with any religious group or faith,Urban
El Salvador,Female,65+,Christianity,Urban
El Salvador,Male,36-45,Christianity,Urban
El Salvador,Male,36-45,Christianity,Urban
El Salvador,Female,65+,Christianity,Urban
El Salvador,Male,18-25,Christianity,Urban
El Salvador,Female,46-55,Christianity,Urban
El Salvador,Male,26-35,I do not identify with any religious group or faith,Urban
El Salvador,Male,18-25,Christianity,Urban
El Salvador,Female,26-35,Christianity,Urban
El Salvador,Female,36-45,Christianity,Urban
El Salvador,Female,18-25,Christianity,Urban
El Salvador,Male,56-65,Christianity,Urban
El Salvador,Male,65+,Christianity,Urban
El Salvador,Male,18-25,Christianity,Urban
El Salvador,Female,18-25,Christianity,Urban
El Salvador,Male,46-55,I do not identify with any religious group or faith,Urban
El Salvador,Female,26-35,I do not identify with any religious group or faith,Urban
El Salvador,Female,36-45,Christianity,Urban
El Salvador,Female,46-55,Christianity,Urban
El Salvador,Female,65+,Christianity,Urban
El Salvador,Female,26-35,Christianity,Urban
El Salvador,Male,26-35,Christianity,Urban
El Salvador,Male,36-45,Christianity,Urban
El Salvador,Male,46-55,Christianity,Urban
El Salvador,Female,26-35,I do not identify with any religious group or faith,Urban
El Salvador,Female,18-25,I do not identify with any religious group or faith,Urban
El Salvador,Female,26-35,Christianity,Urban
El Salvador,Male,65+,I do not identify with any religious group or faith,Urban
El Salvador,Female,36-45,Christianity,Urban
El Salvador,Male,18-25,I do not identify with any religious group or faith,Urban
El Salvador,Female,65+,Christianity,Urban
El Salvador,Female,26-35,I do not identify with any religious group or faith,Urban
El Salvador,Male,18-25,Christianity,Urban
El Salvador,Female,18-25,Christianity,Urban
El Salvador,Female,46-55,Christianity,Urban
El Salvador,Female,56-65,Christianity,Urban
El Salvador,Female,26-35,Christianity,Urban
El Salvador,Male,65+,I do not identify with any religious group or faith,Urban
El Salvador,Female,56-65,Christianity,Urban
El Salvador,Female,18-25,Christianity,Urban
El Salvador,Male,46-55,Christianity,Urban
El Salvador,Male,18-25,I do not identify with any religious group or faith,Urban
El Salvador,Male,26-35,I do not identify with any religious group or faith,Urban
El Salvador,Female,18-25,I do not identify with any religious group or faith,Urban
El Salvador,Male,56-65,I do not identify with any religious group or faith,Urban
El Salvador,Male,18-25,Christianity,Urban
El Salvador,Male,26-35,Christianity,Urban
El Salvador,Male,36-45,I do not identify with any religious group or faith,Urban
El Salvador,Female,36-45,Christianity,Urban
El Salvador,Female,56-65,Christianity,Urban
El Salvador,Female,26-35,Christianity,Urban
El Salvador,Female,26-35,Christianity,Urban
El Salvador,Female,56-65,Christianity,Urban
El Salvador,Female,26-35,Christianity,Urban
El Salvador,Male,26-35,Christianity,Urban
El Salvador,Female,56-65,Christianity,Urban
El Salvador,Female,26-35,I do not identify with any religious group or faith,Urban
El Salvador,Male,18-25,I do not identify with any religious group or faith,Urban
El Salvador,Female,18-25,Christianity,Urban
El Salvador,Male,46-55,Christianity,Urban
El Salvador,Male,65+,I do not identify with any religious group or faith,Urban
El Salvador,Male,65+,Christianity,Urban
El Salvador,Female,56-65,Christianity,Urban
El Salvador,Female,18-25,Christianity,Urban
El Salvador,Female,26-35,I do not identify with any religious group or faith,Urban
El Salvador,Male,18-25,Christianity,Urban
El Salvador,Female,65+,I do not identify with any religious group or faith,Urban
El Salvador,Female,36-45,Christianity,Urban
El Salvador,Male,65+,Christianity,Urban
El Salvador,Female,18-25,Christianity,Urban
El Salvador,Male,36-45,Christianity,Urban
El Salvador,Female,46-55,I do not identify with any religious group or faith,Urban
El Salvador,Male,26-35,Christianity,Urban
El Salvador,Female,26-35,Christianity,Urban
El Salvador,Female,65+,Christianity,Urban
El Salvador,Male,26-35,Christianity,Urban
El Salvador,Female,56-65,Christianity,Urban
El Salvador,Male,26-35,Christianity,Urban
El Salvador,Male,46-55,I do not identify with any religious group or faith,Urban
El Salvador,Female,18-25,I do not identify with any religious group or faith,Urban
El Salvador,Female,36-45,I do not identify with any religious group or faith,Urban
El Salvador,Male,18-25,Christianity,Urban
El Salvador,Male,36-45,Christianity,Urban
El Salvador,Male,18-25,I do not identify with any religious group or faith,Urban
El Salvador,Female,56-65,Christianity,Urban
El Salvador,Female,65+,Christianity,Urban
El Salvador,Male,56-65,Christianity,Urban
El Salvador,Female,18-25,Christianity,Urban
El Salvador,Male,26-35,I do not identify with any religious group or faith,Urban
El Salvador,Male,56-65,Christianity,Urban
El Salvador,Female,18-25,Christianity,Urban
El Salvador,Female,56-65,Christianity,Urban
El Salvador,Female,36-45,Christianity,Urban
El Salvador,Male,26-35,Christianity,Urban
El Salvador,Female,65+,Christianity,Urban
El Salvador,Female,56-65,Christianity,Urban
El Salvador,Female,18-25,Christianity,Urban
El Salvador,Male,18-25,I do not identify with any religious group or faith,Urban
El Salvador,Female,26-35,Christianity,Urban
El Salvador,Male,36-45,Christianity,Urban
El Salvador,Female,26-35,Christianity,Urban
El Salvador,Male,65+,Christianity,Urban
El Salvador,Female,18-25,Christianity,Urban
El Salvador,Male,36-45,Christianity,Urban
El Salvador,Female,36-45,Christianity,Urban
El Salvador,Female,46-55,Christianity,Urban
El Salvador,Male,26-35,I do not identify with any religious group or faith,Urban
El Salvador,Female,26-35,Christianity,Urban
El Salvador,Female,36-45,Christianity,Urban
El Salvador,Male,18-25,Christianity,Urban
El Salvador,Female,18-25,I do not identify with any religious group or faith,Urban
El Salvador,Male,65+,Christianity,Urban
El Salvador,Female,65+,Christianity,Urban
El Salvador,Male,65+,Christianity,Urban
El Salvador,Female,46-55,Christianity,Urban
El Salvador,Male,56-65,Christianity,Urban
El Salvador,Female,26-35,Christianity,Urban
El Salvador,Male,26-35,Christianity,Urban
El Salvador,Female,18-25,I do not identify with any religious group or faith,Urban
El Salvador,Male,56-65,Christianity,Urban
El Salvador,Female,36-45,Christianity,Urban
El Salvador,Male,46-55,Christianity,Urban
El Salvador,Female,18-25,Christianity,Urban
El Salvador,Female,26-35,Christianity,Urban
El Salvador,Female,56-65,Christianity,Urban
El Salvador,Female,18-25,Christianity,Urban
El Salvador,Male,46-55,Christianity,Urban
El Salvador,Male,18-25,Christianity,Urban
El Salvador,Male,65+,Christianity,Urban
El Salvador,Female,56-65,Christianity,Urban
El Salvador,Male,26-35,Christianity,Urban
El Salvador,Male,18-25,Christianity,Urban
El Salvador,Male,26-35,I do not identify with any religious group or faith,Urban
El Salvador,Female,26-35,Christianity,Urban
El Salvador,Male,36-45,Christianity,Urban
El Salvador,Male,18-25,Christianity,Urban
El Salvador,Male,26-35,Christianity,Urban
El Salvador,Female,36-45,Christianity,Urban
El Salvador,Female,46-55,Christianity,Urban
El Salvador,Male,56-65,Christianity,Urban
El Salvador,Female,65+,Christianity,Urban
El Salvador,Male,65+,Christianity,Urban
El Salvador,Female,18-25,Christianity,Urban
El Salvador,Female,18-25,Christianity,Urban
El Salvador,Female,46-55,Christianity,Urban
El Salvador,Female,56-65,Christianity,Urban
El Salvador,Female,26-35,,Urban
El Salvador,Male,26-35,Christianity,Urban
El Salvador,Male,18-25,I do not identify with any religious group or faith,Urban
El Salvador,Male,46-55,Christianity,Urban
El Salvador,Male,26-35,Christianity,Urban
El Salvador,Male,65+,Christianity,Urban
El Salvador,Female,18-25,I do not identify with any religious group or faith,Urban
El Salvador,Female,46-55,Christianity,Urban
El Salvador,Male,46-55,Christianity,Urban
El Salvador,Female,65+,Christianity,Urban
El Salvador,Female,18-25,Christianity,Urban
El Salvador,Female,36-45,Christianity,Urban
El Salvador,Male,18-25,I do not identify with any religious group or faith,Urban
El Salvador,Male,36-45,Christianity,Urban
El Salvador,Female,36-45,Christianity,Urban
El Salvador,Female,46-55,Christianity,Urban
El Salvador,Male,56-65,I do not identify with any religious group or faith,Urban
El Salvador,Male,46-55,,Urban
El Salvador,Female,46-55,Christianity,Urban
El Salvador,Female,18-25,Christianity,Urban
El Salvador,Female,65+,Christianity,Urban
El Salvador,Male,18-25,Christianity,Urban
El Salvador,Male,18-25,Christianity,Urban
El Salvador,Male,65+,Christianity,Urban
El Salvador,Male,26-35,I do not identify with any religious group or faith,Urban
El Salvador,Female,18-25,I do not identify with any religious group or faith,Urban
El Salvador,Female,26-35,Christianity,Urban
El Salvador,Female,18-25,Christianity,Urban
El Salvador,Male,46-55,,Urban
El Salvador,Female,56-65,I do not identify with any religious group or faith,Urban
El Salvador,Male,26-35,Christianity,Urban
El Salvador,Female,36-45,Christianity,Urban
El Salvador,Male,18-25,Christianity,Urban
El Salvador,Female,46-55,Christianity,Urban
El Salvador,Female,26-35,Christianity,Urban
El Salvador,Male,65+,Christianity,Urban
El Salvador,Male,46-55,Christianity,Urban
El Salvador,Female,26-35,Christianity,Urban
El Salvador,Female,56-65,Christianity,Urban
El Salvador,Female,26-35,I do not identify with any religious group or faith,Urban
El Salvador,Male,46-55,Christianity,Urban
El Salvador,Male,36-45,Christianity,Urban
El Salvador,Male,46-55,I do not identify with any religious group or faith,Urban
El Salvador,Female,26-35,Other religious group,Urban
El Salvador,Male,56-65,Christianity,Urban
El Salvador,Female,26-35,Christianity,Urban
El Salvador,Male,18-25,I do not identify with any religious group or faith,Urban
El Salvador,Female,26-35,Christianity,Urban
El Salvador,Male,65+,Christianity,Urban
El Salvador,Female,36-45,Christianity,Urban
El Salvador,Male,26-35,Christianity,Urban
El Salvador,Male,26-35,Christianity,Urban
El Salvador,Male,56-65,Christianity,Urban
El Salvador,Female,65+,Christianity,Urban
El Salvador,Male,18-25,Christianity,Urban
El Salvador,Female,18-25,Christianity,Urban
El Salvador,Female,36-45,Christianity,Urban
El Salvador,Male,36-45,Christianity,Urban
El Salvador,Female,46-55,Christianity,Urban
El Salvador,Male,46-55,Christianity,Urban
El Salvador,Female,46-55,Christianity,Urban
El Salvador,Female,65+,Christianity,Urban
El Salvador,Female,46-55,Christianity,Urban
El Salvador,Female,46-55,Christianity,Urban
El Salvador,Male,46-55,Christianity,Urban
El Salvador,Female,56-65,Christianity,Urban
El Salvador,Male,18-25,Christianity,Urban
El Salvador,Female,18-25,Christianity,Urban
El Salvador,Female,56-65,Christianity,Urban
El Salvador,Male,46-55,Christianity,Urban
El Salvador,Male,56-65,Christianity,Urban
El Salvador,Female,56-65,Christianity,Urban
El Salvador,Female,18-25,Christianity,Urban
El Salvador,Male,18-25,I do not identify with any religious group or faith,Urban
El Salvador,Male,46-55,Christianity,Urban
El Salvador,Male,65+,I do not identify with any religious group or faith,Urban
El Salvador,Female,56-65,Christianity,Urban
El Salvador,Male,18-25,I do not identify with any religious group or faith,Urban
El Salvador,Female,18-25,I do not identify with any religious group or faith,Urban
El Salvador,Female,56-65,I do not identify with any religious group or faith,Urban
El Salvador,Male,26-35,I do not identify with any religious group or faith,Urban
El Salvador,Female,18-25,Christianity,Urban
El Salvador,Male,65+,Christianity,Urban
El Salvador,Male,18-25,Other religious group,Urban
El Salvador,Female,26-35,I do not identify with any religious group or faith,Urban
El Salvador,Female,36-45,,Urban
El Salvador,Male,56-65,Christianity,Urban
El Salvador,Male,46-55,Christianity,Urban
El Salvador,Male,18-25,Christianity,Urban
El Salvador,Male,65+,Christianity,Urban
El Salvador,Female,46-55,Christianity,Urban
El Salvador,Female,18-25,Christianity,Urban
El Salvador,Female,36-45,Christianity,Urban
El Salvador,Male,26-35,Christianity,Urban
El Salvador,Female,36-45,Christianity,Urban
El Salvador,Female,18-25,Christianity,Urban
El Salvador,Female,56-65,Christianity,Urban
El Salvador,Male,46-55,I do not identify with any religious group or faith,Urban
El Salvador,Female,56-65,Christianity,Urban
El Salvador,Female,46-55,Christianity,Urban
El Salvador,Female,46-55,Christianity,Urban
El Salvador,Male,18-25,Christianity,Urban
El Salvador,Female,46-55,I do not identify with any religious group or faith,Urban
El Salvador,Female,26-35,I do not identify with any religious group or faith,Urban
El Salvador,Male,36-45,I do not identify with any religious group or faith,Urban
El Salvador,Female,46-55,Christianity,Urban
El Salvador,Female,26-35,Christianity,Urban
El Salvador,Male,46-55,Christianity,Urban
El Salvador,Male,46-55,Christianity,Urban
El Salvador,Male,65+,Christianity,Urban
El Salvador,Male,46-55,Christianity,Urban
El Salvador,Female,56-65,Christianity,Urban
El Salvador,Female,36-45,,Urban
El Salvador,Female,36-45,Christianity,Urban
El Salvador,Male,18-25,Christianity,Urban
El Salvador,Female,56-65,Christianity,Urban
El Salvador,Female,18-25,Christianity,Urban
El Salvador,Female,18-25,Christianity,Urban
El Salvador,Female,36-45,Christianity,Urban
El Salvador,Female,56-65,Christianity,Urban
El Salvador,Female,46-55,Christianity,Urban
El Salvador,Male,46-55,Christianity,Urban
El Salvador,Female,56-65,Christianity,Urban
El Salvador,Male,26-35,I do not identify with any religious group or faith,Urban
El Salvador,Female,26-35,Christianity,Urban
El Salvador,Male,18-25,I do not identify with any religious group or faith,Urban
El Salvador,Female,26-35,I do not identify with any religious group or faith,Urban
El Salvador,Male,18-25,Christianity,Urban
El Salvador,Female,65+,Christianity,Urban
El Salvador,Female,26-35,Christianity,Urban
El Salvador,Female,65+,Christianity,Urban
El Salvador,Female,18-25,Christianity,Urban
El Salvador,Male,56-65,Christianity,Urban
El Salvador,Male,18-25,Christianity,Urban
El Salvador,Male,36-45,Christianity,Urban
El Salvador,Female,26-35,Christianity,Urban
El Salvador,Male,56-65,Christianity,Urban
El Salvador,Female,65+,Christianity,Urban
El Salvador,Male,65+,Christianity,Urban
El Salvador,Female,65+,Christianity,Urban
El Salvador,Female,65+,Christianity,Urban
El Salvador,Male,65+,Christianity,Urban
El Salvador,Female,36-45,Christianity,Urban
El Salvador,Male,18-25,Christianity,Urban
El Salvador,Female,46-55,Christianity,Urban
El Salvador,Male,18-25,Christianity,Urban
El Salvador,Female,46-55,Christianity,Urban
El Salvador,Female,18-25,Christianity,Urban
El Salvador,Male,18-25,Christianity,Urban
El Salvador,Female,56-65,Christianity,Urban
El Salvador,Female,46-55,Christianity,Urban
El Salvador,Female,36-45,Christianity,Urban
El Salvador,Female,56-65,Christianity,Urban
El Salvador,Male,18-25,I do not identify with any religious group or faith,Urban
El Salvador,Male,26-35,Christianity,Urban
El Salvador,Female,26-35,Christianity,Urban
El Salvador,Male,56-65,Christianity,Urban
El Salvador,Male,26-35,I do not identify with any religious group or faith,Urban
El Salvador,Female,26-35,I do not identify with any religious group or faith,Urban
El Salvador,Female,56-65,Other religious group,Urban
El Salvador,Male,56-65,Christianity,Urban
El Salvador,Female,26-35,Christianity,Urban
El Salvador,Female,46-55,,Urban
El Salvador,Male,65+,Christianity,Urban
El Salvador,Female,36-45,Christianity,Urban
El Salvador,Male,65+,Christianity,Urban
El Salvador,Female,26-35,Christianity,Urban
El Salvador,Female,65+,Christianity,Urban
El Salvador,Male,26-35,Christianity,Urban
El Salvador,Male,18-25,Christianity,Urban
El Salvador,Female,46-55,Christianity,Urban
El Salvador,Male,56-65,I do not identify with any religious group or faith,Urban
El Salvador,Female,26-35,Christianity,Urban
El Salvador,Male,65+,Christianity,Urban
El Salvador,Male,36-45,Christianity,Urban
El Salvador,Female,36-45,Christianity,Urban
El Salvador,Female,18-25,Christianity,Urban
El Salvador,Male,18-25,Christianity,Urban
El Salvador,Female,46-55,Christianity,Urban
El Salvador,Female,46-55,Christianity,Urban
El Salvador,Male,56-65,Judaism,Urban
El Salvador,Female,18-25,Christianity,Urban
El Salvador,Female,26-35,I do not identify with any religious group or faith,Urban
El Salvador,Male,26-35,Christianity,Urban
El Salvador,Female,18-25,Christianity,Urban
El Salvador,Female,26-35,I do not identify with any religious group or faith,Urban
El Salvador,Male,36-45,Christianity,Urban
El Salvador,Male,65+,Christianity,Urban
El Salvador,Female,65+,Christianity,Urban
El Salvador,Female,36-45,Christianity,Urban
El Salvador,Female,18-25,,Urban
El Salvador,Female,18-25,Christianity,Urban
El Salvador,Female,65+,Christianity,Urban
El Salvador,Male,18-25,Christianity,Urban
El Salvador,Female,18-25,Christianity,Urban
El Salvador,Female,36-45,Christianity,Urban
El Salvador,Female,18-25,Christianity,Urban
El Salvador,Male,56-65,I do not identify with any religious group or faith,Urban
El Salvador,Female,65+,Christianity,Urban
El Salvador,Female,36-45,Christianity,Urban
El Salvador,Male,26-35,I do not identify with any religious group or faith,Urban
El Salvador,Female,26-35,Judaism,Urban
El Salvador,Male,18-25,Christianity,Urban
El Salvador,Female,46-55,Christianity,Urban
El Salvador,Female,18-25,Christianity,Urban
El Salvador,Female,36-45,I do not identify with any religious group or faith,Urban
El Salvador,Male,56-65,Christianity,Urban
El Salvador,Female,46-55,Christianity,Urban
El Salvador,Male,18-25,Christianity,Urban
El Salvador,Male,46-55,I do not identify with any religious group or faith,Urban
El Salvador,Female,18-25,Christianity,Urban
El Salvador,Female,26-35,I do not identify with any religious group or faith,Urban
El Salvador,Female,26-35,I do not identify with any religious group or faith,Urban
El Salvador,Female,46-55,Christianity,Urban
El Salvador,Male,26-35,I do not identify with any religious group or faith,Urban
El Salvador,Female,65+,Christianity,Urban
El Salvador,Male,65+,Christianity,Urban
El Salvador,Male,26-35,I do not identify with any religious group or faith,Urban
El Salvador,Male,18-25,I do not identify with any religious group or faith,Urban
El Salvador,Male,56-65,Christianity,Urban
El Salvador,Female,26-35,Christianity,Urban
El Salvador,Male,36-45,Christianity,Urban
El Salvador,Female,18-25,Christianity,Urban
El Salvador,Male,18-25,Christianity,Urban
El Salvador,Female,46-55,Christianity,Urban
El Salvador,Male,46-55,Christianity,Urban
El Salvador,Male,36-45,Christianity,Urban
El Salvador,Male,46-55,Christianity,Urban
El Salvador,Male,36-45,Christianity,Urban
El Salvador,Female,18-25,Christianity,Urban
El Salvador,Female,26-35,Christianity,Urban
El Salvador,Female,26-35,Christianity,Urban
El Salvador,Female,65+,Christianity,Urban
El Salvador,Female,56-65,Christianity,Urban
El Salvador,Male,36-45,I do not identify with any religious group or faith,Urban
El Salvador,Male,26-35,Christianity,Urban
El Salvador,Female,46-55,Christianity,Urban
El Salvador,Female,46-55,Christianity,Urban
El Salvador,Male,18-25,I do not identify with any religious group or faith,Urban
El Salvador,Female,18-25,Christianity,Urban
El Salvador,Male,56-65,I do not identify with any religious group or faith,Urban
El Salvador,Female,26-35,Christianity,Urban
El Salvador,Male,26-35,I do not identify with any religious group or faith,Urban
El Salvador,Female,65+,Christianity,Urban
El Salvador,Female,36-45,Christianity,Urban
El Salvador,Female,46-55,Christianity,Urban
El Salvador,Male,65+,Christianity,Urban
El Salvador,Male,26-35,I do not identify with any religious group or faith,Urban
El Salvador,Female,46-55,Christianity,Urban
El Salvador,Male,46-55,I do not identify with any religious group or faith,Urban
El Salvador,Male,65+,I do not identify with any religious group or faith,Urban
El Salvador,Male,36-45,I do not identify with any religious group or faith,Urban
El Salvador,Female,18-25,Christianity,Urban
El Salvador,Female,26-35,I do not identify with any religious group or faith,Urban
El Salvador,Female,56-65,Christianity,Urban
El Salvador,Male,18-25,Christianity,Urban
El Salvador,Female,46-55,Christianity,Urban
El Salvador,Female,56-65,Christianity,Urban
El Salvador,Female,18-25,Christianity,Urban
El Salvador,Female,36-45,Christianity,Urban
El Salvador,Male,56-65,Christianity,Urban
El Salvador,Female,36-45,Christianity,Urban
El Salvador,Male,26-35,I do not identify with any religious group or faith,Urban
El Salvador,Female,65+,I do not identify with any religious group or faith,Urban
El Salvador,Male,46-55,Christianity,Urban
El Salvador,Female,36-45,Christianity,Urban
El Salvador,Male,18-25,Christianity,Urban
El Salvador,Male,46-55,Christianity,Urban
El Salvador,Female,56-65,Christianity,Urban
El Salvador,Female,18-25,Christianity,Urban
El Salvador,Female,46-55,Christianity,Urban
El Salvador,Female,18-25,Christianity,Urban
El Salvador,Female,56-65,Christianity,Urban
El Salvador,Female,26-35,Christianity,Urban
El Salvador,Male,18-25,Christianity,Urban
El Salvador,Male,65+,Christianity,Urban
El Salvador,Male,26-35,Christianity,Urban
El Salvador,Female,56-65,I do not identify with any religious group or faith,Urban
El Salvador,Male,18-25,Christianity,Urban
El Salvador,Male,65+,I do not identify with any religious group or faith,Urban
El Salvador,Male,36-45,I do not identify with any religious group or faith,Urban
El Salvador,Female,18-25,I do not identify with any religious group or faith,Urban
El Salvador,Female,18-25,I do not identify with any religious group or faith,Urban
El Salvador,Male,26-35,I do not identify with any religious group or faith,Urban
El Salvador,Female,26-35,Christianity,Urban
El Salvador,Female,46-55,Christianity,Urban
El Salvador,Male,65+,Christianity,Urban
El Salvador,Female,36-45,Christianity,Urban
El Salvador,Male,65+,I do not identify with any religious group or faith,Urban
El Salvador,Female,18-25,I do not identify with any religious group or faith,Urban
El Salvador,Male,18-25,I do not identify with any religious group or faith,Urban
El Salvador,Female,56-65,Christianity,Urban
El Salvador,Female,46-55,Christianity,Urban
El Salvador,Female,36-45,Christianity,Urban
El Salvador,Female,56-65,Christianity,Urban
El Salvador,Male,46-55,I do not identify with any religious group or faith,Urban
El Salvador,Female,26-35,Christianity,Urban
El Salvador,Male,56-65,Christianity,Urban
El Salvador,Female,56-65,Christianity,Urban
El Salvador,Male,18-25,Christianity,Urban
El Salvador,Male,46-55,Christianity,Urban
El Salvador,Male,65+,I do not identify with any religious group or faith,Urban
El Salvador,Male,36-45,Christianity,Urban
El Salvador,Male,26-35,I do not identify with any religious group or faith,Urban
El Salvador,Male,26-35,Christianity,Urban
El Salvador,Female,56-65,Christianity,Urban
El Salvador,Male,26-35,I do not identify with any religious group or faith,Urban
El Salvador,Female,46-55,Christianity,Urban
El Salvador,Female,56-65,Christianity,Urban
El Salvador,Female,18-25,I do not identify with any religious group or faith,Urban
El Salvador,Male,26-35,I do not identify with any religious group or faith,Urban
El Salvador,Female,26-35,Christianity,Urban
El Salvador,Female,36-45,Christianity,Urban
El Salvador,Female,36-45,Christianity,Urban
El Salvador,Male,26-35,Christianity,Urban
El Salvador,Female,18-25,Christianity,Urban
El Salvador,Male,56-65,I do not identify with any religious group or faith,Urban
El Salvador,Male,18-25,Christianity,Urban
El Salvador,Female,18-25,I do not identify with any religious group or faith,Urban
El Salvador,Male,36-45,Christianity,Urban
El Salvador,Female,46-55,I do not identify with any religious group or faith,Urban
El Salvador,Female,65+,Christianity,Urban
El Salvador,Male,65+,Christianity,Urban
El Salvador,Male,36-45,I do not identify with any religious group or faith,Urban
El Salvador,Male,18-25,Christianity,Urban
El Salvador,Male,46-55,Christianity,Urban
El Salvador,Female,36-45,Christianity,Urban
El Salvador,Male,36-45,Christianity,Urban
El Salvador,Male,36-45,Christianity,Urban
El Salvador,Female,46-55,Christianity,Urban
El Salvador,Female,18-25,,Urban
El Salvador,Female,26-35,Christianity,Urban
El Salvador,Female,56-65,Christianity,Urban
El Salvador,Male,36-45,Christianity,Urban
El Salvador,Female,36-45,Christianity,Urban
El Salvador,Female,36-45,Christianity,Urban
El Salvador,Male,36-45,Christianity,Urban
El Salvador,Female,36-45,Christianity,Urban
El Salvador,Female,26-35,I do not identify with any religious group or faith,Urban
El Salvador,Male,18-25,Christianity,Urban
El Salvador,Female,56-65,Christianity,Urban
El Salvador,Female,26-35,Christianity,Urban
El Salvador,Female,36-45,Christianity,Urban
El Salvador,Female,18-25,I do not identify with any religious group or faith,Urban
El Salvador,Female,18-25,I do not identify with any religious group or faith,Urban
El Salvador,Male,46-55,I do not identify with any religious group or faith,Urban
El Salvador,Female,36-45,Christianity,Urban
El Salvador,Female,56-65,,Urban
El Salvador,Female,46-55,I do not identify with any religious group or faith,Urban
El Salvador,Male,26-35,I do not identify with any religious group or faith,Urban
El Salvador,Female,18-25,Christianity,Urban
El Salvador,Male,46-55,Christianity,Urban
El Salvador,Female,36-45,Christianity,Urban
El Salvador,Male,56-65,Christianity,Urban
El Salvador,Female,26-35,Christianity,Urban
El Salvador,Female,65+,Christianity,Urban
El Salvador,Male,36-45,I do not identify with any religious group or faith,Urban
El Salvador,Female,46-55,Christianity,Urban
El Salvador,Female,18-25,Christianity,Urban
El Salvador,Male,18-25,Christianity,Urban
El Salvador,Male,26-35,Christianity,Urban
El Salvador,Female,36-45,Christianity,Urban
El Salvador,Female,26-35,Christianity,Urban
El Salvador,Female,65+,Christianity,Urban
El Salvador,Male,65+,Christianity,Urban
El Salvador,Male,56-65,Christianity,Urban
El Salvador,Male,18-25,Christianity,Urban
El Salvador,Male,46-55,Christianity,Urban
El Salvador,Male,56-65,Christianity,Urban
El Salvador,Female,18-25,Christianity,Urban
El Salvador,Female,36-45,Christianity,Urban
El Salvador,Male,18-25,Christianity,Urban
El Salvador,Female,46-55,Christianity,Urban
El Salvador,Female,18-25,Christianity,Urban
El Salvador,Female,46-55,Christianity,Urban
El Salvador,Male,46-55,Christianity,Urban
El Salvador,Male,26-35,Christianity,Urban
El Salvador,Female,26-35,Christianity,Urban
El Salvador,Female,56-65,Christianity,Urban
El Salvador,Male,18-25,Christianity,Urban
El Salvador,Male,18-25,Christianity,Urban
El Salvador,Male,18-25,I do not identify with any religious group or faith,Urban
El Salvador,Female,26-35,Christianity,Urban
El Salvador,Male,26-35,I do not identify with any religious group or faith,Urban
El Salvador,Male,36-45,Christianity,Urban
El Salvador,Male,26-35,I do not identify with any religious group or faith,Urban
El Salvador,Female,56-65,Christianity,Urban
El Salvador,Male,18-25,Christianity,Urban
El Salvador,Female,65+,Christianity,Urban
El Salvador,Female,36-45,Christianity,Urban
El Salvador,Female,26-35,Christianity,Urban
El Salvador,Female,46-55,Christianity,Urban
El Salvador,Female,46-55,Christianity,Urban
El Salvador,Male,56-65,Christianity,Urban
El Salvador,Female,18-25,Christianity,Urban
El Salvador,Male,56-65,Christianity,Urban
El Salvador,Female,36-45,Christianity,Urban
El Salvador,Female,46-55,Christianity,Urban
El Salvador,Female,65+,Christianity,Urban
El Salvador,Female,18-25,I do not identify with any religious group or faith,Urban
El Salvador,Female,26-35,I do not identify with any religious group or faith,Urban
El Salvador,Female,46-55,Christianity,Urban
El Salvador,Male,36-45,Christianity,Urban
El Salvador,Male,36-45,Christianity,Urban
El Salvador,Male,26-35,Christianity,Urban
El Salvador,Male,18-25,I do not identify with any religious group or faith,Urban
El Salvador,Female,36-45,Christianity,Urban
El Salvador,Male,46-55,Christianity,Urban
El Salvador,Female,46-55,Christianity,Urban
El Salvador,Male,65+,Christianity,Urban
El Salvador,Male,56-65,Christianity,Urban
El Salvador,Female,18-25,Christianity,Urban
El Salvador,Female,26-35,Christianity,Urban
El Salvador,Female,26-35,Christianity,Urban
El Salvador,Female,26-35,I do not identify with any religious group or faith,Urban
El Salvador,Male,46-55,Christianity,Urban
El Salvador,Female,18-25,I do not identify with any religious group or faith,Urban
El Salvador,Female,56-65,Christianity,Urban
El Salvador,Male,56-65,Christianity,Urban
El Salvador,Female,18-25,Christianity,Urban
El Salvador,Male,36-45,Christianity,Urban
El Salvador,Female,18-25,Christianity,Urban
El Salvador,Female,36-45,Christianity,Urban
El Salvador,Male,26-35,I do not identify with any religious group or faith,Urban
El Salvador,Female,36-45,Christianity,Urban
El Salvador,Male,18-25,Christianity,Urban
El Salvador,Female,46-55,Christianity,Urban
El Salvador,Male,46-55,Christianity,Urban
El Salvador,Female,65+,Christianity,Urban
El Salvador,Female,56-65,,Urban
El Salvador,Female,26-35,Christianity,Urban
El Salvador,Male,26-35,Christianity,Urban
El Salvador,Male,46-55,Christianity,Urban
El Salvador,Male,46-55,Christianity,Urban
El Salvador,Male,46-55,Christianity,Urban
El Salvador,Female,18-25,Christianity,Urban
El Salvador,Female,18-25,Christianity,Urban
El Salvador,Female,46-55,Christianity,Urban
El Salvador,Male,65+,I do not identify with any religious group or faith,Urban
El Salvador,Female,65+,Christianity,Urban
El Salvador,Male,46-55,Christianity,Urban
El Salvador,Female,46-55,Christianity,Urban
El Salvador,Female,26-35,Christianity,Urban
El Salvador,Male,26-35,I do not identify with any religious group or faith,Urban
El Salvador,Female,36-45,Christianity,Urban
El Salvador,Male,26-35,Christianity,Urban
El Salvador,Female,26-35,Christianity,Urban
El Salvador,Male,36-45,Christianity,Urban
El Salvador,Female,46-55,Christianity,Urban
El Salvador,Male,18-25,Christianity,Urban
El Salvador,Female,46-55,Christianity,Urban
El Salvador,Male,46-55,Christianity,Urban
El Salvador,Male,65+,Christianity,Urban
El Salvador,Female,18-25,Christianity,Urban
El Salvador,Male,26-35,I do not identify with any religious group or faith,Urban
El Salvador,Female,26-35,Christianity,Urban
El Salvador,Female,56-65,Christianity,Urban
El Salvador,Female,18-25,Christianity,Urban
El Salvador,Female,26-35,Christianity,Urban
El Salvador,Female,65+,Christianity,Urban
El Salvador,Male,18-25,Christianity,Urban
El Salvador,Male,56-65,Christianity,Urban
El Salvador,Female,26-35,Christianity,Urban
El Salvador,Male,26-35,Christianity,Urban
El Salvador,Female,18-25,I do not identify with any religious group or faith,Urban
El Salvador,Male,36-45,Christianity,Urban
El Salvador,Female,56-65,Christianity,Urban
El Salvador,Male,36-45,Christianity,Urban
El Salvador,Male,26-35,Christianity,Urban
El Salvador,Female,26-35,Christianity,Urban
El Salvador,Male,56-65,I do not identify with any religious group or faith,Urban
El Salvador,Female,65+,Christianity,Urban
El Salvador,Female,46-55,I do not identify with any religious group or faith,Urban
El Salvador,Female,46-55,Christianity,Urban
El Salvador,Male,56-65,Christianity,Urban
El Salvador,Female,18-25,Christianity,Urban
El Salvador,Female,46-55,Christianity,Urban
El Salvador,Female,65+,Christianity,Urban
El Salvador,Female,26-35,Christianity,Urban
El Salvador,Male,56-65,Christianity,Urban
El Salvador,Male,65+,Christianity,Urban
El Salvador,Male,46-55,Christianity,Urban
El Salvador,Female,36-45,Christianity,Urban
El Salvador,Female,36-45,Christianity,Urban
El Salvador,Male,65+,Christianity,Urban
El Salvador,Female,26-35,Christianity,Urban
El Salvador,Female,46-55,Christianity,Urban
El Salvador,Female,26-35,Christianity,Urban
El Salvador,Male,36-45,Christianity,Urban
El Salvador,Male,36-45,Christianity,Urban
El Salvador,Female,65+,Christianity,Urban
El Salvador,Female,46-55,Christianity,Urban
El Salvador,Male,18-25,I do not identify with any religious group or faith,Urban
El Salvador,Male,26-35,,Urban
El Salvador,Male,18-25,Christianity,Urban
El Salvador,Male,36-45,I do not identify with any religious group or faith,Urban
El Salvador,Female,26-35,I do not identify with any religious group or faith,Urban
El Salvador,Male,36-45,Christianity,Urban
El Salvador,Female,56-65,Christianity,Urban
El Salvador,Male,26-35,Christianity,Urban
El Salvador,Female,18-25,I do not identify with any religious group or faith,Urban
El Salvador,Male,36-45,Christianity,Urban
El Salvador,Female,36-45,I do not identify with any religious group or faith,Urban
El Salvador,Male,18-25,I do not identify with any religious group or faith,Urban
El Salvador,Female,56-65,Christianity,Urban
El Salvador,Male,65+,Christianity,Urban
El Salvador,Female,26-35,Christianity,Urban
El Salvador,Male,65+,Christianity,Urban
El Salvador,Male,26-35,I do not identify with any religious group or faith,Urban
El Salvador,Male,18-25,Christianity,Urban
El Salvador,Male,36-45,Christianity,Urban
El Salvador,Female,26-35,Christianity,Urban
El Salvador,Female,56-65,Christianity,Urban
El Salvador,Female,26-35,Christianity,Urban
El Salvador,Female,18-25,Christianity,Urban
El Salvador,Male,36-45,Christianity,Urban
El Salvador,Female,46-55,Christianity,Urban
El Salvador,Female,18-25,Christianity,Urban
El Salvador,Male,36-45,Christianity,Urban
El Salvador,Female,18-25,Christianity,Urban
El Salvador,Female,56-65,Christianity,Urban
El Salvador,Male,36-45,Christianity,Urban
El Salvador,Female,65+,Christianity,Urban
El Salvador,Male,36-45,I do not identify with any religious group or faith,Urban
El Salvador,Female,18-25,I do not identify with any religious group or faith,Urban
El Salvador,Female,36-45,Christianity,Urban
El Salvador,Male,56-65,Christianity,Urban
El Salvador,Female,18-25,Christianity,Urban
El Salvador,Male,36-45,Christianity,Urban
El Salvador,Female,36-45,Christianity,Urban
El Salvador,Female,46-55,Christianity,Urban
El Salvador,Female,56-65,Christianity,Urban
El Salvador,Male,18-25,Christianity,Urban
El Salvador,Male,36-45,Christianity,Urban
El Salvador,Male,56-65,I do not identify with any religious group or faith,Urban
El Salvador,Male,65+,Christianity,Urban
El Salvador,Female,36-45,I do not identify with any religious group or faith,Urban
El Salvador,Male,26-35,Christianity,Urban
El Salvador,Male,26-35,Christianity,Urban
El Salvador,Female,46-55,Christianity,Urban
El Salvador,Female,36-45,Christianity,Urban
El Salvador,Male,46-55,Christianity,Urban
El Salvador,Male,46-55,I do not identify with any religious group or faith,Urban
El Salvador,Female,26-35,Christianity,Urban
El Salvador,Female,36-45,Christianity,Urban
El Salvador,Female,18-25,I do not identify with any religious group or faith,Urban
El Salvador,Female,46-55,Christianity,Urban
El Salvador,Female,65+,Christianity,Urban
El Salvador,Female,46-55,Christianity,Urban
El Salvador,Male,18-25,Christianity,Urban
El Salvador,Male,56-65,Christianity,Urban
El Salvador,Male,46-55,I do not identify with any religious group or faith,Urban
El Salvador,Male,36-45,I do not identify with any religious group or faith,Urban
El Salvador,Male,56-65,Christianity,Urban
El Salvador,Female,26-35,Christianity,Urban
El Salvador,Female,46-55,I do not identify with any religious group or faith,Urban
El Salvador,Male,26-35,Christianity,Urban
El Salvador,Male,65+,I do not identify with any religious group or faith,Urban
El Salvador,Female,36-45,Christianity,Urban
El Salvador,Male,26-35,I do not identify with any religious group or faith,Urban
El Salvador,Female,56-65,Christianity,Urban
El Salvador,Male,26-35,Christianity,Urban
El Salvador,Male,18-25,Christianity,Urban
El Salvador,Male,46-55,I do not identify with any religious group or faith,Urban
El Salvador,Female,36-45,Christianity,Urban
El Salvador,Female,56-65,Christianity,Urban
El Salvador,Female,18-25,I do not identify with any religious group or faith,Urban
El Salvador,Female,36-45,Christianity,Urban
El Salvador,Female,36-45,Christianity,Urban
El Salvador,Male,36-45,Christianity,Urban
El Salvador,Female,18-25,Christianity,Urban
El Salvador,Male,65+,Christianity,Urban
El Salvador,Female,36-45,Christianity,Urban
El Salvador,Male,65+,Christianity,Urban
El Salvador,Female,36-45,Christianity,Urban
El Salvador,Female,36-45,I do not identify with any religious group or faith,Urban
El Salvador,Male,36-45,Christianity,Urban
El Salvador,Male,46-55,Christianity,Urban
El Salvador,Male,46-55,Christianity,Urban
El Salvador,Female,26-35,Christianity,Urban
El Salvador,Male,46-55,I do not identify with any religious group or faith,Urban
El Salvador,Female,18-25,Christianity,Urban
El Salvador,Female,18-25,Christianity,Urban
El Salvador,Male,56-65,Christianity,Urban
El Salvador,Female,56-65,Christianity,Urban
El Salvador,Female,36-45,Christianity,Urban
El Salvador,Female,26-35,Christianity,Urban
El Salvador,Male,26-35,Christianity,Urban
El Salvador,Female,65+,Christianity,Urban
El Salvador,Female,18-25,Christianity,Urban
El Salvador,Female,26-35,I do not identify with any religious group or faith,Urban
El Salvador,Female,56-65,Christianity,Urban
El Salvador,Female,26-35,I do not identify with any religious group or faith,Urban
El Salvador,Female,26-35,Christianity,Urban
El Salvador,Female,26-35,I do not identify with any religious group or faith,Urban
El Salvador,Female,36-45,Christianity,Urban
El Salvador,Male,56-65,Christianity,Urban
El Salvador,Male,26-35,I do not identify with any religious group or faith,Urban
El Salvador,Female,65+,Christianity,Urban
El Salvador,Male,36-45,Christianity,Urban
El Salvador,Male,18-25,Christianity,Urban
El Salvador,Female,18-25,Christianity,Urban
El Salvador,Male,65+,I do not identify with any religious group or faith,Urban
El Salvador,Male,56-65,I do not identify with any religious group or faith,Urban
El Salvador,Female,36-45,Christianity,Urban
El Salvador,Female,18-25,Christianity,Urban
El Salvador,Female,36-45,Christianity,Urban
Guatemala,Male,36-45,I do not identify with any religious group or faith,Urban
Guatemala,Male,26-35,I do not identify with any religious group or faith,Urban
Guatemala,Male,36-45,I do not identify with any religious group or faith,Urban
Guatemala,Female,36-45,I do not identify with any religious group or faith,Urban
Guatemala,Female,36-45,I do not identify with any religious group or faith,Urban
Guatemala,Female,56-65,Christianity,Urban
Guatemala,Female,18-25,Christianity,Urban
Guatemala,Male,18-25,I do not identify with any religious group or faith,Urban
Guatemala,Female,18-25,Christianity,Urban
Guatemala,Female,18-25,Christianity,Urban
Guatemala,Female,18-25,Christianity,Urban
Guatemala,Female,18-25,Christianity,Urban
Guatemala,Female,65+,Christianity,Urban
Guatemala,Male,18-25,Christianity,Urban
Guatemala,Female,36-45,Christianity,Urban
Guatemala,Male,46-55,Christianity,Urban
Guatemala,Male,18-25,Christianity,Urban
Guatemala,Female,56-65,Christianity,Urban
Guatemala,Male,56-65,Christianity,Urban
Guatemala,Male,26-35,Christianity,Urban
Guatemala,Female,56-65,Christianity,Urban
Guatemala,Male,18-25,Christianity,Urban
Guatemala,Female,26-35,Christianity,Urban
Guatemala,Male,36-45,I do not identify with any religious group or faith,Urban
Guatemala,Female,26-35,Christianity,Urban
Guatemala,Male,26-35,Christianity,Urban
Guatemala,Female,18-25,Christianity,Urban
Guatemala,Male,46-55,Christianity,Urban
Guatemala,Male,26-35,Christianity,Urban
Guatemala,Female,46-55,Christianity,Urban
Guatemala,Male,18-25,Christianity,Urban
Guatemala,Female,18-25,Christianity,Urban
Guatemala,Male,36-45,Christianity,Urban
Guatemala,Female,36-45,Christianity,Urban
Guatemala,Female,36-45,Christianity,Urban
Guatemala,Male,26-35,Christianity,Urban
Guatemala,Male,56-65,Christianity,Urban
Guatemala,Male,18-25,Christianity,Urban
Guatemala,Female,56-65,Christianity,Urban
Guatemala,Female,36-45,I do not identify with any religious group or faith,Urban
Guatemala,Male,36-45,I do not identify with any religious group or faith,Urban
Guatemala,Female,26-35,Christianity,Urban
Guatemala,Female,18-25,Christianity,Urban
Guatemala,Female,56-65,Christianity,Urban
Guatemala,Male,56-65,Christianity,Urban
Guatemala,Male,36-45,Christianity,Urban
Guatemala,Female,18-25,I do not identify with any religious group or faith,Urban
Guatemala,Female,56-65,Christianity,Urban
Guatemala,Male,26-35,Christianity,Urban
Guatemala,Male,18-25,Christianity,Urban
Guatemala,Female,36-45,I do not identify with any religious group or faith,Urban
Guatemala,Male,65+,Christianity,Urban
Guatemala,Female,18-25,I do not identify with any religious group or faith,Urban
Guatemala,Female,26-35,Christianity,Urban
Guatemala,Male,36-45,I do not identify with any religious group or faith,Urban
Guatemala,Female,56-65,I do not identify with any religious group or faith,Urban
Guatemala,Male,18-25,I do not identify with any religious group or faith,Urban
Guatemala,Male,18-25,I do not identify with any religious group or faith,Urban
Guatemala,Male,36-45,I do not identify with any religious group or faith,Urban
Guatemala,Female,36-45,Christianity,Urban
Guatemala,Male,26-35,Christianity,Urban
Guatemala,Male,36-45,Christianity,Urban
Guatemala,Male,18-25,Christianity,Urban
Guatemala,Female,56-65,Christianity,Urban
Guatemala,Female,65+,Christianity,Urban
Guatemala,Female,18-25,Christianity,Urban
Guatemala,Male,65+,Christianity,Urban
Guatemala,Female,56-65,Christianity,Urban
Guatemala,Male,46-55,Christianity,Urban
Guatemala,Female,26-35,Christianity,Urban
Guatemala,Male,46-55,Christianity,Urban
Guatemala,Female,18-25,Christianity,Urban
Guatemala,Female,36-45,I do not identify with any religious group or faith,Urban
Guatemala,Male,18-25,Christianity,Urban
Guatemala,Female,36-45,I do not identify with any religious group or faith,Urban
Guatemala,Female,36-45,Christianity,Urban
Guatemala,Male,26-35,Christianity,Urban
Guatemala,Male,36-45,Christianity,Urban
Guatemala,Female,18-25,Christianity,Urban
Guatemala,Male,56-65,Christianity,Urban
Guatemala,Female,46-55,Christianity,Urban
Guatemala,Male,36-45,I do not identify with any religious group or faith,Urban
Guatemala,Male,18-25,I do not identify with any religious group or faith,Urban
Guatemala,Female,18-25,Christianity,Urban
Guatemala,Female,46-55,I do not identify with any religious group or faith,Urban
Guatemala,Female,56-65,I do not identify with any religious group or faith,Urban
Guatemala,Female,18-25,I do not identify with any religious group or faith,Urban
Guatemala,Male,18-25,I do not identify with any religious group or faith,Urban
Guatemala,Female,36-45,Christianity,Urban
Guatemala,Female,26-35,Christianity,Urban
Guatemala,Male,18-25,I do not identify with any religious group or faith,Urban
Guatemala,Male,36-45,I do not identify with any religious group or faith,Urban
Guatemala,Male,18-25,Christianity,Urban
Guatemala,Female,26-35,Christianity,Urban
Guatemala,Male,26-35,,Urban
Guatemala,Female,18-25,I do not identify with any religious group or faith,Urban
Guatemala,Male,18-25,I do not identify with any religious group or faith,Urban
Guatemala,Male,36-45,Christianity,Urban
Guatemala,Female,18-25,Christianity,Urban
Guatemala,Female,18-25,Christianity,Urban
Guatemala,Male,36-45,I do not identify with any religious group or faith,Urban
Guatemala,Female,36-45,Christianity,Urban
Guatemala,Male,18-25,I do not identify with any religious group or faith,Urban
Guatemala,Female,18-25,I do not identify with any religious group or faith,Urban
Guatemala,Male,18-25,I do not identify with any religious group or faith,Urban
Guatemala,Female,36-45,Christianity,Urban
Guatemala,Male,26-35,I do not identify with any religious group or faith,Urban
Guatemala,Female,18-25,Christianity,Urban
Guatemala,Female,56-65,Christianity,Urban
Guatemala,Male,18-25,Christianity,Urban
Guatemala,Female,36-45,Christianity,Urban
Guatemala,Male,18-25,Christianity,Urban
Guatemala,Female,18-25,Christianity,Urban
Guatemala,Male,65+,Christianity,Urban
Guatemala,Male,46-55,Christianity,Urban
Guatemala,Female,18-25,Christianity,Urban
Guatemala,Male,36-45,Christianity,Urban
Guatemala,Female,26-35,Christianity,Urban
Guatemala,Female,36-45,Christianity,Urban
Guatemala,Male,36-45,Christianity,Urban
Guatemala,Male,26-35,Christianity,Urban
Guatemala,Male,56-65,Christianity,Urban
Guatemala,Female,46-55,Christianity,Urban
Guatemala,Female,18-25,Christianity,Urban
Guatemala,Male,18-25,Christianity,Urban
Guatemala,Female,56-65,Christianity,Urban
Guatemala,Female,36-45,Christianity,Urban
Guatemala,Female,26-35,Christianity,Urban
Guatemala,Female,46-55,Christianity,Urban
Guatemala,Male,18-25,I do not identify with any religious group or faith,Urban
Guatemala,Male,36-45,I do not identify with any religious group or faith,Urban
Guatemala,Female,36-45,Christianity,Urban
Guatemala,Male,36-45,I do not identify with any religious group or faith,Urban
Guatemala,Female,56-65,Christianity,Urban
Guatemala,Female,18-25,I do not identify with any religious group or faith,Urban
Guatemala,Male,26-35,I do not identify with any religious group or faith,Urban
Guatemala,Female,36-45,Christianity,Urban
Guatemala,Female,18-25,Christianity,Urban
Guatemala,Male,36-45,I do not identify with any religious group or faith,Urban
Guatemala,Male,18-25,I do not identify with any religious group or faith,Urban
Guatemala,Male,36-45,I do not identify with any religious group or faith,Urban
Guatemala,Male,26-35,I do not identify with any religious group or faith,Urban
Guatemala,Female,56-65,I do not identify with any religious group or faith,Urban
Guatemala,Male,26-35,I do not identify with any religious group or faith,Urban
Guatemala,Female,36-45,I do not identify with any religious group or faith,Urban
Guatemala,Male,56-65,I do not identify with any religious group or faith,Urban
Guatemala,Female,26-35,I do not identify with any religious group or faith,Urban
Guatemala,Female,18-25,Christianity,Urban
Guatemala,Female,36-45,Christianity,Urban
Guatemala,Male,18-25,Christianity,Urban
Guatemala,Male,36-45,I do not identify with any religious group or faith,Urban
Guatemala,Male,36-45,I do not identify with any religious group or faith,Urban
Guatemala,Male,18-25,I do not identify with any religious group or faith,Urban
Guatemala,Male,18-25,I do not identify with any religious group or faith,Urban
Guatemala,Female,56-65,I do not identify with any religious group or faith,Urban
Guatemala,Female,56-65,Christianity,Urban
Guatemala,Female,36-45,Christianity,Urban
Guatemala,Female,18-25,I do not identify with any religious group or faith,Urban
Guatemala,Female,26-35,I do not identify with any religious group or faith,Urban
Guatemala,Female,26-35,Christianity,Urban
Guatemala,Female,56-65,Christianity,Urban
Guatemala,Male,18-25,Christianity,Urban
Guatemala,Female,65+,Christianity,Urban
Guatemala,Male,46-55,Christianity,Urban
Guatemala,Male,36-45,Christianity,Urban
Guatemala,Female,18-25,Christianity,Urban
Guatemala,Male,18-25,Christianity,Urban
Guatemala,Female,18-25,Christianity,Urban
Guatemala,Female,36-45,I do not identify with any religious group or faith,Urban
Guatemala,Male,65+,Christianity,Urban
Guatemala,Female,36-45,Christianity,Urban
Guatemala,Male,18-25,Christianity,Urban
Guatemala,Female,18-25,Christianity,Urban
Guatemala,Male,26-35,I do not identify with any religious group or faith,Urban
Guatemala,Female,18-25,Christianity,Urban
Guatemala,Female,56-65,I do not identify with any religious group or faith,Urban
Guatemala,Female,46-55,Christianity,Urban
Guatemala,Male,46-55,Christianity,Urban
Guatemala,Female,36-45,Christianity,Urban
Guatemala,Male,26-35,Christianity,Urban
Guatemala,Female,26-35,Christianity,Urban
Guatemala,Female,65+,Christianity,Urban
Guatemala,Male,65+,Christianity,Urban
Guatemala,Male,46-55,Christianity,Urban
Guatemala,Male,18-25,Christianity,Urban
Guatemala,Male,26-35,Christianity,Urban
Guatemala,Female,46-55,Christianity,Urban
Guatemala,Male,18-25,Christianity,Urban
Guatemala,Female,18-25,Christianity,Urban
Guatemala,Female,26-35,Christianity,Urban
Guatemala,Male,65+,Christianity,Urban
Guatemala,Female,36-45,Christianity,Urban
Guatemala,Female,18-25,I do not identify with any religious group or faith,Urban
Guatemala,Male,18-25,Christianity,Urban
Guatemala,Female,46-55,Christianity,Urban
Guatemala,Female,36-45,Christianity,Urban
Guatemala,Female,56-65,Christianity,Urban
Guatemala,Female,18-25,Christianity,Urban
Guatemala,Male,36-45,Christianity,Urban
Guatemala,Male,26-35,I do not identify with any religious group or faith,Urban
Guatemala,Male,46-55,Christianity,Urban
Guatemala,Male,18-25,I do not identify with any religious group or faith,Urban
Guatemala,Male,36-45,Christianity,Urban
Guatemala,Female,36-45,Christianity,Urban
Guatemala,Male,26-35,I do not identify with any religious group or faith,Urban
Guatemala,Female,18-25,Christianity,Urban
Guatemala,Female,26-35,Christianity,Urban
Guatemala,Male,26-35,Christianity,Urban
Guatemala,Female,18-25,Christianity,Urban
Guatemala,Female,18-25,Christianity,Urban
Guatemala,Male,26-35,Christianity,Urban
Guatemala,Female,18-25,Christianity,Urban
Guatemala,Male,36-45,Christianity,Urban
Guatemala,Female,36-45,Christianity,Urban
Guatemala,Male,65+,Christianity,Urban
Guatemala,Male,18-25,I do not identify with any religious group or faith,Urban
Guatemala,Female,26-35,Christianity,Urban
Guatemala,Male,36-45,Christianity,Urban
Guatemala,Female,18-25,Christianity,Urban
Guatemala,Female,36-45,Christianity,Urban
Guatemala,Female,26-35,Christianity,Urban
Guatemala,Female,36-45,Christianity,Urban
Guatemala,Female,18-25,I do not identify with any religious group or faith,Urban
Guatemala,Female,56-65,Christianity,Urban
Guatemala,Female,36-45,Christianity,Urban
Guatemala,Male,18-25,Christianity,Urban
Guatemala,Female,18-25,Christianity,Urban
Guatemala,Female,26-35,Christianity,Urban
Guatemala,Male,46-55,Christianity,Urban
Guatemala,Male,18-25,Christianity,Urban
Guatemala,Female,56-65,Christianity,Urban
Guatemala,Female,26-35,I do not identify with any religious group or faith,Urban
Guatemala,Female,18-25,Christianity,Urban
Guatemala,Female,18-25,Christianity,Urban
Guatemala,Male,18-25,Christianity,Urban
Guatemala,Male,26-35,Christianity,Urban
Guatemala,Female,36-45,Christianity,Urban
Guatemala,Male,36-45,Christianity,Urban
Guatemala,Male,26-35,Christianity,Urban
Guatemala,Female,26-35,Christianity,Urban
Guatemala,Female,56-65,Christianity,Urban
Guatemala,Female,18-25,Christianity,Urban
Guatemala,Female,18-25,Christianity,Urban
Guatemala,Male,18-25,Christianity,Urban
Guatemala,Male,26-35,I do not identify with any religious group or faith,Urban
Guatemala,Male,65+,Christianity,Urban
Guatemala,Female,65+,Christianity,Urban
Guatemala,Female,26-35,Christianity,Urban
Guatemala,Male,18-25,Christianity,Urban
Guatemala,Female,18-25,Christianity,Urban
Guatemala,Female,36-45,Christianity,Urban
Guatemala,Female,26-35,Christianity,Urban
Guatemala,Female,18-25,Christianity,Urban
Guatemala,Female,56-65,I do not identify with any religious group or faith,Urban
Guatemala,Female,36-45,I do not identify with any religious group or faith,Urban
Guatemala,Male,36-45,I do not identify with any religious group or faith,Urban
Guatemala,Male,36-45,Christianity,Urban
Guatemala,Male,56-65,I do not identify with any religious group or faith,Urban
Guatemala,Female,18-25,Christianity,Urban
Guatemala,Male,18-25,I do not identify with any religious group or faith,Urban
Guatemala,Female,56-65,I do not identify with any religious group or faith,Urban
Guatemala,Male,56-65,Christianity,Urban
Guatemala,Male,36-45,I do not identify with any religious group or faith,Urban
Guatemala,Male,18-25,Christianity,Urban
Guatemala,Male,18-25,Christianity,Urban
Guatemala,Male,36-45,Christianity,Urban
Guatemala,Female,56-65,Christianity,Urban
Guatemala,Female,26-35,Christianity,Urban
Guatemala,Female,36-45,I do not identify with any religious group or faith,Urban
Guatemala,Female,18-25,Christianity,Urban
Guatemala,Female,36-45,Christianity,Urban
Guatemala,Male,18-25,I do not identify with any religious group or faith,Urban
Guatemala,Male,36-45,I do not identify with any religious group or faith,Urban
Guatemala,Male,36-45,Christianity,Urban
Guatemala,Female,65+,Christianity,Urban
Guatemala,Female,65+,Christianity,Urban
Guatemala,Male,46-55,Christianity,Urban
Guatemala,Male,26-35,Christianity,Urban
Guatemala,Male,65+,Christianity,Urban
Guatemala,Female,18-25,Christianity,Urban
Guatemala,Male,65+,Christianity,Urban
Guatemala,Male,26-35,Christianity,Urban
Guatemala,Female,36-45,Christianity,Urban
Guatemala,Female,26-35,Christianity,Urban
Guatemala,Female,46-55,Christianity,Urban
Guatemala,Female,56-65,I do not identify with any religious group or faith,Urban
Guatemala,Male,36-45,Christianity,Urban
Guatemala,Male,36-45,Christianity,Urban
Guatemala,Female,18-25,Christianity,Urban
Guatemala,Male,26-35,I do not identify with any religious group or faith,Urban
Guatemala,Female,46-55,Other religious group,Urban
Guatemala,Male,18-25,Christianity,Urban
Guatemala,Female,26-35,Christianity,Urban
Guatemala,Male,18-25,Christianity,Urban
Guatemala,Female,18-25,Christianity,Urban
Guatemala,Male,56-65,Christianity,Urban
Guatemala,Male,18-25,Christianity,Urban
Guatemala,Male,26-35,Christianity,Urban
Guatemala,Female,26-35,Christianity,Urban
Guatemala,Male,36-45,Christianity,Urban
Guatemala,Female,56-65,Christianity,Urban
Guatemala,Male,18-25,Christianity,Urban
Guatemala,Female,56-65,Christianity,Urban
Guatemala,Female,26-35,I do not identify with any religious group or faith,Urban
Guatemala,Female,56-65,Christianity,Urban
Guatemala,Female,18-25,I do not identify with any religious group or faith,Urban
Guatemala,Female,36-45,Judaism,Urban
Guatemala,Male,36-45,Christianity,Urban
Guatemala,Male,65+,Christianity,Urban
Guatemala,Male,26-35,I do not identify with any religious group or faith,Urban
Guatemala,Female,36-45,Christianity,Urban
Guatemala,Female,18-25,Christianity,Urban
Guatemala,Female,36-45,Christianity,Urban
Guatemala,Female,46-55,Christianity,Urban
Guatemala,Male,18-25,I do not identify with any religious group or faith,Urban
Guatemala,Female,36-45,Christianity,Urban
Guatemala,Female,18-25,Christianity,Urban
Guatemala,Female,18-25,I do not identify with any religious group or faith,Urban
Guatemala,Male,65+,I do not identify with any religious group or faith,Urban
Guatemala,Male,18-25,Christianity,Urban
Guatemala,Female,36-45,Christianity,Urban
Guatemala,Male,18-25,Christianity,Urban
Guatemala,Female,18-25,Christianity,Urban
Guatemala,Female,36-45,I do not identify with any religious group or faith,Urban
Guatemala,Male,36-45,I do not identify with any religious group or faith,Urban
Guatemala,Male,18-25,Christianity,Urban
Guatemala,Female,56-65,Christianity,Urban
Guatemala,Female,18-25,Christianity,Urban
Guatemala,Male,65+,I do not identify with any religious group or faith,Urban
Guatemala,Male,46-55,I do not identify with any religious group or faith,Urban
Guatemala,Female,26-35,Christianity,Urban
Guatemala,Male,65+,Christianity,Urban
Guatemala,Female,56-65,Christianity,Urban
Guatemala,Male,36-45,I do not identify with any religious group or faith,Urban
Guatemala,Female,36-45,Christianity,Urban
Guatemala,Female,18-25,Christianity,Urban
Guatemala,Male,18-25,I do not identify with any religious group or faith,Urban
Guatemala,Male,18-25,I do not identify with any religious group or faith,Urban
Guatemala,Male,46-55,Christianity,Urban
Guatemala,Female,56-65,Christianity,Urban
Guatemala,Male,65+,Christianity,Urban
Guatemala,Female,26-35,I do not identify with any religious group or faith,Urban
Guatemala,Female,36-45,Christianity,Urban
Guatemala,Female,26-35,Christianity,Urban
Guatemala,Female,26-35,Christianity,Urban
Guatemala,Female,26-35,,Urban
Guatemala,Male,26-35,I do not identify with any religious group or faith,Urban
Guatemala,Female,18-25,Christianity,Urban
Guatemala,Male,36-45,Christianity,Urban
Guatemala,Male,36-45,Christianity,Urban
Guatemala,Female,65+,Christianity,Urban
Guatemala,Male,18-25,I do not identify with any religious group or faith,Urban
Guatemala,Male,26-35,Christianity,Urban
Guatemala,Female,46-55,Christianity,Urban
Guatemala,Female,36-45,I do not identify with any religious group or faith,Urban
Guatemala,Male,18-25,I do not identify with any religious group or faith,Urban
Guatemala,Female,36-45,Christianity,Urban
Guatemala,Male,26-35,I do not identify with any religious group or faith,Urban
Guatemala,Male,18-25,I do not identify with any religious group or faith,Urban
Guatemala,Female,18-25,Christianity,Urban
Guatemala,Female,26-35,Christianity,Urban
Guatemala,Male,18-25,Christianity,Urban
Guatemala,Female,56-65,Christianity,Urban
Guatemala,Male,36-45,Christianity,Urban
Guatemala,Female,65+,Christianity,Urban
Guatemala,Female,46-55,Christianity,Urban
Guatemala,Male,26-35,Christianity,Urban
Guatemala,Male,26-35,Christianity,Urban
Guatemala,Female,36-45,Christianity,Urban
Guatemala,Male,46-55,I do not identify with any religious group or faith,Urban
Guatemala,Female,18-25,Christianity,Urban
Guatemala,Female,18-25,I do not identify with any religious group or faith,Urban
Guatemala,Male,36-45,Christianity,Urban
Guatemala,Female,18-25,Christianity,Urban
Guatemala,Male,46-55,Christianity,Urban
Guatemala,Female,36-45,Christianity,Urban
Guatemala,Female,26-35,I do not identify with any religious group or faith,Urban
Guatemala,Male,18-25,I do not identify with any religious group or faith,Urban
Guatemala,Male,36-45,Christianity,Urban
Guatemala,Female,56-65,Christianity,Urban
Guatemala,Male,36-45,Christianity,Urban
Guatemala,Female,56-65,Christianity,Urban
Guatemala,Female,26-35,Christianity,Urban
Guatemala,Female,18-25,Christianity,Urban
Guatemala,Male,26-35,Christianity,Urban
Guatemala,Female,18-25,Christianity,Urban
Guatemala,Male,26-35,I do not identify with any religious group or faith,Urban
Guatemala,Female,56-65,Christianity,Urban
Guatemala,Female,36-45,Christianity,Urban
Guatemala,Male,18-25,,Urban
Guatemala,Male,36-45,Christianity,Urban
Guatemala,Female,18-25,Christianity,Urban
Guatemala,Male,26-35,Christianity,Urban
Guatemala,Male,56-65,Christianity,Urban
Guatemala,Female,18-25,Christianity,Urban
Guatemala,Female,56-65,Christianity,Urban
Guatemala,Female,18-25,I do not identify with any religious group or faith,Urban
Guatemala,Male,18-25,Christianity,Urban
Guatemala,Female,26-35,Christianity,Urban
Guatemala,Female,26-35,Christianity,Urban
Guatemala,Female,18-25,Christianity,Urban
Guatemala,Female,18-25,Christianity,Urban
Guatemala,Male,46-55,Christianity,Urban
Guatemala,Male,65+,Judaism,Urban
Guatemala,Female,18-25,Christianity,Urban
Guatemala,Male,36-45,,Urban
Guatemala,Male,46-55,Christianity,Urban
Guatemala,Female,56-65,Christianity,Urban
Guatemala,Female,46-55,,Urban
Guatemala,Male,46-55,Christianity,Urban
Guatemala,Female,26-35,Christianity,Urban
Guatemala,Female,18-25,Christianity,Urban
Guatemala,Female,46-55,Christianity,Urban
Guatemala,Female,18-25,Christianity,Urban
Guatemala,Male,18-25,Christianity,Urban
Guatemala,Male,56-65,Christianity,Urban
Guatemala,Male,26-35,Christianity,Urban
Guatemala,Female,36-45,Christianity,Urban
Guatemala,Male,46-55,Christianity,Urban
Guatemala,Male,18-25,Christianity,Urban
Guatemala,Female,18-25,Christianity,Urban
Guatemala,Male,18-25,Christianity,Urban
Guatemala,Male,26-35,Christianity,Urban
Guatemala,Female,18-25,Christianity,Urban
Guatemala,Female,36-45,Christianity,Urban
Guatemala,Female,46-55,Christianity,Urban
Guatemala,Female,26-35,Christianity,Urban
Guatemala,Female,18-25,Christianity,Urban
Guatemala,Male,18-25,Christianity,Urban
Guatemala,Male,46-55,Christianity,Urban
Guatemala,Female,26-35,Christianity,Urban
Guatemala,Female,36-45,Christianity,Urban
Guatemala,Female,36-45,Christianity,Urban
Guatemala,Female,18-25,Christianity,Urban
Guatemala,Male,46-55,Christianity,Urban
Guatemala,Female,36-45,Christianity,Urban
Guatemala,Female,56-65,Christianity,Urban
Guatemala,Male,18-25,Christianity,Urban
Guatemala,Male,46-55,Christianity,Urban
Guatemala,Male,26-35,I do not identify with any religious group or faith,Urban
Guatemala,Male,18-25,Christianity,Urban
Guatemala,Male,65+,Christianity,Urban
Guatemala,Female,36-45,Christianity,Urban
Guatemala,Female,26-35,Christianity,Urban
Guatemala,Male,26-35,Christianity,Urban
Guatemala,Male,36-45,Christianity,Urban
Guatemala,Female,46-55,Christianity,Urban
Guatemala,Male,18-25,Christianity,Urban
Guatemala,Female,18-25,Christianity,Urban
Guatemala,Female,18-25,Christianity,Urban
Guatemala,Male,36-45,Christianity,Urban
Guatemala,Female,26-35,Christianity,Urban
Guatemala,Male,36-45,Christianity,Urban
Guatemala,Male,36-45,Christianity,Urban
Guatemala,Male,18-25,Christianity,Urban
Guatemala,Female,26-35,Christianity,Urban
Guatemala,Male,18-25,Christianity,Urban
Guatemala,Female,26-35,Christianity,Urban
Guatemala,Female,26-35,Christianity,Urban
Guatemala,Male,26-35,Christianity,Urban
Guatemala,Female,26-35,Christianity,Urban
Guatemala,Male,26-35,Christianity,Urban
Guatemala,Female,26-35,Christianity,Urban
Guatemala,Male,18-25,Christianity,Urban
Guatemala,Female,26-35,Christianity,Urban
Guatemala,Female,26-35,Christianity,Urban
Guatemala,Female,36-45,Christianity,Urban
Guatemala,Male,46-55,Christianity,Urban
Guatemala,Female,18-25,Christianity,Urban
Guatemala,Male,46-55,Christianity,Urban
Guatemala,Male,18-25,Christianity,Urban
Guatemala,Female,36-45,Christianity,Urban
Guatemala,Female,18-25,Christianity,Urban
Guatemala,Female,18-25,Christianity,Urban
Guatemala,Male,36-45,Christianity,Urban
Guatemala,Male,18-25,Christianity,Urban
Guatemala,Female,26-35,Christianity,Urban
Guatemala,Female,46-55,Christianity,Urban
Guatemala,Male,26-35,Christianity,Urban
Guatemala,Male,26-35,Christianity,Urban
Guatemala,Male,36-45,Christianity,Urban
Guatemala,Female,26-35,Christianity,Urban
Guatemala,Female,36-45,Christianity,Urban
Guatemala,Female,18-25,Christianity,Urban
Guatemala,Male,26-35,Christianity,Urban
Guatemala,Female,18-25,Christianity,Urban
Guatemala,Male,56-65,Christianity,Urban
Guatemala,Male,36-45,Christianity,Urban
Guatemala,Female,18-25,Christianity,Urban
Guatemala,Male,46-55,Christianity,Urban
Guatemala,Female,56-65,Christianity,Urban
Guatemala,Male,36-45,Christianity,Urban
Guatemala,Male,56-65,Christianity,Urban
Guatemala,Male,18-25,Christianity,Urban
Guatemala,Male,65+,I do not identify with any religious group or faith,Urban
Guatemala,Female,18-25,Christianity,Urban
Guatemala,Female,36-45,Christianity,Urban
Guatemala,Female,26-35,Christianity,Urban
Guatemala,Female,26-35,Christianity,Urban
Guatemala,Male,26-35,Christianity,Urban
Guatemala,Female,18-25,Christianity,Urban
Guatemala,Male,56-65,,Urban
Guatemala,Male,36-45,Christianity,Urban
Guatemala,Female,36-45,Christianity,Urban
Guatemala,Female,46-55,I do not identify with any religious group or faith,Urban
Guatemala,Male,18-25,Christianity,Urban
Guatemala,Female,46-55,Christianity,Urban
Guatemala,Female,46-55,Christianity,Urban
Guatemala,Male,18-25,Christianity,Urban
Guatemala,Male,18-25,Christianity,Urban
Guatemala,Male,18-25,Christianity,Urban
Guatemala,Female,36-45,Christianity,Urban
Guatemala,Male,65+,Christianity,Urban
Guatemala,Male,26-35,Other religious group,Urban
Guatemala,Male,36-45,Christianity,Urban
Guatemala,Female,18-25,Christianity,Urban
Guatemala,Male,26-35,Christianity,Urban
Guatemala,Female,26-35,Christianity,Urban
Guatemala,Male,18-25,I do not identify with any religious group or faith,Urban
Guatemala,Male,26-35,Christianity,Urban
Guatemala,Male,36-45,Christianity,Urban
Guatemala,Female,18-25,Christianity,Urban
Guatemala,Female,18-25,Christianity,Urban
Guatemala,Male,26-35,Christianity,Urban
Guatemala,Female,36-45,Christianity,Urban
Guatemala,Female,36-45,Christianity,Urban
Guatemala,Male,65+,Christianity,Urban
Guatemala,Male,56-65,Christianity,Urban
Guatemala,Female,26-35,Christianity,Urban
Guatemala,Male,18-25,Christianity,Urban
Guatemala,Male,18-25,Christianity,Urban
Guatemala,Female,36-45,Christianity,Urban
Guatemala,Female,18-25,Christianity,Urban
Guatemala,Female,26-35,Christianity,Urban
Guatemala,Male,36-45,Christianity,Urban
Guatemala,Male,46-55,Christianity,Urban
Guatemala,Male,46-55,Christianity,Urban
Guatemala,Male,36-45,Christianity,Urban
Guatemala,Female,18-25,Christianity,Urban
Guatemala,Female,26-35,Christianity,Urban
Guatemala,Female,36-45,Christianity,Urban
Guatemala,Female,46-55,Christianity,Urban
Guatemala,Male,18-25,Christianity,Urban
Guatemala,Female,46-55,Christianity,Urban
Guatemala,Male,26-35,Christianity,Urban
Guatemala,Female,18-25,Christianity,Urban
Guatemala,Male,56-65,Christianity,Urban
Guatemala,Female,56-65,I do not identify with any religious group or faith,Urban
Guatemala,Male,36-45,Christianity,Urban
Guatemala,Male,18-25,Christianity,Urban
Guatemala,Male,18-25,Christianity,Urban
Guatemala,Female,26-35,Christianity,Urban
Guatemala,Female,18-25,Christianity,Urban
Guatemala,Female,36-45,Christianity,Urban
Guatemala,Male,65+,Christianity,Urban
Guatemala,Male,36-45,Christianity,Urban
Guatemala,Female,18-25,Christianity,Urban
Guatemala,Male,26-35,Christianity,Urban
Guatemala,Male,36-45,Christianity,Urban
Guatemala,Female,26-35,Christianity,Urban
Guatemala,Female,36-45,Christianity,Urban
Guatemala,Male,65+,Christianity,Urban
Guatemala,Male,18-25,Christianity,Urban
Guatemala,Female,46-55,Christianity,Urban
Guatemala,Male,36-45,Christianity,Urban
Guatemala,Male,46-55,Christianity,Urban
Guatemala,Male,56-65,I do not identify with any religious group or faith,Urban
Guatemala,Female,18-25,Christianity,Urban
Guatemala,Female,26-35,Christianity,Urban
Guatemala,Female,18-25,Christianity,Urban
Guatemala,Female,56-65,Christianity,Urban
Guatemala,Female,26-35,Christianity,Urban
Guatemala,Female,18-25,Christianity,Urban
Guatemala,Male,18-25,Christianity,Urban
Guatemala,Male,46-55,Christianity,Urban
Guatemala,Female,18-25,Christianity,Urban
Guatemala,Male,36-45,I do not identify with any religious group or faith,Urban
Guatemala,Male,56-65,Christianity,Urban
Guatemala,Female,46-55,Christianity,Urban
Guatemala,Male,26-35,I do not identify with any religious group or faith,Urban
Guatemala,Female,18-25,Christianity,Urban
Guatemala,Female,18-25,Christianity,Urban
Guatemala,Male,46-55,I do not identify with any religious group or faith,Urban
Guatemala,Female,36-45,Christianity,Urban
Guatemala,Female,26-35,Christianity,Urban
Guatemala,Female,36-45,Christianity,Urban
Guatemala,Male,36-45,I do not identify with any religious group or faith,Urban
Guatemala,Male,46-55,Christianity,Urban
Guatemala,Male,18-25,Christianity,Urban
Guatemala,Male,56-65,Christianity,Urban
Guatemala,Female,56-65,Christianity,Urban
Guatemala,Female,26-35,Christianity,Urban
Guatemala,Female,36-45,Christianity,Urban
Guatemala,Male,18-25,I do not identify with any religious group or faith,Urban
Guatemala,Male,18-25,Christianity,Urban
Guatemala,Male,36-45,I do not identify with any religious group or faith,Urban
Guatemala,Female,26-35,Christianity,Urban
Guatemala,Female,18-25,I do not identify with any religious group or faith,Urban
Guatemala,Male,26-35,Christianity,Urban
Guatemala,Male,36-45,I do not identify with any religious group or faith,Urban
Guatemala,Female,36-45,Christianity,Urban
Guatemala,Male,36-45,Christianity,Urban
Guatemala,Male,65+,Christianity,Urban
Guatemala,Female,26-35,Christianity,Urban
Guatemala,Female,46-55,Christianity,Urban
Guatemala,Male,18-25,Christianity,Urban
Guatemala,Female,56-65,Christianity,Urban
Guatemala,Female,36-45,Christianity,Urban
Guatemala,Male,18-25,Christianity,Urban
Guatemala,Male,46-55,I do not identify with any religious group or faith,Urban
Guatemala,Male,26-35,Christianity,Urban
Guatemala,Female,36-45,Christianity,Urban
Guatemala,Female,26-35,I do not identify with any religious group or faith,Urban
Guatemala,Male,36-45,Christianity,Urban
Guatemala,Female,18-25,Christianity,Urban
Guatemala,Male,26-35,Christianity,Urban
Guatemala,Male,46-55,I do not identify with any religious group or faith,Urban
Guatemala,Female,26-35,I do not identify with any religious group or faith,Urban
Guatemala,Male,36-45,,Urban
Guatemala,Female,36-45,,Urban
Guatemala,Male,46-55,Christianity,Urban
Guatemala,Female,36-45,Christianity,Urban
Guatemala,Female,46-55,Christianity,Urban
Guatemala,Female,26-35,Christianity,Urban
Guatemala,Male,65+,Christianity,Urban
Guatemala,Female,26-35,Christianity,Urban
Guatemala,Male,18-25,Christianity,Urban
Guatemala,Male,46-55,Christianity,Urban
Guatemala,Female,26-35,Christianity,Urban
Guatemala,Male,46-55,Christianity,Urban
Guatemala,Female,46-55,Christianity,Urban
Guatemala,Male,56-65,Christianity,Urban
Guatemala,Male,36-45,Christianity,Urban
Guatemala,Female,26-35,Christianity,Urban
Guatemala,Male,65+,Christianity,Urban
Guatemala,Male,46-55,Christianity,Urban
Guatemala,Female,36-45,Christianity,Urban
Guatemala,Male,18-25,Christianity,Urban
Guatemala,Female,36-45,Christianity,Urban
Guatemala,Female,26-35,Christianity,Urban
Guatemala,Female,26-35,Christianity,Urban
Guatemala,Female,18-25,Christianity,Urban
Guatemala,Female,18-25,Christianity,Urban
Guatemala,Female,26-35,Christianity,Urban
Guatemala,Male,26-35,,Urban
Guatemala,Female,26-35,Christianity,Urban
Guatemala,Male,36-45,I do not identify with any religious group or faith,Urban
Guatemala,Male,18-25,Christianity,Urban
Guatemala,Male,46-55,Christianity,Urban
Guatemala,Female,18-25,Christianity,Urban
Guatemala,Male,36-45,Christianity,Urban
Guatemala,Male,26-35,Christianity,Urban
Guatemala,Female,36-45,Christianity,Urban
Guatemala,Male,65+,Christianity,Urban
Guatemala,Female,26-35,I do not identify with any religious group or faith,Urban
Guatemala,Male,26-35,Christianity,Urban
Guatemala,Female,18-25,Christianity,Urban
Guatemala,Female,26-35,Christianity,Urban
Guatemala,Female,65+,Christianity,Urban
Guatemala,Male,18-25,Christianity,Urban
Guatemala,Female,26-35,Christianity,Urban
Guatemala,Female,18-25,Christianity,Urban
Guatemala,Female,18-25,I do not identify with any religious group or faith,Urban
Guatemala,Female,46-55,Christianity,Urban
Guatemala,Male,18-25,Christianity,Urban
Guatemala,Male,18-25,Christianity,Urban
Guatemala,Male,36-45,I do not identify with any religious group or faith,Urban
Guatemala,Male,36-45,I do not identify with any religious group or faith,Urban
Guatemala,Female,36-45,Christianity,Urban
Guatemala,Male,46-55,I do not identify with any religious group or faith,Urban
Guatemala,Female,18-25,I do not identify with any religious group or faith,Urban
Guatemala,Female,18-25,Christianity,Urban
Guatemala,Male,65+,I do not identify with any religious group or faith,Urban
Guatemala,Male,46-55,Christianity,Urban
Guatemala,Female,36-45,Christianity,Urban
Guatemala,Male,56-65,I do not identify with any religious group or faith,Urban
Guatemala,Male,26-35,Christianity,Urban
Guatemala,Male,36-45,Christianity,Urban
Guatemala,Male,18-25,I do not identify with any religious group or faith,Urban
Guatemala,Male,26-35,Christianity,Urban
Guatemala,Male,36-45,Christianity,Urban
Guatemala,Female,56-65,Christianity,Urban
Guatemala,Male,56-65,Christianity,Urban
Guatemala,Male,18-25,I do not identify with any religious group or faith,Urban
Guatemala,Male,36-45,Christianity,Urban
Guatemala,Male,56-65,Christianity,Urban
Guatemala,Female,56-65,Christianity,Urban
Guatemala,Female,36-45,Christianity,Urban
Guatemala,Female,36-45,Christianity,Urban
Guatemala,Male,18-25,Christianity,Urban
Guatemala,Female,36-45,Christianity,Urban
Guatemala,Male,46-55,I do not identify with any religious group or faith,Urban
Guatemala,Female,36-45,Christianity,Urban
Guatemala,Female,65+,Christianity,Urban
Guatemala,Female,18-25,I do not identify with any religious group or faith,Urban
Guatemala,Male,36-45,Christianity,Urban
Guatemala,Female,56-65,I do not identify with any religious group or faith,Urban
Guatemala,Male,36-45,Christianity,Urban
Guatemala,Male,46-55,I do not identify with any religious group or faith,Urban
Guatemala,Male,36-45,I do not identify with any religious group or faith,Urban
Guatemala,Female,46-55,Christianity,Urban
Guatemala,Male,18-25,Christianity,Urban
Guatemala,Male,18-25,I do not identify with any religious group or faith,Urban
Guatemala,Female,26-35,Christianity,Urban
Guatemala,Female,46-55,Christianity,Urban
Guatemala,Male,46-55,I do not identify with any religious group or faith,Urban
Guatemala,Male,18-25,Christianity,Urban
Guatemala,Female,26-35,Christianity,Urban
Guatemala,Female,18-25,Christianity,Urban
Guatemala,Female,36-45,Christianity,Urban
Guatemala,Male,65+,Christianity,Urban
Guatemala,Female,46-55,Christianity,Urban
Guatemala,Male,46-55,Christianity,Urban
Guatemala,Male,65+,Christianity,Urban
Guatemala,Female,46-55,Christianity,Urban
Guatemala,Male,26-35,Christianity,Urban
Guatemala,Female,36-45,Christianity,Urban
Guatemala,Male,26-35,Christianity,Urban
Guatemala,Female,36-45,Christianity,Urban
Guatemala,Female,36-45,Christianity,Urban
Guatemala,Male,36-45,I do not identify with any religious group or faith,Urban
Guatemala,Female,56-65,Christianity,Urban
Guatemala,Male,18-25,Christianity,Urban
Guatemala,Male,56-65,Christianity,Urban
Guatemala,Female,56-65,Christianity,Urban
Guatemala,Male,36-45,Christianity,Urban
Guatemala,Female,46-55,Christianity,Urban
Guatemala,Female,36-45,Christianity,Urban
Guatemala,Female,26-35,Christianity,Urban
Guatemala,Female,26-35,Christianity,Urban
Guatemala,Female,26-35,Christianity,Urban
Guatemala,Female,46-55,Christianity,Urban
Guatemala,Male,46-55,Christianity,Urban
Guatemala,Male,36-45,Christianity,Urban
Guatemala,Male,18-25,I do not identify with any religious group or faith,Urban
Guatemala,Male,46-55,Christianity,Urban
Guatemala,Female,18-25,Christianity,Urban
Guatemala,Female,18-25,Christianity,Urban
Guatemala,Male,18-25,Christianity,Urban
Guatemala,Female,26-35,Christianity,Urban
Guatemala,Male,56-65,Christianity,Urban
Guatemala,Female,26-35,Christianity,Urban
Guatemala,Female,26-35,Christianity,Urban
Guatemala,Male,36-45,Christianity,Urban
Guatemala,Female,36-45,Christianity,Urban
Guatemala,Female,18-25,Christianity,Urban
Guatemala,Female,46-55,Christianity,Urban
Guatemala,Male,26-35,Christianity,Urban
Guatemala,Male,18-25,I do not identify with any religious group or faith,Urban
Guatemala,Male,18-25,Christianity,Urban
Guatemala,Male,26-35,Christianity,Urban
Guatemala,Female,65+,Christianity,Urban
Guatemala,Female,18-25,Christianity,Urban
Guatemala,Male,56-65,Christianity,Urban
Guatemala,Male,46-55,Christianity,Urban
Guatemala,Female,36-45,I do not identify with any religious group or faith,Urban
Guatemala,Male,56-65,Christianity,Urban
Guatemala,Female,36-45,Christianity,Urban
Guatemala,Male,18-25,Christianity,Urban
Guatemala,Female,26-35,Christianity,Urban
Guatemala,Female,18-25,Christianity,Urban
Guatemala,Female,26-35,Christianity,Urban
Guatemala,Male,18-25,Christianity,Urban
Guatemala,Male,46-55,Christianity,Urban
Guatemala,Male,65+,Christianity,Urban
Guatemala,Male,36-45,Christianity,Urban
Guatemala,Female,46-55,Christianity,Urban
Guatemala,Female,26-35,Christianity,Urban
Guatemala,Female,18-25,Christianity,Urban
Guatemala,Male,36-45,Christianity,Urban
Guatemala,Male,36-45,Christianity,Urban
Guatemala,Female,18-25,Christianity,Urban
Guatemala,Male,26-35,Christianity,Urban
Guatemala,Female,36-45,Christianity,Urban
Guatemala,Female,65+,Christianity,Urban
Guatemala,Female,18-25,Christianity,Urban
Guatemala,Male,18-25,Christianity,Urban
Guatemala,Male,46-55,Christianity,Urban
Guatemala,Female,56-65,Christianity,Urban
Guatemala,Female,36-45,Christianity,Urban
Guatemala,Female,18-25,Christianity,Urban
Guatemala,Female,26-35,Christianity,Urban
Guatemala,Male,56-65,Christianity,Urban
Guatemala,Female,36-45,Christianity,Urban
Guatemala,Male,26-35,Christianity,Urban
Guatemala,Female,36-45,Christianity,Urban
Guatemala,Female,18-25,Christianity,Urban
Guatemala,Female,36-45,Christianity,Urban
Guatemala,Male,36-45,Christianity,Urban
Guatemala,Female,46-55,Christianity,Urban
Guatemala,Female,26-35,Christianity,Urban
Guatemala,Female,18-25,Christianity,Urban
Guatemala,Male,36-45,I do not identify with any religious group or faith,Urban
Guatemala,Female,18-25,Christianity,Urban
Guatemala,Female,46-55,Christianity,Urban
Guatemala,Male,56-65,Christianity,Urban
Guatemala,Female,36-45,I do not identify with any religious group or faith,Urban
Guatemala,Male,26-35,Christianity,Urban
Guatemala,Female,36-45,Christianity,Urban
Guatemala,Male,56-65,Christianity,Urban
Guatemala,Female,36-45,Christianity,Urban
Guatemala,Female,46-55,Christianity,Urban
Guatemala,Female,56-65,I do not identify with any religious group or faith,Urban
Guatemala,Male,18-25,I do not identify with any religious group or faith,Urban
Guatemala,Male,26-35,Christianity,Urban
Guatemala,Female,26-35,Christianity,Urban
Guatemala,Female,18-25,I do not identify with any religious group or faith,Urban
Guatemala,Male,36-45,I do not identify with any religious group or faith,Urban
Guatemala,Male,26-35,Christianity,Urban
Guatemala,Male,18-25,Christianity,Urban
Guatemala,Female,46-55,Christianity,Urban
Guatemala,Female,36-45,Christianity,Urban
Guatemala,Female,18-25,I do not identify with any religious group or faith,Urban
Guatemala,Male,36-45,I do not identify with any religious group or faith,Urban
Guatemala,Female,36-45,Christianity,Urban
Guatemala,Male,65+,Christianity,Urban
Guatemala,Male,56-65,Christianity,Urban
Guatemala,Female,26-35,Christianity,Urban
Guatemala,Male,18-25,I do not identify with any religious group or faith,Urban
Guatemala,Female,56-65,Christianity,Urban
Guatemala,Male,26-35,I do not identify with any religious group or faith,Urban
Guatemala,Male,26-35,I do not identify with any religious group or faith,Urban
Guatemala,Female,36-45,I do not identify with any religious group or faith,Urban
Guatemala,Male,18-25,I do not identify with any religious group or faith,Urban
Guatemala,Female,18-25,I do not identify with any religious group or faith,Urban
Guatemala,Female,26-35,Christianity,Urban
Guatemala,Male,36-45,Christianity,Urban
Guatemala,Female,36-45,I do not identify with any religious group or faith,Urban
Guatemala,Male,18-25,I do not identify with any religious group or faith,Urban
Guatemala,Female,36-45,I do not identify with any religious group or faith,Urban
Guatemala,Female,36-45,Christianity,Urban
Guatemala,Female,18-25,Christianity,Urban
Guatemala,Female,18-25,Christianity,Urban
Guatemala,Female,36-45,Christianity,Urban
Guatemala,Female,46-55,Judaism,Urban
Guatemala,Male,56-65,Christianity,Urban
Guatemala,Female,56-65,Christianity,Urban
Guatemala,Male,36-45,Christianity,Urban
Guatemala,Male,18-25,I do not identify with any religious group or faith,Urban
Guatemala,Male,36-45,Christianity,Urban
Guatemala,Male,18-25,Christianity,Urban
Guatemala,Male,18-25,Christianity,Urban
Guatemala,Female,18-25,Christianity,Urban
Guatemala,Male,18-25,Christianity,Urban
Guatemala,Female,56-65,Christianity,Urban
Guatemala,Female,26-35,Christianity,Urban
Guatemala,Female,18-25,Christianity,Urban
Guatemala,Male,18-25,Christianity,Urban
Guatemala,Male,26-35,I do not identify with any religious group or faith,Urban
Guatemala,Female,18-25,Christianity,Urban
Guatemala,Male,65+,Christianity,Urban
Guatemala,Female,65+,Christianity,Urban
Guatemala,Male,36-45,I do not identify with any religious group or faith,Urban
Guatemala,Female,46-55,Christianity,Urban
Guatemala,Female,46-55,Christianity,Urban
Guatemala,Female,18-25,Christianity,Urban
Guatemala,Female,46-55,Christianity,Urban
Guatemala,Male,26-35,I do not identify with any religious group or faith,Urban
Guatemala,Female,26-35,Christianity,Urban
Guatemala,Male,18-25,Christianity,Urban
Guatemala,Male,46-55,Christianity,Urban
Guatemala,Female,18-25,I do not identify with any religious group or faith,Urban
Guatemala,Male,65+,Christianity,Urban
Guatemala,Female,36-45,Christianity,Urban
Guatemala,Male,36-45,I do not identify with any religious group or faith,Urban
Guatemala,Female,18-25,I do not identify with any religious group or faith,Urban
Guatemala,Male,36-45,Christianity,Urban
Guatemala,Female,26-35,Christianity,Urban
Guatemala,Female,18-25,I do not identify with any religious group or faith,Urban
Guatemala,Male,36-45,Christianity,Urban
Guatemala,Female,26-35,Christianity,Urban
Guatemala,Male,26-35,Christianity,Urban
Guatemala,Female,26-35,Christianity,Urban
Guatemala,Male,46-55,Christianity,Urban
Guatemala,Female,56-65,Christianity,Urban
Guatemala,Female,18-25,Christianity,Urban
Guatemala,Female,36-45,Christianity,Urban
Guatemala,Male,46-55,Christianity,Urban
Guatemala,Male,18-25,Christianity,Urban
Guatemala,Female,56-65,Christianity,Urban
Guatemala,Male,26-35,Christianity,Urban
Guatemala,Female,26-35,I do not identify with any religious group or faith,Urban
Guatemala,Male,36-45,Christianity,Urban
Guatemala,Male,36-45,Christianity,Urban
Guatemala,Female,65+,Christianity,Urban
Guatemala,Female,26-35,Christianity,Urban
Guatemala,Female,46-55,Christianity,Urban
Guatemala,Female,26-35,Christianity,Urban
Guatemala,Male,26-35,Christianity,Urban
Guatemala,Male,65+,Christianity,Urban
Guatemala,Female,36-45,Christianity,Urban
Guatemala,Male,36-45,I do not identify with any religious group or faith,Urban
Guatemala,Female,56-65,Christianity,Urban
Guatemala,Male,26-35,Christianity,Urban
Guatemala,Female,18-25,Christianity,Urban
Guatemala,Male,18-25,Christianity,Urban
Guatemala,Male,26-35,Christianity,Urban
Guatemala,Female,36-45,Christianity,Urban
Guatemala,Female,36-45,Christianity,Urban
Guatemala,Male,36-45,,Urban
Guatemala,Female,65+,Christianity,Urban
Guatemala,Male,56-65,Christianity,Urban
Guatemala,Female,56-65,Christianity,Urban
Guatemala,Female,36-45,Christianity,Urban
Guatemala,Male,46-55,Christianity,Urban
Guatemala,Female,18-25,Christianity,Urban
Guatemala,Male,65+,Christianity,Urban
Guatemala,Male,18-25,Christianity,Urban
Guatemala,Female,18-25,Christianity,Urban
Guatemala,Female,36-45,Christianity,Urban
Guatemala,Male,56-65,Christianity,Urban
Guatemala,Female,65+,Christianity,Urban
Guatemala,Female,18-25,Christianity,Urban
Guatemala,Female,56-65,Christianity,Urban
Guatemala,Female,36-45,Christianity,Urban
Guatemala,Female,26-35,I do not identify with any religious group or faith,Urban
Guatemala,Male,18-25,Christianity,Urban
Guatemala,Female,26-35,Christianity,Urban
Guatemala,Male,18-25,Christianity,Urban
Guatemala,Male,36-45,Christianity,Urban
Guatemala,Male,56-65,Christianity,Urban
Guatemala,Male,18-25,Christianity,Urban
Guatemala,Female,26-35,Christianity,Urban
Guatemala,Female,36-45,I do not identify with any religious group or faith,Urban
Guatemala,Male,26-35,I do not identify with any religious group or faith,Urban
Guatemala,Female,18-25,Christianity,Urban
Guatemala,Female,36-45,Christianity,Urban
Guatemala,Male,36-45,Christianity,Urban
Guatemala,Male,26-35,Christianity,Urban
Guatemala,Female,18-25,Christianity,Urban
Guatemala,Female,36-45,Christianity,Urban
Guatemala,Male,56-65,Christianity,Urban
Guatemala,Female,18-25,Christianity,Urban
Guatemala,Female,26-35,Christianity,Urban
Guatemala,Female,26-35,Christianity,Urban
Guatemala,Male,46-55,Christianity,Urban
Guatemala,Female,56-65,Christianity,Urban
Guatemala,Male,56-65,Christianity,Urban
Guatemala,Female,56-65,Christianity,Urban
Guatemala,Female,18-25,Christianity,Urban
Guatemala,Female,18-25,Christianity,Urban
Guatemala,Female,18-25,Christianity,Urban
Guatemala,Male,26-35,I do not identify with any religious group or faith,Urban
Guatemala,Female,36-45,Christianity,Urban
Guatemala,Male,65+,Christianity,Urban
Guatemala,Female,56-65,Christianity,Urban
Guatemala,Male,18-25,,Urban
Guatemala,Female,46-55,Christianity,Urban
Guatemala,Female,26-35,Christianity,Urban
Guatemala,Male,36-45,Christianity,Urban
Guatemala,Male,18-25,Christianity,Urban
Guatemala,Male,56-65,Christianity,Urban
Guatemala,Female,26-35,Christianity,Urban
Guatemala,Female,26-35,I do not identify with any religious group or faith,Urban
Guatemala,Male,18-25,Christianity,Urban
Guatemala,Male,56-65,I do not identify with any religious group or faith,Urban
Guatemala,Female,18-25,Christianity,Urban
Guatemala,Female,18-25,I do not identify with any religious group or faith,Urban
Guatemala,Male,26-35,Christianity,Urban
Guatemala,Female,46-55,Christianity,Urban
Guatemala,Male,36-45,Christianity,Rural
Guatemala,Female,18-25,I do not identify with any religious group or faith,Rural
Guatemala,Male,65+,Christianity,Rural
Guatemala,Female,36-45,I do not identify with any religious group or faith,Rural
Guatemala,Male,26-35,Christianity,Rural
Guatemala,Female,26-35,Christianity,Rural
Guatemala,Female,26-35,I do not identify with any religious group or faith,Rural
Guatemala,Male,18-25,Christianity,Rural
Guatemala,Female,46-55,I do not identify with any religious group or faith,Rural
Guatemala,Male,46-55,Christianity,Rural
Guatemala,Female,36-45,Christianity,Urban
Guatemala,Female,65+,Christianity,Urban
Guatemala,Male,56-65,Christianity,Urban
Guatemala,Male,36-45,Christianity,Urban
Guatemala,Female,18-25,Christianity,Urban
Guatemala,Female,18-25,I do not identify with any religious group or faith,Urban
Guatemala,Female,36-45,Christianity,Urban
Guatemala,Male,18-25,Christianity,Urban
Guatemala,Male,46-55,Christianity,Urban
Guatemala,Female,26-35,Christianity,Urban
Guatemala,Female,18-25,Christianity,Urban
Guatemala,Female,26-35,Christianity,Urban
Guatemala,Male,36-45,Christianity,Urban
Guatemala,Male,56-65,Christianity,Urban
Guatemala,Female,26-35,Christianity,Urban
Guatemala,Female,26-35,I do not identify with any religious group or faith,Urban
Guatemala,Male,56-65,Christianity,Urban
Guatemala,Male,56-65,Christianity,Urban
Guatemala,Male,36-45,Christianity,Urban
Guatemala,Female,26-35,Christianity,Urban
Guatemala,Female,26-35,I do not identify with any religious group or faith,Urban
Guatemala,Male,26-35,Christianity,Urban
Guatemala,Male,18-25,Christianity,Urban
Guatemala,Female,36-45,Christianity,Urban
Guatemala,Male,56-65,Christianity,Urban
Guatemala,Female,18-25,Christianity,Urban
Guatemala,Female,46-55,Christianity,Urban
Guatemala,Male,18-25,Christianity,Urban
Guatemala,Female,56-65,Christianity,Urban
Guatemala,Male,36-45,Christianity,Urban
Honduras,Male,36-45,Christianity,Urban
Honduras,Female,65+,Christianity,Urban
Honduras,Male,18-25,I do not identify with any religious group or faith,Urban
Honduras,Male,26-35,Christianity,Urban
Honduras,Female,18-25,I do not identify with any religious group or faith,Urban
Honduras,Male,18-25,I do not identify with any religious group or faith,Urban
Honduras,Male,26-35,Christianity,Urban
Honduras,Female,26-35,Christianity,Urban
Honduras,Female,65+,I do not identify with any religious group or faith,Urban
Honduras,Female,36-45,Christianity,Urban
Honduras,Male,56-65,Christianity,Urban
Honduras,Male,56-65,Christianity,Urban
Honduras,Female,36-45,Christianity,Urban
Honduras,Female,56-65,Christianity,Urban
Honduras,Female,18-25,Christianity,Urban
Honduras,Male,18-25,I do not identify with any religious group or faith,Urban
Honduras,Male,26-35,I do not identify with any religious group or faith,Urban
Honduras,Female,26-35,Christianity,Urban
Honduras,Male,56-65,Christianity,Urban
Honduras,Female,26-35,Christianity,Urban
Honduras,Male,18-25,Christianity,Urban
Honduras,Female,56-65,Christianity,Urban
Honduras,Male,36-45,Christianity,Urban
Honduras,Female,18-25,I do not identify with any religious group or faith,Urban
Honduras,Female,26-35,I do not identify with any religious group or faith,Urban
Honduras,Female,46-55,Christianity,Urban
Honduras,Female,36-45,Christianity,Urban
Honduras,Female,56-65,Christianity,Urban
Honduras,Male,36-45,Christianity,Urban
Honduras,Male,65+,Christianity,Urban
Honduras,Female,26-35,Christianity,Urban
Honduras,Female,56-65,Christianity,Urban
Honduras,Female,18-25,Christianity,Urban
Honduras,Male,36-45,I do not identify with any religious group or faith,Urban
Honduras,Male,18-25,,Urban
Honduras,Male,26-35,I do not identify with any religious group or faith,Urban
Honduras,Male,56-65,Christianity,Urban
Honduras,Female,18-25,I do not identify with any religious group or faith,Urban
Honduras,Female,36-45,I do not identify with any religious group or faith,Urban
Honduras,Female,56-65,Christianity,Urban
Honduras,Male,18-25,I do not identify with any religious group or faith,Urban
Honduras,Female,65+,I do not identify with any religious group or faith,Urban
Honduras,Male,56-65,I do not identify with any religious group or faith,Urban
Honduras,Female,56-65,Christianity,Urban
Honduras,Female,26-35,Christianity,Urban
Honduras,Male,26-35,Christianity,Urban
Honduras,Male,26-35,Christianity,Urban
Honduras,Female,18-25,Christianity,Urban
Honduras,Male,46-55,Christianity,Urban
Honduras,Female,46-55,Christianity,Urban
Honduras,Female,26-35,Christianity,Urban
Honduras,Female,36-45,Christianity,Urban
Honduras,Male,18-25,I do not identify with any religious group or faith,Urban
Honduras,Male,36-45,I do not identify with any religious group or faith,Urban
Honduras,Female,26-35,Christianity,Urban
Honduras,Female,18-25,I do not identify with any religious group or faith,Urban
Honduras,Female,36-45,I do not identify with any religious group or faith,Urban
Honduras,Male,36-45,Christianity,Urban
Honduras,Male,56-65,Christianity,Urban
Honduras,Male,65+,Christianity,Urban
Honduras,Male,18-25,I do not identify with any religious group or faith,Urban
Honduras,Female,36-45,I do not identify with any religious group or faith,Urban
Honduras,Male,56-65,Christianity,Urban
Honduras,Female,46-55,Christianity,Urban
Honduras,Male,26-35,I do not identify with any religious group or faith,Urban
Honduras,Female,18-25,I do not identify with any religious group or faith,Urban
Honduras,Male,65+,Christianity,Urban
Honduras,Female,56-65,Christianity,Urban
Honduras,Female,36-45,Christianity,Urban
Honduras,Female,56-65,Christianity,Urban
Honduras,Female,18-25,Christianity,Urban
Honduras,Male,36-45,Christianity,Urban
Honduras,Male,56-65,Christianity,Urban
Honduras,Male,56-65,Christianity,Urban
Honduras,Male,18-25,Christianity,Urban
Honduras,Female,56-65,Christianity,Urban
Honduras,Female,56-65,Christianity,Urban
Honduras,Male,36-45,I do not identify with any religious group or faith,Urban
Honduras,Female,36-45,Christianity,Urban
Honduras,Female,26-35,Christianity,Urban
Honduras,Male,46-55,I do not identify with any religious group or faith,Urban
Honduras,Male,18-25,Christianity,Urban
Honduras,Female,46-55,Christianity,Urban
Honduras,Male,36-45,Christianity,Urban
Honduras,Male,26-35,Christianity,Urban
Honduras,Male,26-35,I do not identify with any religious group or faith,Urban
Honduras,Female,36-45,I do not identify with any religious group or faith,Urban
Honduras,Female,36-45,Christianity,Urban
Honduras,Female,65+,Christianity,Urban
Honduras,Female,18-25,Christianity,Urban
Honduras,Female,18-25,Christianity,Urban
Honduras,Male,18-25,Christianity,Urban
Honduras,Female,18-25,Christianity,Urban
Honduras,Male,65+,Christianity,Urban
Honduras,Female,18-25,Christianity,Urban
Honduras,Female,46-55,Christianity,Urban
Honduras,Male,26-35,I do not identify with any religious group or faith,Urban
Honduras,Male,56-65,Christianity,Urban
Honduras,Female,36-45,Christianity,Urban
Honduras,Male,36-45,Christianity,Urban
Honduras,Female,65+,I do not identify with any religious group or faith,Urban
Honduras,Male,26-35,I do not identify with any religious group or faith,Urban
Honduras,Male,18-25,Christianity,Urban
Honduras,Female,46-55,I do not identify with any religious group or faith,Urban
Honduras,Female,26-35,I do not identify with any religious group or faith,Urban
Honduras,Male,46-55,Christianity,Urban
Honduras,Female,18-25,I do not identify with any religious group or faith,Urban
Honduras,Male,36-45,Christianity,Urban
Honduras,Female,36-45,Christianity,Urban
Honduras,Male,36-45,I do not identify with any religious group or faith,Urban
Honduras,Female,65+,Christianity,Urban
Honduras,Female,18-25,Christianity,Urban
Honduras,Female,36-45,I do not identify with any religious group or faith,Urban
Honduras,Female,18-25,Christianity,Urban
Honduras,Female,65+,Christianity,Urban
Honduras,Male,46-55,Christianity,Urban
Honduras,Male,18-25,I do not identify with any religious group or faith,Urban
Honduras,Male,36-45,Christianity,Urban
Honduras,Female,36-45,Christianity,Urban
Honduras,Male,65+,Christianity,Urban
Honduras,Male,56-65,Christianity,Urban
Honduras,Female,18-25,I do not identify with any religious group or faith,Urban
Honduras,Male,36-45,I do not identify with any religious group or faith,Urban
Honduras,Female,36-45,Christianity,Urban
Honduras,Male,65+,I do not identify with any religious group or faith,Urban
Honduras,Female,56-65,I do not identify with any religious group or faith,Urban
Honduras,Male,26-35,Christianity,Urban
Honduras,Female,26-35,I do not identify with any religious group or faith,Urban
Honduras,Male,18-25,I do not identify with any religious group or faith,Urban
Honduras,Female,46-55,Christianity,Urban
Honduras,Male,26-35,I do not identify with any religious group or faith,Urban
Honduras,Male,26-35,I do not identify with any religious group or faith,Urban
Honduras,Female,46-55,Christianity,Urban
Honduras,Male,36-45,Christianity,Urban
Honduras,Female,65+,Christianity,Urban
Honduras,Male,65+,Christianity,Urban
Honduras,Female,18-25,Christianity,Urban
Honduras,Female,36-45,Christianity,Urban
Honduras,Female,56-65,Christianity,Urban
Honduras,Male,46-55,Christianity,Urban
Honduras,Female,56-65,Christianity,Urban
Honduras,Female,26-35,I do not identify with any religious group or faith,Urban
Honduras,Male,56-65,Christianity,Urban
Honduras,Male,18-25,Christianity,Urban
Honduras,Female,46-55,Christianity,Urban
Honduras,Male,56-65,Christianity,Urban
Honduras,Female,18-25,Christianity,Urban
Honduras,Male,36-45,Christianity,Urban
Honduras,Female,65+,Christianity,Urban
Honduras,Female,26-35,Christianity,Urban
Honduras,Female,36-45,Christianity,Urban
Honduras,Male,18-25,Christianity,Urban
Honduras,Male,26-35,Christianity,Urban
Honduras,Male,36-45,Christianity,Urban
Honduras,Female,18-25,I do not identify with any religious group or faith,Urban
Honduras,Male,36-45,Christianity,Urban
Honduras,Female,46-55,Christianity,Urban
Honduras,Female,26-35,Christianity,Urban
Honduras,Female,36-45,Christianity,Urban
Honduras,Female,18-25,Christianity,Urban
Honduras,Female,46-55,Christianity,Urban
Honduras,Female,26-35,I do not identify with any religious group or faith,Urban
Honduras,Female,56-65,Christianity,Urban
Honduras,Male,46-55,Christianity,Urban
Honduras,Male,26-35,I do not identify with any religious group or faith,Urban
Honduras,Male,26-35,I do not identify with any religious group or faith,Urban
Honduras,Male,18-25,Christianity,Urban
Honduras,Female,26-35,Christianity,Urban
Honduras,Male,65+,Christianity,Urban
Honduras,Female,65+,Christianity,Urban
Honduras,Female,36-45,Christianity,Urban
Honduras,Male,65+,Christianity,Urban
Honduras,Female,26-35,Christianity,Urban
Honduras,Male,26-35,Christianity,Urban
Honduras,Female,65+,Christianity,Urban
Honduras,Female,26-35,Christianity,Urban
Honduras,Male,36-45,Christianity,Urban
Honduras,Male,56-65,Christianity,Urban
Honduras,Female,46-55,Christianity,Urban
Honduras,Male,18-25,Christianity,Urban
Honduras,Male,18-25,Christianity,Urban
Honduras,Female,18-25,I do not identify with any religious group or faith,Urban
Honduras,Female,26-35,I do not identify with any religious group or faith,Urban
Honduras,Female,46-55,Christianity,Urban
Honduras,Female,46-55,Christianity,Urban
Honduras,Male,26-35,Christianity,Urban
Honduras,Female,18-25,Christianity,Urban
Honduras,Male,36-45,I do not identify with any religious group or faith,Urban
Honduras,Female,65+,Christianity,Urban
Honduras,Female,26-35,Christianity,Urban
Honduras,Female,18-25,Christianity,Urban
Honduras,Male,26-35,Christianity,Urban
Honduras,Female,36-45,Christianity,Urban
Honduras,Male,26-35,Christianity,Urban
Honduras,Female,65+,Christianity,Urban
Honduras,Male,65+,Christianity,Urban
Honduras,Male,56-65,,Urban
Honduras,Male,18-25,Christianity,Urban
Honduras,Female,56-65,Christianity,Urban
Honduras,Female,56-65,I do not identify with any religious group or faith,Urban
Honduras,Male,18-25,Christianity,Urban
Honduras,Female,26-35,Christianity,Urban
Honduras,Female,46-55,Christianity,Urban
Honduras,Male,36-45,Christianity,Urban
Honduras,Female,18-25,Christianity,Urban
Honduras,Female,18-25,Christianity,Urban
Honduras,Male,18-25,I do not identify with any religious group or faith,Urban
Honduras,Female,36-45,Christianity,Urban
Honduras,Male,46-55,Christianity,Urban
Honduras,Male,46-55,Christianity,Urban
Honduras,Male,18-25,Christianity,Urban
Honduras,Female,56-65,Christianity,Urban
Honduras,Male,26-35,Christianity,Urban
Honduras,Male,36-45,Christianity,Urban
Honduras,Female,26-35,Christianity,Urban
Honduras,Female,46-55,Christianity,Urban
Honduras,Female,46-55,Christianity,Urban
Honduras,Female,26-35,Christianity,Urban
Honduras,Female,18-25,Christianity,Urban
Honduras,Male,65+,,Urban
Honduras,Female,65+,Christianity,Urban
Honduras,Male,36-45,Christianity,Urban
Honduras,Female,18-25,I do not identify with any religious group or faith,Urban
Honduras,Female,26-35,Christianity,Urban
Honduras,Male,18-25,Christianity,Urban
Honduras,Male,36-45,I do not identify with any religious group or faith,Urban
Honduras,Female,56-65,Christianity,Urban
Honduras,Female,46-55,Christianity,Urban
Honduras,Male,26-35,I do not identify with any religious group or faith,Urban
Honduras,Male,65+,Christianity,Urban
Honduras,Male,56-65,Christianity,Urban
Honduras,Female,46-55,I do not identify with any religious group or faith,Urban
Honduras,Female,65+,Christianity,Urban
Honduras,Male,56-65,Christianity,Urban
Honduras,Male,18-25,Christianity,Urban
Honduras,Female,26-35,Christianity,Urban
Honduras,Male,36-45,Christianity,Urban
Honduras,Female,36-45,Christianity,Urban
Honduras,Female,18-25,I do not identify with any religious group or faith,Urban
Honduras,Male,36-45,Christianity,Urban
Honduras,Female,26-35,I do not identify with any religious group or faith,Urban
Honduras,Male,56-65,Christianity,Urban
Honduras,Female,18-25,I do not identify with any religious group or faith,Urban
Honduras,Male,26-35,Christianity,Urban
Honduras,Male,26-35,Christianity,Urban
Honduras,Female,46-55,Christianity,Urban
Honduras,Male,18-25,Christianity,Urban
Honduras,Female,65+,Christianity,Urban
Honduras,Female,56-65,Christianity,Urban
Honduras,Female,46-55,Christianity,Urban
Honduras,Male,36-45,Christianity,Urban
Honduras,Male,46-55,Christianity,Urban
Honduras,Female,36-45,Christianity,Urban
Honduras,Male,26-35,Christianity,Urban
Honduras,Female,36-45,Christianity,Urban
Honduras,Female,46-55,Christianity,Urban
Honduras,Female,46-55,Christianity,Urban
Honduras,Male,18-25,I do not identify with any religious group or faith,Urban
Honduras,Female,36-45,I do not identify with any religious group or faith,Urban
Honduras,Female,46-55,Christianity,Urban
Honduras,Female,18-25,Christianity,Urban
Honduras,Female,36-45,Christianity,Urban
Honduras,Male,26-35,Christianity,Urban
Honduras,Female,65+,Christianity,Urban
Honduras,Male,46-55,I do not identify with any religious group or faith,Urban
Honduras,Male,36-45,Christianity,Urban
Honduras,Female,36-45,Christianity,Urban
Honduras,Female,26-35,Christianity,Urban
Honduras,Female,46-55,Christianity,Urban
Honduras,Male,56-65,Christianity,Urban
Honduras,Female,18-25,Christianity,Urban
Honduras,Male,56-65,Christianity,Urban
Honduras,Female,36-45,Christianity,Urban
Honduras,Male,46-55,Christianity,Urban
Honduras,Male,26-35,I do not identify with any religious group or faith,Urban
Honduras,Male,36-45,Christianity,Urban
Honduras,Female,18-25,Christianity,Urban
Honduras,Male,46-55,I do not identify with any religious group or faith,Urban
Honduras,Female,36-45,Christianity,Urban
Honduras,Male,46-55,Christianity,Urban
Honduras,Female,36-45,Christianity,Urban
Honduras,Female,36-45,Christianity,Urban
Honduras,Female,36-45,Christianity,Urban
Honduras,Male,26-35,Christianity,Urban
Honduras,Male,56-65,Christianity,Urban
Honduras,Female,46-55,Christianity,Urban
Honduras,Female,56-65,Christianity,Urban
Honduras,Male,26-35,I do not identify with any religious group or faith,Urban
Honduras,Male,56-65,Christianity,Urban
Honduras,Female,18-25,Christianity,Urban
Honduras,Male,26-35,Christianity,Urban
Honduras,Female,36-45,Christianity,Urban
Honduras,Male,46-55,I do not identify with any religious group or faith,Urban
Honduras,Female,46-55,Christianity,Urban
Honduras,Female,18-25,Christianity,Urban
Honduras,Male,18-25,Christianity,Urban
Honduras,Female,65+,Judaism,Urban
Honduras,Male,46-55,Christianity,Urban
Honduras,Male,65+,Christianity,Urban
Honduras,Female,46-55,Christianity,Urban
Honduras,Female,18-25,Christianity,Urban
Honduras,Male,26-35,Christianity,Urban
Honduras,Male,56-65,I do not identify with any religious group or faith,Urban
Honduras,Female,36-45,Christianity,Urban
Honduras,Female,56-65,Christianity,Urban
Honduras,Male,36-45,I do not identify with any religious group or faith,Urban
Honduras,Female,36-45,Christianity,Urban
Honduras,Male,18-25,Christianity,Urban
Honduras,Female,26-35,Christianity,Urban
Honduras,Male,46-55,Christianity,Urban
Honduras,Male,36-45,Christianity,Urban
Honduras,Female,56-65,Christianity,Urban
Honduras,Female,36-45,I do not identify with any religious group or faith,Urban
Honduras,Female,36-45,I do not identify with any religious group or faith,Urban
Honduras,Male,18-25,Christianity,Urban
Honduras,Male,36-45,Christianity,Urban
Honduras,Male,36-45,I do not identify with any religious group or faith,Urban
Honduras,Female,36-45,Christianity,Urban
Honduras,Female,36-45,Christianity,Urban
Honduras,Female,18-25,Christianity,Urban
Honduras,Male,36-45,Christianity,Urban
Honduras,Female,56-65,Christianity,Urban
Honduras,Male,56-65,I do not identify with any religious group or faith,Urban
Honduras,Male,18-25,Christianity,Urban
Honduras,Female,65+,,Urban
Honduras,Female,18-25,Christianity,Urban
Honduras,Male,46-55,Christianity,Urban
Honduras,Female,36-45,Christianity,Urban
Honduras,Male,26-35,Christianity,Urban
Honduras,Female,36-45,Christianity,Urban
Honduras,Female,36-45,Other religious group,Urban
Honduras,Female,26-35,Christianity,Urban
Honduras,Female,65+,Christianity,Urban
Honduras,Female,46-55,Christianity,Urban
Honduras,Female,18-25,Christianity,Urban
Honduras,Male,46-55,Christianity,Urban
Honduras,Male,36-45,Christianity,Urban
Honduras,Female,18-25,Christianity,Urban
Honduras,Male,56-65,Christianity,Urban
Honduras,Male,26-35,Christianity,Urban
Honduras,Female,65+,Christianity,Urban
Honduras,Male,36-45,Christianity,Urban
Honduras,Male,18-25,Judaism,Urban
Honduras,Female,26-35,Christianity,Urban
Honduras,Female,18-25,Christianity,Urban
Honduras,Male,65+,Christianity,Urban
Honduras,Female,46-55,Christianity,Urban
Honduras,Female,56-65,I do not identify with any religious group or faith,Urban
Honduras,Male,46-55,Christianity,Urban
Honduras,Female,26-35,Christianity,Urban
Honduras,Male,65+,Christianity,Urban
Honduras,Male,26-35,Christianity,Urban
Honduras,Male,18-25,I do not identify with any religious group or faith,Urban
Honduras,Female,26-35,Christianity,Urban
Honduras,Female,56-65,Christianity,Urban
Honduras,Male,46-55,Christianity,Urban
Honduras,Male,36-45,Christianity,Urban
Honduras,Female,65+,I do not identify with any religious group or faith,Urban
Honduras,Female,18-25,Christianity,Urban
Honduras,Female,56-65,Christianity,Urban
Honduras,Male,46-55,Christianity,Urban
Honduras,Male,65+,Christianity,Urban
Honduras,Male,36-45,Christianity,Urban
Honduras,Female,26-35,I do not identify with any religious group or faith,Urban
Honduras,Female,18-25,Christianity,Urban
Honduras,Male,26-35,I do not identify with any religious group or faith,Urban
Honduras,Female,46-55,Christianity,Urban
Honduras,Female,26-35,,Urban
Honduras,Male,18-25,I do not identify with any religious group or faith,Urban
Honduras,Female,65+,Christianity,Urban
Honduras,Female,18-25,I do not identify with any religious group or faith,Urban
Honduras,Female,36-45,I do not identify with any religious group or faith,Urban
Honduras,Male,36-45,Christianity,Urban
Honduras,Female,36-45,Christianity,Urban
Honduras,Male,18-25,I do not identify with any religious group or faith,Urban
Honduras,Male,56-65,Christianity,Urban
Honduras,Male,36-45,Christianity,Urban
Honduras,Female,65+,Christianity,Urban
Honduras,Female,65+,Christianity,Urban
Honduras,Female,36-45,I do not identify with any religious group or faith,Urban
Honduras,Male,65+,Christianity,Urban
Honduras,Male,26-35,,Urban
Honduras,Female,36-45,Christianity,Urban
Honduras,Female,56-65,Christianity,Urban
Honduras,Female,26-35,Christianity,Urban
Honduras,Female,36-45,Christianity,Urban
Honduras,Male,56-65,Christianity,Urban
Honduras,Female,36-45,Christianity,Urban
Honduras,Female,18-25,Christianity,Urban
Honduras,Male,18-25,Christianity,Urban
Honduras,Male,36-45,I do not identify with any religious group or faith,Urban
Honduras,Female,26-35,Christianity,Urban
Honduras,Female,65+,Christianity,Urban
Honduras,Female,36-45,Christianity,Urban
Honduras,Female,18-25,Christianity,Urban
Honduras,Male,56-65,Christianity,Urban
Honduras,Female,46-55,Christianity,Urban
Honduras,Female,26-35,Christianity,Urban
Honduras,Male,18-25,Christianity,Urban
Honduras,Male,46-55,Christianity,Urban
Honduras,Male,18-25,I do not identify with any religious group or faith,Urban
Honduras,Male,56-65,Christianity,Urban
Honduras,Male,65+,Christianity,Urban
Honduras,Male,36-45,Christianity,Urban
Honduras,Female,46-55,Christianity,Urban
Honduras,Female,18-25,Christianity,Urban
Honduras,Female,56-65,Christianity,Urban
Honduras,Female,26-35,Christianity,Urban
Honduras,Female,36-45,Christianity,Urban
Honduras,Male,36-45,Christianity,Urban
Honduras,Male,36-45,Christianity,Urban
Honduras,Male,65+,I do not identify with any religious group or faith,Urban
Honduras,Male,18-25,Christianity,Urban
Honduras,Female,36-45,Christianity,Urban
Honduras,Female,46-55,Christianity,Urban
Honduras,Female,56-65,Christianity,Urban
Honduras,Male,26-35,Christianity,Urban
Honduras,Female,18-25,I do not identify with any religious group or faith,Urban
Honduras,Female,56-65,I do not identify with any religious group or faith,Urban
Honduras,Male,56-65,Other religious group,Urban
Honduras,Female,36-45,Christianity,Urban
Honduras,Female,65+,Christianity,Urban
Honduras,Female,36-45,Christianity,Urban
Honduras,Male,36-45,Christianity,Urban
Honduras,Female,18-25,I do not identify with any religious group or faith,Urban
Honduras,Female,26-35,Christianity,Urban
Honduras,Male,18-25,Christianity,Urban
Honduras,Male,56-65,Christianity,Urban
Honduras,Male,26-35,I do not identify with any religious group or faith,Urban
Honduras,Male,56-65,Christianity,Urban
Honduras,Female,18-25,Christianity,Urban
Honduras,Male,18-25,I do not identify with any religious group or faith,Urban
Honduras,Male,36-45,Christianity,Urban
Honduras,Male,56-65,Christianity,Urban
Honduras,Female,26-35,Christianity,Urban
Honduras,Female,56-65,Christianity,Urban
Honduras,Male,56-65,Christianity,Urban
Honduras,Female,46-55,Christianity,Urban
Honduras,Male,46-55,Christianity,Urban
Honduras,Female,26-35,Christianity,Urban
Honduras,Female,26-35,Christianity,Urban
Honduras,Male,26-35,Christianity,Urban
Honduras,Male,65+,I do not identify with any religious group or faith,Urban
Honduras,Female,56-65,Christianity,Urban
Honduras,Female,65+,Christianity,Urban
Honduras,Male,56-65,I do not identify with any religious group or faith,Urban
Honduras,Female,26-35,Christianity,Urban
Honduras,Male,18-25,Christianity,Urban
Honduras,Female,18-25,I do not identify with any religious group or faith,Urban
Honduras,Female,18-25,Christianity,Urban
Honduras,Female,65+,Christianity,Urban
Honduras,Male,26-35,I do not identify with any religious group or faith,Urban
Honduras,Female,36-45,Christianity,Urban
Honduras,Female,46-55,Christianity,Urban
Honduras,Male,18-25,I do not identify with any religious group or faith,Urban
Honduras,Female,46-55,Christianity,Urban
Honduras,Male,65+,Christianity,Urban
Honduras,Female,18-25,Christianity,Urban
Honduras,Male,36-45,Christianity,Urban
Honduras,Male,18-25,I do not identify with any religious group or faith,Urban
Honduras,Female,65+,Christianity,Urban
Honduras,Male,65+,Christianity,Urban
Honduras,Female,18-25,Christianity,Urban
Honduras,Female,46-55,Christianity,Urban
Honduras,Male,18-25,Christianity,Urban
Honduras,Female,36-45,Christianity,Urban
Honduras,Male,36-45,I do not identify with any religious group or faith,Urban
Honduras,Female,36-45,Christianity,Urban
Honduras,Male,36-45,Christianity,Urban
Honduras,Male,26-35,Christianity,Urban
Honduras,Male,65+,Christianity,Urban
Honduras,Female,36-45,Christianity,Urban
Honduras,Female,26-35,Christianity,Urban
Honduras,Female,26-35,Christianity,Urban
Honduras,Female,18-25,I do not identify with any religious group or faith,Urban
Honduras,Male,56-65,Christianity,Urban
Honduras,Female,26-35,Christianity,Urban
Honduras,Female,46-55,Christianity,Urban
Honduras,Female,36-45,Christianity,Urban
Honduras,Male,26-35,I do not identify with any religious group or faith,Urban
Honduras,Female,65+,Christianity,Urban
Honduras,Female,18-25,I do not identify with any religious group or faith,Urban
Honduras,Male,26-35,Christianity,Urban
Honduras,Male,65+,I do not identify with any religious group or faith,Urban
Honduras,Male,26-35,I do not identify with any religious group or faith,Urban
Honduras,Female,46-55,Christianity,Urban
Honduras,Female,56-65,Christianity,Urban
Honduras,Male,36-45,Christianity,Urban
Honduras,Male,56-65,Christianity,Urban
Honduras,Female,36-45,Christianity,Urban
Honduras,Male,26-35,I do not identify with any religious group or faith,Urban
Honduras,Female,26-35,Christianity,Urban
Honduras,Female,26-35,Christianity,Urban
Honduras,Male,46-55,Christianity,Urban
Honduras,Male,65+,Christianity,Urban
Honduras,Male,46-55,Christianity,Urban
Honduras,Female,56-65,Christianity,Urban
Honduras,Female,18-25,Christianity,Urban
Honduras,Female,46-55,I do not identify with any religious group or faith,Urban
Honduras,Male,26-35,I do not identify with any religious group or faith,Urban
Honduras,Female,26-35,I do not identify with any religious group or faith,Urban
Honduras,Male,56-65,Christianity,Urban
Honduras,Female,18-25,I do not identify with any religious group or faith,Urban
Honduras,Male,18-25,Christianity,Urban
Honduras,Male,56-65,Christianity,Urban
Honduras,Female,65+,Christianity,Urban
Honduras,Male,26-35,Christianity,Urban
Honduras,Male,36-45,Christianity,Urban
Honduras,Female,36-45,I do not identify with any religious group or faith,Urban
Honduras,Female,36-45,I do not identify with any religious group or faith,Urban
Honduras,Female,18-25,Christianity,Urban
Honduras,Female,36-45,Christianity,Urban
Honduras,Female,65+,Christianity,Urban
Honduras,Male,18-25,Christianity,Urban
Honduras,Female,46-55,Christianity,Urban
Honduras,Female,36-45,I do not identify with any religious group or faith,Urban
Honduras,Male,56-65,Christianity,Urban
Honduras,Female,18-25,Christianity,Urban
Honduras,Male,26-35,Christianity,Urban
Honduras,Male,36-45,Christianity,Urban
Honduras,Female,36-45,Christianity,Urban
Honduras,Female,56-65,Christianity,Urban
Honduras,Female,18-25,I do not identify with any religious group or faith,Urban
Honduras,Male,18-25,I do not identify with any religious group or faith,Urban
Honduras,Female,36-45,Christianity,Urban
Honduras,Male,56-65,I do not identify with any religious group or faith,Urban
Honduras,Male,46-55,Christianity,Urban
Honduras,Male,26-35,Christianity,Urban
Honduras,Female,46-55,Christianity,Urban
Honduras,Male,65+,Christianity,Urban
Honduras,Male,26-35,Christianity,Urban
Honduras,Male,18-25,Christianity,Urban
Honduras,Male,56-65,Christianity,Urban
Honduras,Female,18-25,Christianity,Urban
Honduras,Female,26-35,Christianity,Urban
Honduras,Female,46-55,Christianity,Urban
Honduras,Male,46-55,Christianity,Urban
Honduras,Male,65+,Christianity,Urban
Honduras,Female,36-45,I do not identify with any religious group or faith,Urban
Honduras,Female,65+,Christianity,Urban
Honduras,Male,46-55,Christianity,Urban
Honduras,Female,36-45,Christianity,Urban
Honduras,Female,46-55,Christianity,Urban
Honduras,Female,36-45,Christianity,Urban
Honduras,Male,65+,Christianity,Urban
Honduras,Male,26-35,I do not identify with any religious group or faith,Urban
Honduras,Male,26-35,Christianity,Urban
Honduras,Female,26-35,I do not identify with any religious group or faith,Urban
Honduras,Female,65+,Christianity,Urban
Honduras,Female,18-25,I do not identify with any religious group or faith,Urban
Honduras,Female,56-65,Christianity,Urban
Honduras,Female,26-35,Christianity,Urban
Honduras,Male,26-35,Christianity,Urban
Honduras,Male,18-25,I do not identify with any religious group or faith,Urban
Honduras,Female,56-65,Christianity,Urban
Honduras,Male,56-65,Christianity,Urban
Honduras,Male,46-55,Christianity,Urban
Honduras,Male,36-45,Christianity,Urban
Honduras,Female,65+,Christianity,Urban
Honduras,Female,18-25,Christianity,Urban
Honduras,Male,65+,Christianity,Urban
Honduras,Male,26-35,I do not identify with any religious group or faith,Urban
Honduras,Female,18-25,Christianity,Urban
Honduras,Female,26-35,Christianity,Urban
Honduras,Male,18-25,Christianity,Urban
Honduras,Female,46-55,Christianity,Urban
Honduras,Male,46-55,Christianity,Urban
Honduras,Female,56-65,Christianity,Urban
Honduras,Male,46-55,Christianity,Urban
Honduras,Female,36-45,Christianity,Urban
Honduras,Female,18-25,I do not identify with any religious group or faith,Urban
Honduras,Female,36-45,Christianity,Urban
Honduras,Female,26-35,Christianity,Urban
Honduras,Male,36-45,Christianity,Urban
Honduras,Female,18-25,Christianity,Urban
Honduras,Male,18-25,I do not identify with any religious group or faith,Urban
Honduras,Female,65+,Christianity,Urban
Honduras,Male,36-45,I do not identify with any religious group or faith,Urban
Honduras,Male,26-35,Christianity,Urban
Honduras,Male,65+,Christianity,Urban
Honduras,Female,18-25,Christianity,Urban
Honduras,Male,56-65,Christianity,Urban
Honduras,Female,65+,Christianity,Urban
Honduras,Male,18-25,I do not identify with any religious group or faith,Urban
Honduras,Female,46-55,Christianity,Urban
Honduras,Male,65+,I do not identify with any religious group or faith,Urban
Honduras,Female,26-35,I do not identify with any religious group or faith,Urban
Honduras,Male,18-25,Christianity,Urban
Honduras,Male,26-35,Christianity,Urban
Honduras,Female,36-45,Christianity,Urban
Honduras,Female,36-45,Christianity,Urban
Honduras,Female,46-55,Christianity,Urban
Honduras,Male,46-55,Christianity,Urban
Honduras,Male,65+,Christianity,Urban
Honduras,Female,65+,Christianity,Urban
Honduras,Female,36-45,Christianity,Urban
Honduras,Male,36-45,Christianity,Urban
Honduras,Male,18-25,I do not identify with any religious group or faith,Urban
Honduras,Female,18-25,Christianity,Urban
Honduras,Male,65+,Christianity,Urban
Honduras,Male,18-25,Christianity,Urban
Honduras,Male,65+,Christianity,Urban
Honduras,Female,36-45,Christianity,Urban
Honduras,Female,36-45,Christianity,Urban
Honduras,Female,46-55,Christianity,Urban
Honduras,Male,36-45,I do not identify with any religious group or faith,Urban
Honduras,Male,56-65,Christianity,Urban
Honduras,Female,18-25,Christianity,Urban
Honduras,Male,56-65,Christianity,Urban
Honduras,Female,36-45,Christianity,Urban
Honduras,Female,65+,Christianity,Urban
Honduras,Male,26-35,Christianity,Urban
Honduras,Female,26-35,Christianity,Urban
Honduras,Male,36-45,I do not identify with any religious group or faith,Urban
Honduras,Female,26-35,Christianity,Urban
Honduras,Female,26-35,Christianity,Urban
Honduras,Male,56-65,Christianity,Urban
Honduras,Male,18-25,Christianity,Urban
Honduras,Male,56-65,I do not identify with any religious group or faith,Urban
Honduras,Female,56-65,I do not identify with any religious group or faith,Urban
Honduras,Male,46-55,Christianity,Urban
Honduras,Female,36-45,Christianity,Urban
Honduras,Male,65+,Christianity,Urban
Honduras,Female,56-65,Christianity,Urban
Honduras,Female,18-25,I do not identify with any religious group or faith,Urban
Honduras,Female,56-65,Christianity,Urban
Honduras,Female,56-65,Christianity,Urban
Honduras,Male,36-45,I do not identify with any religious group or faith,Urban
Honduras,Female,26-35,Christianity,Urban
Honduras,Male,18-25,Christianity,Urban
Honduras,Female,36-45,Christianity,Urban
Honduras,Male,18-25,I do not identify with any religious group or faith,Urban
Honduras,Female,26-35,Christianity,Urban
Honduras,Female,56-65,Christianity,Urban
Honduras,Female,65+,Christianity,Urban
Honduras,Male,26-35,Christianity,Urban
Honduras,Male,65+,Christianity,Urban
Honduras,Female,18-25,Christianity,Urban
Honduras,Male,65+,Christianity,Urban
Honduras,Male,36-45,Christianity,Urban
Honduras,Female,26-35,Christianity,Urban
Honduras,Male,65+,Christianity,Urban
Honduras,Female,18-25,Christianity,Urban
Honduras,Male,36-45,Christianity,Urban
Honduras,Male,18-25,Christianity,Urban
Honduras,Male,36-45,Christianity,Urban
Honduras,Male,56-65,Christianity,Urban
Honduras,Female,56-65,Christianity,Urban
Honduras,Male,36-45,Christianity,Urban
Honduras,Female,26-35,I do not identify with any religious group or faith,Urban
Honduras,Female,65+,Christianity,Urban
Honduras,Male,26-35,Christianity,Urban
Honduras,Female,26-35,Christianity,Urban
Honduras,Male,26-35,Christianity,Urban
Honduras,Female,46-55,Christianity,Urban
Honduras,Male,18-25,I do not identify with any religious group or faith,Urban
Honduras,Female,65+,Christianity,Urban
Honduras,Female,18-25,Christianity,Urban
Honduras,Male,26-35,I do not identify with any religious group or faith,Urban
Honduras,Female,46-55,Christianity,Urban
Honduras,Female,18-25,Christianity,Urban
Honduras,Female,36-45,Christianity,Urban
Honduras,Male,26-35,Christianity,Urban
Honduras,Female,46-55,Christianity,Urban
Honduras,Female,26-35,Christianity,Urban
Honduras,Male,56-65,Christianity,Urban
Honduras,Female,56-65,Christianity,Urban
Honduras,Female,18-25,Christianity,Urban
Honduras,Male,18-25,Christianity,Urban
Honduras,Male,46-55,Christianity,Urban
Honduras,Female,26-35,Christianity,Urban
Honduras,Male,18-25,Christianity,Urban
Honduras,Female,18-25,Christianity,Urban
Honduras,Female,56-65,Christianity,Urban
Honduras,Male,65+,I do not identify with any religious group or faith,Urban
Honduras,Female,26-35,Christianity,Urban
Honduras,Male,18-25,Christianity,Urban
Honduras,Female,18-25,Christianity,Urban
Honduras,Male,36-45,Christianity,Urban
Honduras,Female,65+,I do not identify with any religious group or faith,Urban
Honduras,Female,56-65,Christianity,Urban
Honduras,Female,36-45,I do not identify with any religious group or faith,Urban
Honduras,Male,56-65,Christianity,Urban
Honduras,Female,65+,Christianity,Urban
Honduras,Male,36-45,Christianity,Urban
Honduras,Female,18-25,Christianity,Urban
Honduras,Male,26-35,Christianity,Urban
Honduras,Male,36-45,Christianity,Urban
Honduras,Female,26-35,Christianity,Urban
Honduras,Male,18-25,Christianity,Urban
Honduras,Female,26-35,I do not identify with any religious group or faith,Urban
Honduras,Male,18-25,Christianity,Urban
Honduras,Female,46-55,Christianity,Urban
Honduras,Female,46-55,Christianity,Urban
Honduras,Male,26-35,Christianity,Urban
Honduras,Male,56-65,I do not identify with any religious group or faith,Urban
Honduras,Female,56-65,Christianity,Urban
Honduras,Female,18-25,Christianity,Urban
Honduras,Male,65+,I do not identify with any religious group or faith,Urban
Honduras,Female,36-45,Christianity,Urban
Honduras,Female,36-45,Christianity,Urban
Honduras,Female,65+,Christianity,Urban
Honduras,Male,46-55,I do not identify with any religious group or faith,Urban
Honduras,Female,26-35,Christianity,Urban
Honduras,Male,18-25,I do not identify with any religious group or faith,Urban
Honduras,Male,36-45,Christianity,Urban
Honduras,Male,65+,Christianity,Urban
Honduras,Female,18-25,Christianity,Urban
Honduras,Female,46-55,Christianity,Urban
Honduras,Male,56-65,Christianity,Urban
Honduras,Female,26-35,I do not identify with any religious group or faith,Rural
Honduras,Female,18-25,I do not identify with any religious group or faith,Rural
Honduras,Female,46-55,Christianity,Rural
Honduras,Male,18-25,Christianity,Rural
Honduras,Male,65+,Christianity,Rural
Honduras,Female,36-45,Christianity,Rural
Honduras,Male,46-55,Christianity,Rural
Honduras,Male,18-25,Christianity,Rural
Honduras,Male,26-35,I do not identify with any religious group or faith,Rural
Honduras,Female,65+,Christianity,Rural
Honduras,Female,65+,Christianity,Rural
Honduras,Male,46-55,Christianity,Rural
Honduras,Female,18-25,I do not identify with any religious group or faith,Rural
Honduras,Female,18-25,I do not identify with any religious group or faith,Rural
Honduras,Female,26-35,Christianity,Rural
Honduras,Female,36-45,Christianity,Rural
Honduras,Male,46-55,Christianity,Rural
Honduras,Male,26-35,Christianity,Rural
Honduras,Female,36-45,Christianity,Rural
Honduras,Male,65+,Christianity,Rural
Honduras,Male,36-45,Christianity,Urban
Honduras,Male,18-25,I do not identify with any religious group or faith,Urban
Honduras,Female,65+,Christianity,Urban
Honduras,Male,65+,Christianity,Urban
Honduras,Male,36-45,Christianity,Urban
Honduras,Female,18-25,Christianity,Urban
Honduras,Female,36-45,Christianity,Urban
Honduras,Female,56-65,I do not identify with any religious group or faith,Urban
Honduras,Male,36-45,I do not identify with any religious group or faith,Urban
Honduras,Female,46-55,Christianity,Urban
Honduras,Female,18-25,Christianity,Urban
Honduras,Male,26-35,I do not identify with any religious group or faith,Urban
Honduras,Female,56-65,Christianity,Urban
Honduras,Male,65+,Christianity,Urban
Honduras,Female,56-65,Christianity,Urban
Honduras,Female,65+,Christianity,Urban
Honduras,Female,26-35,Christianity,Urban
Honduras,Male,65+,Christianity,Urban
Honduras,Male,46-55,I do not identify with any religious group or faith,Urban
Honduras,Female,26-35,Christianity,Urban
Honduras,Male,18-25,I do not identify with any religious group or faith,Urban
Honduras,Female,46-55,Christianity,Urban
Honduras,Female,26-35,Christianity,Urban
Honduras,Female,18-25,Christianity,Urban
Honduras,Male,56-65,Christianity,Urban
Honduras,Male,26-35,Christianity,Urban
Honduras,Female,65+,Christianity,Urban
Honduras,Female,46-55,I do not identify with any religious group or faith,Urban
Honduras,Female,36-45,Christianity,Urban
Honduras,Male,56-65,Christianity,Urban
Honduras,Male,26-35,I do not identify with any religious group or faith,Rural
Honduras,Female,26-35,Christianity,Rural
Honduras,Female,46-55,Christianity,Rural
Honduras,Male,18-25,Christianity,Rural
Honduras,Male,65+,I do not identify with any religious group or faith,Rural
Honduras,Male,36-45,Christianity,Rural
Honduras,Female,18-25,Christianity,Rural
Honduras,Male,56-65,I do not identify with any religious group or faith,Rural
Honduras,Female,65+,Christianity,Rural
Honduras,Female,36-45,Christianity,Rural
Honduras,Female,65+,Other religious group,Urban
Honduras,Female,26-35,Christianity,Urban
Honduras,Male,36-45,Christianity,Urban
Honduras,Female,26-35,Christianity,Urban
Honduras,Female,18-25,Christianity,Urban
Honduras,Female,36-45,Christianity,Urban
Honduras,Male,36-45,Christianity,Urban
Honduras,Male,18-25,Christianity,Urban
Honduras,Male,46-55,Christianity,Urban
Honduras,Male,56-65,Christianity,Urban
Honduras,Female,36-45,Christianity,Urban
Honduras,Male,36-45,Christianity,Urban
Honduras,Female,65+,Christianity,Urban
Honduras,Male,18-25,I do not identify with any religious group or faith,Urban
Honduras,Female,65+,Christianity,Urban
Honduras,Female,46-55,I do not identify with any religious group or faith,Urban
Honduras,Male,26-35,Christianity,Urban
Honduras,Male,36-45,Christianity,Urban
Honduras,Female,18-25,Other religious group,Urban
Honduras,Female,36-45,Christianity,Urban
Honduras,Female,18-25,Christianity,Urban
Honduras,Male,26-35,Christianity,Urban
Honduras,Male,36-45,Christianity,Urban
Honduras,Female,65+,Christianity,Urban
Honduras,Female,26-35,Christianity,Urban
Honduras,Female,18-25,Christianity,Urban
Honduras,Male,65+,Christianity,Urban
Honduras,Female,46-55,Christianity,Urban
Honduras,Male,18-25,Christianity,Urban
Honduras,Female,36-45,Christianity,Urban
Honduras,Female,36-45,Christianity,Urban
Honduras,Female,26-35,Christianity,Urban
Honduras,Female,18-25,Christianity,Urban
Honduras,Female,26-35,Christianity,Urban
Honduras,Female,46-55,Christianity,Urban
Honduras,Male,56-65,Christianity,Urban
Honduras,Male,26-35,Christianity,Urban
Honduras,Male,18-25,Christianity,Urban
Honduras,Male,18-25,Christianity,Urban
Honduras,Male,36-45,I do not identify with any religious group or faith,Urban
Honduras,Female,26-35,Christianity,Rural
Honduras,Female,26-35,Christianity,Rural
Honduras,Male,18-25,Christianity,Rural
Honduras,Male,46-55,Christianity,Rural
Honduras,Female,56-65,Christianity,Rural
Honduras,Male,46-55,Christianity,Rural
Honduras,Female,18-25,Christianity,Rural
Honduras,Female,56-65,Christianity,Rural
Honduras,Male,56-65,Christianity,Rural
Honduras,Male,36-45,Christianity,Rural
Honduras,Female,46-55,Christianity,Rural
Honduras,Female,36-45,Christianity,Rural
Honduras,Female,18-25,Christianity,Rural
Honduras,Female,65+,Christianity,Rural
Honduras,Male,56-65,Christianity,Rural
Honduras,Male,26-35,Christianity,Rural
Honduras,Male,46-55,Christianity,Rural
Honduras,Male,18-25,Christianity,Rural
Honduras,Female,36-45,Christianity,Rural
Honduras,Female,65+,Christianity,Rural
Honduras,Male,18-25,I do not identify with any religious group or faith,Urban
Honduras,Female,36-45,Judaism,Urban
Honduras,Female,46-55,Christianity,Urban
Honduras,Female,18-25,I do not identify with any religious group or faith,Urban
Honduras,Female,56-65,Christianity,Urban
Honduras,Female,26-35,I do not identify with any religious group or faith,Urban
Honduras,Male,46-55,Christianity,Urban
Honduras,Male,26-35,Christianity,Urban
Honduras,Male,36-45,Christianity,Urban
Honduras,Male,56-65,Christianity,Urban
Honduras,Male,36-45,Christianity,Rural
Honduras,Female,18-25,Christianity,Rural
Honduras,Female,36-45,Christianity,Rural
Honduras,Male,65+,Christianity,Rural
Honduras,Female,56-65,Christianity,Rural
Honduras,Male,18-25,Christianity,Rural
Honduras,Male,36-45,Christianity,Rural
Honduras,Male,26-35,Christianity,Rural
Honduras,Male,36-45,Christianity,Rural
Honduras,Female,36-45,Christianity,Rural
Honduras,Female,18-25,Christianity,Rural
Honduras,Male,18-25,Christianity,Rural
Honduras,Male,46-55,Christianity,Rural
Honduras,Female,36-45,Christianity,Rural
Honduras,Female,26-35,I do not identify with any religious group or faith,Rural
Honduras,Female,26-35,Christianity,Rural
Honduras,Male,26-35,I do not identify with any religious group or faith,Rural
Honduras,Female,65+,Christianity,Rural
Honduras,Male,56-65,I do not identify with any religious group or faith,Rural
Honduras,Male,36-45,I do not identify with any religious group or faith,Rural
Honduras,Female,56-65,Christianity,Urban
Honduras,Female,36-45,Christianity,Urban
Honduras,Male,26-35,Christianity,Urban
Honduras,Male,56-65,Christianity,Urban
Honduras,Female,26-35,Christianity,Urban
Honduras,Female,18-25,Christianity,Urban
Honduras,Male,18-25,Christianity,Urban
Honduras,Female,46-55,Christianity,Urban
Honduras,Male,46-55,Christianity,Urban
Honduras,Male,36-45,Christianity,Urban
Honduras,Female,65+,Christianity,Urban
Honduras,Male,46-55,Christianity,Urban
Honduras,Male,36-45,Christianity,Urban
Honduras,Female,36-45,Christianity,Urban
Honduras,Female,36-45,Christianity,Urban
Honduras,Female,18-25,Christianity,Urban
Honduras,Female,26-35,Christianity,Urban
Honduras,Female,26-35,Christianity,Urban
Honduras,Male,26-35,Christianity,Urban
Honduras,Male,18-25,Christianity,Urban
Honduras,Male,18-25,Christianity,Rural
Honduras,Female,18-25,I do not identify with any religious group or faith,Rural
Honduras,Female,36-45,Christianity,Rural
Honduras,Male,65+,Christianity,Rural
Honduras,Male,36-45,Christianity,Rural
Honduras,Female,18-25,Christianity,Rural
Honduras,Female,36-45,Christianity,Rural
Honduras,Female,65+,Christianity,Rural
Honduras,Female,18-25,Christianity,Rural
Honduras,Female,36-45,Christianity,Rural
Honduras,Female,18-25,Christianity,Rural
Honduras,Male,26-35,Christianity,Rural
Honduras,Male,18-25,Christianity,Rural
Honduras,Male,65+,Christianity,Rural
Honduras,Female,36-45,Christianity,Rural
Honduras,Male,26-35,Christianity,Rural
Honduras,Male,65+,Christianity,Rural
Honduras,Female,46-55,Christianity,Rural
Honduras,Female,65+,Christianity,Rural
Honduras,Female,56-65,Christianity,Rural
Honduras,Male,46-55,Christianity,Urban
Honduras,Male,65+,Christianity,Urban
Honduras,Female,18-25,Christianity,Urban
Honduras,Male,26-35,Christianity,Urban
Honduras,Male,46-55,I do not identify with any religious group or faith,Urban
Honduras,Female,65+,Christianity,Urban
Honduras,Female,56-65,Christianity,Urban
Honduras,Female,46-55,Christianity,Urban
Honduras,Female,56-65,Christianity,Urban
Honduras,Male,18-25,I do not identify with any religious group or faith,Urban
Honduras,Female,26-35,Christianity,Rural
Honduras,Male,56-65,Christianity,Rural
Honduras,Male,56-65,Christianity,Rural
Honduras,Female,65+,Christianity,Rural
Honduras,Male,26-35,I do not identify with any religious group or faith,Rural
Honduras,Male,18-25,Christianity,Rural
Honduras,Female,36-45,Christianity,Rural
Honduras,Female,56-65,Christianity,Rural
Honduras,Female,18-25,I do not identify with any religious group or faith,Rural
Honduras,Female,26-35,Christianity,Rural
Honduras,Female,18-25,Christianity,Rural
Honduras,Female,56-65,Christianity,Rural
Honduras,Male,18-25,Christianity,Rural
Honduras,Female,56-65,Christianity,Rural
Honduras,Male,46-55,Christianity,Rural
Honduras,Male,46-55,Christianity,Rural
Honduras,Female,36-45,Christianity,Rural
Honduras,Male,26-35,I do not identify with any religious group or faith,Rural
Honduras,Male,56-65,Christianity,Rural
Honduras,Female,36-45,Christianity,Rural
Honduras,Male,56-65,Christianity,Rural
Honduras,Male,18-25,,Rural
Honduras,Male,65+,Christianity,Rural
Honduras,Male,26-35,Christianity,Rural
Honduras,Female,36-45,I do not identify with any religious group or faith,Rural
Honduras,Male,56-65,Christianity,Rural
Honduras,Female,36-45,Christianity,Rural
Honduras,Female,18-25,I do not identify with any religious group or faith,Rural
Honduras,Female,26-35,Christianity,Rural
Honduras,Female,65+,Christianity,Rural
Honduras,Male,18-25,Christianity,Urban
Honduras,Male,36-45,Christianity,Urban
Honduras,Male,65+,Christianity,Urban
Honduras,Female,56-65,Christianity,Urban
Honduras,Female,46-55,Christianity,Urban
Honduras,Male,36-45,Christianity,Urban
Honduras,Female,18-25,Christianity,Urban
Honduras,Female,26-35,I do not identify with any religious group or faith,Urban
Honduras,Female,65+,Christianity,Urban
Honduras,Female,46-55,Christianity,Urban
Honduras,Female,26-35,Christianity,Urban
Honduras,Female,46-55,Christianity,Urban
Honduras,Male,36-45,Christianity,Urban
Honduras,Female,26-35,Christianity,Urban
Honduras,Female,65+,Christianity,Urban
Honduras,Male,56-65,Christianity,Urban
Honduras,Female,18-25,I do not identify with any religious group or faith,Urban
Honduras,Female,36-45,Christianity,Urban
Honduras,Male,56-65,Christianity,Urban
Honduras,Male,18-25,Christianity,Urban
Honduras,Female,46-55,Christianity,Rural
Honduras,Female,36-45,Christianity,Rural
Honduras,Female,46-55,Christianity,Rural
Honduras,Male,18-25,I do not identify with any religious group or faith,Rural
Honduras,Female,18-25,Christianity,Rural
Honduras,Male,36-45,I do not identify with any religious group or faith,Rural
Honduras,Male,36-45,I do not identify with any religious group or faith,Rural
Honduras,Female,65+,Christianity,Rural
Honduras,Female,26-35,I do not identify with any religious group or faith,Rural
Honduras,Male,26-35,I do not identify with any religious group or faith,Rural
Honduras,Male,26-35,,Rural
Honduras,Male,18-25,I do not identify with any religious group or faith,Rural
Honduras,Female,26-35,Christianity,Rural
Honduras,Female,18-25,I do not identify with any religious group or faith,Rural
Honduras,Female,46-55,Christianity,Rural
Honduras,Male,56-65,I do not identify with any religious group or faith,Rural
Honduras,Male,36-45,Christianity,Rural
Honduras,Female,56-65,Christianity,Rural
Honduras,Male,36-45,Christianity,Rural
Honduras,Female,56-65,Christianity,Rural
Honduras,Male,26-35,Christianity,Urban
Honduras,Male,18-25,Christianity,Urban
Honduras,Female,46-55,Christianity,Urban
Honduras,Female,26-35,Christianity,Urban
Honduras,Female,56-65,Christianity,Urban
Honduras,Female,18-25,Christianity,Urban
Honduras,Male,46-55,Christianity,Urban
Honduras,Male,65+,Christianity,Urban
Honduras,Female,65+,Christianity,Urban
Honduras,Female,26-35,Christianity,Urban
Honduras,Female,46-55,I do not identify with any religious group or faith,Urban
Honduras,Male,65+,Christianity,Urban
Honduras,Male,36-45,Christianity,Urban
Honduras,Male,56-65,Christianity,Urban
Honduras,Male,18-25,Christianity,Urban
Honduras,Female,26-35,I do not identify with any religious group or faith,Urban
Honduras,Female,46-55,I do not identify with any religious group or faith,Urban
Honduras,Female,18-25,Christianity,Urban
Honduras,Female,56-65,Christianity,Urban
Honduras,Male,26-35,Christianity,Urban
Mexico,Female,26-35,Other religious group,Urban
Mexico,Male,18-25,I do not identify with any religious group or faith,Urban
Mexico,Female,18-25,I do not identify with any religious group or faith,Urban
Mexico,Female,46-55,Christianity,Urban
Mexico,Male,18-25,Christianity,Urban
Mexico,Male,26-35,Judaism,Urban
Mexico,Male,26-35,I do not identify with any religious group or faith,Urban
Mexico,Female,26-35,Christianity,Urban
Mexico,Male,18-25,I do not identify with any religious group or faith,Urban
Mexico,Male,36-45,,Urban
Mexico,Male,46-55,Christianity,Urban
Mexico,Male,36-45,Christianity,Urban
Mexico,Male,46-55,Christianity,Urban
Mexico,Female,36-45,I do not identify with any religious group or faith,Urban
Mexico,Female,46-55,Christianity,Urban
Mexico,Female,36-45,Christianity,Urban
Mexico,Female,26-35,I do not identify with any religious group or faith,Urban
Mexico,Male,36-45,,Urban
Mexico,Female,56-65,Christianity,Urban
Mexico,Male,46-55,Christianity,Urban
Mexico,Male,26-35,Christianity,Urban
Mexico,Female,36-45,Christianity,Urban
Mexico,Male,18-25,I do not identify with any religious group or faith,Urban
Mexico,Male,36-45,Christianity,Urban
Mexico,Female,46-55,,Urban
Mexico,Male,56-65,Christianity,Urban
Mexico,Female,36-45,Christianity,Urban
Mexico,Female,36-45,I do not identify with any religious group or faith,Urban
Mexico,Male,56-65,Christianity,Urban
Mexico,Female,46-55,Christianity,Urban
Mexico,Male,26-35,Christianity,Urban
Mexico,Male,36-45,Christianity,Urban
Mexico,Female,26-35,Christianity,Urban
Mexico,Male,18-25,I do not identify with any religious group or faith,Urban
Mexico,Male,26-35,I do not identify with any religious group or faith,Urban
Mexico,Female,18-25,Christianity,Urban
Mexico,Male,36-45,I do not identify with any religious group or faith,Urban
Mexico,Female,36-45,Christianity,Urban
Mexico,Male,36-45,Christianity,Urban
Mexico,Male,36-45,Christianity,Urban
Mexico,Female,36-45,Christianity,Urban
Mexico,Male,56-65,Christianity,Urban
Mexico,Female,18-25,Christianity,Urban
Mexico,Female,26-35,Christianity,Urban
Mexico,Female,26-35,Christianity,Urban
Mexico,Male,56-65,Christianity,Urban
Mexico,Male,18-25,Christianity,Urban
Mexico,Male,18-25,Christianity,Urban
Mexico,Male,26-35,Christianity,Urban
Mexico,Female,26-35,Judaism,Urban
Mexico,Female,56-65,Christianity,Urban
Mexico,Male,36-45,Christianity,Urban
Mexico,Male,18-25,Christianity,Urban
Mexico,Male,18-25,Christianity,Urban
Mexico,Female,18-25,I do not identify with any religious group or faith,Urban
Mexico,Female,46-55,Christianity,Urban
Mexico,Female,26-35,Christianity,Urban
Mexico,Female,56-65,I do not identify with any religious group or faith,Urban
Mexico,Male,56-65,Christianity,Urban
Mexico,Male,26-35,Christianity,Urban
Mexico,Female,18-25,Other religious group,Urban
Mexico,Male,18-25,Christianity,Urban
Mexico,Male,46-55,Christianity,Urban
Mexico,Male,18-25,I do not identify with any religious group or faith,Urban
Mexico,Female,56-65,Christianity,Urban
Mexico,Male,56-65,Christianity,Urban
Mexico,Female,36-45,I do not identify with any religious group or faith,Urban
Mexico,Female,46-55,Christianity,Urban
Mexico,Male,26-35,Christianity,Urban
Mexico,Female,46-55,Christianity,Urban
Mexico,Female,56-65,Christianity,Urban
Mexico,Female,36-45,I do not identify with any religious group or faith,Urban
Mexico,Male,26-35,Christianity,Urban
Mexico,Male,56-65,Christianity,Urban
Mexico,Female,36-45,I do not identify with any religious group or faith,Urban
Mexico,Female,36-45,Christianity,Urban
Mexico,Female,26-35,Christianity,Urban
Mexico,Female,18-25,Christianity,Urban
Mexico,Male,36-45,I do not identify with any religious group or faith,Urban
Mexico,Male,18-25,Christianity,Urban
Mexico,Female,18-25,Christianity,Urban
Mexico,Female,18-25,I do not identify with any religious group or faith,Urban
Mexico,Female,36-45,I do not identify with any religious group or faith,Urban
Mexico,Male,26-35,Christianity,Urban
Mexico,Male,18-25,,Urban
Mexico,Female,18-25,Christianity,Urban
Mexico,Male,26-35,Christianity,Urban
Mexico,Male,36-45,I do not identify with any religious group or faith,Urban
Mexico,Female,36-45,,Urban
Mexico,Male,46-55,Christianity,Urban
Mexico,Female,56-65,Christianity,Urban
Mexico,Male,46-55,Christianity,Urban
Mexico,Male,26-35,I do not identify with any religious group or faith,Urban
Mexico,Female,36-45,I do not identify with any religious group or faith,Urban
Mexico,Female,18-25,Christianity,Urban
Mexico,Male,26-35,Christianity,Urban
Mexico,Male,26-35,I do not identify with any religious group or faith,Urban
Mexico,Male,56-65,Christianity,Urban
Mexico,Female,26-35,Christianity,Urban
Mexico,Female,18-25,Christianity,Urban
Mexico,Male,26-35,Christianity,Urban
Mexico,Female,26-35,Christianity,Urban
Mexico,Female,36-45,Christianity,Urban
Mexico,Male,26-35,Christianity,Urban
Mexico,Female,56-65,Christianity,Urban
Mexico,Male,26-35,Christianity,Urban
Mexico,Male,26-35,,Urban
Mexico,Male,36-45,Christianity,Urban
Mexico,Female,65+,Christianity,Urban
Mexico,Male,36-45,I do not identify with any religious group or faith,Urban
Mexico,Female,65+,Christianity,Urban
Mexico,Male,56-65,Christianity,Urban
Mexico,Female,36-45,Christianity,Urban
Mexico,Male,46-55,Other religious group,Urban
Mexico,Female,36-45,,Urban
Mexico,Female,26-35,,Urban
Mexico,Male,36-45,Christianity,Urban
Mexico,Female,18-25,Christianity,Urban
Mexico,Male,36-45,Christianity,Urban
Mexico,Male,36-45,Christianity,Urban
Mexico,Female,26-35,Christianity,Urban
Mexico,Female,46-55,Christianity,Urban
Mexico,Male,56-65,Christianity,Urban
Mexico,Female,26-35,Christianity,Urban
Mexico,Male,56-65,Christianity,Urban
Mexico,Male,36-45,Christianity,Urban
Mexico,Male,26-35,I do not identify with any religious group or faith,Urban
Mexico,Female,36-45,Christianity,Urban
Mexico,Male,26-35,Christianity,Urban
Mexico,Female,26-35,Christianity,Urban
Mexico,Female,65+,Christianity,Urban
Mexico,Male,36-45,I do not identify with any religious group or faith,Urban
Mexico,Male,26-35,I do not identify with any religious group or faith,Urban
Mexico,Female,56-65,Christianity,Urban
Mexico,Male,18-25,Christianity,Urban
Mexico,Male,56-65,Other religious group,Urban
Mexico,Male,56-65,Christianity,Urban
Mexico,Female,36-45,I do not identify with any religious group or faith,Urban
Mexico,Female,36-45,Christianity,Urban
Mexico,Female,46-55,Christianity,Urban
Mexico,Male,36-45,,Urban
Mexico,Female,26-35,I do not identify with any religious group or faith,Urban
Mexico,Female,18-25,Christianity,Urban
Mexico,Male,65+,Christianity,Urban
Mexico,Female,18-25,Christianity,Urban
Mexico,Female,36-45,Christianity,Urban
Mexico,Female,36-45,Christianity,Urban
Mexico,Male,26-35,Christianity,Urban
Mexico,Male,36-45,Christianity,Urban
Mexico,Male,56-65,Christianity,Urban
Mexico,Female,56-65,Christianity,Urban
Mexico,Male,18-25,I do not identify with any religious group or faith,Urban
Mexico,Female,46-55,I do not identify with any religious group or faith,Urban
Mexico,Male,18-25,,Urban
Mexico,Female,36-45,Christianity,Urban
Mexico,Female,36-45,Christianity,Urban
Mexico,Female,18-25,Christianity,Urban
Mexico,Male,65+,Christianity,Urban
Mexico,Male,36-45,Christianity,Urban
Mexico,Male,26-35,Christianity,Urban
Mexico,Male,46-55,Christianity,Urban
Mexico,Female,36-45,Christianity,Urban
Mexico,Male,65+,Christianity,Urban
Mexico,Male,46-55,Christianity,Urban
Mexico,Female,18-25,Christianity,Urban
Mexico,Female,18-25,Christianity,Urban
Mexico,Female,46-55,Christianity,Urban
Mexico,Female,46-55,Christianity,Urban
Mexico,Male,18-25,Other religious group,Urban
Mexico,Female,26-35,Christianity,Urban
Mexico,Female,26-35,Christianity,Urban
Mexico,Female,26-35,I do not identify with any religious group or faith,Urban
Mexico,Male,18-25,I do not identify with any religious group or faith,Urban
Mexico,Male,26-35,I do not identify with any religious group or faith,Urban
Mexico,Male,26-35,Christianity,Urban
Mexico,Female,18-25,Christianity,Urban
Mexico,Female,18-25,Christianity,Urban
Mexico,Female,18-25,Christianity,Urban
Mexico,Male,36-45,Christianity,Urban
Mexico,Male,26-35,Christianity,Urban
Mexico,Female,18-25,Christianity,Urban
Mexico,Male,26-35,Christianity,Urban
Mexico,Female,65+,I do not identify with any religious group or faith,Urban
Mexico,Male,26-35,Christianity,Urban
Mexico,Female,65+,Christianity,Urban
Mexico,Female,46-55,Christianity,Urban
Mexico,Female,36-45,Christianity,Urban
Mexico,Male,46-55,Christianity,Urban
Mexico,Male,26-35,Christianity,Urban
Mexico,Male,26-35,Christianity,Urban
Mexico,Male,18-25,Christianity,Urban
Mexico,Female,18-25,Christianity,Urban
Mexico,Female,18-25,Christianity,Urban
Mexico,Female,26-35,,Urban
Mexico,Male,46-55,,Urban
Mexico,Female,36-45,Other religious group,Urban
Mexico,Male,36-45,Christianity,Urban
Mexico,Male,36-45,Christianity,Urban
Mexico,Male,26-35,Christianity,Urban
Mexico,Female,26-35,Christianity,Urban
Mexico,Male,36-45,Christianity,Urban
Mexico,Female,26-35,Christianity,Urban
Mexico,Male,36-45,,Urban
Mexico,Female,26-35,Christianity,Urban
Mexico,Male,26-35,Christianity,Urban
Mexico,Female,46-55,I do not identify with any religious group or faith,Urban
Mexico,Male,26-35,,Urban
Mexico,Female,65+,Christianity,Urban
Mexico,Female,65+,Christianity,Urban
Mexico,Male,36-45,Christianity,Urban
Mexico,Female,26-35,Christianity,Urban
Mexico,Male,26-35,Christianity,Urban
Mexico,Female,18-25,Christianity,Urban
Mexico,Male,26-35,,Urban
Mexico,Male,36-45,Christianity,Urban
Mexico,Female,36-45,Christianity,Urban
Mexico,Female,26-35,Christianity,Urban
Mexico,Female,46-55,Christianity,Urban
Mexico,Male,18-25,Christianity,Urban
Mexico,Male,36-45,,Urban
Mexico,Male,18-25,,Urban
Mexico,Male,26-35,Christianity,Urban
Mexico,Female,46-55,Christianity,Urban
Mexico,Female,26-35,I do not identify with any religious group or faith,Urban
Mexico,Male,56-65,Christianity,Urban
Mexico,Male,36-45,Christianity,Urban
Mexico,Female,18-25,Christianity,Urban
Mexico,Male,18-25,I do not identify with any religious group or faith,Urban
Mexico,Female,26-35,I do not identify with any religious group or faith,Urban
Mexico,Female,65+,Christianity,Urban
Mexico,Female,36-45,Christianity,Urban
Mexico,Male,18-25,Christianity,Urban
Mexico,Female,18-25,I do not identify with any religious group or faith,Urban
Mexico,Female,18-25,Christianity,Urban
Mexico,Female,36-45,Christianity,Urban
Mexico,Male,26-35,Christianity,Urban
Mexico,Male,26-35,Christianity,Urban
Mexico,Female,36-45,Christianity,Urban
Mexico,Female,46-55,Christianity,Urban
Mexico,Male,26-35,Christianity,Urban
Mexico,Female,56-65,Christianity,Urban
Mexico,Female,56-65,Christianity,Urban
Mexico,Male,26-35,Christianity,Urban
Mexico,Male,18-25,I do not identify with any religious group or faith,Urban
Mexico,Male,36-45,Christianity,Urban
Mexico,Male,56-65,Christianity,Urban
Mexico,Female,18-25,,Urban
Mexico,Female,26-35,Christianity,Urban
Mexico,Male,18-25,Christianity,Urban
Mexico,Female,26-35,Christianity,Urban
Mexico,Male,36-45,Christianity,Urban
Mexico,Female,18-25,Christianity,Urban
Mexico,Male,18-25,I do not identify with any religious group or faith,Urban
Mexico,Male,26-35,Christianity,Urban
Mexico,Male,36-45,Christianity,Urban
Mexico,Male,56-65,Christianity,Urban
Mexico,Female,65+,Christianity,Urban
Mexico,Male,36-45,Christianity,Urban
Mexico,Female,56-65,Christianity,Urban
Mexico,Female,18-25,Christianity,Urban
Mexico,Male,18-25,Christianity,Urban
Mexico,Female,26-35,Christianity,Urban
Mexico,Male,18-25,I do not identify with any religious group or faith,Urban
Mexico,Female,26-35,Christianity,Urban
Mexico,Female,18-25,Christianity,Urban
Mexico,Female,18-25,I do not identify with any religious group or faith,Urban
Mexico,Male,26-35,Christianity,Urban
Mexico,Male,18-25,I do not identify with any religious group or faith,Urban
Mexico,Male,26-35,Christianity,Urban
Mexico,Female,18-25,Christianity,Urban
Mexico,Female,65+,Christianity,Urban
Mexico,Male,65+,Christianity,Urban
Mexico,Female,18-25,Christianity,Urban
Mexico,Male,18-25,I do not identify with any religious group or faith,Urban
Mexico,Male,18-25,Christianity,Urban
Mexico,Female,18-25,Christianity,Urban
Mexico,Male,26-35,Christianity,Urban
Mexico,Female,46-55,Christianity,Urban
Mexico,Male,36-45,Christianity,Urban
Mexico,Female,26-35,Christianity,Urban
Mexico,Female,18-25,Other religious group,Urban
Mexico,Male,36-45,Christianity,Urban
Mexico,Male,46-55,Christianity,Urban
Mexico,Male,26-35,I do not identify with any religious group or faith,Urban
Mexico,Female,46-55,Christianity,Urban
Mexico,Female,18-25,Christianity,Urban
Mexico,Female,46-55,Christianity,Urban
Mexico,Male,36-45,Other religious group,Urban
Mexico,Male,26-35,Christianity,Urban
Mexico,Female,18-25,,Urban
Mexico,Female,36-45,Christianity,Urban
Mexico,Female,56-65,Christianity,Urban
Mexico,Male,18-25,Christianity,Urban
Mexico,Male,46-55,Other religious group,Urban
Mexico,Female,65+,Christianity,Urban
Mexico,Male,36-45,Christianity,Urban
Mexico,Male,46-55,,Urban
Mexico,Female,18-25,Christianity,Urban
Mexico,Female,26-35,I do not identify with any religious group or faith,Urban
Mexico,Male,46-55,Christianity,Urban
Mexico,Female,26-35,Christianity,Urban
Mexico,Male,36-45,Christianity,Urban
Mexico,Female,26-35,Christianity,Urban
Mexico,Female,65+,Christianity,Urban
Mexico,Male,26-35,Christianity,Urban
Mexico,Male,18-25,Christianity,Urban
Mexico,Female,26-35,I do not identify with any religious group or faith,Urban
Mexico,Female,56-65,Christianity,Urban
Mexico,Female,46-55,Christianity,Urban
Mexico,Male,26-35,I do not identify with any religious group or faith,Urban
Mexico,Female,26-35,,Urban
Mexico,Male,26-35,Christianity,Urban
Mexico,Female,56-65,Christianity,Urban
Mexico,Female,46-55,I do not identify with any religious group or faith,Urban
Mexico,Female,56-65,Christianity,Urban
Mexico,Male,56-65,,Urban
Mexico,Female,18-25,Christianity,Urban
Mexico,Male,36-45,Christianity,Urban
Mexico,Male,36-45,Christianity,Urban
Mexico,Male,36-45,Christianity,Urban
Mexico,Male,26-35,Christianity,Urban
Mexico,Female,65+,Christianity,Urban
Mexico,Female,36-45,Christianity,Urban
Mexico,Female,18-25,I do not identify with any religious group or faith,Urban
Mexico,Female,56-65,Christianity,Urban
Mexico,Male,65+,Christianity,Urban
Mexico,Male,36-45,Christianity,Urban
Mexico,Female,36-45,Christianity,Urban
Mexico,Male,18-25,Christianity,Urban
Mexico,Male,56-65,Christianity,Urban
Mexico,Male,26-35,Christianity,Urban
Mexico,Male,18-25,Christianity,Urban
Mexico,Male,26-35,I do not identify with any religious group or faith,Urban
Mexico,Female,18-25,,Urban
Mexico,Male,18-25,Christianity,Urban
Mexico,Female,18-25,I do not identify with any religious group or faith,Urban
Mexico,Female,26-35,Christianity,Urban
Mexico,Female,36-45,Christianity,Urban
Mexico,Male,56-65,Christianity,Urban
Mexico,Male,46-55,Christianity,Urban
Mexico,Male,56-65,Christianity,Urban
Mexico,Male,18-25,Christianity,Urban
Mexico,Female,65+,Christianity,Urban
Mexico,Female,18-25,I do not identify with any religious group or faith,Urban
Mexico,Female,65+,Christianity,Urban
Mexico,Male,56-65,Christianity,Urban
Mexico,Female,46-55,Christianity,Urban
Mexico,Male,18-25,Christianity,Urban
Mexico,Female,36-45,Christianity,Urban
Mexico,Male,36-45,Christianity,Urban
Mexico,Female,46-55,Christianity,Urban
Mexico,Male,18-25,Christianity,Urban
Mexico,Female,65+,Christianity,Urban
Mexico,Female,18-25,I do not identify with any religious group or faith,Urban
Mexico,Male,18-25,I do not identify with any religious group or faith,Urban
Mexico,Male,36-45,I do not identify with any religious group or faith,Urban
Mexico,Female,46-55,Christianity,Urban
Mexico,Female,18-25,Christianity,Urban
Mexico,Female,36-45,Christianity,Urban
Mexico,Male,18-25,Christianity,Urban
Mexico,Female,65+,Christianity,Urban
Mexico,Male,26-35,I do not identify with any religious group or faith,Urban
Mexico,Male,46-55,Christianity,Urban
Mexico,Female,65+,Christianity,Urban
Mexico,Male,18-25,Christianity,Urban
Mexico,Female,18-25,I do not identify with any religious group or faith,Urban
Mexico,Female,26-35,Christianity,Urban
Mexico,Male,18-25,I do not identify with any religious group or faith,Urban
Mexico,Male,36-45,Christianity,Urban
Mexico,Female,26-35,Christianity,Urban
Mexico,Female,36-45,Christianity,Urban
Mexico,Male,65+,Christianity,Urban
Mexico,Female,65+,Christianity,Urban
Mexico,Male,36-45,Christianity,Urban
Mexico,Male,18-25,Christianity,Urban
Mexico,Male,18-25,I do not identify with any religious group or faith,Urban
Mexico,Female,18-25,Christianity,Urban
Mexico,Female,18-25,Christianity,Urban
Mexico,Female,36-45,Christianity,Urban
Mexico,Male,26-35,I do not identify with any religious group or faith,Urban
Mexico,Male,56-65,Christianity,Urban
Mexico,Female,65+,Christianity,Urban
Mexico,Female,18-25,I do not identify with any religious group or faith,Urban
Mexico,Male,18-25,I do not identify with any religious group or faith,Urban
Mexico,Male,18-25,Christianity,Urban
Mexico,Female,18-25,I do not identify with any religious group or faith,Urban
Mexico,Female,26-35,Christianity,Urban
Mexico,Male,18-25,I do not identify with any religious group or faith,Urban
Mexico,Male,56-65,Christianity,Urban
Mexico,Female,26-35,Christianity,Urban
Mexico,Male,26-35,I do not identify with any religious group or faith,Urban
Mexico,Male,65+,Christianity,Urban
Mexico,Female,26-35,I do not identify with any religious group or faith,Urban
Mexico,Male,65+,Christianity,Urban
Mexico,Female,46-55,Christianity,Urban
Mexico,Female,26-35,I do not identify with any religious group or faith,Urban
Mexico,Female,46-55,Christianity,Urban
Mexico,Female,18-25,Christianity,Urban
Mexico,Male,46-55,Christianity,Urban
Mexico,Male,18-25,I do not identify with any religious group or faith,Urban
Mexico,Female,26-35,Christianity,Urban
Mexico,Female,46-55,I do not identify with any religious group or faith,Urban
Mexico,Male,18-25,Christianity,Urban
Mexico,Male,46-55,Christianity,Urban
Mexico,Female,18-25,Christianity,Urban
Mexico,Male,56-65,Christianity,Urban
Mexico,Male,26-35,Christianity,Urban
Mexico,Female,36-45,Christianity,Urban
Mexico,Male,46-55,I do not identify with any religious group or faith,Urban
Mexico,Female,46-55,Christianity,Urban
Mexico,Female,26-35,Christianity,Urban
Mexico,Female,65+,Christianity,Urban
Mexico,Male,18-25,I do not identify with any religious group or faith,Urban
Mexico,Female,26-35,I do not identify with any religious group or faith,Urban
Mexico,Female,36-45,Christianity,Urban
Mexico,Male,26-35,Christianity,Urban
Mexico,Female,26-35,Christianity,Urban
Mexico,Male,36-45,Christianity,Urban
Mexico,Female,36-45,Christianity,Urban
Mexico,Male,18-25,Christianity,Urban
Mexico,Female,26-35,Christianity,Urban
Mexico,Male,26-35,,Urban
Mexico,Male,36-45,Christianity,Urban
Mexico,Female,18-25,Christianity,Urban
Mexico,Female,18-25,I do not identify with any religious group or faith,Urban
Mexico,Male,26-35,Christianity,Urban
Mexico,Female,26-35,Christianity,Urban
Mexico,Male,36-45,Christianity,Urban
Mexico,Female,26-35,I do not identify with any religious group or faith,Urban
Mexico,Female,26-35,Christianity,Urban
Mexico,Female,36-45,Christianity,Urban
Mexico,Female,56-65,Christianity,Urban
Mexico,Male,56-65,Christianity,Urban
Mexico,Male,36-45,I do not identify with any religious group or faith,Urban
Mexico,Male,18-25,Christianity,Urban
Mexico,Male,18-25,Christianity,Urban
Mexico,Female,18-25,Christianity,Urban
Mexico,Male,46-55,Christianity,Urban
Mexico,Male,46-55,Christianity,Urban
Mexico,Female,26-35,Christianity,Urban
Mexico,Female,26-35,Christianity,Urban
Mexico,Male,18-25,Christianity,Urban
Mexico,Male,36-45,Christianity,Urban
Mexico,Male,18-25,Christianity,Urban
Mexico,Female,18-25,Christianity,Urban
Mexico,Female,18-25,Christianity,Urban
Mexico,Female,18-25,Christianity,Urban
Mexico,Male,18-25,Other religious group,Urban
Mexico,Male,18-25,Christianity,Urban
Mexico,Female,26-35,Christianity,Urban
Mexico,Male,18-25,Christianity,Urban
Mexico,Female,56-65,Christianity,Urban
Mexico,Female,46-55,Christianity,Urban
Mexico,Male,56-65,Christianity,Urban
Mexico,Male,46-55,Christianity,Urban
Mexico,Female,26-35,I do not identify with any religious group or faith,Urban
Mexico,Female,26-35,Christianity,Urban
Mexico,Male,56-65,Christianity,Urban
Mexico,Female,26-35,Christianity,Urban
Mexico,Male,46-55,Christianity,Urban
Mexico,Female,26-35,Christianity,Urban
Mexico,Male,65+,Christianity,Urban
Mexico,Male,18-25,I do not identify with any religious group or faith,Urban
Mexico,Female,65+,Christianity,Urban
Mexico,Female,26-35,Christianity,Urban
Mexico,Female,56-65,I do not identify with any religious group or faith,Urban
Mexico,Male,18-25,Christianity,Urban
Mexico,Male,18-25,I do not identify with any religious group or faith,Urban
Mexico,Male,36-45,Christianity,Urban
Mexico,Female,56-65,Christianity,Urban
Mexico,Male,18-25,I do not identify with any religious group or faith,Urban
Mexico,Male,18-25,Christianity,Urban
Mexico,Female,65+,Christianity,Urban
Mexico,Female,26-35,Christianity,Urban
Mexico,Male,46-55,Christianity,Urban
Mexico,Female,56-65,Christianity,Urban
Mexico,Male,18-25,I do not identify with any religious group or faith,Urban
Mexico,Female,46-55,Christianity,Urban
Mexico,Male,36-45,Christianity,Urban
Mexico,Female,46-55,Christianity,Urban
Mexico,Female,26-35,Christianity,Urban
Mexico,Male,18-25,Christianity,Urban
Mexico,Male,56-65,Christianity,Urban
Mexico,Female,65+,Christianity,Urban
Mexico,Female,26-35,Christianity,Urban
Mexico,Male,36-45,I do not identify with any religious group or faith,Urban
Mexico,Male,18-25,Christianity,Urban
Mexico,Female,18-25,I do not identify with any religious group or faith,Urban
Mexico,Male,26-35,Christianity,Urban
Mexico,Male,26-35,Christianity,Urban
Mexico,Male,46-55,Christianity,Urban
Mexico,Male,36-45,Christianity,Urban
Mexico,Female,46-55,Christianity,Urban
Mexico,Male,18-25,Christianity,Urban
Mexico,Female,36-45,Christianity,Urban
Mexico,Male,18-25,Christianity,Urban
Mexico,Female,26-35,Christianity,Urban
Mexico,Male,26-35,Christianity,Urban
Mexico,Female,26-35,Christianity,Urban
Mexico,Female,26-35,Christianity,Urban
Mexico,Male,26-35,Judaism,Urban
Mexico,Male,18-25,Christianity,Urban
Mexico,Female,18-25,Christianity,Urban
Mexico,Female,18-25,Christianity,Urban
Mexico,Female,18-25,Other religious group,Urban
Mexico,Female,26-35,Christianity,Urban
Mexico,Male,36-45,Christianity,Urban
Mexico,Male,18-25,Christianity,Urban
Mexico,Female,18-25,Christianity,Urban
Mexico,Male,18-25,Christianity,Urban
Mexico,Female,46-55,I do not identify with any religious group or faith,Urban
Mexico,Female,65+,Christianity,Urban
Mexico,Male,56-65,Christianity,Urban
Mexico,Male,56-65,Christianity,Urban
Mexico,Female,46-55,I do not identify with any religious group or faith,Urban
Mexico,Female,65+,Christianity,Urban
Mexico,Female,36-45,Christianity,Urban
Mexico,Male,65+,Christianity,Urban
Mexico,Male,46-55,Christianity,Urban
Mexico,Female,56-65,Christianity,Urban
Mexico,Female,56-65,Christianity,Urban
Mexico,Male,18-25,Christianity,Urban
Mexico,Female,18-25,I do not identify with any religious group or faith,Urban
Mexico,Male,26-35,Christianity,Urban
Mexico,Female,18-25,I do not identify with any religious group or faith,Urban
Mexico,Male,65+,Christianity,Urban
Mexico,Male,46-55,Christianity,Urban
Mexico,Female,18-25,Christianity,Urban
Mexico,Female,56-65,Christianity,Urban
Mexico,Male,36-45,Christianity,Urban
Mexico,Female,36-45,Christianity,Urban
Mexico,Female,26-35,Christianity,Urban
Mexico,Male,36-45,Christianity,Urban
Mexico,Male,26-35,Christianity,Urban
Mexico,Female,56-65,Christianity,Urban
Mexico,Female,18-25,Christianity,Urban
Mexico,Male,26-35,I do not identify with any religious group or faith,Urban
Mexico,Male,56-65,Christianity,Urban
Mexico,Female,36-45,Christianity,Urban
Mexico,Male,56-65,I do not identify with any religious group or faith,Urban
Mexico,Male,46-55,Christianity,Urban
Mexico,Female,56-65,Christianity,Urban
Mexico,Female,46-55,Christianity,Urban
Mexico,Male,18-25,Christianity,Urban
Mexico,Male,36-45,Christianity,Urban
Mexico,Male,26-35,Christianity,Urban
Mexico,Female,26-35,Christianity,Urban
Mexico,Female,18-25,,Urban
Mexico,Female,46-55,Christianity,Urban
Mexico,Male,46-55,,Urban
Mexico,Male,26-35,I do not identify with any religious group or faith,Urban
Mexico,Female,18-25,,Urban
Mexico,Male,18-25,I do not identify with any religious group or faith,Urban
Mexico,Male,56-65,Christianity,Urban
Mexico,Female,46-55,Christianity,Urban
Mexico,Male,26-35,Christianity,Urban
Mexico,Female,46-55,Christianity,Urban
Mexico,Female,26-35,Christianity,Urban
Mexico,Male,18-25,,Urban
Mexico,Male,46-55,Christianity,Urban
Mexico,Female,56-65,Christianity,Urban
Mexico,Female,46-55,Christianity,Urban
Mexico,Female,65+,Christianity,Urban
Mexico,Male,18-25,Christianity,Urban
Mexico,Male,26-35,,Urban
Mexico,Female,65+,Christianity,Urban
Mexico,Female,18-25,Christianity,Urban
Mexico,Female,46-55,Christianity,Urban
Mexico,Male,18-25,I do not identify with any religious group or faith,Urban
Mexico,Female,36-45,I do not identify with any religious group or faith,Urban
Mexico,Female,26-35,Christianity,Rural
Mexico,Male,26-35,Other religious group,Rural
Mexico,Male,36-45,Christianity,Rural
Mexico,Female,46-55,I do not identify with any religious group or faith,Rural
Mexico,Male,46-55,I do not identify with any religious group or faith,Rural
Mexico,Male,56-65,Christianity,Rural
Mexico,Male,56-65,Christianity,Rural
Mexico,Female,18-25,I do not identify with any religious group or faith,Rural
Mexico,Male,46-55,Christianity,Rural
Mexico,Female,18-25,Christianity,Rural
Mexico,Female,65+,Christianity,Urban
Mexico,Female,18-25,I do not identify with any religious group or faith,Urban
Mexico,Male,26-35,I do not identify with any religious group or faith,Urban
Mexico,Male,65+,Christianity,Urban
Mexico,Female,36-45,Christianity,Urban
Mexico,Female,36-45,Christianity,Urban
Mexico,Male,26-35,Christianity,Urban
Mexico,Female,26-35,I do not identify with any religious group or faith,Urban
Mexico,Male,36-45,Christianity,Urban
Mexico,Female,56-65,Christianity,Urban
Mexico,Female,18-25,Christianity,Urban
Mexico,Male,26-35,Christianity,Urban
Mexico,Female,26-35,,Urban
Mexico,Male,56-65,Christianity,Urban
Mexico,Female,46-55,Christianity,Urban
Mexico,Female,26-35,I do not identify with any religious group or faith,Urban
Mexico,Male,26-35,Christianity,Urban
Mexico,Male,36-45,Christianity,Urban
Mexico,Female,46-55,Christianity,Urban
Mexico,Female,18-25,Christianity,Urban
Mexico,Male,18-25,I do not identify with any religious group or faith,Urban
Mexico,Female,26-35,Christianity,Urban
Mexico,Female,26-35,Christianity,Urban
Mexico,Male,46-55,Christianity,Urban
Mexico,Male,26-35,Christianity,Urban
Mexico,Female,18-25,Christianity,Urban
Mexico,Female,46-55,Christianity,Urban
Mexico,Female,36-45,,Urban
Mexico,Male,46-55,Christianity,Urban
Mexico,Male,56-65,Christianity,Urban
Mexico,Male,18-25,I do not identify with any religious group or faith,Urban
Mexico,Female,18-25,I do not identify with any religious group or faith,Urban
Mexico,Female,26-35,I do not identify with any religious group or faith,Urban
Mexico,Male,56-65,Christianity,Urban
Mexico,Male,46-55,Christianity,Urban
Mexico,Female,36-45,Christianity,Urban
Mexico,Female,18-25,Judaism,Urban
Mexico,Male,46-55,Christianity,Urban
Mexico,Female,65+,Christianity,Urban
Mexico,Male,26-35,Christianity,Urban
Mexico,Female,26-35,I do not identify with any religious group or faith,Urban
Mexico,Male,36-45,I do not identify with any religious group or faith,Urban
Mexico,Male,36-45,Christianity,Urban
Mexico,Female,46-55,Christianity,Urban
Mexico,Female,36-45,I do not identify with any religious group or faith,Urban
Mexico,Male,26-35,Christianity,Urban
Mexico,Male,26-35,Christianity,Urban
Mexico,Female,26-35,Christianity,Urban
Mexico,Male,36-45,Christianity,Urban
Mexico,Female,46-55,Christianity,Urban
Mexico,Female,36-45,Christianity,Urban
Mexico,Female,18-25,Christianity,Urban
Mexico,Male,18-25,I do not identify with any religious group or faith,Urban
Mexico,Female,46-55,Christianity,Urban
Mexico,Male,56-65,Christianity,Urban
Mexico,Female,36-45,Christianity,Urban
Mexico,Male,46-55,Christianity,Urban
Mexico,Male,56-65,Christianity,Urban
Mexico,Female,18-25,Christianity,Urban
Mexico,Male,56-65,Christianity,Urban
Mexico,Female,26-35,Christianity,Urban
Mexico,Female,36-45,Christianity,Urban
Mexico,Female,56-65,Christianity,Urban
Mexico,Male,26-35,Christianity,Urban
Mexico,Male,46-55,,Urban
Mexico,Male,56-65,Christianity,Urban
Mexico,Male,18-25,Christianity,Urban
Mexico,Male,26-35,Christianity,Urban
Mexico,Female,18-25,Christianity,Urban
Mexico,Female,18-25,Christianity,Urban
Mexico,Female,26-35,Christianity,Urban
Mexico,Female,46-55,I do not identify with any religious group or faith,Urban
Mexico,Male,18-25,Christianity,Urban
Mexico,Male,46-55,Christianity,Urban
Mexico,Female,18-25,Christianity,Urban
Mexico,Male,56-65,Christianity,Urban
Mexico,Male,26-35,Christianity,Urban
Mexico,Female,36-45,Christianity,Urban
Mexico,Male,46-55,I do not identify with any religious group or faith,Urban
Mexico,Female,46-55,Christianity,Urban
Mexico,Male,56-65,Christianity,Urban
Mexico,Female,18-25,I do not identify with any religious group or faith,Urban
Mexico,Female,26-35,Christianity,Urban
Mexico,Female,18-25,Christianity,Urban
Mexico,Female,65+,I do not identify with any religious group or faith,Urban
Mexico,Male,18-25,Christianity,Urban
Mexico,Female,46-55,Christianity,Urban
Mexico,Male,36-45,Christianity,Urban
Mexico,Male,18-25,I do not identify with any religious group or faith,Urban
Mexico,Female,46-55,I do not identify with any religious group or faith,Urban
Mexico,Female,18-25,Christianity,Urban
Mexico,Female,36-45,Christianity,Urban
Mexico,Male,36-45,Christianity,Urban
Mexico,Male,26-35,Christianity,Urban
Mexico,Female,18-25,Christianity,Urban
Mexico,Male,26-35,Christianity,Urban
Mexico,Male,46-55,Christianity,Urban
Mexico,Female,36-45,Christianity,Urban
Mexico,Male,56-65,Other religious group,Urban
Mexico,Female,26-35,Christianity,Urban
Mexico,Male,65+,Christianity,Urban
Mexico,Male,56-65,Christianity,Urban
Mexico,Female,26-35,Christianity,Urban
Mexico,Female,46-55,Christianity,Urban
Mexico,Female,46-55,Christianity,Urban
Mexico,Female,65+,Christianity,Urban
Mexico,Male,36-45,Christianity,Urban
Mexico,Male,36-45,I do not identify with any religious group or faith,Urban
Mexico,Female,46-55,Christianity,Urban
Mexico,Male,46-55,Christianity,Urban
Mexico,Male,46-55,Christianity,Urban
Mexico,Male,26-35,Christianity,Urban
Mexico,Female,56-65,Christianity,Urban
Mexico,Male,36-45,I do not identify with any religious group or faith,Urban
Mexico,Female,56-65,Christianity,Urban
Mexico,Female,36-45,Judaism,Urban
Mexico,Male,56-65,Christianity,Urban
Mexico,Female,65+,Christianity,Urban
Mexico,Female,56-65,Christianity,Urban
Mexico,Male,26-35,Christianity,Urban
Mexico,Male,18-25,Christianity,Urban
Mexico,Female,36-45,Christianity,Urban
Mexico,Female,46-55,Christianity,Urban
Mexico,Male,26-35,Christianity,Urban
Mexico,Female,18-25,Christianity,Urban
Mexico,Male,36-45,Christianity,Urban
Mexico,Female,46-55,Christianity,Urban
Mexico,Male,36-45,Christianity,Urban
Mexico,Male,46-55,Christianity,Urban
Mexico,Female,26-35,Christianity,Urban
Mexico,Male,26-35,I do not identify with any religious group or faith,Urban
Mexico,Female,26-35,Christianity,Urban
Mexico,Male,56-65,Christianity,Urban
Mexico,Female,26-35,Christianity,Urban
Mexico,Male,18-25,I do not identify with any religious group or faith,Urban
Mexico,Female,26-35,I do not identify with any religious group or faith,Urban
Mexico,Male,26-35,Christianity,Urban
Mexico,Female,36-45,Christianity,Urban
Mexico,Male,36-45,Christianity,Urban
Mexico,Female,36-45,I do not identify with any religious group or faith,Urban
Mexico,Female,26-35,Christianity,Urban
Mexico,Male,26-35,Christianity,Urban
Mexico,Male,26-35,Christianity,Urban
Mexico,Male,18-25,Christianity,Urban
Mexico,Male,36-45,I do not identify with any religious group or faith,Urban
Mexico,Female,26-35,Christianity,Urban
Mexico,Male,26-35,Christianity,Urban
Mexico,Male,18-25,Christianity,Urban
Mexico,Female,26-35,Christianity,Urban
Mexico,Male,36-45,Christianity,Urban
Mexico,Female,56-65,I do not identify with any religious group or faith,Urban
Mexico,Female,18-25,Christianity,Urban
Mexico,Female,18-25,Christianity,Urban
Mexico,Female,56-65,I do not identify with any religious group or faith,Urban
Mexico,Male,18-25,I do not identify with any religious group or faith,Urban
Mexico,Male,26-35,Christianity,Urban
Mexico,Male,65+,Christianity,Urban
Mexico,Male,36-45,Christianity,Urban
Mexico,Female,18-25,Christianity,Urban
Mexico,Female,26-35,Christianity,Urban
Mexico,Female,46-55,Christianity,Urban
Mexico,Male,26-35,I do not identify with any religious group or faith,Urban
Mexico,Male,18-25,I do not identify with any religious group or faith,Urban
Mexico,Female,26-35,I do not identify with any religious group or faith,Urban
Mexico,Male,36-45,Christianity,Urban
Mexico,Male,36-45,Christianity,Urban
Mexico,Male,65+,Christianity,Urban
Mexico,Female,46-55,Christianity,Urban
Mexico,Male,46-55,Christianity,Urban
Mexico,Female,46-55,Christianity,Urban
Mexico,Male,26-35,Christianity,Urban
Mexico,Male,18-25,Christianity,Urban
Mexico,Female,56-65,Christianity,Urban
Mexico,Male,65+,Christianity,Urban
Mexico,Female,65+,I do not identify with any religious group or faith,Urban
Mexico,Female,36-45,Christianity,Urban
Mexico,Male,65+,Christianity,Urban
Mexico,Female,65+,Christianity,Urban
Mexico,Female,46-55,Christianity,Urban
Mexico,Male,18-25,I do not identify with any religious group or faith,Urban
Mexico,Female,26-35,Christianity,Urban
Mexico,Male,18-25,I do not identify with any religious group or faith,Urban
Mexico,Male,56-65,Christianity,Urban
Mexico,Female,46-55,I do not identify with any religious group or faith,Urban
Mexico,Female,65+,Other religious group,Urban
Mexico,Female,36-45,Christianity,Urban
Mexico,Male,65+,Christianity,Urban
Mexico,Female,65+,Christianity,Urban
Mexico,Male,18-25,,Urban
Mexico,Female,65+,Christianity,Urban
Mexico,Male,18-25,,Urban
Mexico,Female,46-55,Christianity,Urban
Mexico,Male,56-65,Christianity,Urban
Mexico,Male,56-65,Christianity,Urban
Mexico,Female,36-45,Christianity,Urban
Mexico,Female,36-45,,Urban
Mexico,Female,18-25,Christianity,Urban
Mexico,Male,65+,Christianity,Urban
Mexico,Female,46-55,Christianity,Urban
Mexico,Male,18-25,Christianity,Urban
Mexico,Male,26-35,Christianity,Urban
Mexico,Female,56-65,Christianity,Urban
Mexico,Female,26-35,Christianity,Urban
Mexico,Male,36-45,Christianity,Urban
Mexico,Female,26-35,Christianity,Urban
Mexico,Female,56-65,Christianity,Urban
Mexico,Female,36-45,Christianity,Urban
Mexico,Female,26-35,I do not identify with any religious group or faith,Urban
Mexico,Male,65+,Christianity,Urban
Mexico,Male,26-35,Christianity,Urban
Mexico,Male,18-25,I do not identify with any religious group or faith,Urban
Mexico,Female,26-35,Christianity,Urban
Mexico,Male,65+,I do not identify with any religious group or faith,Urban
Mexico,Female,36-45,I do not identify with any religious group or faith,Urban
Mexico,Female,65+,Christianity,Urban
Mexico,Female,56-65,Christianity,Urban
Mexico,Male,56-65,Christianity,Urban
Mexico,Female,56-65,Christianity,Urban
Mexico,Male,65+,I do not identify with any religious group or faith,Urban
Mexico,Male,18-25,Christianity,Urban
Mexico,Female,18-25,Christianity,Urban
Mexico,Female,18-25,Christianity,Urban
Mexico,Male,46-55,Christianity,Urban
Mexico,Female,26-35,I do not identify with any religious group or faith,Urban
Mexico,Male,46-55,Christianity,Urban
Mexico,Female,26-35,I do not identify with any religious group or faith,Urban
Mexico,Female,46-55,,Urban
Mexico,Male,18-25,I do not identify with any religious group or faith,Urban
Mexico,Female,56-65,Christianity,Urban
Mexico,Male,36-45,Christianity,Urban
Mexico,Male,36-45,Christianity,Urban
Mexico,Female,56-65,Christianity,Urban
Mexico,Female,18-25,Christianity,Urban
Mexico,Male,36-45,Christianity,Urban
Mexico,Male,65+,I do not identify with any religious group or faith,Urban
Mexico,Female,56-65,Christianity,Urban
Mexico,Male,65+,Christianity,Urban
Mexico,Female,26-35,Christianity,Urban
Mexico,Female,36-45,Christianity,Urban
Mexico,Male,56-65,Christianity,Urban
Mexico,Female,56-65,Other religious group,Urban
Mexico,Female,18-25,Christianity,Urban
Mexico,Male,46-55,I do not identify with any religious group or faith,Urban
Mexico,Male,18-25,I do not identify with any religious group or faith,Urban
Mexico,Male,26-35,Christianity,Urban
Mexico,Male,18-25,Christianity,Urban
Mexico,Male,36-45,I do not identify with any religious group or faith,Urban
Mexico,Female,36-45,Christianity,Urban
Mexico,Male,65+,Christianity,Urban
Mexico,Female,18-25,Other religious group,Urban
Mexico,Female,26-35,Christianity,Urban
Mexico,Male,56-65,Christianity,Urban
Mexico,Female,65+,Christianity,Urban
Mexico,Female,26-35,Christianity,Urban
Mexico,Female,65+,Christianity,Urban
Mexico,Female,65+,Christianity,Urban
Mexico,Male,36-45,I do not identify with any religious group or faith,Urban
Mexico,Male,26-35,Christianity,Urban
Mexico,Male,26-35,Christianity,Urban
Mexico,Male,65+,Christianity,Urban
Mexico,Female,65+,I do not identify with any religious group or faith,Urban
Mexico,Male,65+,I do not identify with any religious group or faith,Urban
Mexico,Male,56-65,Christianity,Urban
Mexico,Male,26-35,Christianity,Urban
Mexico,Female,56-65,Christianity,Urban
Mexico,Female,46-55,Christianity,Urban
Mexico,Male,65+,Christianity,Urban
Mexico,Female,46-55,Christianity,Urban
Mexico,Female,36-45,Christianity,Urban
Mexico,Male,26-35,I do not identify with any religious group or faith,Urban
Mexico,Male,18-25,Christianity,Urban
Mexico,Male,26-35,Christianity,Urban
Mexico,Female,36-45,Christianity,Urban
Mexico,Female,46-55,Christianity,Urban
Mexico,Female,56-65,Christianity,Urban
Mexico,Male,46-55,Christianity,Urban
Mexico,Male,26-35,Christianity,Urban
Mexico,Female,56-65,Christianity,Urban
Mexico,Female,18-25,Christianity,Urban
Mexico,Male,56-65,Christianity,Urban
Mexico,Male,65+,I do not identify with any religious group or faith,Urban
Mexico,Female,18-25,Christianity,Urban
Mexico,Female,56-65,Christianity,Urban
Mexico,Male,46-55,Christianity,Urban
Mexico,Female,36-45,Christianity,Urban
Mexico,Female,18-25,Christianity,Urban
Mexico,Female,18-25,Christianity,Urban
Mexico,Female,36-45,Christianity,Urban
Mexico,Male,26-35,Christianity,Urban
Mexico,Male,18-25,Christianity,Urban
Mexico,Female,46-55,Christianity,Urban
Mexico,Female,36-45,Christianity,Urban
Mexico,Male,18-25,I do not identify with any religious group or faith,Urban
Mexico,Male,18-25,Christianity,Urban
Mexico,Male,18-25,Christianity,Urban
Mexico,Female,65+,Christianity,Urban
Mexico,Female,46-55,I do not identify with any religious group or faith,Urban
Mexico,Female,26-35,I do not identify with any religious group or faith,Urban
Mexico,Male,18-25,Christianity,Urban
Mexico,Male,26-35,Christianity,Urban
Mexico,Female,26-35,Christianity,Urban
Mexico,Male,46-55,Christianity,Urban
Mexico,Female,18-25,I do not identify with any religious group or faith,Urban
Mexico,Male,18-25,I do not identify with any religious group or faith,Urban
Mexico,Female,26-35,Christianity,Urban
Mexico,Male,18-25,Christianity,Urban
Mexico,Female,26-35,Christianity,Urban
Mexico,Female,65+,Christianity,Urban
Mexico,Male,26-35,Christianity,Urban
Mexico,Male,65+,Christianity,Urban
Mexico,Male,26-35,Christianity,Urban
Mexico,Male,46-55,Christianity,Urban
Mexico,Female,36-45,Christianity,Urban
Mexico,Female,26-35,Christianity,Urban
Mexico,Female,56-65,Christianity,Urban
Mexico,Female,65+,Christianity,Urban
Mexico,Male,65+,Christianity,Urban
Mexico,Female,36-45,Christianity,Urban
Mexico,Female,46-55,Christianity,Urban
Mexico,Male,46-55,Other religious group,Urban
Mexico,Female,18-25,Christianity,Urban
Mexico,Female,18-25,Christianity,Urban
Mexico,Male,56-65,Christianity,Urban
Mexico,Female,36-45,Christianity,Urban
Mexico,Male,56-65,Christianity,Urban
Mexico,Female,18-25,Christianity,Urban
Mexico,Female,26-35,Christianity,Urban
Mexico,Male,26-35,Christianity,Urban
Mexico,Female,36-45,Christianity,Urban
Mexico,Female,56-65,Christianity,Urban
Mexico,Female,56-65,Christianity,Urban
Mexico,Male,65+,Christianity,Urban
Mexico,Male,46-55,Christianity,Urban
Mexico,Female,46-55,Christianity,Urban
Mexico,Male,65+,Christianity,Urban
Mexico,Male,56-65,Christianity,Urban
Mexico,Female,18-25,I do not identify with any religious group or faith,Urban
Mexico,Female,18-25,Christianity,Urban
Mexico,Female,36-45,Christianity,Urban
Mexico,Male,18-25,I do not identify with any religious group or faith,Urban
Mexico,Female,46-55,Christianity,Urban
Mexico,Male,18-25,I do not identify with any religious group or faith,Urban
Mexico,Male,26-35,Christianity,Urban
Mexico,Female,56-65,Christianity,Urban
Mexico,Male,46-55,Christianity,Urban
Mexico,Female,46-55,Christianity,Urban
Mexico,Female,18-25,I do not identify with any religious group or faith,Urban
Mexico,Male,26-35,Christianity,Urban
Mexico,Male,65+,Christianity,Urban
Mexico,Female,26-35,Christianity,Urban
Mexico,Female,36-45,I do not identify with any religious group or faith,Urban
Mexico,Female,26-35,Christianity,Urban
Mexico,Female,65+,Christianity,Urban
Mexico,Male,56-65,Christianity,Urban
Mexico,Female,18-25,I do not identify with any religious group or faith,Urban
Mexico,Male,65+,Christianity,Urban
Mexico,Male,26-35,I do not identify with any religious group or faith,Urban
Mexico,Male,65+,Christianity,Urban
Mexico,Female,65+,Christianity,Urban
Mexico,Female,26-35,I do not identify with any religious group or faith,Urban
Mexico,Male,56-65,I do not identify with any religious group or faith,Urban
Mexico,Female,46-55,Christianity,Urban
Mexico,Male,65+,I do not identify with any religious group or faith,Urban
Mexico,Female,26-35,Christianity,Urban
Mexico,Female,46-55,Christianity,Urban
Mexico,Male,56-65,Christianity,Urban
Mexico,Male,18-25,Christianity,Urban
Mexico,Male,26-35,Christianity,Urban
Mexico,Female,18-25,Christianity,Urban
Mexico,Female,36-45,I do not identify with any religious group or faith,Urban
Mexico,Female,18-25,Christianity,Urban
Mexico,Female,36-45,Christianity,Urban
Mexico,Female,18-25,Christianity,Urban
Mexico,Female,46-55,Christianity,Urban
Mexico,Male,26-35,Christianity,Urban
Mexico,Female,18-25,Christianity,Urban
Mexico,Female,36-45,Christianity,Urban
Mexico,Male,36-45,Christianity,Urban
Mexico,Male,18-25,I do not identify with any religious group or faith,Urban
Mexico,Male,26-35,Christianity,Urban
Mexico,Male,56-65,Christianity,Urban
Mexico,Female,56-65,Christianity,Urban
Mexico,Female,18-25,Christianity,Urban
Mexico,Female,46-55,,Urban
Mexico,Male,18-25,I do not identify with any religious group or faith,Urban
Mexico,Female,36-45,Christianity,Urban
Mexico,Male,46-55,Other religious group,Urban
Mexico,Female,26-35,Christianity,Urban
Mexico,Male,36-45,Christianity,Urban
Mexico,Male,18-25,Christianity,Urban
Mexico,Male,26-35,I do not identify with any religious group or faith,Rural
Mexico,Female,56-65,I do not identify with any religious group or faith,Rural
Mexico,Female,18-25,Christianity,Rural
Mexico,Male,26-35,Christianity,Rural
Mexico,Female,26-35,Christianity,Rural
Mexico,Female,36-45,Christianity,Rural
Mexico,Female,36-45,Christianity,Rural
Mexico,Male,18-25,Christianity,Rural
Mexico,Female,46-55,Christianity,Rural
Mexico,Male,26-35,I do not identify with any religious group or faith,Rural
Mexico,Female,56-65,Christianity,Urban
Mexico,Female,26-35,Christianity,Urban
Mexico,Female,18-25,Christianity,Urban
Mexico,Male,18-25,Christianity,Urban
Mexico,Female,18-25,Christianity,Urban
Mexico,Male,26-35,Christianity,Urban
Mexico,Male,46-55,Christianity,Urban
Mexico,Male,36-45,Christianity,Urban
Mexico,Female,26-35,I do not identify with any religious group or faith,Urban
Mexico,Male,36-45,I do not identify with any religious group or faith,Urban
Mexico,Female,46-55,Christianity,Urban
Mexico,Male,26-35,I do not identify with any religious group or faith,Urban
Mexico,Female,18-25,Christianity,Urban
Mexico,Female,36-45,Christianity,Urban
Mexico,Female,18-25,Christianity,Urban
Mexico,Male,36-45,,Urban
Mexico,Female,56-65,,Urban
Mexico,Male,36-45,Christianity,Urban
Mexico,Male,36-45,Christianity,Urban
Mexico,Male,26-35,Christianity,Urban
Mexico,Male,26-35,Christianity,Urban
Mexico,Male,36-45,Christianity,Urban
Mexico,Female,36-45,Christianity,Urban
Mexico,Male,18-25,Christianity,Urban
Mexico,Female,26-35,Christianity,Urban
Mexico,Female,26-35,Christianity,Urban
Mexico,Male,18-25,Christianity,Urban
Mexico,Female,56-65,Christianity,Urban
Mexico,Female,26-35,Christianity,Urban
Mexico,Male,56-65,Christianity,Urban
Mexico,Female,26-35,Christianity,Urban
Mexico,Female,26-35,Christianity,Urban
Mexico,Male,56-65,Christianity,Urban
Mexico,Male,18-25,Christianity,Urban
Mexico,Female,36-45,Christianity,Urban
Mexico,Male,26-35,Christianity,Urban
Mexico,Female,18-25,I do not identify with any religious group or faith,Urban
Mexico,Female,36-45,Christianity,Urban
Mexico,Male,56-65,Christianity,Urban
Mexico,Male,36-45,Christianity,Urban
Mexico,Female,56-65,Christianity,Urban
Mexico,Female,26-35,Christianity,Urban
Mexico,Male,26-35,Christianity,Urban
Mexico,Female,65+,Christianity,Urban
Mexico,Female,18-25,Christianity,Urban
Mexico,Male,26-35,Christianity,Urban
Mexico,Male,46-55,Christianity,Urban
Mexico,Male,36-45,Christianity,Urban
Mexico,Female,36-45,Christianity,Urban
Mexico,Male,56-65,Christianity,Urban
Mexico,Female,18-25,I do not identify with any religious group or faith,Urban
Mexico,Male,18-25,I do not identify with any religious group or faith,Urban
Mexico,Female,65+,Christianity,Urban
Mexico,Male,65+,Christianity,Urban
Mexico,Female,65+,Christianity,Urban
Mexico,Male,18-25,I do not identify with any religious group or faith,Urban
Mexico,Female,26-35,Christianity,Urban
Mexico,Male,46-55,Christianity,Urban
Mexico,Female,36-45,Christianity,Urban
Mexico,Male,18-25,I do not identify with any religious group or faith,Urban
Mexico,Male,56-65,I do not identify with any religious group or faith,Urban
Mexico,Female,36-45,I do not identify with any religious group or faith,Urban
Mexico,Female,26-35,Christianity,Urban
Mexico,Female,65+,Christianity,Urban
Mexico,Male,46-55,Christianity,Urban
Mexico,Female,46-55,I do not identify with any religious group or faith,Urban
Mexico,Male,46-55,Christianity,Urban
Mexico,Female,18-25,Christianity,Urban
Mexico,Male,18-25,Christianity,Urban
Mexico,Male,18-25,Christianity,Urban
Mexico,Male,56-65,Christianity,Urban
Mexico,Male,26-35,Christianity,Urban
Mexico,Female,65+,Christianity,Urban
Mexico,Male,46-55,,Urban
Mexico,Female,56-65,Christianity,Urban
Mexico,Male,56-65,Christianity,Urban
Mexico,Female,65+,Christianity,Urban
Mexico,Female,26-35,Christianity,Urban
Mexico,Male,26-35,I do not identify with any religious group or faith,Urban
Mexico,Male,18-25,Christianity,Urban
Mexico,Female,26-35,,Urban
Mexico,Male,26-35,,Urban
Mexico,Male,56-65,I do not identify with any religious group or faith,Urban
Mexico,Female,36-45,I do not identify with any religious group or faith,Urban
Mexico,Female,18-25,Christianity,Urban
Mexico,Male,65+,,Urban
Mexico,Female,26-35,,Urban
Mexico,Female,26-35,,Urban
Mexico,Male,46-55,Christianity,Urban
Mexico,Male,18-25,Christianity,Urban
Mexico,Female,46-55,Christianity,Urban
Mexico,Female,18-25,Christianity,Urban
Mexico,Female,26-35,Christianity,Urban
Mexico,Male,46-55,Christianity,Urban
Mexico,Male,65+,Christianity,Urban
Mexico,Female,26-35,Christianity,Urban
Mexico,Female,18-25,Christianity,Urban
Mexico,Male,18-25,I do not identify with any religious group or faith,Urban
Mexico,Male,36-45,Christianity,Urban
Mexico,Male,46-55,Christianity,Urban
Mexico,Female,56-65,Christianity,Urban
Mexico,Male,46-55,Christianity,Urban
Mexico,Female,18-25,Christianity,Urban
Mexico,Male,18-25,Christianity,Urban
Mexico,Female,46-55,Christianity,Urban
Mexico,Male,26-35,I do not identify with any religious group or faith,Urban
Mexico,Male,56-65,Christianity,Urban
Mexico,Male,36-45,Christianity,Urban
Mexico,Female,36-45,Christianity,Urban
Mexico,Female,36-45,Christianity,Urban
Mexico,Female,18-25,I do not identify with any religious group or faith,Urban
Mexico,Female,56-65,Christianity,Urban
Mexico,Male,56-65,Christianity,Urban
Mexico,Female,56-65,Christianity,Urban
Mexico,Female,36-45,Christianity,Urban
Mexico,Male,26-35,Christianity,Urban
Mexico,Female,18-25,Christianity,Urban
Mexico,Female,26-35,Christianity,Urban
Mexico,Male,18-25,Christianity,Urban
Mexico,Male,26-35,Christianity,Urban
Mexico,Female,46-55,Christianity,Urban
Mexico,Female,18-25,Christianity,Urban
Mexico,Male,65+,Christianity,Urban
Mexico,Female,26-35,Christianity,Urban
Mexico,Male,56-65,Christianity,Urban
Mexico,Male,18-25,I do not identify with any religious group or faith,Urban
Mexico,Female,65+,Christianity,Urban
Mexico,Male,36-45,Christianity,Urban
Mexico,Female,18-25,Christianity,Urban
Mexico,Male,18-25,I do not identify with any religious group or faith,Urban
Mexico,Female,26-35,Christianity,Urban
Mexico,Female,56-65,Christianity,Urban
Mexico,Male,36-45,Christianity,Urban
Mexico,Male,36-45,Christianity,Urban
Mexico,Female,56-65,I do not identify with any religious group or faith,Urban
Mexico,Female,56-65,Christianity,Urban
Mexico,Female,26-35,Christianity,Urban
Mexico,Male,36-45,Christianity,Urban
Mexico,Male,26-35,Christianity,Urban
Mexico,Male,26-35,Christianity,Urban
Mexico,Female,26-35,Christianity,Urban
Mexico,Male,56-65,Christianity,Urban
Mexico,Female,65+,Christianity,Urban
Mexico,Male,18-25,Christianity,Urban
Mexico,Male,36-45,Christianity,Urban
Mexico,Female,36-45,Christianity,Urban
Mexico,Male,18-25,Christianity,Urban
Mexico,Male,26-35,I do not identify with any religious group or faith,Urban
Mexico,Female,26-35,Christianity,Urban
Mexico,Female,36-45,Christianity,Urban
Mexico,Male,56-65,Christianity,Urban
Mexico,Male,26-35,Christianity,Urban
Mexico,Female,65+,Christianity,Urban
Mexico,Female,36-45,I do not identify with any religious group or faith,Urban
Mexico,Female,56-65,Christianity,Urban
Mexico,Male,36-45,Christianity,Urban
Mexico,Male,56-65,Christianity,Urban
Mexico,Male,18-25,Christianity,Urban
Mexico,Female,18-25,Christianity,Urban
Mexico,Female,65+,Christianity,Urban
Mexico,Male,46-55,Christianity,Urban
Mexico,Male,26-35,I do not identify with any religious group or faith,Urban
Mexico,Male,46-55,I do not identify with any religious group or faith,Urban
Mexico,Female,56-65,,Urban
Mexico,Female,18-25,Christianity,Urban
Mexico,Male,26-35,,Urban
Mexico,Female,46-55,Christianity,Urban
Mexico,Female,36-45,Christianity,Urban
Mexico,Female,46-55,Christianity,Urban
Mexico,Male,46-55,Christianity,Urban
Mexico,Female,18-25,Christianity,Urban
Mexico,Female,26-35,Christianity,Urban
Mexico,Male,46-55,Christianity,Urban
Mexico,Female,56-65,Christianity,Urban
Mexico,Female,18-25,I do not identify with any religious group or faith,Urban
Mexico,Female,18-25,Christianity,Urban
Mexico,Male,36-45,Christianity,Urban
Mexico,Male,46-55,Christianity,Urban
Mexico,Male,26-35,Christianity,Urban
Mexico,Female,18-25,Christianity,Urban
Mexico,Male,36-45,Christianity,Urban
Mexico,Female,36-45,Christianity,Urban
Mexico,Female,26-35,Christianity,Urban
Mexico,Male,56-65,Christianity,Urban
Mexico,Female,46-55,Christianity,Urban
Mexico,Female,36-45,Christianity,Urban
Mexico,Male,26-35,Christianity,Urban
Mexico,Male,26-35,Other religious group,Urban
Mexico,Female,36-45,Christianity,Urban
Mexico,Male,26-35,Christianity,Urban
Mexico,Female,36-45,Christianity,Urban
Mexico,Male,56-65,,Urban
Mexico,Male,26-35,Christianity,Urban
Mexico,Female,46-55,I do not identify with any religious group or faith,Urban
Mexico,Male,65+,Christianity,Urban
Mexico,Male,36-45,,Urban
Mexico,Male,46-55,Christianity,Urban
Mexico,Female,18-25,Christianity,Urban
Mexico,Male,65+,Christianity,Urban
Mexico,Male,26-35,Christianity,Urban
Mexico,Male,46-55,Christianity,Urban
Mexico,Female,18-25,Christianity,Urban
Mexico,Male,18-25,I do not identify with any religious group or faith,Urban
Mexico,Male,26-35,Christianity,Urban
Mexico,Male,26-35,,Urban
Mexico,Female,18-25,,Urban
Mexico,Female,26-35,I do not identify with any religious group or faith,Urban
Mexico,Male,36-45,Christianity,Urban
Mexico,Male,46-55,Christianity,Urban
Mexico,Male,18-25,Christianity,Urban
Mexico,Female,36-45,Christianity,Urban
Mexico,Female,36-45,Christianity,Urban
Mexico,Male,18-25,I do not identify with any religious group or faith,Urban
Mexico,Female,36-45,Christianity,Urban
Mexico,Female,46-55,Christianity,Urban
Mexico,Male,65+,I do not identify with any religious group or faith,Urban
Mexico,Female,36-45,Christianity,Urban
Mexico,Male,46-55,Christianity,Urban
Mexico,Male,26-35,Christianity,Urban
Mexico,Male,18-25,I do not identify with any religious group or faith,Urban
Panama,Female,56-65,Christianity,Urban
Panama,Male,56-65,Christianity,Urban
Panama,Male,26-35,Christianity,Urban
Panama,Female,36-45,Christianity,Urban
Panama,Male,36-45,Christianity,Urban
Panama,Male,18-25,Christianity,Urban
Panama,Male,26-35,Christianity,Urban
Panama,Male,56-65,Christianity,Urban
Panama,Female,56-65,Christianity,Urban
Panama,Female,56-65,Christianity,Urban
Panama,Female,18-25,Judaism,Urban
Panama,Female,18-25,Christianity,Urban
Panama,Female,46-55,Christianity,Urban
Panama,Female,26-35,Christianity,Urban
Panama,Female,26-35,Christianity,Urban
Panama,Male,36-45,Christianity,Urban
Panama,Male,56-65,Christianity,Urban
Panama,Male,18-25,Christianity,Urban
Panama,Female,46-55,Christianity,Urban
Panama,Male,18-25,Judaism,Urban
Panama,Female,56-65,Christianity,Urban
Panama,Male,65+,Christianity,Urban
Panama,Male,65+,Christianity,Urban
Panama,Male,65+,Christianity,Urban
Panama,Female,65+,Christianity,Urban
Panama,Female,36-45,Christianity,Urban
Panama,Female,26-35,Christianity,Urban
Panama,Male,56-65,Christianity,Urban
Panama,Male,36-45,Christianity,Urban
Panama,Male,46-55,Christianity,Urban
Panama,Female,56-65,I do not identify with any religious group or faith,Urban
Panama,Male,18-25,Christianity,Urban
Panama,Male,56-65,Christianity,Urban
Panama,Female,36-45,Christianity,Urban
Panama,Male,36-45,Christianity,Urban
Panama,Female,18-25,I do not identify with any religious group or faith,Urban
Panama,Male,65+,Christianity,Urban
Panama,Female,46-55,Christianity,Urban
Panama,Male,65+,Christianity,Urban
Panama,Female,36-45,Christianity,Urban
Panama,Male,26-35,Christianity,Urban
Panama,Female,46-55,Christianity,Urban
Panama,Female,18-25,Christianity,Urban
Panama,Male,26-35,Christianity,Urban
Panama,Female,36-45,Christianity,Urban
Panama,Female,18-25,Christianity,Urban
Panama,Female,36-45,I do not identify with any religious group or faith,Urban
Panama,Female,26-35,I do not identify with any religious group or faith,Urban
Panama,Male,36-45,Christianity,Urban
Panama,Female,56-65,Christianity,Urban
Panama,Male,18-25,Christianity,Urban
Panama,Male,56-65,Christianity,Urban
Panama,Male,56-65,Christianity,Urban
Panama,Female,46-55,Christianity,Urban
Panama,Male,36-45,Christianity,Urban
Panama,Female,18-25,I do not identify with any religious group or faith,Urban
Panama,Female,18-25,Christianity,Urban
Panama,Female,26-35,Christianity,Urban
Panama,Female,36-45,Christianity,Urban
Panama,Female,65+,Christianity,Urban
Panama,Female,36-45,Christianity,Rural
Panama,Female,26-35,Christianity,Rural
Panama,Female,26-35,I do not identify with any religious group or faith,Rural
Panama,Female,46-55,Christianity,Rural
Panama,Male,26-35,Christianity,Rural
Panama,Male,36-45,Christianity,Rural
Panama,Female,36-45,Christianity,Rural
Panama,Female,26-35,Other religious group,Rural
Panama,Female,26-35,Christianity,Rural
Panama,Female,26-35,Christianity,Rural
Panama,Male,65+,Christianity,Urban
Panama,Female,56-65,Christianity,Urban
Panama,Female,26-35,Christianity,Urban
Panama,Male,46-55,Christianity,Urban
Panama,Male,46-55,Christianity,Urban
Panama,Female,65+,Christianity,Urban
Panama,Male,56-65,Christianity,Urban
Panama,Male,36-45,Christianity,Urban
Panama,Female,18-25,Christianity,Urban
Panama,Female,65+,Christianity,Urban
Panama,Female,36-45,Christianity,Urban
Panama,Female,26-35,Christianity,Urban
Panama,Female,56-65,Christianity,Urban
Panama,Female,46-55,Christianity,Urban
Panama,Female,18-25,Christianity,Urban
Panama,Male,26-35,Christianity,Urban
Panama,Male,46-55,Christianity,Urban
Panama,Male,46-55,Christianity,Urban
Panama,Female,18-25,Christianity,Urban
Panama,Male,56-65,Christianity,Urban
Panama,Female,56-65,Christianity,Urban
Panama,Female,18-25,I do not identify with any religious group or faith,Urban
Panama,Female,18-25,Christianity,Urban
Panama,Female,56-65,Christianity,Urban
Panama,Male,65+,Christianity,Urban
Panama,Female,36-45,Christianity,Urban
Panama,Male,46-55,Christianity,Urban
Panama,Female,65+,Christianity,Urban
Panama,Male,65+,Christianity,Urban
Panama,Male,26-35,I do not identify with any religious group or faith,Urban
Panama,Male,46-55,Christianity,Urban
Panama,Male,56-65,Christianity,Urban
Panama,Male,18-25,Christianity,Urban
Panama,Female,36-45,Christianity,Urban
Panama,Female,26-35,I do not identify with any religious group or faith,Urban
Panama,Male,56-65,Christianity,Urban
Panama,Female,56-65,Christianity,Urban
Panama,Female,56-65,Christianity,Urban
Panama,Male,56-65,Christianity,Urban
Panama,Female,18-25,Christianity,Urban
Panama,Male,56-65,Christianity,Urban
Panama,Female,46-55,Christianity,Urban
Panama,Female,65+,Christianity,Urban
Panama,Female,56-65,Christianity,Urban
Panama,Female,56-65,Christianity,Urban
Panama,Male,18-25,Christianity,Urban
Panama,Female,18-25,Christianity,Urban
Panama,Male,65+,Christianity,Urban
Panama,Male,65+,Christianity,Urban
Panama,Male,46-55,I do not identify with any religious group or faith,Urban
Panama,Female,46-55,Christianity,Urban
Panama,Male,65+,Christianity,Urban
Panama,Male,36-45,Christianity,Urban
Panama,Female,65+,Christianity,Urban
Panama,Female,26-35,Christianity,Urban
Panama,Female,46-55,Christianity,Urban
Panama,Male,56-65,Christianity,Urban
Panama,Female,26-35,Christianity,Urban
Panama,Female,18-25,Christianity,Urban
Panama,Male,26-35,Christianity,Urban
Panama,Male,46-55,Christianity,Urban
Panama,Female,46-55,Christianity,Urban
Panama,Male,36-45,Christianity,Urban
Panama,Male,56-65,Christianity,Urban
Panama,Female,56-65,Christianity,Urban
Panama,Male,65+,Christianity,Urban
Panama,Female,65+,Christianity,Urban
Panama,Male,46-55,Christianity,Urban
Panama,Female,46-55,Christianity,Urban
Panama,Female,18-25,Christianity,Urban
Panama,Female,18-25,Christianity,Urban
Panama,Male,65+,Christianity,Urban
Panama,Male,36-45,Christianity,Urban
Panama,Male,56-65,Christianity,Urban
Panama,Female,18-25,Christianity,Urban
Panama,Male,46-55,Christianity,Urban
Panama,Male,26-35,Christianity,Urban
Panama,Female,18-25,Christianity,Urban
Panama,Female,18-25,Christianity,Urban
Panama,Female,36-45,Christianity,Urban
Panama,Female,65+,Christianity,Urban
Panama,Male,18-25,,Urban
Panama,Male,56-65,Christianity,Urban
Panama,Male,56-65,Christianity,Urban
Panama,Female,46-55,Christianity,Urban
Panama,Male,18-25,Christianity,Urban
Panama,Female,65+,Christianity,Urban
Panama,Male,18-25,Christianity,Urban
Panama,Male,36-45,Christianity,Urban
Panama,Female,56-65,Christianity,Urban
Panama,Male,36-45,Judaism,Urban
Panama,Female,26-35,Christianity,Urban
Panama,Female,46-55,Christianity,Urban
Panama,Female,18-25,Christianity,Urban
Panama,Male,36-45,Christianity,Urban
Panama,Male,36-45,I do not identify with any religious group or faith,Urban
Panama,Female,36-45,Christianity,Urban
Panama,Female,65+,Christianity,Urban
Panama,Male,26-35,Christianity,Urban
Panama,Male,26-35,Christianity,Urban
Panama,Male,18-25,Christianity,Urban
Panama,Male,46-55,Christianity,Urban
Panama,Male,46-55,Christianity,Urban
Panama,Male,36-45,Christianity,Urban
Panama,Female,36-45,Christianity,Urban
Panama,Female,56-65,Christianity,Urban
Panama,Female,56-65,Christianity,Urban
Panama,Female,26-35,Christianity,Urban
Panama,Male,46-55,Christianity,Urban
Panama,Male,65+,Christianity,Urban
Panama,Male,56-65,Christianity,Urban
Panama,Male,36-45,Christianity,Urban
Panama,Female,56-65,Christianity,Urban
Panama,Female,36-45,Christianity,Urban
Panama,Female,46-55,Christianity,Urban
Panama,Male,65+,Christianity,Urban
Panama,Male,56-65,Christianity,Urban
Panama,Female,65+,Christianity,Urban
Panama,Male,36-45,Christianity,Urban
Panama,Female,26-35,I do not identify with any religious group or faith,Urban
Panama,Male,18-25,Christianity,Urban
Panama,Female,18-25,Christianity,Urban
Panama,Female,65+,Christianity,Urban
Panama,Male,46-55,Christianity,Urban
Panama,Male,46-55,Christianity,Urban
Panama,Male,65+,Christianity,Urban
Panama,Female,36-45,Christianity,Urban
Panama,Female,56-65,Christianity,Urban
Panama,Male,46-55,,Urban
Panama,Female,26-35,Christianity,Urban
Panama,Female,18-25,Christianity,Urban
Panama,Male,56-65,Christianity,Urban
Panama,Male,18-25,I do not identify with any religious group or faith,Urban
Panama,Male,36-45,Christianity,Urban
Panama,Male,65+,Christianity,Urban
Panama,Female,26-35,,Urban
Panama,Female,65+,Christianity,Urban
Panama,Female,46-55,Christianity,Urban
Panama,Female,26-35,Christianity,Urban
Panama,Male,36-45,Christianity,Urban
Panama,Male,36-45,Christianity,Urban
Panama,Male,56-65,Christianity,Urban
Panama,Male,65+,Christianity,Urban
Panama,Male,18-25,Christianity,Urban
Panama,Female,36-45,Christianity,Urban
Panama,Female,46-55,Christianity,Urban
Panama,Female,18-25,Christianity,Urban
Panama,Male,36-45,Christianity,Urban
Panama,Female,36-45,I do not identify with any religious group or faith,Urban
Panama,Female,65+,Christianity,Urban
Panama,Male,65+,Christianity,Urban
Panama,Male,18-25,Christianity,Urban
Panama,Male,46-55,Christianity,Urban
Panama,Female,56-65,Christianity,Urban
Panama,Female,46-55,Christianity,Urban
Panama,Female,56-65,Christianity,Urban
Panama,Female,26-35,Christianity,Urban
Panama,Male,18-25,Other religious group,Urban
Panama,Female,65+,Christianity,Urban
Panama,Male,65+,Christianity,Urban
Panama,Male,18-25,Christianity,Urban
Panama,Female,18-25,I do not identify with any religious group or faith,Urban
Panama,Female,18-25,Christianity,Urban
Panama,Male,18-25,Christianity,Urban
Panama,Male,65+,I do not identify with any religious group or faith,Urban
Panama,Male,56-65,Christianity,Urban
Panama,Female,56-65,Christianity,Urban
Panama,Female,18-25,Christianity,Urban
Panama,Male,18-25,Christianity,Urban
Panama,Female,36-45,I do not identify with any religious group or faith,Urban
Panama,Female,18-25,I do not identify with any religious group or faith,Urban
Panama,Female,18-25,Christianity,Urban
Panama,Male,56-65,Christianity,Urban
Panama,Male,46-55,Christianity,Urban
Panama,Male,46-55,Christianity,Urban
Panama,Male,65+,Christianity,Urban
Panama,Male,46-55,Christianity,Urban
Panama,Female,56-65,Christianity,Urban
Panama,Female,65+,Christianity,Urban
Panama,Female,56-65,Christianity,Urban
Panama,Male,56-65,Christianity,Urban
Panama,Female,36-45,Christianity,Urban
Panama,Female,26-35,Christianity,Urban
Panama,Male,26-35,Christianity,Urban
Panama,Male,26-35,,Urban
Panama,Male,36-45,Christianity,Urban
Panama,Male,26-35,Christianity,Urban
Panama,Male,46-55,Christianity,Urban
Panama,Female,36-45,Christianity,Urban
Panama,Male,26-35,Christianity,Urban
Panama,Female,26-35,Christianity,Urban
Panama,Female,56-65,Christianity,Urban
Panama,Female,26-35,Christianity,Urban
Panama,Male,26-35,Christianity,Urban
Panama,Female,36-45,Christianity,Urban
Panama,Female,26-35,Christianity,Urban
Panama,Male,56-65,Christianity,Urban
Panama,Male,26-35,I do not identify with any religious group or faith,Urban
Panama,Female,56-65,Christianity,Urban
Panama,Male,26-35,Christianity,Urban
Panama,Female,56-65,Christianity,Urban
Panama,Male,26-35,Christianity,Urban
Panama,Female,56-65,Christianity,Urban
Panama,Male,36-45,Christianity,Urban
Panama,Female,46-55,Christianity,Urban
Panama,Male,56-65,Christianity,Urban
Panama,Female,26-35,Christianity,Urban
Panama,Female,26-35,Christianity,Urban
Panama,Male,56-65,Christianity,Urban
Panama,Male,56-65,Christianity,Urban
Panama,Male,46-55,Christianity,Urban
Panama,Female,26-35,Christianity,Urban
Panama,Female,36-45,Christianity,Urban
Panama,Male,26-35,Christianity,Urban
Panama,Female,26-35,Christianity,Urban
Panama,Male,26-35,Christianity,Urban
Panama,Male,56-65,Christianity,Urban
Panama,Male,36-45,Christianity,Urban
Panama,Male,46-55,I do not identify with any religious group or faith,Urban
Panama,Female,26-35,Christianity,Urban
Panama,Female,36-45,Judaism,Urban
Panama,Female,36-45,Christianity,Urban
Panama,Female,46-55,Christianity,Urban
Panama,Male,26-35,Christianity,Urban
Panama,Female,26-35,Christianity,Urban
Panama,Male,46-55,Christianity,Urban
Panama,Female,46-55,Christianity,Urban
Panama,Male,65+,Christianity,Urban
Panama,Female,26-35,Christianity,Urban
Panama,Female,36-45,Christianity,Urban
Panama,Female,36-45,Christianity,Urban
Panama,Male,36-45,Christianity,Urban
Panama,Male,46-55,Christianity,Urban
Panama,Female,36-45,Christianity,Urban
Panama,Female,26-35,Christianity,Urban
Panama,Female,65+,Christianity,Urban
Panama,Male,36-45,Christianity,Urban
Panama,Female,26-35,Christianity,Urban
Panama,Female,36-45,Christianity,Urban
Panama,Female,26-35,Christianity,Urban
Panama,Male,18-25,Christianity,Urban
Panama,Female,65+,Christianity,Urban
Panama,Female,46-55,Christianity,Urban
Panama,Male,46-55,Christianity,Urban
Panama,Female,18-25,Christianity,Urban
Panama,Male,65+,Christianity,Urban
Panama,Male,26-35,Christianity,Urban
Panama,Female,65+,Christianity,Urban
Panama,Male,18-25,,Urban
Panama,Female,36-45,Christianity,Urban
Panama,Female,46-55,,Urban
Panama,Male,36-45,I do not identify with any religious group or faith,Urban
Panama,Female,36-45,Judaism,Urban
Panama,Male,36-45,I do not identify with any religious group or faith,Urban
Panama,Male,46-55,Christianity,Urban
Panama,Female,26-35,Christianity,Urban
Panama,Male,26-35,Christianity,Urban
Panama,Male,36-45,Christianity,Urban
Panama,Female,36-45,Christianity,Urban
Panama,Male,18-25,Christianity,Urban
Panama,Female,56-65,Christianity,Urban
Panama,Female,56-65,Christianity,Urban
Panama,Male,56-65,Christianity,Urban
Panama,Female,18-25,Christianity,Urban
Panama,Male,56-65,Christianity,Urban
Panama,Male,65+,Christianity,Urban
Panama,Male,65+,Christianity,Urban
Panama,Female,26-35,Christianity,Urban
Panama,Female,65+,Christianity,Urban
Panama,Male,18-25,Christianity,Urban
Panama,Male,18-25,Christianity,Urban
Panama,Male,26-35,Christianity,Urban
Panama,Male,26-35,Christianity,Urban
Panama,Male,36-45,Christianity,Urban
Panama,Female,46-55,Christianity,Urban
Panama,Female,36-45,Christianity,Urban
Panama,Female,36-45,Christianity,Urban
Panama,Female,26-35,Christianity,Urban
Panama,Male,56-65,Christianity,Urban
Panama,Female,36-45,Christianity,Urban
Panama,Male,26-35,Christianity,Urban
Panama,Male,36-45,Christianity,Urban
Panama,Female,26-35,Christianity,Urban
Panama,Male,18-25,Christianity,Urban
Panama,Female,36-45,Christianity,Urban
Panama,Female,56-65,Christianity,Urban
Panama,Male,56-65,Christianity,Urban
Panama,Female,65+,Christianity,Urban
Panama,Female,26-35,Christianity,Urban
Panama,Male,18-25,Christianity,Urban
Panama,Male,65+,Christianity,Urban
Panama,Male,56-65,I do not identify with any religious group or faith,Urban
Panama,Female,18-25,Christianity,Urban
Panama,Female,46-55,Christianity,Urban
Panama,Female,46-55,Christianity,Urban
Panama,Male,56-65,Christianity,Urban
Panama,Female,65+,Christianity,Urban
Panama,Female,26-35,Christianity,Urban
Panama,Female,26-35,Christianity,Urban
Panama,Female,36-45,Christianity,Urban
Panama,Male,46-55,Christianity,Urban
Panama,Male,26-35,Christianity,Urban
Panama,Male,46-55,Christianity,Urban
Panama,Female,26-35,Christianity,Urban
Panama,Female,18-25,Christianity,Urban
Panama,Male,65+,Christianity,Urban
Panama,Female,26-35,Christianity,Urban
Panama,Male,36-45,,Urban
Panama,Female,46-55,Christianity,Urban
Panama,Female,18-25,Christianity,Urban
Panama,Female,26-35,Christianity,Urban
Panama,Male,46-55,Christianity,Urban
Panama,Male,65+,Christianity,Urban
Panama,Male,26-35,Christianity,Urban
Panama,Male,18-25,I do not identify with any religious group or faith,Urban
Panama,Male,36-45,Judaism,Urban
Panama,Male,65+,Christianity,Urban
Panama,Female,65+,Christianity,Urban
Panama,Female,46-55,Christianity,Urban
Panama,Female,18-25,I do not identify with any religious group or faith,Urban
Panama,Male,26-35,Christianity,Urban
Panama,Female,36-45,Christianity,Urban
Panama,Male,65+,Christianity,Urban
Panama,Female,26-35,Christianity,Urban
Panama,Female,36-45,Christianity,Urban
Panama,Male,18-25,Christianity,Urban
Panama,Female,26-35,I do not identify with any religious group or faith,Urban
Panama,Female,18-25,I do not identify with any religious group or faith,Urban
Panama,Male,46-55,Christianity,Urban
Panama,Male,56-65,Christianity,Urban
Panama,Female,65+,Christianity,Urban
Panama,Male,56-65,Christianity,Urban
Panama,Female,36-45,Christianity,Urban
Panama,Male,65+,Christianity,Urban
Panama,Male,65+,Christianity,Urban
Panama,Male,65+,Christianity,Urban
Panama,Male,18-25,Christianity,Urban
Panama,Female,26-35,Christianity,Urban
Panama,Male,26-35,Christianity,Urban
Panama,Female,36-45,Christianity,Urban
Panama,Female,46-55,Christianity,Urban
Panama,Female,65+,Christianity,Urban
Panama,Male,65+,Christianity,Urban
Panama,Male,56-65,Christianity,Urban
Panama,Male,56-65,Christianity,Urban
Panama,Female,36-45,Christianity,Urban
Panama,Female,18-25,Christianity,Urban
Panama,Male,65+,Christianity,Urban
Panama,Female,26-35,Christianity,Urban
Panama,Male,46-55,Christianity,Urban
Panama,Male,46-55,Christianity,Urban
Panama,Female,65+,Christianity,Urban
Panama,Male,26-35,Christianity,Urban
Panama,Male,18-25,Christianity,Urban
Panama,Female,18-25,I do not identify with any religious group or faith,Urban
Panama,Male,46-55,I do not identify with any religious group or faith,Urban
Panama,Female,26-35,Judaism,Urban
Panama,Male,36-45,Christianity,Urban
Panama,Female,36-45,I do not identify with any religious group or faith,Urban
Panama,Female,18-25,I do not identify with any religious group or faith,Urban
Panama,Male,56-65,Christianity,Urban
Panama,Female,26-35,Christianity,Urban
Panama,Male,18-25,Christianity,Urban
Panama,Female,46-55,Christianity,Urban
Panama,Female,36-45,Christianity,Urban
Panama,Female,18-25,Christianity,Urban
Panama,Male,18-25,Christianity,Urban
Panama,Male,18-25,Christianity,Urban
Panama,Female,46-55,Christianity,Urban
Panama,Female,56-65,Christianity,Urban
Panama,Male,18-25,Christianity,Urban
Panama,Female,18-25,Christianity,Urban
Panama,Female,36-45,Christianity,Urban
Panama,Female,18-25,Christianity,Urban
Panama,Male,18-25,Christianity,Urban
Panama,Female,26-35,Christianity,Urban
Panama,Female,26-35,Christianity,Urban
Panama,Male,26-35,Christianity,Urban
Panama,Male,26-35,Christianity,Urban
Panama,Female,36-45,Christianity,Urban
Panama,Male,18-25,Christianity,Urban
Panama,Female,26-35,Christianity,Urban
Panama,Female,26-35,Christianity,Urban
Panama,Female,18-25,I do not identify with any religious group or faith,Urban
Panama,Female,18-25,Christianity,Urban
Panama,Male,46-55,Christianity,Urban
Panama,Male,36-45,Christianity,Urban
Panama,Male,36-45,Christianity,Urban
Panama,Female,46-55,Christianity,Urban
Panama,Female,26-35,I do not identify with any religious group or faith,Urban
Panama,Male,56-65,Christianity,Urban
Panama,Female,56-65,Christianity,Urban
Panama,Female,56-65,Christianity,Urban
Panama,Female,26-35,Christianity,Urban
Panama,Male,18-25,I do not identify with any religious group or faith,Urban
Panama,Female,36-45,Christianity,Urban
Panama,Female,18-25,I do not identify with any religious group or faith,Urban
Panama,Male,26-35,Christianity,Urban
Panama,Female,36-45,Christianity,Urban
Panama,Male,36-45,Christianity,Urban
Panama,Male,56-65,Christianity,Urban
Panama,Female,36-45,Christianity,Urban
Panama,Female,18-25,I do not identify with any religious group or faith,Urban
Panama,Female,26-35,Christianity,Urban
Panama,Male,65+,I do not identify with any religious group or faith,Urban
Panama,Male,46-55,Christianity,Urban
Panama,Female,65+,Christianity,Urban
Panama,Male,26-35,I do not identify with any religious group or faith,Urban
Panama,Female,46-55,Christianity,Urban
Panama,Male,65+,Christianity,Urban
Panama,Female,26-35,Christianity,Urban
Panama,Male,36-45,Christianity,Urban
Panama,Female,18-25,Christianity,Urban
Panama,Male,36-45,Christianity,Urban
Panama,Female,46-55,Christianity,Urban
Panama,Female,46-55,Christianity,Urban
Panama,Male,26-35,Christianity,Urban
Panama,Male,46-55,Christianity,Urban
Panama,Male,46-55,Christianity,Urban
Panama,Female,18-25,I do not identify with any religious group or faith,Urban
Panama,Male,36-45,Christianity,Urban
Panama,Female,36-45,I do not identify with any religious group or faith,Urban
Panama,Female,36-45,Christianity,Urban
Panama,Male,46-55,Christianity,Urban
Panama,Male,36-45,Christianity,Urban
Panama,Male,36-45,Christianity,Urban
Panama,Female,36-45,Christianity,Urban
Panama,Male,36-45,Christianity,Urban
Panama,Male,26-35,Christianity,Urban
Panama,Female,18-25,Christianity,Urban
Panama,Male,36-45,Christianity,Urban
Panama,Female,46-55,Christianity,Urban
Panama,Female,18-25,Christianity,Urban
Panama,Male,56-65,Christianity,Urban
Panama,Female,36-45,Christianity,Urban
Panama,Male,26-35,Christianity,Urban
Panama,Female,26-35,Christianity,Urban
Panama,Female,26-35,Christianity,Urban
Panama,Male,56-65,Christianity,Urban
Panama,Male,18-25,Christianity,Urban
Panama,Male,46-55,Christianity,Urban
Panama,Female,26-35,Christianity,Urban
Panama,Female,26-35,Christianity,Urban
Panama,Male,46-55,,Urban
Panama,Male,46-55,Christianity,Urban
Panama,Female,36-45,Judaism,Urban
Panama,Male,65+,Christianity,Urban
Panama,Female,36-45,I do not identify with any religious group or faith,Urban
Panama,Male,18-25,Christianity,Urban
Panama,Female,26-35,Christianity,Urban
Panama,Male,18-25,Christianity,Urban
Panama,Female,26-35,Christianity,Urban
Panama,Female,56-65,Christianity,Urban
Panama,Female,36-45,Christianity,Urban
Panama,Female,18-25,,Urban
Panama,Male,36-45,Christianity,Urban
Panama,Male,56-65,Christianity,Urban
Panama,Female,18-25,Christianity,Urban
Panama,Male,46-55,Christianity,Urban
Panama,Male,65+,Christianity,Urban
Panama,Male,36-45,Christianity,Urban
Panama,Female,36-45,Christianity,Urban
Panama,Male,36-45,Christianity,Urban
Panama,Male,18-25,Christianity,Urban
Panama,Female,18-25,Christianity,Urban
Panama,Female,18-25,Christianity,Urban
Panama,Female,18-25,Christianity,Urban
Panama,Male,26-35,Christianity,Urban
Panama,Male,18-25,Christianity,Urban
Panama,Female,36-45,Christianity,Urban
Panama,Male,26-35,I do not identify with any religious group or faith,Urban
Panama,Male,46-55,Christianity,Urban
Panama,Female,46-55,Christianity,Urban
Panama,Male,18-25,I do not identify with any religious group or faith,Urban
Panama,Male,56-65,Christianity,Urban
Panama,Female,26-35,Christianity,Urban
Panama,Male,18-25,Christianity,Urban
Panama,Female,46-55,Christianity,Urban
Panama,Male,56-65,Christianity,Urban
Panama,Male,56-65,Christianity,Urban
Panama,Male,36-45,Christianity,Urban
Panama,Female,26-35,Christianity,Urban
Panama,Female,46-55,Christianity,Urban
Panama,Female,46-55,Christianity,Urban
Panama,Female,18-25,Christianity,Urban
Panama,Male,26-35,Christianity,Urban
Panama,Male,46-55,Christianity,Urban
Panama,Male,46-55,Christianity,Urban
Panama,Male,18-25,Christianity,Urban
Panama,Male,36-45,Christianity,Urban
Panama,Male,26-35,Christianity,Urban
Panama,Male,18-25,Christianity,Urban
Panama,Female,36-45,Christianity,Urban
Panama,Female,18-25,Christianity,Urban
Panama,Male,36-45,Christianity,Urban
Panama,Female,26-35,Christianity,Urban
Panama,Male,36-45,Christianity,Urban
Panama,Male,26-35,Christianity,Urban
Panama,Female,65+,Christianity,Urban
Panama,Female,46-55,Christianity,Urban
Panama,Male,65+,Christianity,Urban
Panama,Female,26-35,Christianity,Urban
Panama,Female,36-45,Christianity,Urban
Panama,Female,65+,Christianity,Urban
Panama,Female,36-45,Christianity,Urban
Panama,Male,36-45,I do not identify with any religious group or faith,Urban
Panama,Male,56-65,Christianity,Urban
Panama,Male,26-35,Christianity,Urban
Panama,Male,18-25,Christianity,Urban
Panama,Female,18-25,Christianity,Urban
Panama,Female,26-35,Christianity,Urban
Panama,Female,18-25,Christianity,Urban
Panama,Male,46-55,Christianity,Urban
Panama,Male,18-25,Christianity,Urban
Panama,Female,36-45,Christianity,Urban
Panama,Male,26-35,Christianity,Urban
Panama,Male,36-45,Christianity,Urban
Panama,Male,36-45,Christianity,Urban
Panama,Female,18-25,Christianity,Urban
Panama,Female,18-25,Christianity,Urban
Panama,Female,56-65,Christianity,Urban
Panama,Male,46-55,I do not identify with any religious group or faith,Urban
Panama,Male,46-55,Christianity,Urban
Panama,Male,56-65,Christianity,Urban
Panama,Female,56-65,Christianity,Urban
Panama,Male,46-55,Christianity,Urban
Panama,Male,36-45,Christianity,Urban
Panama,Female,26-35,Christianity,Urban
Panama,Male,46-55,Christianity,Urban
Panama,Male,56-65,Christianity,Urban
Panama,Female,36-45,Christianity,Urban
Panama,Female,26-35,Judaism,Urban
Panama,Male,26-35,I do not identify with any religious group or faith,Urban
Panama,Male,26-35,Christianity,Urban
Panama,Female,18-25,Judaism,Urban
Panama,Male,18-25,Christianity,Urban
Panama,Female,26-35,Judaism,Urban
Panama,Male,26-35,Christianity,Urban
Panama,Female,46-55,I do not identify with any religious group or faith,Urban
Panama,Male,26-35,Christianity,Urban
Panama,Female,56-65,Judaism,Urban
Panama,Male,56-65,Judaism,Urban
Panama,Male,65+,Judaism,Urban
Panama,Female,46-55,Christianity,Urban
Panama,Male,26-35,I do not identify with any religious group or faith,Urban
Panama,Female,56-65,Judaism,Urban
Panama,Female,65+,Christianity,Urban
Panama,Female,46-55,Christianity,Urban
Panama,Female,36-45,I do not identify with any religious group or faith,Urban
Panama,Male,18-25,I do not identify with any religious group or faith,Urban
Panama,Male,26-35,I do not identify with any religious group or faith,Urban
Panama,Male,36-45,I do not identify with any religious group or faith,Urban
Panama,Female,46-55,I do not identify with any religious group or faith,Urban
Panama,Male,26-35,I do not identify with any religious group or faith,Urban
Panama,Female,36-45,Christianity,Urban
Panama,Male,26-35,I do not identify with any religious group or faith,Urban
Panama,Female,26-35,I do not identify with any religious group or faith,Urban
Panama,Male,26-35,Other religious group,Urban
Panama,Female,36-45,Christianity,Urban
Panama,Male,36-45,Other religious group,Urban
Panama,Male,36-45,I do not identify with any religious group or faith,Urban
Panama,Female,36-45,Christianity,Urban
Panama,Female,26-35,Christianity,Urban
Panama,Male,18-25,Christianity,Urban
Panama,Male,26-35,Christianity,Urban
Panama,Female,18-25,I do not identify with any religious group or faith,Urban
Panama,Female,36-45,Christianity,Urban
Panama,Male,26-35,I do not identify with any religious group or faith,Urban
Panama,Female,18-25,I do not identify with any religious group or faith,Urban
Panama,Male,26-35,Christianity,Urban
Panama,Female,46-55,Christianity,Urban
Panama,Female,65+,Christianity,Urban
Panama,Female,56-65,Christianity,Urban
Panama,Male,65+,Christianity,Urban
Panama,Female,65+,Christianity,Urban
Panama,Female,36-45,,Urban
Panama,Female,65+,Christianity,Urban
Panama,Female,46-55,Christianity,Urban
Panama,Male,65+,Christianity,Urban
Panama,Female,36-45,Christianity,Urban
Panama,Female,46-55,Christianity,Urban
Panama,Male,56-65,Christianity,Urban
Panama,Male,56-65,Christianity,Urban
Panama,Female,56-65,Christianity,Urban
Panama,Male,56-65,Christianity,Urban
Panama,Female,56-65,Christianity,Urban
Panama,Male,56-65,Christianity,Urban
Panama,Female,26-35,I do not identify with any religious group or faith,Urban
Panama,Female,46-55,Christianity,Urban
Panama,Female,56-65,Christianity,Urban
Panama,Male,56-65,Christianity,Urban
Panama,Male,26-35,Christianity,Urban
Panama,Male,36-45,Christianity,Urban
Panama,Male,18-25,Christianity,Urban
Panama,Female,65+,Christianity,Urban
Panama,Female,18-25,Christianity,Urban
Panama,Male,36-45,Christianity,Urban
Panama,Male,26-35,Christianity,Urban
Panama,Female,36-45,Christianity,Urban
Panama,Female,46-55,I do not identify with any religious group or faith,Urban
Panama,Female,36-45,Christianity,Rural
Panama,Male,26-35,I do not identify with any religious group or faith,Rural
Panama,Female,36-45,Christianity,Rural
Panama,Male,18-25,Christianity,Rural
Panama,Female,46-55,Christianity,Rural
Panama,Male,26-35,Christianity,Rural
Panama,Female,26-35,Christianity,Rural
Panama,Male,26-35,Christianity,Rural
Panama,Male,36-45,Christianity,Rural
Panama,Female,18-25,Christianity,Rural
Panama,Female,56-65,Christianity,Urban
Panama,Female,36-45,Christianity,Urban
Panama,Male,46-55,Christianity,Urban
Panama,Female,56-65,Christianity,Urban
Panama,Female,46-55,Christianity,Urban
Panama,Male,36-45,Christianity,Urban
Panama,Male,36-45,Christianity,Urban
Panama,Female,18-25,Christianity,Urban
Panama,Male,65+,Christianity,Urban
Panama,Female,26-35,Christianity,Urban
Panama,Female,26-35,Christianity,Urban
Panama,Male,65+,Christianity,Urban
Panama,Male,36-45,Christianity,Urban
Panama,Male,26-35,Christianity,Urban
Panama,Female,18-25,Christianity,Urban
Panama,Female,26-35,Christianity,Urban
Panama,Female,46-55,Christianity,Urban
Panama,Male,18-25,Christianity,Urban
Panama,Male,56-65,Christianity,Urban
Panama,Female,65+,Christianity,Urban
Panama,Female,18-25,Christianity,Rural
Panama,Male,56-65,Christianity,Rural
Panama,Female,46-55,Christianity,Rural
Panama,Male,18-25,Christianity,Rural
Panama,Male,56-65,Christianity,Rural
Panama,Female,36-45,Christianity,Rural
Panama,Female,56-65,Christianity,Rural
Panama,Male,46-55,Christianity,Rural
Panama,Female,26-35,Christianity,Rural
Panama,Male,26-35,Christianity,Rural
Panama,Female,65+,Christianity,Urban
Panama,Male,18-25,Christianity,Urban
Panama,Male,46-55,Christianity,Urban
Panama,Female,46-55,Christianity,Urban
Panama,Female,56-65,Christianity,Urban
Panama,Male,65+,Christianity,Urban
Panama,Male,65+,Christianity,Urban
Panama,Female,65+,Christianity,Urban
Panama,Female,26-35,Christianity,Urban
Panama,Male,65+,Christianity,Urban
Panama,Female,26-35,Christianity,Urban
Panama,Female,46-55,I do not identify with any religious group or faith,Urban
Panama,Male,56-65,,Urban
Panama,Male,36-45,Christianity,Urban
Panama,Female,36-45,Judaism,Urban
Panama,Female,36-45,Christianity,Urban
Panama,Female,18-25,Christianity,Urban
Panama,Male,26-35,I do not identify with any religious group or faith,Urban
Panama,Male,46-55,Christianity,Urban
Panama,Male,26-35,Christianity,Urban
Panama,Male,65+,Christianity,Urban
Panama,Female,18-25,Judaism,Urban
Panama,Female,36-45,Christianity,Urban
Panama,Male,36-45,Judaism,Urban
Panama,Female,26-35,Christianity,Urban
Panama,Female,26-35,Judaism,Urban
Panama,Male,18-25,Christianity,Urban
Panama,Male,26-35,I do not identify with any religious group or faith,Urban
Panama,Male,26-35,I do not identify with any religious group or faith,Urban
Panama,Male,18-25,I do not identify with any religious group or faith,Urban
Panama,Male,46-55,I do not identify with any religious group or faith,Urban
Panama,Female,56-65,Christianity,Urban
Panama,Female,56-65,Christianity,Urban
Panama,Female,26-35,Christianity,Urban
Panama,Female,56-65,Christianity,Urban
Panama,Male,46-55,Christianity,Urban
Panama,Female,18-25,Christianity,Urban
Panama,Female,65+,Judaism,Urban
Panama,Male,36-45,I do not identify with any religious group or faith,Urban
Panama,Male,36-45,I do not identify with any religious group or faith,Urban
Panama,Female,46-55,I do not identify with any religious group or faith,Urban
Panama,Male,26-35,Christianity,Urban
Panama,Male,18-25,Christianity,Urban
Panama,Female,26-35,Christianity,Urban
Panama,Female,18-25,Judaism,Urban
Panama,Female,36-45,Christianity,Urban
Panama,Female,56-65,Christianity,Urban
Panama,Male,18-25,Christianity,Urban
Panama,Male,65+,Christianity,Urban
Panama,Male,26-35,Christianity,Urban
Panama,Male,26-35,I do not identify with any religious group or faith,Urban
Panama,Male,56-65,I do not identify with any religious group or faith,Urban
Panama,Female,65+,Christianity,Urban
Panama,Female,36-45,Christianity,Urban
Panama,Female,56-65,Judaism,Urban
Panama,Female,36-45,Christianity,Urban
Panama,Female,18-25,Christianity,Urban
Panama,Male,18-25,I do not identify with any religious group or faith,Urban
Panama,Male,18-25,Christianity,Urban
Panama,Male,36-45,Christianity,Urban
Panama,Female,65+,Christianity,Urban
Panama,Female,36-45,Christianity,Urban
Panama,Female,26-35,Christianity,Urban
Panama,Female,36-45,Christianity,Urban
Panama,Male,65+,Christianity,Urban
Panama,Male,36-45,Judaism,Urban
Panama,Female,18-25,Christianity,Urban
Panama,Male,46-55,Christianity,Urban
Panama,Male,36-45,Christianity,Urban
Panama,Male,18-25,I do not identify with any religious group or faith,Urban
Panama,Male,65+,Christianity,Urban
Panama,Male,36-45,Christianity,Urban
Panama,Female,36-45,Christianity,Urban
Panama,Male,26-35,I do not identify with any religious group or faith,Urban
Panama,Male,18-25,I do not identify with any religious group or faith,Urban
Panama,Female,56-65,Christianity,Urban
Panama,Female,18-25,Christianity,Urban
Panama,Male,36-45,Christianity,Urban
Panama,Female,26-35,Christianity,Urban
Panama,Female,46-55,Christianity,Urban
Panama,Male,26-35,,Urban
Panama,Male,36-45,Christianity,Urban
Panama,Male,65+,Christianity,Urban
Panama,Female,36-45,Christianity,Urban
Panama,Male,65+,Christianity,Urban
Panama,Female,46-55,Christianity,Urban
Panama,Female,18-25,Christianity,Urban
Panama,Male,65+,Christianity,Urban
Panama,Male,65+,Christianity,Urban
Panama,Female,18-25,Christianity,Urban
Panama,Male,26-35,Christianity,Rural
Panama,Female,46-55,Christianity,Rural
Panama,Male,65+,Christianity,Rural
Panama,Female,36-45,Christianity,Rural
Panama,Female,26-35,Christianity,Rural
Panama,Male,36-45,Christianity,Rural
Panama,Female,36-45,Christianity,Rural
Panama,Male,65+,Christianity,Rural
Panama,Male,65+,Christianity,Rural
Panama,Female,56-65,Christianity,Rural
Panama,Female,46-55,I do not identify with any religious group or faith,Urban
Panama,Female,26-35,Christianity,Urban
Panama,Female,26-35,I do not identify with any religious group or faith,Urban
Panama,Female,26-35,Christianity,Urban
Panama,Male,18-25,I do not identify with any religious group or faith,Urban
Panama,Male,26-35,I do not identify with any religious group or faith,Urban
Panama,Male,18-25,Christianity,Urban
Panama,Male,26-35,Christianity,Urban
Panama,Male,26-35,I do not identify with any religious group or faith,Urban
Panama,Male,26-35,I do not identify with any religious group or faith,Urban
Panama,Male,36-45,Other religious group,Urban
Panama,Male,56-65,Christianity,Urban
Panama,Male,36-45,I do not identify with any religious group or faith,Urban
Panama,Female,36-45,Christianity,Urban
Panama,Female,18-25,Christianity,Urban
Panama,Female,26-35,Christianity,Urban
Panama,Female,36-45,Christianity,Urban
Panama,Male,65+,Christianity,Urban
Panama,Male,46-55,Christianity,Urban
Panama,Male,46-55,Christianity,Urban
Panama,Male,56-65,Christianity,Urban
Panama,Male,26-35,I do not identify with any religious group or faith,Urban
Panama,Female,36-45,Christianity,Urban
Panama,Female,65+,Christianity,Urban
Panama,Female,26-35,Christianity,Urban
Panama,Female,65+,Christianity,Urban
Panama,Male,56-65,Christianity,Urban
Panama,Male,65+,Christianity,Urban
Panama,Male,65+,Christianity,Urban
Panama,Male,65+,I do not identify with any religious group or faith,Urban
Panama,Female,56-65,Christianity,Rural
Panama,Female,26-35,Christianity,Rural
Panama,Male,36-45,Christianity,Rural
Panama,Female,36-45,Christianity,Rural
Panama,Female,56-65,Christianity,Rural
Panama,Male,18-25,Christianity,Rural
Panama,Female,26-35,Christianity,Rural
Panama,Male,26-35,Christianity,Rural
Panama,Female,36-45,Christianity,Rural
Panama,Female,26-35,Christianity,Rural
Panama,Female,46-55,Christianity,Rural
Panama,Male,65+,Christianity,Rural
Panama,Male,36-45,Christianity,Rural
Panama,Female,36-45,I do not identify with any religious group or faith,Rural
Panama,Male,18-25,Christianity,Rural
Panama,Female,36-45,Christianity,Rural
Panama,Female,26-35,Christianity,Rural
Panama,Male,65+,Christianity,Rural
Panama,Female,26-35,Christianity,Rural
Panama,Male,46-55,Christianity,Rural
Panama,Male,26-35,Christianity,Urban
Panama,Female,36-45,Christianity,Urban
Panama,Female,36-45,Judaism,Urban
Panama,Male,26-35,Christianity,Urban
Panama,Male,18-25,Christianity,Urban
Panama,Female,26-35,Christianity,Urban
Panama,Male,18-25,I do not identify with any religious group or faith,Urban
Panama,Female,26-35,Christianity,Urban
Panama,Female,36-45,Christianity,Urban
Panama,Male,18-25,Christianity,Urban
Panama,Female,65+,Christianity,Urban
Panama,Female,46-55,Christianity,Urban
Panama,Male,18-25,I do not identify with any religious group or faith,Urban
Panama,Male,18-25,Christianity,Urban
Panama,Female,26-35,Christianity,Urban
Panama,Male,18-25,Christianity,Urban
Panama,Male,36-45,Christianity,Urban
Panama,Female,26-35,Christianity,Urban
Panama,Male,18-25,Christianity,Urban
Panama,Female,18-25,Christianity,Urban
Panama,Female,46-55,Christianity,Rural
Panama,Male,46-55,Christianity,Rural
Panama,Male,26-35,Christianity,Rural
Panama,Female,26-35,Christianity,Rural
Panama,Male,36-45,Christianity,Rural
Panama,Male,26-35,Christianity,Rural
Panama,Female,46-55,Christianity,Rural
Panama,Female,26-35,Christianity,Rural
Panama,Female,56-65,Christianity,Rural
Panama,Male,26-35,Christianity,Rural
Panama,Male,18-25,Christianity,Urban
Panama,Female,26-35,Christianity,Urban
Panama,Female,26-35,Christianity,Urban
Panama,Female,46-55,Christianity,Urban
Panama,Male,56-65,Christianity,Urban
Panama,Female,65+,Christianity,Urban
Panama,Male,65+,Christianity,Urban
Panama,Female,26-35,Christianity,Urban
Panama,Male,46-55,Christianity,Urban
Panama,Male,46-55,Christianity,Urban
Panama,Male,26-35,Christianity,Rural
Panama,Male,18-25,I do not identify with any religious group or faith,Rural
Panama,Female,46-55,Christianity,Rural
Panama,Male,18-25,Christianity,Rural
Panama,Female,65+,Christianity,Rural
Panama,Male,56-65,Christianity,Rural
Panama,Female,26-35,Christianity,Rural
Panama,Female,26-35,Christianity,Rural
Panama,Female,18-25,Christianity,Rural
Panama,Male,46-55,Christianity,Rural
Panama,Female,46-55,Christianity,Urban
Panama,Female,36-45,Christianity,Urban
Panama,Female,26-35,Christianity,Urban
Panama,Male,26-35,Christianity,Urban
Panama,Male,56-65,I do not identify with any religious group or faith,Urban
Panama,Male,18-25,Christianity,Urban
Panama,Female,36-45,Christianity,Urban
Panama,Female,36-45,Christianity,Urban
Panama,Male,56-65,Christianity,Urban
Panama,Male,26-35,Christianity,Urban
Panama,Male,56-65,Christianity,Urban
Panama,Male,18-25,Christianity,Urban
Panama,Female,36-45,Christianity,Urban
Panama,Female,65+,Christianity,Urban
Panama,Male,65+,Christianity,Urban
Panama,Female,65+,Christianity,Urban
Panama,Female,56-65,Christianity,Urban
Panama,Male,36-45,Christianity,Urban
Panama,Male,56-65,Christianity,Urban
Panama,Female,65+,Christianity,Urban
Panama,Male,46-55,Christianity,Urban
Panama,Female,18-25,Christianity,Urban
Panama,Male,26-35,Christianity,Urban
Panama,Male,26-35,,Urban
Panama,Female,36-45,Christianity,Urban
Panama,Male,18-25,Christianity,Urban
Panama,Female,26-35,Christianity,Urban
Panama,Female,18-25,Christianity,Urban
Panama,Male,65+,Christianity,Urban
Panama,Female,36-45,Christianity,Urban
Panama,Female,46-55,Christianity,Urban
Panama,Male,56-65,I do not identify with any religious group or faith,Urban
Panama,Male,18-25,I do not identify with any religious group or faith,Urban
Panama,Male,18-25,Christianity,Urban
Panama,Female,56-65,Christianity,Urban
Panama,Male,65+,Christianity,Urban
Panama,Male,46-55,Christianity,Urban
Panama,Female,65+,Christianity,Urban
Panama,Female,56-65,Christianity,Urban
Panama,Female,36-45,Christianity,Urban
Panama,Female,26-35,Other religious group,Urban
Panama,Male,26-35,I do not identify with any religious group or faith,Urban
Panama,Male,65+,Other religious group,Urban
Panama,Male,65+,Christianity,Urban
Panama,Female,36-45,Christianity,Urban
Panama,Female,18-25,I do not identify with any religious group or faith,Urban
Panama,Male,56-65,Christianity,Urban
Panama,Female,18-25,I do not identify with any religious group or faith,Urban
Panama,Male,46-55,Christianity,Urban
Panama,Female,46-55,,Urban
Panama,Female,18-25,I do not identify with any religious group or faith,Urban
Panama,Male,56-65,I do not identify with any religious group or faith,Urban
Panama,Female,26-35,I do not identify with any religious group or faith,Urban
Panama,Male,26-35,,Urban
Panama,Male,36-45,Christianity,Urban
Panama,Female,26-35,Christianity,Urban
Panama,Female,26-35,Other religious group,Urban
Panama,Female,26-35,Christianity,Urban
Panama,Female,18-25,I do not identify with any religious group or faith,Urban
Panama,Female,26-35,Christianity,Urban
Panama,Female,26-35,,Urban
Panama,Male,56-65,Christianity,Urban
Panama,Female,18-25,I do not identify with any religious group or faith,Urban
Panama,Male,36-45,Christianity,Urban
Panama,Female,36-45,I do not identify with any religious group or faith,Urban
Panama,Male,26-35,Christianity,Urban
Panama,Female,18-25,Judaism,Urban
Panama,Female,26-35,,Urban
Panama,Male,36-45,I do not identify with any religious group or faith,Urban
Panama,Female,26-35,I do not identify with any religious group or faith,Urban
Panama,Male,26-35,I do not identify with any religious group or faith,Urban
Panama,Male,18-25,Christianity,Urban
Panama,Male,46-55,I do not identify with any religious group or faith,Urban
Panama,Male,18-25,I do not identify with any religious group or faith,Urban
Panama,Female,18-25,,Urban
Panama,Female,36-45,Judaism,Urban
Panama,Male,18-25,,Urban
Panama,Female,26-35,Christianity,Urban
Panama,Male,36-45,Other religious group,Urban
Panama,Female,18-25,I do not identify with any religious group or faith,Urban
Panama,Female,26-35,,Urban
Panama,Female,26-35,I do not identify with any religious group or faith,Urban
Panama,Female,36-45,Christianity,Urban
Panama,Male,36-45,Other religious group,Urban
Panama,Male,46-55,Other religious group,Urban
Panama,Female,18-25,Judaism,Urban
Panama,Female,46-55,Judaism,Urban
Panama,Female,56-65,Judaism,Urban
Panama,Male,18-25,I do not identify with any religious group or faith,Urban
Panama,Male,18-25,Judaism,Urban
Paraguay,Female,65+,Christianity,Urban
Paraguay,Female,18-25,Christianity,Urban
Paraguay,Male,26-35,,Urban
Paraguay,Female,65+,Christianity,Urban
Paraguay,Female,65+,Christianity,Urban
Paraguay,Female,65+,Christianity,Urban
Paraguay,Male,18-25,Christianity,Urban
Paraguay,Female,36-45,Christianity,Urban
Paraguay,Female,26-35,,Urban
Paraguay,Female,65+,Christianity,Urban
Paraguay,Male,46-55,Christianity,Urban
Paraguay,Male,65+,Christianity,Urban
Paraguay,Male,36-45,,Urban
Paraguay,Female,26-35,Christianity,Urban
Paraguay,Male,36-45,Christianity,Urban
Paraguay,Male,18-25,Christianity,Urban
Paraguay,Female,56-65,Christianity,Urban
Paraguay,Female,56-65,Christianity,Urban
Paraguay,Female,56-65,Christianity,Urban
Paraguay,Female,26-35,Christianity,Urban
Paraguay,Male,65+,Christianity,Urban
Paraguay,Male,36-45,Christianity,Urban
Paraguay,Female,65+,Christianity,Urban
Paraguay,Male,65+,Christianity,Urban
Paraguay,Male,46-55,Christianity,Urban
Paraguay,Male,65+,Christianity,Urban
Paraguay,Male,65+,Christianity,Urban
Paraguay,Female,18-25,,Urban
Paraguay,Female,65+,Christianity,Urban
Paraguay,Male,18-25,Christianity,Urban
Paraguay,Female,18-25,,Urban
Paraguay,Male,46-55,,Urban
Paraguay,Female,56-65,Christianity,Urban
Paraguay,Male,36-45,Christianity,Urban
Paraguay,Female,46-55,Christianity,Urban
Paraguay,Female,26-35,Christianity,Urban
Paraguay,Male,26-35,,Urban
Paraguay,Male,26-35,Christianity,Urban
Paraguay,Male,26-35,Christianity,Urban
Paraguay,Male,18-25,Other religious group,Urban
Paraguay,Male,26-35,,Urban
Paraguay,Female,18-25,Christianity,Urban
Paraguay,Female,26-35,Christianity,Urban
Paraguay,Female,56-65,Christianity,Urban
Paraguay,Male,18-25,Christianity,Urban
Paraguay,Female,65+,Christianity,Urban
Paraguay,Female,46-55,Christianity,Urban
Paraguay,Male,26-35,Christianity,Urban
Paraguay,Female,36-45,Christianity,Urban
Paraguay,Male,26-35,Christianity,Urban
Paraguay,Female,36-45,,Urban
Paraguay,Male,36-45,Christianity,Urban
Paraguay,Female,26-35,Christianity,Urban
Paraguay,Female,18-25,Christianity,Urban
Paraguay,Female,46-55,,Urban
Paraguay,Male,18-25,,Urban
Paraguay,Female,36-45,Christianity,Urban
Paraguay,Female,65+,Christianity,Urban
Paraguay,Female,18-25,Christianity,Urban
Paraguay,Male,46-55,Christianity,Urban
Paraguay,Female,26-35,Christianity,Urban
Paraguay,Female,18-25,Christianity,Urban
Paraguay,Male,18-25,Christianity,Urban
Paraguay,Male,36-45,Christianity,Urban
Paraguay,Male,26-35,,Urban
Paraguay,Male,65+,Christianity,Urban
Paraguay,Female,18-25,,Urban
Paraguay,Female,36-45,Christianity,Urban
Paraguay,Female,26-35,Christianity,Urban
Paraguay,Female,26-35,Christianity,Urban
Paraguay,Male,26-35,Christianity,Urban
Paraguay,Male,18-25,,Urban
Paraguay,Male,18-25,,Urban
Paraguay,Female,18-25,,Urban
Paraguay,Male,18-25,,Urban
Paraguay,Male,26-35,Christianity,Urban
Paraguay,Female,18-25,,Urban
Paraguay,Male,36-45,Christianity,Urban
Paraguay,Male,18-25,Christianity,Urban
Paraguay,Male,18-25,Christianity,Urban
Paraguay,Male,26-35,Christianity,Urban
Paraguay,Male,56-65,Christianity,Urban
Paraguay,Female,46-55,Christianity,Urban
Paraguay,Female,36-45,,Urban
Paraguay,Female,26-35,Christianity,Urban
Paraguay,Female,18-25,Christianity,Urban
Paraguay,Male,36-45,Christianity,Urban
Paraguay,Female,26-35,Christianity,Urban
Paraguay,Female,18-25,Christianity,Urban
Paraguay,Female,56-65,Christianity,Urban
Paraguay,Female,26-35,Christianity,Urban
Paraguay,Male,56-65,Christianity,Urban
Paraguay,Female,26-35,Christianity,Urban
Paraguay,Female,56-65,Christianity,Urban
Paraguay,Female,26-35,,Urban
Paraguay,Female,56-65,Christianity,Urban
Paraguay,Male,65+,Christianity,Urban
Paraguay,Female,26-35,Christianity,Urban
Paraguay,Female,36-45,Christianity,Urban
Paraguay,Male,36-45,Christianity,Urban
Paraguay,Female,56-65,Christianity,Urban
Paraguay,Male,36-45,Christianity,Urban
Paraguay,Female,18-25,,Urban
Paraguay,Male,18-25,Christianity,Urban
Paraguay,Female,36-45,Christianity,Urban
Paraguay,Female,36-45,Christianity,Urban
Paraguay,Male,46-55,Christianity,Urban
Paraguay,Male,26-35,,Urban
Paraguay,Female,18-25,Christianity,Urban
Paraguay,Female,56-65,Christianity,Urban
Paraguay,Male,65+,Christianity,Urban
Paraguay,Female,26-35,,Urban
Paraguay,Female,26-35,Christianity,Urban
Paraguay,Female,56-65,Christianity,Urban
Paraguay,Female,18-25,Christianity,Urban
Paraguay,Female,46-55,Christianity,Urban
Paraguay,Female,26-35,Christianity,Urban
Paraguay,Male,36-45,Christianity,Urban
Paraguay,Female,26-35,Christianity,Urban
Paraguay,Male,36-45,Christianity,Urban
Paraguay,Female,18-25,Christianity,Urban
Paraguay,Male,36-45,Christianity,Urban
Paraguay,Male,26-35,,Urban
Paraguay,Female,18-25,Christianity,Urban
Paraguay,Male,18-25,Christianity,Urban
Paraguay,Male,36-45,,Urban
Paraguay,Male,46-55,Christianity,Urban
Paraguay,Male,36-45,Christianity,Urban
Paraguay,Male,46-55,Christianity,Urban
Paraguay,Male,36-45,Christianity,Urban
Paraguay,Female,56-65,Christianity,Urban
Paraguay,Female,18-25,Christianity,Urban
Paraguay,Female,18-25,Christianity,Urban
Paraguay,Female,18-25,Christianity,Urban
Paraguay,Female,18-25,,Urban
Paraguay,Female,18-25,Christianity,Urban
Paraguay,Male,46-55,Christianity,Urban
Paraguay,Female,18-25,,Urban
Paraguay,Female,18-25,Christianity,Urban
Paraguay,Male,36-45,Christianity,Urban
Paraguay,Female,56-65,Christianity,Urban
Paraguay,Male,56-65,Christianity,Urban
Paraguay,Female,26-35,Christianity,Urban
Paraguay,Male,46-55,Christianity,Urban
Paraguay,Female,26-35,Christianity,Urban
Paraguay,Female,46-55,Christianity,Urban
Paraguay,Female,46-55,Christianity,Urban
Paraguay,Male,46-55,Christianity,Urban
Paraguay,Male,56-65,Christianity,Urban
Paraguay,Male,56-65,Christianity,Urban
Paraguay,Female,18-25,Christianity,Urban
Paraguay,Female,26-35,Christianity,Urban
Paraguay,Female,26-35,Christianity,Urban
Paraguay,Female,36-45,Christianity,Urban
Paraguay,Female,26-35,Christianity,Urban
Paraguay,Female,36-45,,Urban
Paraguay,Female,65+,Christianity,Urban
Paraguay,Male,18-25,,Urban
Paraguay,Male,46-55,Christianity,Urban
Paraguay,Male,26-35,Other religious group,Urban
Paraguay,Female,56-65,Christianity,Urban
Paraguay,Male,36-45,Christianity,Urban
Paraguay,Female,46-55,Christianity,Urban
Paraguay,Female,56-65,Christianity,Urban
Paraguay,Female,46-55,Christianity,Urban
Paraguay,Female,26-35,Christianity,Urban
Paraguay,Female,18-25,Christianity,Urban
Paraguay,Male,18-25,Christianity,Urban
Paraguay,Male,18-25,Christianity,Urban
Paraguay,Female,36-45,Christianity,Urban
Paraguay,Male,65+,Christianity,Urban
Paraguay,Male,56-65,Christianity,Urban
Paraguay,Female,36-45,Christianity,Urban
Paraguay,Female,36-45,Christianity,Urban
Paraguay,Male,36-45,Christianity,Urban
Paraguay,Female,26-35,Christianity,Urban
Paraguay,Male,65+,Christianity,Urban
Paraguay,Male,18-25,,Urban
Paraguay,Female,26-35,Christianity,Urban
Paraguay,Male,26-35,,Urban
Paraguay,Female,26-35,Christianity,Urban
Paraguay,Male,46-55,Christianity,Urban
Paraguay,Female,36-45,Christianity,Urban
Paraguay,Female,36-45,Christianity,Urban
Paraguay,Female,36-45,Christianity,Urban
Paraguay,Female,56-65,Christianity,Urban
Paraguay,Female,36-45,Christianity,Urban
Paraguay,Female,56-65,Christianity,Urban
Paraguay,Male,46-55,Christianity,Urban
Paraguay,Female,26-35,Christianity,Urban
Paraguay,Male,26-35,Christianity,Urban
Paraguay,Male,26-35,Christianity,Urban
Paraguay,Female,56-65,Christianity,Urban
Paraguay,Male,26-35,Christianity,Urban
Paraguay,Male,56-65,Christianity,Urban
Paraguay,Female,18-25,Christianity,Urban
Paraguay,Female,18-25,Christianity,Urban
Paraguay,Male,65+,Christianity,Urban
Paraguay,Female,65+,Christianity,Urban
Paraguay,Male,26-35,Christianity,Urban
Paraguay,Female,65+,Christianity,Urban
Paraguay,Female,36-45,Christianity,Urban
Paraguay,Female,46-55,Christianity,Urban
Paraguay,Female,26-35,,Urban
Paraguay,Female,26-35,Christianity,Urban
Paraguay,Male,36-45,Christianity,Urban
Paraguay,Male,56-65,Christianity,Urban
Paraguay,Female,36-45,Christianity,Urban
Paraguay,Male,26-35,,Urban
Paraguay,Female,18-25,Christianity,Urban
Paraguay,Male,18-25,Christianity,Urban
Paraguay,Male,36-45,Christianity,Urban
Paraguay,Female,18-25,Christianity,Urban
Paraguay,Male,36-45,Christianity,Urban
Paraguay,Male,18-25,,Urban
Paraguay,Male,26-35,Christianity,Urban
Paraguay,Male,36-45,Christianity,Urban
Paraguay,Male,36-45,,Urban
Paraguay,Male,26-35,Christianity,Urban
Paraguay,Male,26-35,Christianity,Urban
Paraguay,Male,36-45,Christianity,Urban
Paraguay,Male,36-45,Christianity,Urban
Paraguay,Female,18-25,Christianity,Urban
Paraguay,Male,26-35,Christianity,Urban
Paraguay,Female,36-45,Christianity,Urban
Paraguay,Male,36-45,Christianity,Urban
Paraguay,Male,36-45,Christianity,Urban
Paraguay,Male,18-25,,Urban
Paraguay,Male,36-45,Christianity,Urban
Paraguay,Female,18-25,Christianity,Urban
Paraguay,Female,26-35,,Urban
Paraguay,Female,18-25,Christianity,Urban
Paraguay,Female,18-25,,Urban
Paraguay,Male,26-35,Christianity,Urban
Paraguay,Male,46-55,Christianity,Urban
Paraguay,Male,26-35,Christianity,Urban
Paraguay,Female,36-45,Christianity,Urban
Paraguay,Female,46-55,,Urban
Paraguay,Female,46-55,Christianity,Urban
Paraguay,Female,56-65,Christianity,Urban
Paraguay,Female,56-65,Christianity,Urban
Paraguay,Female,26-35,Christianity,Urban
Paraguay,Female,46-55,Christianity,Urban
Paraguay,Female,56-65,Judaism,Urban
Paraguay,Female,26-35,Christianity,Urban
Paraguay,Female,46-55,Christianity,Urban
Paraguay,Female,26-35,Christianity,Urban
Paraguay,Female,18-25,Christianity,Urban
Paraguay,Male,56-65,Christianity,Urban
Paraguay,Female,46-55,Christianity,Urban
Paraguay,Male,26-35,Christianity,Urban
Paraguay,Male,46-55,Christianity,Urban
Paraguay,Female,26-35,,Urban
Paraguay,Male,56-65,Christianity,Urban
Paraguay,Female,26-35,Christianity,Urban
Paraguay,Female,18-25,Christianity,Urban
Paraguay,Female,36-45,Christianity,Urban
Paraguay,Female,26-35,Christianity,Urban
Paraguay,Female,65+,Christianity,Urban
Paraguay,Male,26-35,Christianity,Urban
Paraguay,Female,18-25,Christianity,Rural
Paraguay,Male,18-25,Christianity,Rural
Paraguay,Male,26-35,Christianity,Rural
Paraguay,Male,46-55,,Rural
Paraguay,Female,18-25,Christianity,Rural
Paraguay,Female,18-25,Christianity,Rural
Paraguay,Male,36-45,,Rural
Paraguay,Female,56-65,Christianity,Rural
Paraguay,Female,46-55,Christianity,Rural
Paraguay,Female,56-65,Christianity,Rural
Paraguay,Female,26-35,Christianity,Urban
Paraguay,Male,56-65,Christianity,Urban
Paraguay,Male,18-25,Christianity,Urban
Paraguay,Male,26-35,Christianity,Urban
Paraguay,Male,36-45,Christianity,Urban
Paraguay,Male,26-35,Christianity,Urban
Paraguay,Male,26-35,Christianity,Urban
Paraguay,Male,26-35,Christianity,Urban
Paraguay,Male,18-25,,Urban
Paraguay,Male,18-25,Christianity,Urban
Paraguay,Female,18-25,Christianity,Rural
Paraguay,Male,36-45,,Rural
Paraguay,Female,26-35,Christianity,Rural
Paraguay,Female,36-45,Christianity,Rural
Paraguay,Male,18-25,,Rural
Paraguay,Female,26-35,Christianity,Rural
Paraguay,Male,46-55,Christianity,Rural
Paraguay,Male,18-25,Christianity,Rural
Paraguay,Female,26-35,,Rural
Paraguay,Male,18-25,Christianity,Rural
Paraguay,Female,18-25,Christianity,Urban
Paraguay,Male,56-65,,Urban
Paraguay,Male,36-45,Christianity,Urban
Paraguay,Female,36-45,Christianity,Urban
Paraguay,Female,36-45,Christianity,Urban
Paraguay,Female,26-35,Christianity,Urban
Paraguay,Female,18-25,Christianity,Urban
Paraguay,Female,36-45,Christianity,Urban
Paraguay,Female,18-25,Christianity,Urban
Paraguay,Female,18-25,,Urban
Paraguay,Male,65+,Christianity,Rural
Paraguay,Male,65+,Christianity,Rural
Paraguay,Male,46-55,Christianity,Rural
Paraguay,Female,65+,Christianity,Rural
Paraguay,Male,56-65,Christianity,Rural
Paraguay,Female,26-35,Christianity,Rural
Paraguay,Female,65+,Christianity,Rural
Paraguay,Female,36-45,Christianity,Rural
Paraguay,Female,26-35,Christianity,Rural
Paraguay,Male,46-55,Christianity,Rural
Paraguay,Female,26-35,,Rural
Paraguay,Male,26-35,Christianity,Rural
Paraguay,Male,65+,Christianity,Rural
Paraguay,Female,56-65,Christianity,Rural
Paraguay,Male,56-65,Other religious group,Rural
Paraguay,Female,56-65,Christianity,Rural
Paraguay,Female,18-25,Christianity,Rural
Paraguay,Male,36-45,Christianity,Rural
Paraguay,Male,18-25,Christianity,Rural
Paraguay,Female,46-55,Christianity,Rural
Paraguay,Female,26-35,,Urban
Paraguay,Female,46-55,Christianity,Urban
Paraguay,Female,36-45,Christianity,Urban
Paraguay,Female,26-35,Christianity,Urban
Paraguay,Female,26-35,Christianity,Urban
Paraguay,Female,36-45,Christianity,Urban
Paraguay,Female,26-35,Christianity,Urban
Paraguay,Female,18-25,Christianity,Urban
Paraguay,Female,18-25,,Urban
Paraguay,Female,26-35,Christianity,Urban
Paraguay,Male,26-35,Christianity,Urban
Paraguay,Female,18-25,Christianity,Urban
Paraguay,Female,56-65,Christianity,Urban
Paraguay,Female,36-45,Christianity,Urban
Paraguay,Female,18-25,Christianity,Urban
Paraguay,Female,26-35,Christianity,Urban
Paraguay,Female,18-25,Christianity,Urban
Paraguay,Female,36-45,Christianity,Urban
Paraguay,Female,46-55,Christianity,Urban
Paraguay,Male,36-45,Christianity,Urban
Paraguay,Female,36-45,Christianity,Urban
Paraguay,Female,46-55,Christianity,Urban
Paraguay,Male,56-65,Christianity,Urban
Paraguay,Female,65+,Christianity,Urban
Paraguay,Female,26-35,Christianity,Urban
Paraguay,Male,18-25,,Urban
Paraguay,Female,26-35,Christianity,Urban
Paraguay,Male,56-65,Christianity,Urban
Paraguay,Female,18-25,Christianity,Urban
Paraguay,Male,46-55,Christianity,Urban
Paraguay,Female,18-25,,Urban
Paraguay,Male,56-65,Christianity,Urban
Paraguay,Male,26-35,Christianity,Urban
Paraguay,Female,46-55,Christianity,Urban
Paraguay,Female,56-65,Christianity,Urban
Paraguay,Male,18-25,Christianity,Urban
Paraguay,Female,26-35,Christianity,Urban
Paraguay,Female,56-65,Christianity,Urban
Paraguay,Female,18-25,Christianity,Urban
Paraguay,Male,26-35,Christianity,Urban
Paraguay,Male,18-25,Christianity,Urban
Paraguay,Female,18-25,Christianity,Urban
Paraguay,Male,36-45,Christianity,Urban
Paraguay,Male,46-55,Christianity,Urban
Paraguay,Male,26-35,Christianity,Urban
Paraguay,Female,26-35,Christianity,Urban
Paraguay,Male,56-65,Christianity,Urban
Paraguay,Female,18-25,Christianity,Urban
Paraguay,Female,26-35,Christianity,Urban
Paraguay,Male,26-35,Christianity,Urban
Paraguay,Female,26-35,Christianity,Urban
Paraguay,Female,56-65,Christianity,Urban
Paraguay,Male,46-55,Christianity,Urban
Paraguay,Male,18-25,Christianity,Urban
Paraguay,Female,26-35,Christianity,Urban
Paraguay,Male,18-25,Christianity,Urban
Paraguay,Female,56-65,Christianity,Urban
Paraguay,Male,36-45,Christianity,Urban
Paraguay,Female,26-35,Christianity,Urban
Paraguay,Female,26-35,Christianity,Urban
Paraguay,Female,36-45,Christianity,Urban
Paraguay,Male,56-65,Christianity,Urban
Paraguay,Female,56-65,Christianity,Urban
Paraguay,Female,18-25,Christianity,Urban
Paraguay,Female,26-35,Christianity,Urban
Paraguay,Male,65+,Other religious group,Urban
Paraguay,Female,36-45,Christianity,Urban
Paraguay,Male,26-35,,Urban
Paraguay,Female,36-45,Christianity,Urban
Paraguay,Female,26-35,Christianity,Urban
Paraguay,Male,36-45,Christianity,Urban
Paraguay,Male,18-25,Christianity,Urban
Paraguay,Male,36-45,Christianity,Urban
Paraguay,Male,46-55,Christianity,Urban
Paraguay,Male,36-45,Christianity,Urban
Paraguay,Male,18-25,Christianity,Urban
Paraguay,Male,36-45,Christianity,Urban
Paraguay,Female,36-45,Christianity,Urban
Paraguay,Male,36-45,Christianity,Urban
Paraguay,Male,18-25,,Urban
Paraguay,Male,26-35,Christianity,Urban
Paraguay,Female,56-65,Christianity,Urban
Paraguay,Male,26-35,Christianity,Urban
Paraguay,Male,26-35,Christianity,Urban
Paraguay,Male,18-25,Christianity,Urban
Paraguay,Male,18-25,Christianity,Urban
Paraguay,Male,18-25,,Urban
Paraguay,Male,18-25,Christianity,Urban
Paraguay,Male,18-25,Christianity,Urban
Paraguay,Male,18-25,Christianity,Urban
Paraguay,Male,36-45,Christianity,Urban
Paraguay,Male,26-35,Christianity,Urban
Paraguay,Male,36-45,Christianity,Urban
Paraguay,Male,46-55,Christianity,Urban
Paraguay,Male,36-45,Christianity,Urban
Paraguay,Male,18-25,Christianity,Urban
Paraguay,Male,36-45,Christianity,Urban
Paraguay,Female,18-25,Christianity,Urban
Paraguay,Female,18-25,Christianity,Urban
Paraguay,Male,46-55,Christianity,Urban
Paraguay,Female,65+,Christianity,Rural
Paraguay,Male,56-65,Christianity,Rural
Paraguay,Male,46-55,Christianity,Rural
Paraguay,Male,36-45,Christianity,Rural
Paraguay,Male,18-25,Christianity,Rural
Paraguay,Female,56-65,Christianity,Rural
Paraguay,Male,26-35,Christianity,Rural
Paraguay,Male,36-45,Christianity,Rural
Paraguay,Male,56-65,Christianity,Rural
Paraguay,Male,26-35,Christianity,Rural
Paraguay,Male,18-25,Christianity,Urban
Paraguay,Male,36-45,Christianity,Urban
Paraguay,Male,36-45,Christianity,Urban
Paraguay,Male,56-65,Christianity,Urban
Paraguay,Male,18-25,Christianity,Urban
Paraguay,Male,26-35,Christianity,Urban
Paraguay,Male,26-35,Christianity,Urban
Paraguay,Female,26-35,Christianity,Urban
Paraguay,Male,18-25,Christianity,Urban
Paraguay,Male,36-45,Christianity,Urban
Paraguay,Female,18-25,Christianity,Urban
Paraguay,Female,26-35,Christianity,Urban
Paraguay,Male,26-35,Christianity,Urban
Paraguay,Male,56-65,Christianity,Urban
Paraguay,Female,26-35,Christianity,Urban
Paraguay,Male,36-45,Christianity,Urban
Paraguay,Male,56-65,Christianity,Urban
Paraguay,Female,18-25,Christianity,Urban
Paraguay,Male,26-35,Christianity,Urban
Paraguay,Male,36-45,Christianity,Urban
Paraguay,Female,26-35,Christianity,Rural
Paraguay,Male,56-65,Christianity,Rural
Paraguay,Male,26-35,Christianity,Rural
Paraguay,Male,36-45,Christianity,Rural
Paraguay,Male,56-65,Christianity,Rural
Paraguay,Female,26-35,Christianity,Rural
Paraguay,Male,26-35,,Rural
Paraguay,Male,46-55,Christianity,Rural
Paraguay,Female,18-25,Christianity,Rural
Paraguay,Female,56-65,Christianity,Rural
Paraguay,Female,26-35,,Urban
Paraguay,Female,18-25,Christianity,Urban
Paraguay,Male,36-45,Christianity,Urban
Paraguay,Female,36-45,Christianity,Urban
Paraguay,Female,18-25,,Urban
Paraguay,Male,46-55,Christianity,Urban
Paraguay,Male,26-35,Christianity,Urban
Paraguay,Female,36-45,Christianity,Urban
Paraguay,Male,26-35,Christianity,Urban
Paraguay,Female,56-65,Christianity,Urban
Paraguay,Male,36-45,Christianity,Urban
Paraguay,Female,46-55,Christianity,Urban
Paraguay,Female,46-55,Christianity,Urban
Paraguay,Male,18-25,,Urban
Paraguay,Female,18-25,Christianity,Urban
Paraguay,Male,26-35,Christianity,Urban
Paraguay,Male,26-35,Christianity,Urban
Paraguay,Female,46-55,,Urban
Paraguay,Male,46-55,Christianity,Urban
Paraguay,Male,26-35,,Urban
Paraguay,Male,18-25,,Urban
Paraguay,Male,18-25,Christianity,Urban
Paraguay,Male,18-25,,Urban
Paraguay,Male,18-25,Christianity,Urban
Paraguay,Male,46-55,,Urban
Paraguay,Female,26-35,Christianity,Urban
Paraguay,Male,26-35,Christianity,Urban
Paraguay,Male,18-25,Christianity,Urban
Paraguay,Male,36-45,,Urban
Paraguay,Male,56-65,Christianity,Urban
Paraguay,Male,26-35,Christianity,Urban
Paraguay,Male,18-25,Christianity,Urban
Paraguay,Male,18-25,Christianity,Urban
Paraguay,Female,18-25,,Urban
Paraguay,Male,56-65,Christianity,Urban
Paraguay,Female,18-25,Christianity,Urban
Paraguay,Male,26-35,Christianity,Urban
Paraguay,Female,18-25,Christianity,Urban
Paraguay,Male,36-45,,Urban
Paraguay,Male,26-35,,Urban
Paraguay,Male,18-25,,Urban
Paraguay,Male,26-35,Christianity,Urban
Paraguay,Male,18-25,Christianity,Urban
Paraguay,Male,18-25,,Urban
Paraguay,Male,18-25,Christianity,Urban
Paraguay,Male,18-25,,Urban
Paraguay,Male,36-45,Christianity,Urban
Paraguay,Male,18-25,Christianity,Urban
Paraguay,Male,18-25,,Urban
Paraguay,Male,18-25,Christianity,Urban
Paraguay,Female,26-35,Christianity,Rural
Paraguay,Female,46-55,Christianity,Rural
Paraguay,Male,46-55,Christianity,Rural
Paraguay,Female,36-45,Christianity,Rural
Paraguay,Male,26-35,Christianity,Rural
Paraguay,Female,46-55,Christianity,Rural
Paraguay,Female,46-55,Christianity,Rural
Paraguay,Male,65+,,Rural
Paraguay,Male,18-25,Christianity,Rural
Paraguay,Male,26-35,Christianity,Rural
Paraguay,Male,65+,Christianity,Urban
Paraguay,Male,26-35,Christianity,Urban
Paraguay,Male,46-55,Christianity,Urban
Paraguay,Female,18-25,Christianity,Urban
Paraguay,Male,26-35,,Urban
Paraguay,Female,65+,Christianity,Urban
Paraguay,Male,18-25,Christianity,Urban
Paraguay,Male,26-35,Christianity,Urban
Paraguay,Female,18-25,Christianity,Urban
Paraguay,Male,26-35,Christianity,Urban
Paraguay,Female,26-35,Christianity,Urban
Paraguay,Female,46-55,,Urban
Paraguay,Female,36-45,Christianity,Urban
Paraguay,Female,56-65,Christianity,Urban
Paraguay,Female,36-45,Christianity,Urban
Paraguay,Male,36-45,Christianity,Urban
Paraguay,Female,36-45,Christianity,Urban
Paraguay,Male,18-25,,Urban
Paraguay,Female,26-35,Christianity,Urban
Paraguay,Male,46-55,Christianity,Urban
Paraguay,Male,26-35,,Urban
Paraguay,Male,26-35,Christianity,Urban
Paraguay,Male,56-65,Christianity,Urban
Paraguay,Male,56-65,Christianity,Urban
Paraguay,Female,18-25,Christianity,Urban
Paraguay,Female,18-25,,Urban
Paraguay,Male,56-65,Christianity,Urban
Paraguay,Male,26-35,,Urban
Paraguay,Male,26-35,Christianity,Urban
Paraguay,Female,18-25,Christianity,Urban
Paraguay,Female,46-55,Christianity,Urban
Paraguay,Male,26-35,Christianity,Urban
Paraguay,Female,18-25,Christianity,Urban
Paraguay,Female,36-45,Christianity,Urban
Paraguay,Female,26-35,Christianity,Urban
Paraguay,Male,46-55,Christianity,Urban
Paraguay,Female,56-65,Christianity,Urban
Paraguay,Female,46-55,Christianity,Urban
Paraguay,Male,18-25,,Urban
Paraguay,Male,26-35,Christianity,Urban
Paraguay,Male,18-25,Christianity,Rural
Paraguay,Male,18-25,Christianity,Rural
Paraguay,Male,26-35,Christianity,Rural
Paraguay,Male,18-25,Christianity,Rural
Paraguay,Male,46-55,Christianity,Rural
Paraguay,Male,26-35,Christianity,Rural
Paraguay,Male,18-25,Christianity,Rural
Paraguay,Female,26-35,,Rural
Paraguay,Male,18-25,Christianity,Rural
Paraguay,Female,36-45,Christianity,Rural
Paraguay,Male,26-35,Christianity,Urban
Paraguay,Female,18-25,Christianity,Urban
Paraguay,Female,46-55,Christianity,Urban
Paraguay,Female,56-65,Christianity,Urban
Paraguay,Female,36-45,Christianity,Urban
Paraguay,Male,36-45,Christianity,Urban
Paraguay,Female,26-35,Christianity,Urban
Paraguay,Female,65+,Christianity,Urban
Paraguay,Female,36-45,Christianity,Urban
Paraguay,Female,26-35,,Urban
Paraguay,Male,46-55,Christianity,Urban
Paraguay,Female,36-45,Christianity,Urban
Paraguay,Male,18-25,Christianity,Urban
Paraguay,Male,56-65,Christianity,Urban
Paraguay,Female,36-45,,Urban
Paraguay,Male,26-35,Christianity,Urban
Paraguay,Male,36-45,,Urban
Paraguay,Male,26-35,Christianity,Urban
Paraguay,Male,18-25,,Urban
Paraguay,Male,26-35,Christianity,Urban
Paraguay,Female,36-45,Christianity,Urban
Paraguay,Male,36-45,Christianity,Urban
Paraguay,Female,36-45,Christianity,Urban
Paraguay,Female,26-35,Christianity,Urban
Paraguay,Female,26-35,Christianity,Urban
Paraguay,Female,18-25,,Urban
Paraguay,Male,46-55,Christianity,Urban
Paraguay,Female,65+,Christianity,Urban
Paraguay,Male,36-45,Christianity,Urban
Paraguay,Female,18-25,Christianity,Urban
Paraguay,Female,26-35,Christianity,Rural
Paraguay,Female,36-45,Christianity,Rural
Paraguay,Male,65+,Christianity,Rural
Paraguay,Female,56-65,Christianity,Rural
Paraguay,Female,56-65,Christianity,Rural
Paraguay,Female,26-35,Christianity,Rural
Paraguay,Male,56-65,Christianity,Rural
Paraguay,Female,56-65,Christianity,Rural
Paraguay,Male,65+,Christianity,Rural
Paraguay,Female,46-55,Christianity,Rural
Paraguay,Male,18-25,,Rural
Paraguay,Female,18-25,Christianity,Rural
Paraguay,Male,18-25,Christianity,Rural
Paraguay,Male,26-35,Christianity,Rural
Paraguay,Female,18-25,Christianity,Rural
Paraguay,Male,18-25,Christianity,Rural
Paraguay,Female,56-65,Christianity,Rural
Paraguay,Male,18-25,,Rural
Paraguay,Male,36-45,Christianity,Rural
Paraguay,Female,18-25,Christianity,Rural
Paraguay,Male,18-25,Christianity,Urban
Paraguay,Male,18-25,Christianity,Urban
Paraguay,Male,36-45,Christianity,Urban
Paraguay,Male,26-35,Christianity,Urban
Paraguay,Male,56-65,Christianity,Urban
Paraguay,Male,18-25,,Urban
Paraguay,Male,18-25,Christianity,Urban
Paraguay,Female,36-45,Christianity,Urban
Paraguay,Male,36-45,Christianity,Urban
Paraguay,Female,18-25,Christianity,Urban
Paraguay,Male,46-55,Christianity,Urban
Paraguay,Female,46-55,Christianity,Urban
Paraguay,Male,56-65,Christianity,Urban
Paraguay,Female,26-35,Christianity,Urban
Paraguay,Male,26-35,Christianity,Urban
Paraguay,Male,26-35,Christianity,Urban
Paraguay,Female,26-35,Christianity,Urban
Paraguay,Male,46-55,Christianity,Urban
Paraguay,Male,36-45,Christianity,Urban
Paraguay,Male,18-25,Christianity,Urban
Paraguay,Female,26-35,Christianity,Urban
Paraguay,Female,18-25,Christianity,Urban
Paraguay,Female,26-35,Christianity,Urban
Paraguay,Male,56-65,Christianity,Urban
Paraguay,Male,36-45,Christianity,Urban
Paraguay,Female,46-55,Christianity,Urban
Paraguay,Male,26-35,Christianity,Urban
Paraguay,Female,26-35,Christianity,Urban
Paraguay,Male,26-35,Christianity,Urban
Paraguay,Male,26-35,Christianity,Urban
Paraguay,Female,18-25,,Urban
Paraguay,Male,26-35,Christianity,Urban
Paraguay,Female,18-25,Christianity,Urban
Paraguay,Male,56-65,Christianity,Urban
Paraguay,Male,65+,Christianity,Urban
Paraguay,Female,46-55,Christianity,Urban
Paraguay,Female,65+,Christianity,Urban
Paraguay,Male,18-25,Christianity,Urban
Paraguay,Male,18-25,Christianity,Urban
Paraguay,Male,36-45,Christianity,Urban
Paraguay,Male,56-65,Christianity,Urban
Paraguay,Female,56-65,Christianity,Urban
Paraguay,Female,18-25,Christianity,Urban
Paraguay,Female,26-35,Christianity,Urban
Paraguay,Female,26-35,Christianity,Urban
Paraguay,Female,18-25,Christianity,Urban
Paraguay,Male,36-45,Christianity,Urban
Paraguay,Female,65+,Christianity,Urban
Paraguay,Female,36-45,Christianity,Urban
Paraguay,Female,46-55,Christianity,Urban
Paraguay,Male,36-45,,Urban
Paraguay,Male,36-45,Christianity,Urban
Paraguay,Male,26-35,Christianity,Urban
Paraguay,Male,18-25,,Urban
Paraguay,Male,36-45,Christianity,Urban
Paraguay,Female,36-45,Christianity,Urban
Paraguay,Female,18-25,Christianity,Urban
Paraguay,Female,36-45,Christianity,Urban
Paraguay,Female,26-35,Christianity,Urban
Paraguay,Male,46-55,Christianity,Urban
Paraguay,Female,46-55,Christianity,Urban
Paraguay,Female,36-45,Christianity,Urban
Paraguay,Female,36-45,Christianity,Urban
Paraguay,Male,18-25,Christianity,Urban
Paraguay,Female,26-35,Christianity,Urban
Paraguay,Male,18-25,Christianity,Urban
Paraguay,Male,18-25,Christianity,Urban
Paraguay,Male,26-35,,Urban
Paraguay,Female,18-25,Christianity,Urban
Paraguay,Male,65+,Christianity,Urban
Paraguay,Male,36-45,Christianity,Urban
Paraguay,Female,46-55,Christianity,Urban
Paraguay,Female,56-65,Christianity,Urban
Paraguay,Female,18-25,Christianity,Urban
Paraguay,Male,26-35,Christianity,Urban
Paraguay,Male,36-45,Christianity,Urban
Paraguay,Female,26-35,Christianity,Urban
Paraguay,Female,18-25,Christianity,Urban
Paraguay,Female,46-55,Christianity,Urban
Paraguay,Male,65+,Christianity,Urban
Paraguay,Female,46-55,Christianity,Urban
Paraguay,Female,26-35,Christianity,Urban
Paraguay,Female,18-25,Christianity,Urban
Paraguay,Female,36-45,Christianity,Urban
Paraguay,Female,18-25,Christianity,Urban
Paraguay,Male,46-55,Christianity,Urban
Paraguay,Female,18-25,Christianity,Urban
Paraguay,Male,18-25,,Urban
Paraguay,Female,18-25,Christianity,Urban
Paraguay,Male,36-45,Christianity,Urban
Paraguay,Male,18-25,Christianity,Urban
Paraguay,Female,18-25,Christianity,Urban
Paraguay,Male,18-25,,Urban
Paraguay,Male,26-35,Christianity,Urban
Paraguay,Male,18-25,Christianity,Urban
Paraguay,Female,56-65,Christianity,Urban
Paraguay,Male,46-55,Christianity,Urban
Paraguay,Male,26-35,Christianity,Urban
Paraguay,Female,65+,Christianity,Urban
Paraguay,Male,18-25,,Urban
Paraguay,Female,18-25,Christianity,Rural
Paraguay,Male,46-55,Christianity,Rural
Paraguay,Female,18-25,Christianity,Rural
Paraguay,Male,26-35,Christianity,Rural
Paraguay,Female,18-25,Christianity,Rural
Paraguay,Male,18-25,,Rural
Paraguay,Male,18-25,Christianity,Rural
Paraguay,Male,46-55,Christianity,Rural
Paraguay,Male,18-25,,Rural
Paraguay,Female,18-25,Christianity,Rural
Paraguay,Female,46-55,Christianity,Urban
Paraguay,Male,36-45,Christianity,Urban
Paraguay,Female,65+,Christianity,Urban
Paraguay,Female,65+,Christianity,Urban
Paraguay,Female,36-45,Christianity,Urban
Paraguay,Male,26-35,Christianity,Urban
Paraguay,Female,36-45,Christianity,Urban
Paraguay,Female,26-35,Christianity,Urban
Paraguay,Male,18-25,Christianity,Urban
Paraguay,Male,36-45,Christianity,Urban
Paraguay,Male,56-65,Christianity,Urban
Paraguay,Male,46-55,Christianity,Urban
Paraguay,Male,18-25,Christianity,Urban
Paraguay,Male,26-35,Christianity,Urban
Paraguay,Female,18-25,Christianity,Urban
Paraguay,Female,26-35,Christianity,Urban
Paraguay,Male,18-25,Christianity,Urban
Paraguay,Female,18-25,,Urban
Paraguay,Female,18-25,Christianity,Urban
Paraguay,Male,18-25,Christianity,Urban
Paraguay,Male,18-25,Christianity,Urban
Paraguay,Male,36-45,Christianity,Urban
Paraguay,Male,18-25,Christianity,Urban
Paraguay,Male,46-55,Christianity,Urban
Paraguay,Male,18-25,Christianity,Urban
Paraguay,Female,36-45,Christianity,Urban
Paraguay,Male,26-35,Christianity,Urban
Paraguay,Male,36-45,Christianity,Urban
Paraguay,Male,18-25,Christianity,Urban
Paraguay,Male,46-55,Christianity,Urban
Paraguay,Female,36-45,Christianity,Urban
Paraguay,Male,46-55,Christianity,Urban
Paraguay,Female,18-25,Christianity,Urban
Paraguay,Male,46-55,Christianity,Urban
Paraguay,Male,46-55,Christianity,Urban
Paraguay,Female,26-35,Christianity,Urban
Paraguay,Female,46-55,Christianity,Urban
Paraguay,Female,36-45,Christianity,Urban
Paraguay,Female,36-45,Christianity,Urban
Paraguay,Male,46-55,Christianity,Urban
Paraguay,Female,18-25,Christianity,Urban
Paraguay,Female,46-55,Christianity,Urban
Paraguay,Male,65+,Christianity,Urban
Paraguay,Female,65+,Christianity,Urban
Paraguay,Male,56-65,Christianity,Urban
Paraguay,Female,26-35,Christianity,Urban
Paraguay,Female,26-35,,Urban
Paraguay,Female,56-65,Christianity,Urban
Paraguay,Male,36-45,Christianity,Urban
Paraguay,Female,46-55,Christianity,Urban
Paraguay,Female,18-25,Christianity,Urban
Paraguay,Female,36-45,Christianity,Urban
Paraguay,Female,18-25,Christianity,Urban
Paraguay,Male,18-25,Christianity,Urban
Paraguay,Female,46-55,Christianity,Urban
Paraguay,Female,26-35,,Urban
Paraguay,Female,26-35,Christianity,Urban
Paraguay,Female,36-45,Christianity,Urban
Paraguay,Female,26-35,Christianity,Urban
Paraguay,Female,56-65,Christianity,Urban
Paraguay,Female,46-55,Christianity,Urban
Paraguay,Female,46-55,Christianity,Urban
Paraguay,Female,26-35,Christianity,Urban
Paraguay,Male,36-45,Christianity,Urban
Paraguay,Female,56-65,Christianity,Urban
Paraguay,Female,18-25,Christianity,Urban
Paraguay,Female,36-45,Christianity,Urban
Paraguay,Female,18-25,Christianity,Urban
Paraguay,Female,46-55,Christianity,Urban
Paraguay,Female,18-25,Christianity,Urban
Paraguay,Female,36-45,Christianity,Urban
Paraguay,Male,65+,Christianity,Urban
Paraguay,Female,26-35,Christianity,Urban
Paraguay,Female,18-25,Christianity,Urban
Paraguay,Female,18-25,Christianity,Urban
Paraguay,Male,18-25,Christianity,Urban
Paraguay,Female,26-35,Christianity,Urban
Paraguay,Female,36-45,,Urban
Paraguay,Female,36-45,Christianity,Urban
Paraguay,Female,36-45,Christianity,Urban
Paraguay,Female,26-35,Christianity,Urban
Paraguay,Female,36-45,Christianity,Urban
Paraguay,Female,46-55,Christianity,Urban
Paraguay,Female,36-45,Christianity,Urban
Paraguay,Male,56-65,Christianity,Urban
Paraguay,Male,65+,Christianity,Urban
Paraguay,Female,65+,Christianity,Urban
Paraguay,Female,46-55,Christianity,Urban
Paraguay,Female,65+,Christianity,Urban
Paraguay,Male,26-35,,Urban
Paraguay,Female,26-35,Christianity,Urban
Paraguay,Female,26-35,Christianity,Urban
Paraguay,Female,46-55,Christianity,Urban
Paraguay,Male,65+,Christianity,Urban
Paraguay,Male,65+,Christianity,Urban
Paraguay,Male,65+,Christianity,Urban
Paraguay,Male,26-35,,Urban
Paraguay,Female,18-25,Christianity,Urban
Paraguay,Male,18-25,Christianity,Urban
Paraguay,Male,65+,Christianity,Urban
Paraguay,Male,26-35,Christianity,Urban
Paraguay,Male,65+,Christianity,Urban
Paraguay,Male,56-65,Christianity,Urban
Paraguay,Male,46-55,Christianity,Urban
Paraguay,Female,26-35,Christianity,Urban
Paraguay,Male,36-45,Christianity,Urban
Paraguay,Female,18-25,,Urban
Paraguay,Female,36-45,Christianity,Urban
Paraguay,Female,18-25,Christianity,Urban
Paraguay,Male,36-45,Christianity,Urban
Paraguay,Female,56-65,Christianity,Urban
Paraguay,Male,56-65,,Urban
Paraguay,Male,18-25,Christianity,Urban
Paraguay,Male,18-25,Christianity,Urban
Paraguay,Male,18-25,Christianity,Urban
Paraguay,Male,18-25,,Urban
Paraguay,Male,36-45,Christianity,Urban
Paraguay,Male,46-55,Christianity,Urban
Paraguay,Female,36-45,Christianity,Urban
Paraguay,Male,18-25,,Urban
Paraguay,Male,36-45,,Urban
Paraguay,Male,36-45,Christianity,Urban
Paraguay,Female,65+,Christianity,Urban
Paraguay,Male,36-45,Christianity,Urban
Paraguay,Female,26-35,Christianity,Urban
Paraguay,Male,26-35,Christianity,Urban
Paraguay,Female,46-55,Christianity,Urban
Paraguay,Female,56-65,Christianity,Urban
Paraguay,Female,36-45,Christianity,Urban
Paraguay,Male,65+,Christianity,Urban
Paraguay,Male,26-35,Christianity,Urban
Paraguay,Female,26-35,Christianity,Urban
Paraguay,Female,18-25,,Urban
Paraguay,Male,56-65,Christianity,Urban
Paraguay,Male,26-35,,Urban
Paraguay,Female,56-65,Christianity,Urban
Paraguay,Female,36-45,,Urban
Paraguay,Female,18-25,,Urban
Paraguay,Male,36-45,,Urban
Paraguay,Female,46-55,Christianity,Urban
Paraguay,Male,36-45,Christianity,Urban
Paraguay,Male,18-25,Christianity,Urban
Paraguay,Male,36-45,,Urban
Paraguay,Male,18-25,,Urban
Paraguay,Female,56-65,Christianity,Urban
Paraguay,Male,18-25,,Urban
Paraguay,Male,26-35,Christianity,Urban
Paraguay,Female,56-65,Christianity,Urban
Paraguay,Female,18-25,Christianity,Urban
Paraguay,Male,18-25,Christianity,Urban
Paraguay,Female,46-55,Christianity,Urban
Paraguay,Female,46-55,Christianity,Urban
Paraguay,Female,46-55,Christianity,Urban
Paraguay,Female,18-25,Christianity,Urban
Paraguay,Female,26-35,Christianity,Urban
Paraguay,Male,18-25,Christianity,Urban
Paraguay,Female,36-45,Christianity,Urban
Paraguay,Female,26-35,Christianity,Urban
Paraguay,Female,46-55,Christianity,Urban
Paraguay,Female,26-35,Christianity,Urban
Paraguay,Male,36-45,Christianity,Urban
Paraguay,Female,56-65,Christianity,Urban
Paraguay,Male,46-55,Christianity,Urban
Paraguay,Female,36-45,Christianity,Urban
Paraguay,Female,26-35,Christianity,Urban
Paraguay,Male,65+,Christianity,Urban
Paraguay,Male,56-65,Christianity,Urban
Paraguay,Male,56-65,Christianity,Urban
Paraguay,Female,26-35,Christianity,Urban
Paraguay,Male,18-25,Christianity,Urban
Paraguay,Female,18-25,Christianity,Urban
Paraguay,Male,18-25,,Urban
Paraguay,Male,18-25,,Urban
Paraguay,Female,46-55,Christianity,Urban
Paraguay,Male,46-55,Christianity,Urban
Paraguay,Male,26-35,Christianity,Urban
Paraguay,Male,56-65,Christianity,Urban
Paraguay,Female,18-25,Christianity,Urban
Paraguay,Male,36-45,Christianity,Urban
Paraguay,Male,18-25,,Urban
Paraguay,Male,26-35,Christianity,Urban
Paraguay,Female,26-35,Christianity,Urban
Paraguay,Male,65+,Christianity,Urban
Paraguay,Female,18-25,Christianity,Urban
Paraguay,Female,46-55,Christianity,Urban
Paraguay,Male,18-25,,Urban
Paraguay,Female,65+,Christianity,Urban
Paraguay,Female,36-45,,Urban
Paraguay,Female,18-25,Christianity,Urban
Paraguay,Male,18-25,,Urban
Paraguay,Female,26-35,Christianity,Urban
Paraguay,Male,26-35,Christianity,Urban
Paraguay,Male,46-55,Christianity,Urban
Paraguay,Male,36-45,Christianity,Urban
Paraguay,Male,36-45,Christianity,Urban
Paraguay,Male,56-65,Christianity,Urban
Paraguay,Male,36-45,Christianity,Urban
Paraguay,Female,26-35,Christianity,Urban
Paraguay,Female,26-35,Christianity,Urban
Paraguay,Female,18-25,Christianity,Urban
Paraguay,Female,46-55,Christianity,Urban
Paraguay,Male,26-35,Christianity,Urban
Paraguay,Female,36-45,Christianity,Urban
Paraguay,Female,26-35,Christianity,Urban
Paraguay,Female,18-25,,Urban
Paraguay,Male,26-35,,Urban
Paraguay,Male,26-35,,Urban
Paraguay,Male,56-65,Christianity,Urban
Paraguay,Female,26-35,,Urban
Paraguay,Female,26-35,Christianity,Urban
Paraguay,Male,46-55,Christianity,Urban
Paraguay,Male,26-35,Christianity,Urban
Paraguay,Female,46-55,Christianity,Urban
Paraguay,Female,65+,Christianity,Urban
Paraguay,Female,36-45,Christianity,Urban
Paraguay,Female,46-55,Christianity,Urban
Paraguay,Female,18-25,Christianity,Urban
Paraguay,Male,26-35,Christianity,Urban
Paraguay,Female,56-65,Christianity,Urban
Paraguay,Female,26-35,,Urban
Paraguay,Female,36-45,Christianity,Urban
Paraguay,Female,26-35,Christianity,Urban
Paraguay,Female,65+,,Urban
Paraguay,Female,65+,Christianity,Urban
Paraguay,Male,18-25,Christianity,Urban
Paraguay,Female,56-65,Christianity,Urban
Paraguay,Female,46-55,Christianity,Urban
Paraguay,Female,26-35,Christianity,Urban
Paraguay,Female,18-25,,Urban
Paraguay,Male,65+,Christianity,Urban
Paraguay,Female,26-35,Christianity,Urban
Paraguay,Female,26-35,Christianity,Urban
Paraguay,Female,26-35,Christianity,Urban
Paraguay,Female,26-35,Christianity,Urban
Paraguay,Female,18-25,,Urban
Paraguay,Female,56-65,Christianity,Urban
Paraguay,Female,18-25,Christianity,Urban
Paraguay,Female,18-25,Christianity,Urban
Paraguay,Female,26-35,Christianity,Urban
Paraguay,Female,26-35,Christianity,Urban
Paraguay,Male,26-35,,Urban
Paraguay,Male,26-35,Christianity,Urban
Paraguay,Female,46-55,,Urban
Paraguay,Female,36-45,Christianity,Urban
Paraguay,Male,18-25,Christianity,Urban
Paraguay,Male,18-25,Christianity,Urban
Paraguay,Male,18-25,,Urban
Paraguay,Male,46-55,,Urban
Paraguay,Male,56-65,Christianity,Urban
Paraguay,Male,26-35,Christianity,Urban
Paraguay,Female,46-55,Christianity,Urban
Paraguay,Female,18-25,,Urban
Paraguay,Male,65+,Christianity,Urban
Paraguay,Male,65+,Christianity,Urban
Paraguay,Female,65+,Christianity,Urban
Paraguay,Female,46-55,Christianity,Urban
Paraguay,Male,56-65,Christianity,Urban
Paraguay,Male,65+,Christianity,Urban
Paraguay,Male,36-45,,Urban
Paraguay,Male,56-65,Christianity,Urban
Paraguay,Female,26-35,Christianity,Urban
Paraguay,Female,18-25,Christianity,Urban
Paraguay,Female,26-35,Christianity,Urban
Paraguay,Female,26-35,Christianity,Urban
Paraguay,Female,26-35,,Urban
Paraguay,Female,36-45,Christianity,Urban
Paraguay,Female,26-35,Christianity,Urban
Paraguay,Female,65+,Christianity,Urban
Paraguay,Male,65+,Christianity,Urban
Paraguay,Female,65+,Christianity,Urban
Paraguay,Female,65+,Christianity,Urban
Paraguay,Male,46-55,,Urban
Paraguay,Female,36-45,,Urban
Paraguay,Male,18-25,,Urban
Paraguay,Male,56-65,,Urban
Paraguay,Male,36-45,Christianity,Urban
Paraguay,Male,56-65,Christianity,Urban
Paraguay,Male,65+,Christianity,Urban
Paraguay,Male,65+,Christianity,Urban
Paraguay,Male,36-45,,Urban
Paraguay,Female,46-55,Christianity,Urban
Paraguay,Female,65+,Christianity,Urban
Paraguay,Female,56-65,Christianity,Urban
Paraguay,Female,46-55,Christianity,Urban
Paraguay,Female,46-55,Christianity,Urban
Paraguay,Male,65+,Christianity,Urban
Paraguay,Female,18-25,Christianity,Urban
Paraguay,Female,36-45,Christianity,Urban
Paraguay,Female,18-25,Christianity,Urban
Paraguay,Male,65+,Christianity,Urban
Paraguay,Female,26-35,Christianity,Urban
Paraguay,Male,56-65,Christianity,Urban
Paraguay,Female,36-45,Christianity,Urban
Paraguay,Female,36-45,Christianity,Urban
Paraguay,Male,65+,Christianity,Urban
Paraguay,Male,65+,Christianity,Urban
Paraguay,Female,18-25,Christianity,Urban
Paraguay,Female,18-25,,Urban
Paraguay,Female,36-45,Christianity,Urban
Paraguay,Female,26-35,Christianity,Urban
Paraguay,Male,26-35,Christianity,Urban
Paraguay,Male,36-45,Christianity,Urban
Paraguay,Female,56-65,Christianity,Urban
Paraguay,Female,18-25,Christianity,Urban
Paraguay,Female,36-45,Christianity,Urban
Paraguay,Male,26-35,Christianity,Urban
Paraguay,Male,65+,Christianity,Urban
Paraguay,Female,26-35,Christianity,Urban
Paraguay,Male,36-45,Christianity,Urban
Paraguay,Male,18-25,Christianity,Urban
Paraguay,Female,36-45,,Urban
Paraguay,Male,46-55,Christianity,Urban
Paraguay,Female,26-35,Christianity,Urban
Paraguay,Male,26-35,,Urban
Paraguay,Male,56-65,Christianity,Urban
Paraguay,Male,36-45,Christianity,Urban
Paraguay,Female,26-35,Christianity,Urban
Paraguay,Female,26-35,Christianity,Urban
Paraguay,Female,18-25,,Urban
Paraguay,Male,18-25,,Urban
Paraguay,Female,18-25,,Urban
Paraguay,Female,26-35,Christianity,Urban
Paraguay,Female,26-35,Christianity,Urban
Paraguay,Male,18-25,Christianity,Urban
Paraguay,Male,56-65,Christianity,Urban
Paraguay,Female,18-25,Christianity,Urban
Paraguay,Female,46-55,Christianity,Urban
Paraguay,Male,18-25,,Urban
Paraguay,Female,65+,Christianity,Urban
Paraguay,Female,26-35,Christianity,Urban
Paraguay,Male,36-45,Christianity,Urban
Paraguay,Male,36-45,Christianity,Urban
Paraguay,Female,18-25,Christianity,Urban
Paraguay,Male,36-45,Christianity,Urban
Paraguay,Female,36-45,Christianity,Urban
Paraguay,Female,26-35,Christianity,Urban
Paraguay,Female,65+,Christianity,Urban
Paraguay,Female,46-55,Christianity,Urban
Paraguay,Female,65+,Christianity,Urban
Paraguay,Female,65+,Christianity,Urban
Paraguay,Female,18-25,,Urban
Paraguay,Female,26-35,Christianity,Urban
Paraguay,Female,18-25,Christianity,Urban
Paraguay,Male,18-25,,Urban
Paraguay,Male,26-35,Christianity,Urban
Paraguay,Male,18-25,,Urban
Paraguay,Female,56-65,Christianity,Urban
Paraguay,Female,26-35,Christianity,Urban
Paraguay,Female,36-45,Christianity,Urban
Paraguay,Female,18-25,Christianity,Urban
Paraguay,Male,26-35,Christianity,Urban
Paraguay,Male,18-25,,Urban
Paraguay,Female,18-25,Christianity,Urban
Paraguay,Female,56-65,Christianity,Urban
Paraguay,Male,46-55,Christianity,Urban
Paraguay,Male,18-25,Christianity,Urban
Paraguay,Female,65+,Christianity,Urban
Paraguay,Male,26-35,Christianity,Urban
Paraguay,Male,18-25,,Urban
Paraguay,Male,18-25,Christianity,Urban
Paraguay,Male,18-25,Christianity,Rural
Paraguay,Male,26-35,Christianity,Rural
Paraguay,Female,18-25,Christianity,Rural
Paraguay,Male,56-65,Christianity,Rural
Paraguay,Female,36-45,Christianity,Rural
Paraguay,Male,65+,,Rural
Paraguay,Male,26-35,,Rural
Paraguay,Male,26-35,Christianity,Rural
Paraguay,Male,36-45,,Rural
Paraguay,Male,26-35,Christianity,Rural
Paraguay,Male,18-25,Christianity,Urban
Paraguay,Male,18-25,Christianity,Urban
Paraguay,Male,46-55,Christianity,Urban
Paraguay,Female,56-65,Christianity,Urban
Paraguay,Male,65+,Christianity,Urban
Paraguay,Female,18-25,Christianity,Urban
Paraguay,Male,18-25,,Urban
Paraguay,Female,46-55,Christianity,Urban
Paraguay,Male,18-25,Christianity,Urban
Paraguay,Female,56-65,Christianity,Urban
Paraguay,Female,56-65,Christianity,Urban
Paraguay,Male,36-45,Christianity,Urban
Paraguay,Female,26-35,Christianity,Urban
Paraguay,Male,26-35,Christianity,Urban
Paraguay,Male,18-25,Christianity,Urban
Paraguay,Male,18-25,Christianity,Urban
Paraguay,Male,36-45,Christianity,Urban
Paraguay,Male,26-35,Christianity,Urban
Paraguay,Male,26-35,Christianity,Urban
Paraguay,Female,18-25,Christianity,Urban
Paraguay,Male,26-35,,Urban
Paraguay,Male,36-45,,Urban
Paraguay,Female,18-25,Christianity,Urban
Paraguay,Female,18-25,Christianity,Urban
Paraguay,Male,36-45,Christianity,Urban
Paraguay,Male,26-35,Christianity,Urban
Paraguay,Female,18-25,Christianity,Urban
Paraguay,Male,36-45,Christianity,Urban
Paraguay,Male,56-65,Christianity,Urban
Paraguay,Male,26-35,Christianity,Urban
Paraguay,Female,56-65,Christianity,Urban
Paraguay,Male,26-35,,Urban
Paraguay,Female,18-25,,Urban
Paraguay,Male,46-55,Christianity,Urban
Paraguay,Male,18-25,,Urban
Paraguay,Female,36-45,Christianity,Urban
Paraguay,Female,46-55,Christianity,Urban
Paraguay,Female,46-55,Christianity,Urban
Paraguay,Male,36-45,Christianity,Urban
Paraguay,Male,26-35,,Urban
Paraguay,Male,18-25,Christianity,Urban
Paraguay,Male,26-35,Christianity,Urban
Paraguay,Female,65+,Christianity,Urban
Paraguay,Male,18-25,,Urban
Paraguay,Male,18-25,Christianity,Urban
Paraguay,Female,18-25,Christianity,Urban
Paraguay,Male,18-25,Christianity,Urban
Paraguay,Male,18-25,Christianity,Urban
Paraguay,Female,56-65,Christianity,Urban
Paraguay,Male,56-65,Christianity,Urban
Paraguay,Female,18-25,Christianity,Rural
Paraguay,Male,26-35,Christianity,Rural
Paraguay,Female,46-55,Christianity,Rural
Paraguay,Male,26-35,Christianity,Rural
Paraguay,Male,18-25,Christianity,Rural
Paraguay,Male,18-25,Christianity,Rural
Paraguay,Male,36-45,Christianity,Rural
Paraguay,Male,36-45,Christianity,Rural
Paraguay,Male,36-45,Christianity,Rural
Paraguay,Female,46-55,Christianity,Rural
Paraguay,Female,18-25,Christianity,Rural
Paraguay,Female,18-25,,Rural
Paraguay,Male,46-55,Christianity,Rural
Paraguay,Male,65+,Christianity,Rural
Paraguay,Male,26-35,Christianity,Rural
Paraguay,Male,18-25,Christianity,Rural
Paraguay,Female,26-35,Christianity,Rural
Paraguay,Male,18-25,Christianity,Rural
Paraguay,Female,26-35,Christianity,Rural
Paraguay,Male,56-65,Christianity,Rural
Paraguay,Male,46-55,Christianity,Urban
Paraguay,Male,18-25,Christianity,Urban
Paraguay,Male,18-25,,Urban
Paraguay,Female,18-25,,Urban
Paraguay,Male,46-55,Christianity,Urban
Paraguay,Male,36-45,Christianity,Urban
Paraguay,Male,36-45,Christianity,Urban
Paraguay,Male,46-55,Christianity,Urban
Paraguay,Male,36-45,Christianity,Urban
Paraguay,Female,56-65,Christianity,Urban
Paraguay,Female,26-35,,Urban
Paraguay,Female,18-25,,Urban
Paraguay,Female,18-25,Christianity,Urban
Paraguay,Male,26-35,Christianity,Urban
Paraguay,Male,18-25,Christianity,Urban
Paraguay,Female,26-35,Christianity,Urban
Paraguay,Female,18-25,Christianity,Urban
Paraguay,Female,18-25,Christianity,Urban
Paraguay,Female,65+,Christianity,Urban
Paraguay,Male,65+,Christianity,Urban
Paraguay,Female,18-25,,Urban
Paraguay,Female,26-35,Christianity,Urban
Paraguay,Male,36-45,Christianity,Urban
Paraguay,Female,56-65,Christianity,Urban
Paraguay,Female,26-35,Christianity,Urban
Paraguay,Male,18-25,Christianity,Urban
Paraguay,Female,36-45,,Urban
Paraguay,Male,18-25,,Urban
Paraguay,Female,56-65,Christianity,Urban
Paraguay,Male,26-35,,Urban
Peru,Male,18-25,Christianity,Urban
Peru,Male,26-35,Other religious group,Urban
Peru,Male,18-25,Christianity,Urban
Peru,Female,36-45,Christianity,Urban
Peru,Female,65+,Christianity,Urban
Peru,Female,46-55,Judaism,Urban
Peru,Male,56-65,Christianity,Urban
Peru,Male,26-35,Christianity,Urban
Peru,Female,18-25,Christianity,Urban
Peru,Female,36-45,Christianity,Urban
Peru,Male,18-25,Christianity,Urban
Peru,Female,46-55,Christianity,Urban
Peru,Male,36-45,Christianity,Urban
Peru,Female,26-35,Judaism,Urban
Peru,Male,46-55,Christianity,Urban
Peru,Female,26-35,Christianity,Urban
Peru,Male,56-65,Christianity,Urban
Peru,Female,18-25,Christianity,Urban
Peru,Female,46-55,Christianity,Urban
Peru,Male,36-45,I do not identify with any religious group or faith,Urban
Peru,Male,18-25,I do not identify with any religious group or faith,Urban
Peru,Male,46-55,I do not identify with any religious group or faith,Urban
Peru,Male,56-65,I do not identify with any religious group or faith,Urban
Peru,Female,26-35,I do not identify with any religious group or faith,Urban
Peru,Female,26-35,Christianity,Urban
Peru,Male,18-25,Christianity,Urban
Peru,Female,36-45,I do not identify with any religious group or faith,Urban
Peru,Female,36-45,Christianity,Urban
Peru,Male,46-55,I do not identify with any religious group or faith,Urban
Peru,Female,65+,Christianity,Urban
Peru,Female,26-35,Christianity,Urban
Peru,Male,46-55,Christianity,Urban
Peru,Female,18-25,Christianity,Urban
Peru,Male,65+,Christianity,Urban
Peru,Male,18-25,Christianity,Urban
Peru,Female,65+,Christianity,Urban
Peru,Female,26-35,Christianity,Urban
Peru,Male,18-25,I do not identify with any religious group or faith,Urban
Peru,Female,56-65,Christianity,Urban
Peru,Male,26-35,Christianity,Urban
Peru,Male,26-35,I do not identify with any religious group or faith,Rural
Peru,Female,18-25,Christianity,Rural
Peru,Male,46-55,Christianity,Rural
Peru,Female,56-65,Christianity,Rural
Peru,Female,36-45,Christianity,Rural
Peru,Male,46-55,Christianity,Rural
Peru,Female,36-45,Christianity,Rural
Peru,Male,65+,Christianity,Rural
Peru,Female,36-45,Christianity,Rural
Peru,Male,18-25,Christianity,Rural
Peru,Male,46-55,Christianity,Urban
Peru,Female,56-65,Christianity,Urban
Peru,Female,36-45,Christianity,Urban
Peru,Male,26-35,Christianity,Urban
Peru,Male,18-25,Christianity,Urban
Peru,Female,46-55,Christianity,Urban
Peru,Female,36-45,Christianity,Urban
Peru,Male,26-35,Christianity,Urban
Peru,Male,46-55,Christianity,Urban
Peru,Female,18-25,Christianity,Urban
Peru,Female,18-25,Christianity,Urban
Peru,Female,26-35,Christianity,Urban
Peru,Male,26-35,Christianity,Urban
Peru,Female,56-65,Christianity,Urban
Peru,Male,36-45,Christianity,Urban
Peru,Female,18-25,I do not identify with any religious group or faith,Urban
Peru,Female,36-45,Christianity,Urban
Peru,Male,46-55,Christianity,Urban
Peru,Male,26-35,Christianity,Urban
Peru,Male,36-45,Christianity,Urban
Peru,Male,56-65,Christianity,Urban
Peru,Female,36-45,Christianity,Urban
Peru,Female,36-45,Christianity,Urban
Peru,Female,26-35,Christianity,Urban
Peru,Male,18-25,Christianity,Urban
Peru,Female,36-45,Christianity,Urban
Peru,Male,46-55,Christianity,Urban
Peru,Female,18-25,Christianity,Urban
Peru,Male,56-65,Christianity,Urban
Peru,Male,18-25,Christianity,Urban
Peru,Female,18-25,Christianity,Urban
Peru,Female,26-35,Christianity,Urban
Peru,Male,26-35,Christianity,Urban
Peru,Male,56-65,Christianity,Urban
Peru,Female,65+,Christianity,Urban
Peru,Female,36-45,Christianity,Urban
Peru,Male,46-55,Christianity,Urban
Peru,Male,18-25,Christianity,Urban
Peru,Female,26-35,Christianity,Urban
Peru,Male,36-45,Christianity,Urban
Peru,Female,65+,Christianity,Urban
Peru,Male,46-55,Christianity,Urban
Peru,Male,18-25,I do not identify with any religious group or faith,Urban
Peru,Female,26-35,I do not identify with any religious group or faith,Urban
Peru,Female,46-55,Christianity,Urban
Peru,Male,56-65,Christianity,Urban
Peru,Male,26-35,Christianity,Urban
Peru,Male,36-45,Christianity,Urban
Peru,Female,65+,Christianity,Urban
Peru,Female,56-65,Christianity,Urban
Peru,Female,56-65,Christianity,Urban
Peru,Female,26-35,Christianity,Urban
Peru,Male,18-25,Christianity,Urban
Peru,Male,56-65,Christianity,Urban
Peru,Male,36-45,Christianity,Urban
Peru,Male,56-65,Christianity,Urban
Peru,Female,56-65,Christianity,Urban
Peru,Female,36-45,Christianity,Urban
Peru,Male,18-25,I do not identify with any religious group or faith,Urban
Peru,Male,26-35,Christianity,Urban
Peru,Female,46-55,Christianity,Urban
Peru,Male,18-25,Christianity,Urban
Peru,Male,26-35,Christianity,Urban
Peru,Female,46-55,Christianity,Urban
Peru,Female,36-45,Christianity,Urban
Peru,Female,18-25,Christianity,Urban
Peru,Male,26-35,Christianity,Urban
Peru,Male,36-45,Judaism,Urban
Peru,Female,36-45,Christianity,Urban
Peru,Male,56-65,Christianity,Urban
Peru,Female,26-35,Christianity,Urban
Peru,Female,18-25,Christianity,Urban
Peru,Male,36-45,Christianity,Urban
Peru,Female,46-55,Christianity,Urban
Peru,Male,56-65,Christianity,Urban
Peru,Male,18-25,Christianity,Urban
Peru,Male,36-45,Christianity,Urban
Peru,Female,26-35,Christianity,Urban
Peru,Male,36-45,Christianity,Urban
Peru,Female,36-45,Christianity,Urban
Peru,Female,26-35,Christianity,Rural
Peru,Male,36-45,Christianity,Rural
Peru,Female,18-25,Christianity,Rural
Peru,Female,18-25,Christianity,Rural
Peru,Male,56-65,Christianity,Rural
Peru,Female,36-45,Christianity,Rural
Peru,Male,56-65,Christianity,Rural
Peru,Female,18-25,Christianity,Rural
Peru,Male,36-45,Christianity,Rural
Peru,Male,18-25,I do not identify with any religious group or faith,Rural
Peru,Male,36-45,Christianity,Urban
Peru,Female,26-35,Christianity,Urban
Peru,Male,26-35,Christianity,Urban
Peru,Female,18-25,Christianity,Urban
Peru,Female,36-45,Christianity,Urban
Peru,Male,36-45,I do not identify with any religious group or faith,Urban
Peru,Female,18-25,I do not identify with any religious group or faith,Urban
Peru,Male,56-65,,Urban
Peru,Male,18-25,Christianity,Urban
Peru,Male,36-45,Christianity,Urban
Peru,Female,36-45,Christianity,Urban
Peru,Female,56-65,Christianity,Urban
Peru,Female,18-25,Christianity,Urban
Peru,Male,26-35,Christianity,Urban
Peru,Male,36-45,,Urban
Peru,Female,36-45,Christianity,Urban
Peru,Male,46-55,Christianity,Urban
Peru,Male,36-45,Christianity,Urban
Peru,Female,56-65,Christianity,Urban
Peru,Male,18-25,Christianity,Urban
Peru,Male,65+,Christianity,Urban
Peru,Female,46-55,Christianity,Urban
Peru,Male,36-45,Christianity,Urban
Peru,Female,26-35,Christianity,Urban
Peru,Female,18-25,Christianity,Urban
Peru,Male,46-55,Christianity,Urban
Peru,Female,26-35,Christianity,Urban
Peru,Male,65+,Christianity,Urban
Peru,Female,18-25,Christianity,Urban
Peru,Male,18-25,Christianity,Urban
Peru,Female,18-25,Christianity,Urban
Peru,Male,36-45,Christianity,Urban
Peru,Male,65+,Christianity,Urban
Peru,Female,36-45,Christianity,Urban
Peru,Female,26-35,Christianity,Urban
Peru,Male,36-45,Christianity,Urban
Peru,Female,36-45,Christianity,Urban
Peru,Female,26-35,Christianity,Urban
Peru,Male,18-25,Christianity,Urban
Peru,Male,26-35,Christianity,Urban
Peru,Female,18-25,Christianity,Urban
Peru,Male,26-35,Christianity,Urban
Peru,Female,36-45,Christianity,Urban
Peru,Female,65+,Christianity,Urban
Peru,Male,26-35,Christianity,Urban
Peru,Male,46-55,Christianity,Urban
Peru,Female,65+,Christianity,Urban
Peru,Female,18-25,Christianity,Urban
Peru,Male,26-35,Christianity,Urban
Peru,Female,26-35,Christianity,Urban
Peru,Male,46-55,Christianity,Urban
Peru,Female,18-25,Christianity,Urban
Peru,Female,56-65,Christianity,Urban
Peru,Male,26-35,,Urban
Peru,Male,26-35,Christianity,Urban
Peru,Male,18-25,,Urban
Peru,Female,56-65,Christianity,Urban
Peru,Female,36-45,Christianity,Urban
Peru,Female,36-45,Christianity,Urban
Peru,Male,46-55,Christianity,Urban
Peru,Male,65+,Christianity,Urban
Peru,Female,36-45,Christianity,Urban
Peru,Female,46-55,Christianity,Urban
Peru,Male,56-65,Christianity,Urban
Peru,Male,18-25,Christianity,Urban
Peru,Female,56-65,Christianity,Urban
Peru,Male,26-35,Christianity,Urban
Peru,Male,18-25,Christianity,Urban
Peru,Female,46-55,Christianity,Urban
Peru,Female,36-45,Christianity,Urban
Peru,Male,56-65,Christianity,Urban
Peru,Male,36-45,Christianity,Urban
Peru,Female,36-45,Christianity,Urban
Peru,Male,18-25,Christianity,Urban
Peru,Female,46-55,,Urban
Peru,Female,46-55,Christianity,Urban
Peru,Female,36-45,Christianity,Urban
Peru,Female,36-45,Christianity,Urban
Peru,Male,46-55,Christianity,Urban
Peru,Male,18-25,Christianity,Urban
Peru,Male,26-35,Judaism,Urban
Peru,Male,65+,Christianity,Urban
Peru,Female,36-45,Christianity,Urban
Peru,Female,18-25,Christianity,Urban
Peru,Male,18-25,Christianity,Urban
Peru,Male,36-45,Christianity,Urban
Peru,Male,18-25,Christianity,Urban
Peru,Female,65+,Christianity,Urban
Peru,Female,18-25,Christianity,Urban
Peru,Male,36-45,Christianity,Urban
Peru,Female,36-45,Christianity,Urban
Peru,Male,26-35,Christianity,Urban
Peru,Female,36-45,Christianity,Urban
Peru,Male,18-25,Christianity,Urban
Peru,Female,56-65,Christianity,Urban
Peru,Female,46-55,Christianity,Urban
Peru,Female,26-35,Judaism,Urban
Peru,Male,46-55,,Urban
Peru,Male,18-25,I do not identify with any religious group or faith,Urban
Peru,Male,36-45,Christianity,Urban
Peru,Female,56-65,Judaism,Urban
Peru,Female,36-45,Christianity,Urban
Peru,Male,36-45,Christianity,Urban
Peru,Female,18-25,Christianity,Urban
Peru,Male,26-35,I do not identify with any religious group or faith,Urban
Peru,Male,46-55,Christianity,Urban
Peru,Male,56-65,Christianity,Urban
Peru,Female,18-25,Christianity,Urban
Peru,Female,26-35,Christianity,Urban
Peru,Male,46-55,Christianity,Urban
Peru,Female,56-65,Christianity,Rural
Peru,Male,18-25,Christianity,Rural
Peru,Female,56-65,Christianity,Rural
Peru,Female,26-35,Christianity,Rural
Peru,Male,36-45,Christianity,Rural
Peru,Male,46-55,Christianity,Rural
Peru,Male,46-55,Christianity,Rural
Peru,Female,18-25,Judaism,Rural
Peru,Female,26-35,Christianity,Rural
Peru,Male,26-35,Christianity,Rural
Peru,Male,56-65,Christianity,Rural
Peru,Female,18-25,Christianity,Rural
Peru,Female,36-45,Christianity,Rural
Peru,Female,56-65,Christianity,Rural
Peru,Male,36-45,Christianity,Rural
Peru,Male,36-45,Christianity,Urban
Peru,Male,26-35,Christianity,Urban
Peru,Male,18-25,I do not identify with any religious group or faith,Urban
Peru,Female,65+,,Urban
Peru,Female,18-25,I do not identify with any religious group or faith,Urban
Peru,Female,46-55,Christianity,Urban
Peru,Male,65+,Christianity,Urban
Peru,Male,36-45,Christianity,Urban
Peru,Female,26-35,Christianity,Urban
Peru,Male,18-25,I do not identify with any religious group or faith,Urban
Peru,Male,18-25,Christianity,Urban
Peru,Male,18-25,Christianity,Urban
Peru,Female,56-65,Christianity,Urban
Peru,Male,18-25,Judaism,Urban
Peru,Female,26-35,Christianity,Urban
Peru,Female,36-45,Christianity,Urban
Peru,Female,26-35,Christianity,Urban
Peru,Female,46-55,Christianity,Urban
Peru,Male,18-25,Christianity,Urban
Peru,Male,18-25,Christianity,Urban
Peru,Female,18-25,I do not identify with any religious group or faith,Urban
Peru,Female,26-35,Christianity,Urban
Peru,Male,26-35,I do not identify with any religious group or faith,Urban
Peru,Male,46-55,Christianity,Urban
Peru,Male,65+,Christianity,Urban
Peru,Male,18-25,Christianity,Urban
Peru,Female,18-25,I do not identify with any religious group or faith,Urban
Peru,Male,36-45,Christianity,Urban
Peru,Female,26-35,Christianity,Urban
Peru,Male,36-45,Christianity,Urban
Peru,Male,18-25,I do not identify with any religious group or faith,Urban
Peru,Male,18-25,Christianity,Urban
Peru,Female,18-25,Christianity,Urban
Peru,Female,26-35,Christianity,Urban
Peru,Female,65+,Christianity,Urban
Peru,Female,36-45,I do not identify with any religious group or faith,Urban
Peru,Male,18-25,Christianity,Urban
Peru,Male,36-45,Christianity,Urban
Peru,Female,56-65,Christianity,Urban
Peru,Female,18-25,Christianity,Urban
Peru,Male,18-25,Christianity,Urban
Peru,Male,26-35,Christianity,Urban
Peru,Female,56-65,Christianity,Urban
Peru,Female,26-35,Christianity,Urban
Peru,Male,65+,Christianity,Urban
Peru,Male,26-35,Christianity,Urban
Peru,Female,36-45,Christianity,Urban
Peru,Female,46-55,Christianity,Urban
Peru,Female,18-25,Christianity,Urban
Peru,Male,65+,Christianity,Urban
Peru,Male,18-25,I do not identify with any religious group or faith,Urban
Peru,Male,65+,Christianity,Urban
Peru,Female,26-35,Christianity,Urban
Peru,Female,26-35,I do not identify with any religious group or faith,Urban
Peru,Male,18-25,I do not identify with any religious group or faith,Urban
Peru,Female,26-35,Christianity,Urban
Peru,Male,56-65,Christianity,Urban
Peru,Male,46-55,Christianity,Urban
Peru,Female,18-25,Christianity,Urban
Peru,Male,18-25,Christianity,Urban
Peru,Female,26-35,Christianity,Urban
Peru,Female,26-35,I do not identify with any religious group or faith,Urban
Peru,Female,46-55,Christianity,Urban
Peru,Male,65+,Christianity,Urban
Peru,Male,18-25,Christianity,Urban
Peru,Female,26-35,Christianity,Urban
Peru,Male,56-65,Christianity,Urban
Peru,Female,46-55,Christianity,Urban
Peru,Male,18-25,I do not identify with any religious group or faith,Urban
Peru,Female,36-45,I do not identify with any religious group or faith,Urban
Peru,Female,36-45,Christianity,Urban
Peru,Male,26-35,Christianity,Urban
Peru,Female,56-65,Christianity,Urban
Peru,Male,65+,Christianity,Urban
Peru,Female,18-25,I do not identify with any religious group or faith,Urban
Peru,Female,18-25,Christianity,Urban
Peru,Male,46-55,I do not identify with any religious group or faith,Urban
Peru,Male,36-45,Christianity,Urban
Peru,Female,56-65,Christianity,Urban
Peru,Female,26-35,Christianity,Urban
Peru,Male,56-65,Christianity,Urban
Peru,Female,36-45,Christianity,Urban
Peru,Female,18-25,I do not identify with any religious group or faith,Urban
Peru,Female,26-35,Christianity,Urban
Peru,Male,26-35,Christianity,Urban
Peru,Male,18-25,Christianity,Urban
Peru,Male,56-65,Christianity,Urban
Peru,Female,26-35,Christianity,Urban
Peru,Female,26-35,Christianity,Urban
Peru,Male,65+,Christianity,Urban
Peru,Female,26-35,Christianity,Urban
Peru,Male,18-25,I do not identify with any religious group or faith,Urban
Peru,Male,36-45,Christianity,Urban
Peru,Female,65+,Christianity,Urban
Peru,Male,18-25,Christianity,Urban
Peru,Male,26-35,I do not identify with any religious group or faith,Urban
Peru,Female,36-45,Christianity,Urban
Peru,Female,36-45,Christianity,Urban
Peru,Male,65+,Christianity,Urban
Peru,Female,18-25,I do not identify with any religious group or faith,Urban
Peru,Female,46-55,Christianity,Urban
Peru,Male,18-25,I do not identify with any religious group or faith,Urban
Peru,Male,56-65,Christianity,Urban
Peru,Female,36-45,Christianity,Urban
Peru,Female,36-45,Christianity,Urban
Peru,Male,56-65,Christianity,Urban
Peru,Female,18-25,Christianity,Urban
Peru,Male,26-35,Christianity,Urban
Peru,Male,36-45,Christianity,Urban
Peru,Female,65+,Christianity,Urban
Peru,Female,36-45,Christianity,Urban
Peru,Female,36-45,Christianity,Urban
Peru,Male,18-25,Christianity,Urban
Peru,Male,56-65,Christianity,Urban
Peru,Male,26-35,Christianity,Urban
Peru,Male,36-45,Christianity,Urban
Peru,Female,26-35,I do not identify with any religious group or faith,Urban
Peru,Male,18-25,Christianity,Urban
Peru,Female,18-25,Christianity,Urban
Peru,Male,26-35,Other religious group,Urban
Peru,Female,18-25,Judaism,Urban
Peru,Female,46-55,Christianity,Urban
Peru,Male,26-35,Christianity,Urban
Peru,Male,26-35,Christianity,Urban
Peru,Female,56-65,Christianity,Urban
Peru,Male,46-55,Christianity,Urban
Peru,Female,18-25,I do not identify with any religious group or faith,Urban
Peru,Male,36-45,Christianity,Urban
Peru,Female,26-35,Christianity,Urban
Peru,Female,18-25,Christianity,Urban
Peru,Male,18-25,I do not identify with any religious group or faith,Urban
Peru,Female,26-35,Christianity,Urban
Peru,Male,18-25,Christianity,Urban
Peru,Female,46-55,I do not identify with any religious group or faith,Urban
Peru,Male,65+,Christianity,Urban
Peru,Female,36-45,Christianity,Urban
Peru,Female,46-55,Christianity,Urban
Peru,Male,26-35,I do not identify with any religious group or faith,Urban
Peru,Female,18-25,Judaism,Urban
Peru,Male,36-45,Christianity,Urban
Peru,Male,36-45,Christianity,Urban
Peru,Male,18-25,I do not identify with any religious group or faith,Urban
Peru,Female,26-35,Christianity,Urban
Peru,Female,36-45,Christianity,Urban
Peru,Male,65+,Christianity,Urban
Peru,Male,46-55,I do not identify with any religious group or faith,Urban
Peru,Female,56-65,Christianity,Urban
Peru,Female,36-45,Christianity,Urban
Peru,Female,36-45,Christianity,Urban
Peru,Male,18-25,Christianity,Urban
Peru,Male,46-55,Christianity,Urban
Peru,Female,18-25,Christianity,Urban
Peru,Female,26-35,Christianity,Urban
Peru,Male,56-65,Christianity,Urban
Peru,Female,26-35,Christianity,Urban
Peru,Male,26-35,Christianity,Urban
Peru,Male,56-65,Christianity,Urban
Peru,Female,46-55,Christianity,Urban
Peru,Female,18-25,Christianity,Urban
Peru,Male,18-25,Christianity,Urban
Peru,Female,36-45,Christianity,Urban
Peru,Male,56-65,Christianity,Urban
Peru,Female,36-45,Christianity,Urban
Peru,Female,18-25,Christianity,Urban
Peru,Female,65+,Christianity,Urban
Peru,Male,18-25,Christianity,Urban
Peru,Female,18-25,,Urban
Peru,Male,26-35,Christianity,Urban
Peru,Female,56-65,Christianity,Urban
Peru,Female,36-45,Christianity,Urban
Peru,Male,65+,Christianity,Urban
Peru,Female,18-25,Christianity,Urban
Peru,Female,26-35,Christianity,Urban
Peru,Male,26-35,Christianity,Urban
Peru,Male,46-55,Christianity,Urban
Peru,Male,26-35,Christianity,Urban
Peru,Male,65+,Christianity,Urban
Peru,Female,46-55,Christianity,Urban
Peru,Male,18-25,Christianity,Urban
Peru,Female,36-45,Christianity,Urban
Peru,Female,46-55,Christianity,Urban
Peru,Male,36-45,Christianity,Urban
Peru,Female,26-35,Christianity,Urban
Peru,Female,56-65,Christianity,Urban
Peru,Male,18-25,Christianity,Urban
Peru,Male,56-65,Christianity,Urban
Peru,Male,65+,Christianity,Urban
Peru,Female,26-35,Christianity,Urban
Peru,Female,18-25,Christianity,Urban
Peru,Female,26-35,Christianity,Urban
Peru,Female,18-25,Christianity,Urban
Peru,Male,26-35,I do not identify with any religious group or faith,Urban
Peru,Female,65+,Christianity,Urban
Peru,Male,36-45,Christianity,Urban
Peru,Female,56-65,Christianity,Urban
Peru,Male,18-25,I do not identify with any religious group or faith,Urban
Peru,Female,26-35,Christianity,Urban
Peru,Male,56-65,I do not identify with any religious group or faith,Urban
Peru,Female,46-55,Christianity,Urban
Peru,Male,36-45,Christianity,Urban
Peru,Female,46-55,Christianity,Urban
Peru,Female,56-65,Christianity,Urban
Peru,Male,36-45,Christianity,Urban
Peru,Male,18-25,I do not identify with any religious group or faith,Urban
Peru,Male,36-45,Christianity,Urban
Peru,Female,56-65,Christianity,Urban
Peru,Male,18-25,Christianity,Urban
Peru,Female,18-25,I do not identify with any religious group or faith,Urban
Peru,Male,26-35,Christianity,Urban
Peru,Male,36-45,Christianity,Urban
Peru,Female,26-35,Christianity,Urban
Peru,Female,36-45,Christianity,Urban
Peru,Male,36-45,I do not identify with any religious group or faith,Urban
Peru,Male,26-35,Christianity,Urban
Peru,Male,18-25,I do not identify with any religious group or faith,Urban
Peru,Female,36-45,Christianity,Urban
Peru,Male,65+,Christianity,Urban
Peru,Male,18-25,Christianity,Urban
Peru,Male,36-45,I do not identify with any religious group or faith,Urban
Peru,Female,56-65,Christianity,Urban
Peru,Male,26-35,Christianity,Urban
Peru,Female,56-65,I do not identify with any religious group or faith,Urban
Peru,Female,36-45,Christianity,Urban
Peru,Male,46-55,Christianity,Urban
Peru,Male,18-25,Christianity,Urban
Peru,Male,18-25,Christianity,Urban
Peru,Male,65+,Christianity,Urban
Peru,Female,26-35,Christianity,Urban
Peru,Female,18-25,Christianity,Urban
Peru,Female,56-65,Christianity,Urban
Peru,Male,36-45,Christianity,Urban
Peru,Male,46-55,Christianity,Urban
Peru,Female,56-65,Christianity,Urban
Peru,Female,18-25,Christianity,Urban
Peru,Male,18-25,Christianity,Urban
Peru,Female,65+,Christianity,Urban
Peru,Male,56-65,Christianity,Urban
Peru,Male,18-25,Christianity,Urban
Peru,Female,26-35,Christianity,Urban
Peru,Female,18-25,Christianity,Urban
Peru,Male,56-65,Christianity,Urban
Peru,Male,36-45,Christianity,Urban
Peru,Female,36-45,Christianity,Urban
Peru,Male,18-25,Christianity,Urban
Peru,Male,26-35,Christianity,Urban
Peru,Male,18-25,Christianity,Urban
Peru,Female,26-35,Christianity,Urban
Peru,Male,46-55,Christianity,Urban
Peru,Female,65+,Christianity,Urban
Peru,Female,36-45,Christianity,Urban
Peru,Female,18-25,Christianity,Urban
Peru,Female,56-65,Christianity,Urban
Peru,Male,26-35,Christianity,Urban
Peru,Female,46-55,Christianity,Urban
Peru,Male,26-35,Christianity,Urban
Peru,Male,18-25,Christianity,Urban
Peru,Female,36-45,Christianity,Urban
Peru,Male,26-35,Christianity,Urban
Peru,Female,36-45,Christianity,Urban
Peru,Female,65+,Christianity,Urban
Peru,Female,36-45,Christianity,Urban
Peru,Male,18-25,Christianity,Urban
Peru,Female,46-55,Other religious group,Urban
Peru,Female,36-45,Christianity,Urban
Peru,Male,65+,,Urban
Peru,Female,65+,Christianity,Urban
Peru,Male,36-45,Christianity,Urban
Peru,Male,36-45,I do not identify with any religious group or faith,Urban
Peru,Female,36-45,Christianity,Urban
Peru,Male,26-35,Christianity,Urban
Peru,Female,36-45,Christianity,Urban
Peru,Female,36-45,Christianity,Urban
Peru,Male,65+,Christianity,Urban
Peru,Male,26-35,Christianity,Urban
Peru,Male,18-25,Christianity,Urban
Peru,Female,56-65,Christianity,Urban
Peru,Female,36-45,Christianity,Urban
Peru,Male,36-45,Christianity,Urban
Peru,Male,36-45,Christianity,Urban
Peru,Female,18-25,Christianity,Urban
Peru,Male,65+,Christianity,Urban
Peru,Female,26-35,Christianity,Urban
Peru,Female,18-25,Christianity,Urban
Peru,Male,36-45,Christianity,Urban
Peru,Female,26-35,Christianity,Urban
Peru,Female,26-35,Christianity,Urban
Peru,Female,18-25,Christianity,Urban
Peru,Male,46-55,Christianity,Urban
Peru,Male,56-65,Christianity,Urban
Peru,Female,36-45,Christianity,Urban
Peru,Female,56-65,Christianity,Urban
Peru,Male,18-25,I do not identify with any religious group or faith,Urban
Peru,Male,26-35,Christianity,Urban
Peru,Female,36-45,Christianity,Urban
Peru,Female,36-45,Christianity,Urban
Peru,Male,46-55,Christianity,Urban
Peru,Male,26-35,Christianity,Urban
Peru,Female,26-35,Christianity,Urban
Peru,Female,18-25,Christianity,Urban
Peru,Male,56-65,Christianity,Urban
Peru,Female,65+,Christianity,Urban
Peru,Male,26-35,I do not identify with any religious group or faith,Urban
Peru,Female,56-65,Christianity,Urban
Peru,Male,26-35,Christianity,Urban
Peru,Male,18-25,Christianity,Urban
Peru,Male,36-45,Christianity,Urban
Peru,Male,18-25,Christianity,Urban
Peru,Female,46-55,Christianity,Urban
Peru,Male,36-45,Christianity,Urban
Peru,Female,65+,Christianity,Urban
Peru,Female,36-45,Christianity,Urban
Peru,Male,18-25,Christianity,Urban
Peru,Male,26-35,Christianity,Urban
Peru,Male,46-55,Christianity,Urban
Peru,Female,56-65,Christianity,Urban
Peru,Female,26-35,Christianity,Urban
Peru,Male,46-55,Christianity,Urban
Peru,Male,56-65,Christianity,Urban
Peru,Male,18-25,Christianity,Urban
Peru,Female,26-35,Christianity,Urban
Peru,Female,26-35,Christianity,Urban
Peru,Male,36-45,Christianity,Urban
Peru,Male,46-55,Christianity,Urban
Peru,Female,56-65,Christianity,Urban
Peru,Male,18-25,Christianity,Urban
Peru,Male,36-45,Christianity,Urban
Peru,Female,36-45,Christianity,Urban
Peru,Female,18-25,Christianity,Urban
Peru,Female,65+,Christianity,Urban
Peru,Male,36-45,Christianity,Urban
Peru,Female,18-25,Christianity,Urban
Peru,Female,36-45,,Urban
Peru,Male,36-45,I do not identify with any religious group or faith,Urban
Peru,Male,26-35,Christianity,Urban
Peru,Female,26-35,Christianity,Urban
Peru,Female,18-25,Christianity,Urban
Peru,Male,36-45,Christianity,Urban
Peru,Female,46-55,Christianity,Urban
Peru,Female,36-45,Christianity,Urban
Peru,Male,18-25,Christianity,Urban
Peru,Male,36-45,I do not identify with any religious group or faith,Urban
Peru,Male,18-25,,Urban
Peru,Female,36-45,,Urban
Peru,Female,36-45,Christianity,Urban
Peru,Female,46-55,Christianity,Urban
Peru,Male,26-35,Christianity,Urban
Peru,Female,18-25,Christianity,Urban
Peru,Male,65+,Christianity,Urban
Peru,Female,26-35,Christianity,Urban
Peru,Male,46-55,Christianity,Urban
Peru,Female,56-65,Christianity,Urban
Peru,Male,56-65,Christianity,Urban
Peru,Female,26-35,I do not identify with any religious group or faith,Urban
Peru,Male,18-25,I do not identify with any religious group or faith,Urban
Peru,Female,26-35,Christianity,Urban
Peru,Female,65+,Christianity,Urban
Peru,Female,36-45,I do not identify with any religious group or faith,Urban
Peru,Female,65+,Christianity,Urban
Peru,Male,46-55,Christianity,Urban
Peru,Female,18-25,I do not identify with any religious group or faith,Urban
Peru,Male,56-65,Christianity,Urban
Peru,Female,56-65,Christianity,Urban
Peru,Female,36-45,I do not identify with any religious group or faith,Urban
Peru,Male,18-25,Christianity,Urban
Peru,Male,26-35,Christianity,Urban
Peru,Female,26-35,Christianity,Urban
Peru,Female,26-35,Christianity,Urban
Peru,Male,46-55,I do not identify with any religious group or faith,Urban
Peru,Female,46-55,Christianity,Urban
Peru,Male,18-25,Christianity,Urban
Peru,Female,46-55,Christianity,Urban
Peru,Female,18-25,Christianity,Urban
Peru,Female,26-35,Christianity,Urban
Peru,Male,26-35,I do not identify with any religious group or faith,Urban
Peru,Male,36-45,Christianity,Urban
Peru,Male,65+,Christianity,Urban
Peru,Female,46-55,Christianity,Urban
Peru,Female,26-35,Christianity,Urban
Peru,Female,18-25,Christianity,Urban
Peru,Male,18-25,Christianity,Urban
Peru,Female,65+,Christianity,Urban
Peru,Male,26-35,Christianity,Urban
Peru,Female,26-35,Christianity,Urban
Peru,Male,46-55,Christianity,Urban
Peru,Male,18-25,Christianity,Urban
Peru,Female,46-55,Christianity,Urban
Peru,Male,26-35,Christianity,Urban
Peru,Female,18-25,Christianity,Urban
Peru,Male,56-65,Christianity,Urban
Peru,Male,36-45,Christianity,Urban
Peru,Male,18-25,Christianity,Urban
Peru,Female,56-65,Christianity,Urban
Peru,Male,26-35,Christianity,Urban
Peru,Female,56-65,Christianity,Urban
Peru,Female,26-35,,Urban
Peru,Female,65+,Christianity,Urban
Peru,Female,18-25,Christianity,Urban
Peru,Male,46-55,Christianity,Urban
Peru,Male,26-35,Christianity,Urban
Peru,Male,36-45,Christianity,Urban
Peru,Female,46-55,Christianity,Urban
Peru,Female,18-25,I do not identify with any religious group or faith,Urban
Peru,Female,36-45,Christianity,Urban
Peru,Male,26-35,I do not identify with any religious group or faith,Urban
Peru,Male,65+,Christianity,Urban
Peru,Female,18-25,Christianity,Urban
Peru,Male,36-45,Christianity,Urban
Peru,Female,46-55,Christianity,Urban
Peru,Female,26-35,Christianity,Urban
Peru,Male,65+,Christianity,Urban
Peru,Male,26-35,Christianity,Urban
Peru,Female,26-35,Christianity,Urban
Peru,Male,18-25,Christianity,Urban
Peru,Female,56-65,Christianity,Urban
Peru,Male,56-65,Christianity,Urban
Peru,Male,36-45,Christianity,Urban
Peru,Male,56-65,Christianity,Urban
Peru,Female,26-35,Christianity,Urban
Peru,Female,18-25,Christianity,Urban
Peru,Female,36-45,Christianity,Urban
Peru,Male,65+,Christianity,Urban
Peru,Female,18-25,Christianity,Urban
Peru,Female,36-45,Christianity,Urban
Peru,Female,46-55,,Urban
Peru,Male,18-25,Christianity,Urban
Peru,Female,46-55,Christianity,Urban
Peru,Male,36-45,Christianity,Urban
Peru,Female,56-65,Christianity,Urban
Peru,Female,18-25,Christianity,Urban
Peru,Male,26-35,Christianity,Urban
Peru,Male,65+,Christianity,Urban
Peru,Male,46-55,Christianity,Urban
Peru,Female,26-35,Christianity,Urban
Peru,Female,26-35,Christianity,Urban
Peru,Male,46-55,Christianity,Urban
Peru,Male,26-35,Christianity,Urban
Peru,Male,56-65,Christianity,Urban
Peru,Female,56-65,Christianity,Urban
Peru,Female,46-55,Christianity,Urban
Peru,Female,26-35,Christianity,Urban
Peru,Male,56-65,Christianity,Urban
Peru,Male,56-65,Christianity,Urban
Peru,Male,36-45,Christianity,Urban
Peru,Female,18-25,Christianity,Urban
Peru,Female,18-25,Christianity,Urban
Peru,Male,65+,Christianity,Urban
Peru,Male,18-25,Christianity,Urban
Peru,Female,26-35,Christianity,Urban
Peru,Female,26-35,Christianity,Urban
Peru,Female,36-45,Christianity,Urban
Peru,Male,36-45,Christianity,Rural
Peru,Female,46-55,,Rural
Peru,Male,36-45,Christianity,Rural
Peru,Male,46-55,I do not identify with any religious group or faith,Rural
Peru,Female,18-25,Christianity,Rural
Peru,Female,56-65,Judaism,Rural
Peru,Female,46-55,Christianity,Rural
Peru,Male,36-45,I do not identify with any religious group or faith,Rural
Peru,Male,36-45,Christianity,Rural
Peru,Female,18-25,Christianity,Rural
Peru,Female,46-55,Christianity,Urban
Peru,Male,26-35,Christianity,Urban
Peru,Female,18-25,Christianity,Urban
Peru,Male,56-65,Christianity,Urban
Peru,Male,36-45,Christianity,Urban
Peru,Female,46-55,Christianity,Urban
Peru,Male,18-25,Christianity,Urban
Peru,Female,36-45,I do not identify with any religious group or faith,Urban
Peru,Female,26-35,Christianity,Urban
Peru,Male,36-45,Christianity,Urban
Peru,Male,18-25,I do not identify with any religious group or faith,Urban
Peru,Female,26-35,Christianity,Urban
Peru,Male,65+,Judaism,Urban
Peru,Male,46-55,Christianity,Urban
Peru,Female,56-65,Christianity,Urban
Peru,Female,46-55,Christianity,Urban
Peru,Female,26-35,Christianity,Urban
Peru,Female,65+,Christianity,Urban
Peru,Male,18-25,Christianity,Urban
Peru,Male,26-35,Christianity,Urban
Peru,Male,18-25,Christianity,Urban
Peru,Female,56-65,Christianity,Urban
Peru,Male,36-45,Christianity,Urban
Peru,Female,46-55,Christianity,Urban
Peru,Male,26-35,Christianity,Urban
Peru,Female,18-25,Christianity,Rural
Peru,Female,36-45,Christianity,Rural
Peru,Male,65+,Christianity,Rural
Peru,Male,18-25,Christianity,Rural
Peru,Female,36-45,Christianity,Rural
Peru,Male,65+,Christianity,Rural
Peru,Female,36-45,Christianity,Rural
Peru,Female,56-65,Christianity,Rural
Peru,Male,18-25,Christianity,Rural
Peru,Male,26-35,I do not identify with any religious group or faith,Rural
Peru,Female,26-35,Christianity,Urban
Peru,Female,46-55,Christianity,Urban
Peru,Male,26-35,Christianity,Urban
Peru,Female,36-45,Christianity,Urban
Peru,Male,18-25,Christianity,Urban
Peru,Female,46-55,Christianity,Urban
Peru,Male,46-55,Christianity,Urban
Peru,Male,18-25,I do not identify with any religious group or faith,Urban
Peru,Female,46-55,Christianity,Urban
Peru,Male,18-25,I do not identify with any religious group or faith,Urban
Peru,Male,46-55,Christianity,Urban
Peru,Male,36-45,Christianity,Urban
Peru,Female,18-25,I do not identify with any religious group or faith,Urban
Peru,Female,56-65,Christianity,Urban
Peru,Female,26-35,Christianity,Urban
Peru,Female,46-55,Christianity,Urban
Peru,Female,46-55,Christianity,Urban
Peru,Male,26-35,Christianity,Urban
Peru,Male,18-25,,Urban
Peru,Male,26-35,Christianity,Urban
Peru,Female,65+,Christianity,Urban
Peru,Female,26-35,Christianity,Urban
Peru,Male,26-35,Christianity,Urban
Peru,Male,56-65,Christianity,Urban
Peru,Female,18-25,Christianity,Urban
Peru,Female,36-45,Christianity,Urban
Peru,Female,46-55,Christianity,Urban
Peru,Male,65+,Christianity,Urban
Peru,Male,18-25,Judaism,Urban
Peru,Male,18-25,Christianity,Urban
Peru,Female,18-25,,Urban
Peru,Female,26-35,Christianity,Urban
Peru,Female,56-65,Christianity,Urban
Peru,Male,56-65,Christianity,Urban
Peru,Male,26-35,Christianity,Urban
Peru,Male,36-45,Christianity,Urban
Peru,Female,26-35,Christianity,Urban
Peru,Male,36-45,Christianity,Urban
Peru,Female,18-25,Christianity,Urban
Peru,Male,56-65,Christianity,Urban
Peru,Male,65+,Christianity,Urban
Peru,Male,18-25,Christianity,Urban
Peru,Female,36-45,I do not identify with any religious group or faith,Urban
Peru,Male,36-45,I do not identify with any religious group or faith,Urban
Peru,Female,26-35,I do not identify with any religious group or faith,Urban
Peru,Male,36-45,Christianity,Urban
Peru,Female,26-35,Christianity,Urban
Peru,Female,26-35,Christianity,Urban
Peru,Male,18-25,Christianity,Urban
Peru,Female,56-65,Judaism,Urban
Peru,Female,56-65,I do not identify with any religious group or faith,Urban
Peru,Female,46-55,Christianity,Urban
Peru,Male,26-35,I do not identify with any religious group or faith,Urban
Peru,Male,36-45,I do not identify with any religious group or faith,Urban
Peru,Male,18-25,Christianity,Urban
Peru,Male,46-55,Christianity,Urban
Peru,Female,26-35,Christianity,Urban
Peru,Male,56-65,Christianity,Urban
Peru,Female,18-25,Christianity,Urban
Peru,Female,26-35,Christianity,Urban
Peru,Female,26-35,Christianity,Urban
Peru,Female,36-45,Christianity,Urban
Peru,Male,26-35,I do not identify with any religious group or faith,Urban
Peru,Male,46-55,Christianity,Urban
Peru,Male,18-25,I do not identify with any religious group or faith,Urban
Peru,Female,36-45,Christianity,Urban
Peru,Female,26-35,Christianity,Urban
Peru,Male,26-35,I do not identify with any religious group or faith,Urban
Peru,Male,18-25,Christianity,Urban
Peru,Female,46-55,Christianity,Urban
Peru,Female,18-25,Christianity,Urban
Peru,Male,46-55,Christianity,Urban
Peru,Male,36-45,Christianity,Urban
Peru,Female,36-45,Christianity,Urban
Peru,Male,26-35,Christianity,Urban
Peru,Male,65+,Christianity,Urban
Peru,Male,26-35,Christianity,Urban
Peru,Female,46-55,Christianity,Urban
Peru,Male,18-25,Christianity,Urban
Peru,Female,18-25,Christianity,Urban
Peru,Female,46-55,Christianity,Urban
Peru,Female,18-25,Christianity,Urban
Peru,Male,56-65,Christianity,Urban
Peru,Female,36-45,Christianity,Urban
Peru,Male,26-35,I do not identify with any religious group or faith,Urban
Peru,Female,26-35,Christianity,Urban
Peru,Female,56-65,I do not identify with any religious group or faith,Urban
Peru,Male,26-35,Christianity,Urban
Peru,Female,56-65,Christianity,Urban
Peru,Male,18-25,Christianity,Urban
Peru,Female,65+,Christianity,Urban
Peru,Female,46-55,Christianity,Urban
Peru,Male,36-45,I do not identify with any religious group or faith,Urban
Peru,Male,18-25,Christianity,Urban
Peru,Male,36-45,Christianity,Urban
Peru,Female,18-25,Christianity,Urban
Peru,Female,46-55,Christianity,Urban
Peru,Female,26-35,Christianity,Urban
Peru,Male,56-65,Christianity,Urban
Peru,Male,26-35,Christianity,Urban
Peru,Female,56-65,Christianity,Urban
Peru,Female,36-45,Christianity,Urban
Peru,Male,36-45,Christianity,Urban
Peru,Male,18-25,Christianity,Urban
Peru,Male,46-55,I do not identify with any religious group or faith,Urban
Peru,Female,36-45,Christianity,Urban
Peru,Female,26-35,Christianity,Urban
Peru,Male,18-25,Christianity,Urban
Peru,Male,36-45,I do not identify with any religious group or faith,Urban
Peru,Female,56-65,Christianity,Urban
Peru,Male,36-45,Christianity,Urban
Peru,Female,26-35,Christianity,Urban
Peru,Female,18-25,Christianity,Urban
Peru,Male,18-25,Christianity,Urban
Peru,Male,56-65,Christianity,Urban
Peru,Male,26-35,Christianity,Urban
Peru,Female,65+,Christianity,Urban
Peru,Male,46-55,Christianity,Urban
Peru,Female,18-25,Christianity,Urban
Peru,Female,26-35,Christianity,Urban
Peru,Female,26-35,Christianity,Urban
Peru,Male,36-45,Christianity,Urban
Peru,Female,56-65,Christianity,Urban
Peru,Male,36-45,Christianity,Urban
Peru,Male,18-25,Christianity,Urban
Peru,Male,26-35,Christianity,Urban
Peru,Female,36-45,Christianity,Urban
Peru,Male,46-55,Christianity,Urban
Peru,Female,18-25,Christianity,Urban
Peru,Female,65+,Christianity,Urban
Peru,Female,36-45,Christianity,Urban
Peru,Male,65+,Christianity,Urban
Peru,Male,18-25,Christianity,Urban
Peru,Female,36-45,Christianity,Urban
Peru,Female,26-35,Christianity,Urban
Peru,Female,36-45,Christianity,Urban
Peru,Female,36-45,Christianity,Urban
Peru,Male,36-45,Christianity,Urban
Peru,Male,36-45,Christianity,Urban
Peru,Male,18-25,Christianity,Urban
Peru,Male,56-65,Christianity,Urban
Peru,Female,26-35,Christianity,Urban
Peru,Male,18-25,Christianity,Urban
Peru,Male,56-65,Christianity,Urban
Peru,Female,18-25,Christianity,Urban
Peru,Female,18-25,I do not identify with any religious group or faith,Urban
Peru,Male,56-65,I do not identify with any religious group or faith,Urban
Peru,Female,36-45,I do not identify with any religious group or faith,Urban
Peru,Male,46-55,Christianity,Urban
Peru,Female,26-35,Christianity,Urban
Peru,Male,18-25,Christianity,Urban
Peru,Male,26-35,Christianity,Urban
Peru,Male,46-55,Christianity,Urban
Peru,Female,36-45,Christianity,Urban
Peru,Male,36-45,Christianity,Urban
Peru,Female,26-35,Christianity,Urban
Peru,Male,18-25,Christianity,Urban
Peru,Female,36-45,Christianity,Urban
Peru,Male,46-55,Christianity,Urban
Peru,Female,46-55,Christianity,Urban
Peru,Male,36-45,Christianity,Urban
Peru,Male,36-45,Christianity,Urban
Peru,Male,18-25,Christianity,Urban
Peru,Female,46-55,Christianity,Urban
Peru,Female,56-65,Christianity,Urban
Peru,Female,36-45,Christianity,Rural
Peru,Female,36-45,Christianity,Rural
Peru,Male,18-25,Christianity,Rural
Peru,Male,26-35,I do not identify with any religious group or faith,Rural
Peru,Male,46-55,Christianity,Rural
Peru,Male,56-65,Christianity,Rural
Peru,Female,18-25,Christianity,Rural
Peru,Female,36-45,Christianity,Rural
Peru,Male,26-35,Christianity,Rural
Peru,Male,26-35,Christianity,Rural
Peru,Female,18-25,Christianity,Urban
Peru,Male,65+,Christianity,Urban
Peru,Female,36-45,Christianity,Urban
Peru,Female,36-45,Christianity,Urban
Peru,Male,56-65,Christianity,Urban
Peru,Female,18-25,Christianity,Urban
Peru,Male,26-35,I do not identify with any religious group or faith,Urban
Peru,Female,56-65,Christianity,Urban
Peru,Male,36-45,Christianity,Urban
Peru,Female,65+,Christianity,Urban
Peru,Female,26-35,Christianity,Urban
Peru,Male,26-35,Christianity,Urban
Peru,Female,36-45,I do not identify with any religious group or faith,Urban
Peru,Male,18-25,Christianity,Urban
Peru,Female,65+,Christianity,Urban
Peru,Female,18-25,Christianity,Urban
Peru,Female,26-35,I do not identify with any religious group or faith,Urban
Peru,Male,46-55,Christianity,Urban
Peru,Male,56-65,Christianity,Urban
Peru,Male,26-35,Christianity,Urban
Peru,Male,36-45,Christianity,Urban
Peru,Female,18-25,Christianity,Urban
Peru,Male,26-35,Christianity,Urban
Peru,Female,46-55,Christianity,Urban
Peru,Female,36-45,I do not identify with any religious group or faith,Urban
Peru,Male,26-35,Christianity,Urban
Peru,Male,36-45,I do not identify with any religious group or faith,Urban
Peru,Male,36-45,Christianity,Urban
Peru,Male,18-25,Christianity,Urban
Peru,Female,18-25,Christianity,Urban
Peru,Female,26-35,Christianity,Urban
Peru,Male,26-35,Christianity,Urban
Peru,Female,56-65,Christianity,Urban
Peru,Female,56-65,Christianity,Urban
Peru,Male,18-25,Christianity,Urban
Peru,Female,46-55,Christianity,Urban
Peru,Female,36-45,Christianity,Urban
Peru,Male,56-65,,Urban
Peru,Male,18-25,Christianity,Urban
Peru,Male,36-45,Christianity,Urban
Peru,Female,46-55,Christianity,Urban
Peru,Male,65+,Christianity,Urban
Peru,Female,18-25,Christianity,Urban
Peru,Female,26-35,Christianity,Urban
Peru,Male,18-25,Christianity,Urban
Peru,Female,56-65,Christianity,Urban
Peru,Male,65+,Christianity,Urban
Peru,Female,36-45,Christianity,Urban
Peru,Female,18-25,I do not identify with any religious group or faith,Urban
Peru,Male,26-35,Christianity,Urban
Peru,Female,18-25,Christianity,Urban
Peru,Female,56-65,Christianity,Urban
Peru,Male,26-35,Christianity,Urban
Peru,Male,56-65,Christianity,Urban
Peru,Male,26-35,Christianity,Urban
Peru,Female,18-25,Christianity,Urban
Peru,Female,56-65,Christianity,Urban
Peru,Female,26-35,Christianity,Urban
Peru,Male,56-65,Christianity,Urban
Peru,Male,26-35,Christianity,Urban
Peru,Female,56-65,Christianity,Urban
Peru,Male,36-45,Christianity,Urban
Peru,Female,18-25,Christianity,Urban
Peru,Male,36-45,Christianity,Urban
Peru,Male,18-25,Christianity,Urban
Peru,Female,18-25,Christianity,Urban
Peru,Female,56-65,Christianity,Urban
Peru,Female,26-35,Christianity,Urban
Peru,Male,46-55,Christianity,Urban
Peru,Male,36-45,Christianity,Urban
Peru,Female,26-35,Christianity,Urban
Peru,Male,26-35,Christianity,Urban
Peru,Female,56-65,Christianity,Urban
Peru,Male,46-55,Christianity,Urban
Peru,Male,18-25,Christianity,Urban
Peru,Male,36-45,Christianity,Urban
Peru,Male,26-35,Christianity,Urban
Peru,Female,56-65,Christianity,Urban
Peru,Female,26-35,Christianity,Urban
Peru,Female,18-25,Christianity,Urban
Peru,Female,56-65,Christianity,Urban
Peru,Female,18-25,Christianity,Urban
Peru,Male,56-65,Christianity,Urban
Peru,Female,65+,Christianity,Urban
Peru,Male,36-45,Christianity,Urban
Peru,Female,46-55,Christianity,Rural
Peru,Female,46-55,Christianity,Rural
Peru,Male,36-45,Christianity,Rural
Peru,Male,18-25,Christianity,Rural
Peru,Male,36-45,Christianity,Rural
Peru,Male,65+,Christianity,Rural
Peru,Female,26-35,Christianity,Rural
Peru,Female,26-35,Christianity,Rural
Peru,Female,56-65,Christianity,Rural
Peru,Male,18-25,Christianity,Rural
Peru,Female,18-25,Christianity,Urban
Peru,Male,46-55,Christianity,Urban
Peru,Female,65+,Christianity,Urban
Peru,Female,26-35,Christianity,Urban
Peru,Male,26-35,Christianity,Urban
Peru,Male,56-65,Christianity,Urban
Peru,Female,36-45,Christianity,Urban
Peru,Male,26-35,Christianity,Urban
Peru,Female,36-45,Christianity,Urban
Peru,Male,18-25,Christianity,Urban
Peru,Male,26-35,Christianity,Urban
Peru,Male,56-65,Christianity,Urban
Peru,Female,36-45,Christianity,Urban
Peru,Female,18-25,Christianity,Urban
Peru,Female,36-45,Christianity,Urban
Peru,Female,18-25,Christianity,Urban
Peru,Female,36-45,Christianity,Urban
Peru,Male,46-55,Christianity,Urban
Peru,Male,36-45,Christianity,Urban
Peru,Male,18-25,Christianity,Urban
Peru,Male,26-35,Christianity,Urban
Peru,Male,65+,Christianity,Urban
Peru,Female,18-25,Christianity,Urban
Peru,Male,36-45,Christianity,Urban
Peru,Male,65+,Christianity,Urban
Peru,Female,65+,Christianity,Rural
Peru,Female,56-65,Christianity,Rural
Peru,Female,26-35,Christianity,Rural
Peru,Male,36-45,Christianity,Rural
Peru,Male,56-65,Christianity,Rural
Peru,Female,65+,Christianity,Rural
Peru,Female,18-25,Christianity,Rural
Peru,Female,26-35,Christianity,Rural
Peru,Male,36-45,Christianity,Rural
Peru,Male,26-35,Christianity,Rural
Peru,Female,18-25,Christianity,Rural
Peru,Male,36-45,Christianity,Rural
Peru,Female,18-25,Christianity,Rural
Peru,Male,56-65,Christianity,Rural
Peru,Male,18-25,Christianity,Rural
Peru,Female,18-25,Christianity,Urban
Peru,Male,46-55,,Urban
Peru,Male,56-65,Christianity,Urban
Peru,Male,36-45,I do not identify with any religious group or faith,Urban
Peru,Female,18-25,Christianity,Urban
Peru,Male,36-45,Christianity,Urban
Peru,Male,46-55,Christianity,Urban
Peru,Female,36-45,Judaism,Urban
Peru,Female,36-45,Christianity,Urban
Peru,Female,18-25,Christianity,Urban
Peru,Female,18-25,Christianity,Urban
Peru,Male,56-65,Judaism,Urban
Peru,Female,46-55,Christianity,Urban
Peru,Male,26-35,Christianity,Urban
Peru,Male,36-45,I do not identify with any religious group or faith,Urban
Peru,Female,46-55,Christianity,Urban
Peru,Male,26-35,Christianity,Urban
Peru,Male,26-35,Christianity,Urban
Peru,Female,18-25,Christianity,Urban
Peru,Female,56-65,Christianity,Urban
Peru,Male,26-35,Christianity,Urban
Peru,Male,36-45,Christianity,Urban
Peru,Female,46-55,Christianity,Urban
Peru,Female,26-35,Judaism,Urban
Peru,Male,18-25,Christianity,Urban
Peru,Male,36-45,Christianity,Urban
Peru,Female,46-55,Christianity,Urban
Peru,Female,26-35,Christianity,Urban
Peru,Male,18-25,Christianity,Urban
Peru,Male,26-35,Judaism,Urban
Peru,Male,36-45,Christianity,Urban
Peru,Female,26-35,Christianity,Urban
Peru,Female,18-25,Christianity,Urban
Peru,Female,26-35,Christianity,Urban
Peru,Male,36-45,Christianity,Urban
Peru,Female,56-65,Christianity,Urban
Peru,Male,46-55,I do not identify with any religious group or faith,Urban
Peru,Male,18-25,Christianity,Urban
Peru,Female,26-35,Christianity,Urban
Peru,Male,46-55,Christianity,Urban
Peru,Female,36-45,Christianity,Urban
Peru,Male,46-55,I do not identify with any religious group or faith,Urban
Peru,Male,36-45,Christianity,Urban
Peru,Female,56-65,Christianity,Urban
Peru,Female,18-25,Christianity,Urban
Peru,Male,18-25,Christianity,Urban
Peru,Female,46-55,Christianity,Urban
Peru,Female,26-35,Christianity,Urban
Peru,Male,36-45,Christianity,Urban
Peru,Female,65+,Christianity,Urban
Peru,Female,18-25,,Urban
Peru,Male,18-25,Christianity,Urban
Peru,Female,36-45,Christianity,Urban
Peru,Male,26-35,Judaism,Urban
Peru,Female,56-65,Christianity,Urban
Peru,Female,26-35,Christianity,Urban
Peru,Male,56-65,Christianity,Urban
Peru,Female,36-45,Christianity,Urban
Peru,Male,18-25,I do not identify with any religious group or faith,Urban
Peru,Male,26-35,Christianity,Urban
Peru,Male,36-45,Christianity,Urban
Peru,Female,26-35,Christianity,Urban
Peru,Male,46-55,Christianity,Urban
Peru,Female,46-55,Judaism,Urban
Peru,Female,18-25,I do not identify with any religious group or faith,Urban
Peru,Female,46-55,Christianity,Urban
Peru,Male,65+,Christianity,Urban
Peru,Female,18-25,Judaism,Urban
Peru,Male,18-25,Christianity,Urban
Peru,Male,26-35,Christianity,Urban
Peru,Female,18-25,Christianity,Rural
Peru,Female,46-55,Christianity,Rural
Peru,Male,26-35,I do not identify with any religious group or faith,Rural
Peru,Male,46-55,Christianity,Rural
Peru,Male,26-35,Christianity,Rural
Peru,Male,26-35,Christianity,Rural
Peru,Male,56-65,Christianity,Rural
Peru,Female,18-25,Christianity,Rural
Peru,Female,46-55,Christianity,Rural
Peru,Female,36-45,Christianity,Rural
Peru,Female,36-45,Christianity,Rural
Peru,Male,65+,Christianity,Rural
Peru,Male,46-55,Christianity,Rural
Peru,Male,18-25,Christianity,Rural
Peru,Female,18-25,I do not identify with any religious group or faith,Rural
Peru,Female,36-45,Christianity,Urban
Peru,Male,36-45,Christianity,Urban
Peru,Female,56-65,Christianity,Urban
Peru,Male,18-25,Christianity,Urban
Peru,Female,36-45,Christianity,Urban
Peru,Female,36-45,Christianity,Urban
Peru,Female,46-55,Christianity,Urban
Peru,Male,36-45,Judaism,Urban
Peru,Male,36-45,Christianity,Urban
Peru,Male,18-25,Christianity,Urban
Peru,Female,56-65,Christianity,Urban
Peru,Female,46-55,Christianity,Urban
Peru,Female,26-35,Christianity,Urban
Peru,Male,18-25,Christianity,Urban
Peru,Male,36-45,I do not identify with any religious group or faith,Urban
Peru,Female,26-35,Christianity,Urban
Peru,Male,65+,Christianity,Urban
Peru,Female,56-65,Christianity,Urban
Peru,Male,18-25,Christianity,Urban
Peru,Male,18-25,Christianity,Urban
Peru,Male,26-35,Judaism,Urban
Peru,Female,36-45,Christianity,Urban
Peru,Female,36-45,Christianity,Urban
Peru,Male,18-25,I do not identify with any religious group or faith,Urban
Peru,Female,65+,Christianity,Urban
Peru,Female,46-55,Christianity,Urban
Peru,Female,46-55,Christianity,Urban
Peru,Male,26-35,Christianity,Urban
Peru,Male,36-45,Christianity,Urban
Peru,Male,18-25,Judaism,Urban
Peru,Male,56-65,I do not identify with any religious group or faith,Urban
Peru,Female,18-25,Judaism,Urban
Peru,Male,26-35,Christianity,Urban
Peru,Female,56-65,Christianity,Urban
Peru,Female,36-45,Christianity,Urban
Peru,Female,36-45,Christianity,Urban
Peru,Female,26-35,Christianity,Urban
Peru,Male,18-25,I do not identify with any religious group or faith,Urban
Peru,Male,65+,Christianity,Urban
Peru,Male,56-65,Christianity,Urban
Peru,Female,36-45,Christianity,Urban
Peru,Female,46-55,Judaism,Urban
Peru,Female,26-35,Christianity,Urban
Peru,Male,18-25,Christianity,Urban
Peru,Male,65+,Christianity,Urban
Uruguay,Male,18-25,I do not identify with any religious group or faith,Urban
Uruguay,Male,46-55,Christianity,Urban
Uruguay,Male,56-65,Christianity,Urban
Uruguay,Female,56-65,Christianity,Urban
Uruguay,Female,56-65,I do not identify with any religious group or faith,Urban
Uruguay,Male,56-65,I do not identify with any religious group or faith,Urban
Uruguay,Male,46-55,Christianity,Urban
Uruguay,Male,36-45,I do not identify with any religious group or faith,Urban
Uruguay,Male,56-65,Christianity,Urban
Uruguay,Male,46-55,I do not identify with any religious group or faith,Urban
Uruguay,Female,26-35,I do not identify with any religious group or faith,Urban
Uruguay,Female,56-65,,Urban
Uruguay,Male,56-65,Christianity,Urban
Uruguay,Male,18-25,,Urban
Uruguay,Female,65+,I do not identify with any religious group or faith,Urban
Uruguay,Female,65+,I do not identify with any religious group or faith,Urban
Uruguay,Male,26-35,I do not identify with any religious group or faith,Urban
Uruguay,Female,26-35,I do not identify with any religious group or faith,Urban
Uruguay,Female,46-55,I do not identify with any religious group or faith,Urban
Uruguay,Female,26-35,Christianity,Urban
Uruguay,Female,65+,I do not identify with any religious group or faith,Urban
Uruguay,Male,26-35,I do not identify with any religious group or faith,Urban
Uruguay,Female,65+,I do not identify with any religious group or faith,Urban
Uruguay,Male,26-35,I do not identify with any religious group or faith,Urban
Uruguay,Female,46-55,I do not identify with any religious group or faith,Urban
Uruguay,Male,65+,I do not identify with any religious group or faith,Urban
Uruguay,Female,26-35,I do not identify with any religious group or faith,Urban
Uruguay,Male,26-35,I do not identify with any religious group or faith,Urban
Uruguay,Female,56-65,I do not identify with any religious group or faith,Urban
Uruguay,Female,26-35,I do not identify with any religious group or faith,Urban
Uruguay,Female,56-65,Christianity,Urban
Uruguay,Male,65+,Christianity,Urban
Uruguay,Female,18-25,Christianity,Urban
Uruguay,Male,65+,I do not identify with any religious group or faith,Urban
Uruguay,Male,56-65,Christianity,Urban
Uruguay,Female,56-65,Christianity,Urban
Uruguay,Male,65+,I do not identify with any religious group or faith,Urban
Uruguay,Female,56-65,I do not identify with any religious group or faith,Urban
Uruguay,Male,56-65,I do not identify with any religious group or faith,Urban
Uruguay,Male,46-55,I do not identify with any religious group or faith,Urban
Uruguay,Female,65+,Christianity,Urban
Uruguay,Male,65+,I do not identify with any religious group or faith,Urban
Uruguay,Female,26-35,I do not identify with any religious group or faith,Urban
Uruguay,Male,46-55,I do not identify with any religious group or faith,Urban
Uruguay,Female,56-65,I do not identify with any religious group or faith,Urban
Uruguay,Female,36-45,I do not identify with any religious group or faith,Urban
Uruguay,Female,46-55,I do not identify with any religious group or faith,Urban
Uruguay,Female,26-35,Christianity,Urban
Uruguay,Female,18-25,I do not identify with any religious group or faith,Urban
Uruguay,Female,18-25,,Urban
Uruguay,Female,65+,Christianity,Urban
Uruguay,Female,56-65,I do not identify with any religious group or faith,Urban
Uruguay,Female,46-55,I do not identify with any religious group or faith,Urban
Uruguay,Female,56-65,I do not identify with any religious group or faith,Urban
Uruguay,Female,18-25,I do not identify with any religious group or faith,Urban
Uruguay,Male,56-65,Christianity,Urban
Uruguay,Male,26-35,I do not identify with any religious group or faith,Urban
Uruguay,Female,26-35,I do not identify with any religious group or faith,Urban
Uruguay,Male,56-65,I do not identify with any religious group or faith,Urban
Uruguay,Male,18-25,I do not identify with any religious group or faith,Urban
Uruguay,Female,26-35,I do not identify with any religious group or faith,Urban
Uruguay,Female,56-65,Christianity,Urban
Uruguay,Female,46-55,Christianity,Urban
Uruguay,Male,56-65,I do not identify with any religious group or faith,Urban
Uruguay,Male,36-45,Christianity,Urban
Uruguay,Male,46-55,I do not identify with any religious group or faith,Urban
Uruguay,Male,26-35,Christianity,Urban
Uruguay,Male,56-65,I do not identify with any religious group or faith,Urban
Uruguay,Female,46-55,I do not identify with any religious group or faith,Urban
Uruguay,Female,46-55,I do not identify with any religious group or faith,Urban
Uruguay,Male,56-65,Christianity,Urban
Uruguay,Male,56-65,Christianity,Urban
Uruguay,Female,46-55,Christianity,Urban
Uruguay,Male,36-45,Christianity,Urban
Uruguay,Male,65+,Christianity,Urban
Uruguay,Male,56-65,Christianity,Urban
Uruguay,Male,65+,Christianity,Urban
Uruguay,Female,36-45,Christianity,Urban
Uruguay,Male,65+,I do not identify with any religious group or faith,Urban
Uruguay,Male,36-45,I do not identify with any religious group or faith,Urban
Uruguay,Female,56-65,I do not identify with any religious group or faith,Urban
Uruguay,Female,56-65,I do not identify with any religious group or faith,Urban
Uruguay,Male,56-65,Christianity,Urban
Uruguay,Female,65+,I do not identify with any religious group or faith,Urban
Uruguay,Female,36-45,I do not identify with any religious group or faith,Urban
Uruguay,Male,18-25,,Urban
Uruguay,Female,18-25,I do not identify with any religious group or faith,Urban
Uruguay,Female,18-25,I do not identify with any religious group or faith,Urban
Uruguay,Male,36-45,I do not identify with any religious group or faith,Urban
Uruguay,Male,46-55,I do not identify with any religious group or faith,Urban
Uruguay,Male,65+,I do not identify with any religious group or faith,Urban
Uruguay,Male,56-65,Christianity,Urban
Uruguay,Female,46-55,Christianity,Urban
Uruguay,Male,18-25,I do not identify with any religious group or faith,Urban
Uruguay,Female,65+,I do not identify with any religious group or faith,Urban
Uruguay,Female,36-45,Christianity,Urban
Uruguay,Female,65+,Christianity,Urban
Uruguay,Female,46-55,Christianity,Urban
Uruguay,Female,36-45,Christianity,Urban
Uruguay,Female,36-45,I do not identify with any religious group or faith,Urban
Uruguay,Female,56-65,I do not identify with any religious group or faith,Urban
Uruguay,Male,65+,I do not identify with any religious group or faith,Urban
Uruguay,Male,56-65,I do not identify with any religious group or faith,Urban
Uruguay,Female,46-55,Christianity,Urban
Uruguay,Male,18-25,I do not identify with any religious group or faith,Urban
Uruguay,Male,65+,Christianity,Urban
Uruguay,Female,56-65,I do not identify with any religious group or faith,Urban
Uruguay,Male,46-55,I do not identify with any religious group or faith,Urban
Uruguay,Female,56-65,I do not identify with any religious group or faith,Urban
Uruguay,Female,46-55,I do not identify with any religious group or faith,Urban
Uruguay,Male,65+,I do not identify with any religious group or faith,Urban
Uruguay,Male,56-65,I do not identify with any religious group or faith,Urban
Uruguay,Female,65+,I do not identify with any religious group or faith,Urban
Uruguay,Female,56-65,Other religious group,Urban
Uruguay,Female,65+,Christianity,Urban
Uruguay,Female,26-35,I do not identify with any religious group or faith,Urban
Uruguay,Female,65+,Christianity,Urban
Uruguay,Female,65+,I do not identify with any religious group or faith,Urban
Uruguay,Male,46-55,Christianity,Urban
Uruguay,Female,46-55,I do not identify with any religious group or faith,Urban
Uruguay,Male,65+,Christianity,Urban
Uruguay,Female,46-55,Christianity,Urban
Uruguay,Male,65+,I do not identify with any religious group or faith,Urban
Uruguay,Male,56-65,Christianity,Urban
Uruguay,Male,18-25,I do not identify with any religious group or faith,Urban
Uruguay,Female,46-55,I do not identify with any religious group or faith,Urban
Uruguay,Female,36-45,Other religious group,Urban
Uruguay,Male,36-45,I do not identify with any religious group or faith,Urban
Uruguay,Female,18-25,Christianity,Urban
Uruguay,Male,65+,Christianity,Urban
Uruguay,Male,56-65,I do not identify with any religious group or faith,Urban
Uruguay,Female,46-55,Christianity,Urban
Uruguay,Female,65+,I do not identify with any religious group or faith,Urban
Uruguay,Female,65+,I do not identify with any religious group or faith,Urban
Uruguay,Female,65+,Christianity,Urban
Uruguay,Male,56-65,Christianity,Urban
Uruguay,Female,65+,Christianity,Urban
Uruguay,Female,65+,Christianity,Urban
Uruguay,Female,56-65,Christianity,Urban
Uruguay,Female,26-35,I do not identify with any religious group or faith,Urban
Uruguay,Female,65+,Christianity,Urban
Uruguay,Male,65+,I do not identify with any religious group or faith,Urban
Uruguay,Female,56-65,I do not identify with any religious group or faith,Urban
Uruguay,Male,65+,I do not identify with any religious group or faith,Urban
Uruguay,Female,56-65,Christianity,Urban
Uruguay,Female,65+,Christianity,Urban
Uruguay,Female,46-55,Christianity,Urban
Uruguay,Female,26-35,Christianity,Urban
Uruguay,Female,56-65,I do not identify with any religious group or faith,Urban
Uruguay,Female,65+,I do not identify with any religious group or faith,Urban
Uruguay,Female,46-55,I do not identify with any religious group or faith,Urban
Uruguay,Female,56-65,I do not identify with any religious group or faith,Urban
Uruguay,Female,18-25,I do not identify with any religious group or faith,Urban
Uruguay,Female,36-45,I do not identify with any religious group or faith,Urban
Uruguay,Female,26-35,I do not identify with any religious group or faith,Urban
Uruguay,Female,65+,Christianity,Urban
Uruguay,Female,56-65,I do not identify with any religious group or faith,Urban
Uruguay,Female,36-45,I do not identify with any religious group or faith,Urban
Uruguay,Male,36-45,I do not identify with any religious group or faith,Urban
Uruguay,Male,46-55,I do not identify with any religious group or faith,Urban
Uruguay,Female,36-45,I do not identify with any religious group or faith,Urban
Uruguay,Female,36-45,I do not identify with any religious group or faith,Urban
Uruguay,Female,65+,Christianity,Urban
Uruguay,Female,18-25,Christianity,Urban
Uruguay,Male,26-35,I do not identify with any religious group or faith,Urban
Uruguay,Female,65+,I do not identify with any religious group or faith,Urban
Uruguay,Female,18-25,I do not identify with any religious group or faith,Urban
Uruguay,Female,46-55,Christianity,Urban
Uruguay,Female,36-45,Christianity,Urban
Uruguay,Female,26-35,I do not identify with any religious group or faith,Urban
Uruguay,Female,65+,Christianity,Urban
Uruguay,Female,36-45,I do not identify with any religious group or faith,Urban
Uruguay,Male,36-45,I do not identify with any religious group or faith,Urban
Uruguay,Male,36-45,I do not identify with any religious group or faith,Urban
Uruguay,Female,65+,Christianity,Urban
Uruguay,Female,26-35,Christianity,Urban
Uruguay,Male,56-65,I do not identify with any religious group or faith,Urban
Uruguay,Male,56-65,I do not identify with any religious group or faith,Urban
Uruguay,Female,36-45,Christianity,Urban
Uruguay,Female,26-35,Christianity,Urban
Uruguay,Male,46-55,I do not identify with any religious group or faith,Urban
Uruguay,Male,46-55,Christianity,Urban
Uruguay,Female,26-35,,Urban
Uruguay,Male,18-25,I do not identify with any religious group or faith,Urban
Uruguay,Female,18-25,Christianity,Urban
Uruguay,Female,18-25,I do not identify with any religious group or faith,Urban
Uruguay,Female,18-25,I do not identify with any religious group or faith,Urban
Uruguay,Male,26-35,I do not identify with any religious group or faith,Urban
Uruguay,Male,26-35,Christianity,Urban
Uruguay,Female,18-25,I do not identify with any religious group or faith,Urban
Uruguay,Male,18-25,I do not identify with any religious group or faith,Urban
Uruguay,Female,26-35,I do not identify with any religious group or faith,Urban
Uruguay,Male,26-35,,Urban
Uruguay,Female,26-35,Christianity,Urban
Uruguay,Female,36-45,I do not identify with any religious group or faith,Urban
Uruguay,Male,26-35,Christianity,Urban
Uruguay,Female,26-35,I do not identify with any religious group or faith,Urban
Uruguay,Female,26-35,I do not identify with any religious group or faith,Urban
Uruguay,Female,18-25,I do not identify with any religious group or faith,Urban
Uruguay,Male,36-45,I do not identify with any religious group or faith,Urban
Uruguay,Female,46-55,Christianity,Urban
Uruguay,Female,46-55,I do not identify with any religious group or faith,Urban
Uruguay,Female,26-35,Christianity,Urban
Uruguay,Female,26-35,I do not identify with any religious group or faith,Urban
Uruguay,Male,36-45,I do not identify with any religious group or faith,Urban
Uruguay,Female,18-25,I do not identify with any religious group or faith,Urban
Uruguay,Male,26-35,Christianity,Urban
Uruguay,Male,56-65,I do not identify with any religious group or faith,Urban
Uruguay,Female,18-25,,Urban
Uruguay,Male,46-55,Christianity,Urban
Uruguay,Female,65+,Christianity,Urban
Uruguay,Male,36-45,Christianity,Urban
Uruguay,Female,36-45,Christianity,Urban
Uruguay,Female,65+,Christianity,Urban
Uruguay,Female,46-55,I do not identify with any religious group or faith,Urban
Uruguay,Male,56-65,Christianity,Urban
Uruguay,Male,26-35,I do not identify with any religious group or faith,Urban
Uruguay,Female,36-45,Christianity,Urban
Uruguay,Male,46-55,I do not identify with any religious group or faith,Urban
Uruguay,Female,26-35,I do not identify with any religious group or faith,Urban
Uruguay,Male,18-25,Christianity,Urban
Uruguay,Male,46-55,Christianity,Urban
Uruguay,Male,18-25,I do not identify with any religious group or faith,Urban
Uruguay,Female,46-55,I do not identify with any religious group or faith,Urban
Uruguay,Female,65+,I do not identify with any religious group or faith,Urban
Uruguay,Female,36-45,I do not identify with any religious group or faith,Urban
Uruguay,Female,18-25,I do not identify with any religious group or faith,Urban
Uruguay,Male,46-55,I do not identify with any religious group or faith,Urban
Uruguay,Male,46-55,Christianity,Urban
Uruguay,Female,56-65,Christianity,Urban
Uruguay,Male,65+,I do not identify with any religious group or faith,Urban
Uruguay,Male,56-65,Christianity,Urban
Uruguay,Female,65+,I do not identify with any religious group or faith,Urban
Uruguay,Male,36-45,I do not identify with any religious group or faith,Urban
Uruguay,Female,46-55,Christianity,Urban
Uruguay,Female,65+,I do not identify with any religious group or faith,Urban
Uruguay,Male,36-45,I do not identify with any religious group or faith,Urban
Uruguay,Male,26-35,I do not identify with any religious group or faith,Urban
Uruguay,Male,26-35,I do not identify with any religious group or faith,Urban
Uruguay,Male,18-25,I do not identify with any religious group or faith,Urban
Uruguay,Female,18-25,I do not identify with any religious group or faith,Urban
Uruguay,Male,36-45,Christianity,Urban
Uruguay,Female,18-25,I do not identify with any religious group or faith,Urban
Uruguay,Female,36-45,I do not identify with any religious group or faith,Urban
Uruguay,Male,18-25,I do not identify with any religious group or faith,Urban
Uruguay,Male,26-35,I do not identify with any religious group or faith,Urban
Uruguay,Male,46-55,I do not identify with any religious group or faith,Urban
Uruguay,Male,36-45,I do not identify with any religious group or faith,Urban
Uruguay,Male,18-25,I do not identify with any religious group or faith,Urban
Uruguay,Male,26-35,I do not identify with any religious group or faith,Urban
Uruguay,Female,46-55,I do not identify with any religious group or faith,Urban
Uruguay,Female,46-55,I do not identify with any religious group or faith,Urban
Uruguay,Female,65+,I do not identify with any religious group or faith,Urban
Uruguay,Female,65+,Christianity,Urban
Uruguay,Female,46-55,I do not identify with any religious group or faith,Urban
Uruguay,Female,36-45,Christianity,Urban
Uruguay,Male,65+,I do not identify with any religious group or faith,Urban
Uruguay,Male,26-35,I do not identify with any religious group or faith,Urban
Uruguay,Male,46-55,Christianity,Urban
Uruguay,Female,56-65,Christianity,Urban
Uruguay,Female,18-25,I do not identify with any religious group or faith,Urban
Uruguay,Male,18-25,,Urban
Uruguay,Female,18-25,,Urban
Uruguay,Male,18-25,,Urban
Uruguay,Male,36-45,,Urban
Uruguay,Male,26-35,Christianity,Urban
Uruguay,Female,18-25,I do not identify with any religious group or faith,Urban
Uruguay,Female,18-25,I do not identify with any religious group or faith,Urban
Uruguay,Male,26-35,I do not identify with any religious group or faith,Urban
Uruguay,Male,18-25,I do not identify with any religious group or faith,Urban
Uruguay,Female,36-45,I do not identify with any religious group or faith,Urban
Uruguay,Female,26-35,I do not identify with any religious group or faith,Urban
Uruguay,Female,36-45,I do not identify with any religious group or faith,Urban
Uruguay,Male,36-45,Christianity,Urban
Uruguay,Male,18-25,I do not identify with any religious group or faith,Urban
Uruguay,Male,26-35,,Urban
Uruguay,Female,18-25,Christianity,Urban
Uruguay,Female,46-55,,Urban
Uruguay,Female,46-55,Christianity,Urban
Uruguay,Female,26-35,I do not identify with any religious group or faith,Urban
Uruguay,Female,36-45,I do not identify with any religious group or faith,Urban
Uruguay,Female,26-35,I do not identify with any religious group or faith,Urban
Uruguay,Female,26-35,I do not identify with any religious group or faith,Urban
Uruguay,Female,26-35,I do not identify with any religious group or faith,Urban
Uruguay,Female,26-35,Christianity,Urban
Uruguay,Female,36-45,Christianity,Urban
Uruguay,Female,65+,Christianity,Urban
Uruguay,Male,46-55,Christianity,Urban
Uruguay,Female,56-65,I do not identify with any religious group or faith,Urban
Uruguay,Male,56-65,Christianity,Urban
Uruguay,Male,46-55,Christianity,Urban
Uruguay,Male,65+,I do not identify with any religious group or faith,Urban
Uruguay,Male,46-55,I do not identify with any religious group or faith,Urban
Uruguay,Male,56-65,I do not identify with any religious group or faith,Urban
Uruguay,Male,65+,I do not identify with any religious group or faith,Urban
Uruguay,Female,36-45,Christianity,Urban
Uruguay,Female,36-45,I do not identify with any religious group or faith,Urban
Uruguay,Female,46-55,I do not identify with any religious group or faith,Urban
Uruguay,Male,56-65,I do not identify with any religious group or faith,Urban
Uruguay,Male,36-45,I do not identify with any religious group or faith,Urban
Uruguay,Female,65+,I do not identify with any religious group or faith,Urban
Uruguay,Female,65+,Christianity,Urban
Uruguay,Male,65+,Christianity,Urban
Uruguay,Male,65+,Christianity,Urban
Uruguay,Female,36-45,Christianity,Urban
Uruguay,Male,26-35,I do not identify with any religious group or faith,Urban
Uruguay,Male,36-45,Christianity,Urban
Uruguay,Female,56-65,I do not identify with any religious group or faith,Urban
Uruguay,Female,26-35,I do not identify with any religious group or faith,Urban
Uruguay,Female,18-25,Christianity,Urban
Uruguay,Female,56-65,I do not identify with any religious group or faith,Urban
Uruguay,Male,65+,Christianity,Urban
Uruguay,Male,65+,Christianity,Urban
Uruguay,Female,36-45,Christianity,Urban
Uruguay,Male,56-65,I do not identify with any religious group or faith,Urban
Uruguay,Female,26-35,,Urban
Uruguay,Male,46-55,Christianity,Urban
Uruguay,Male,36-45,Christianity,Urban
Uruguay,Male,26-35,Christianity,Urban
Uruguay,Female,18-25,I do not identify with any religious group or faith,Urban
Uruguay,Male,46-55,Christianity,Urban
Uruguay,Female,46-55,I do not identify with any religious group or faith,Urban
Uruguay,Male,46-55,I do not identify with any religious group or faith,Urban
Uruguay,Female,56-65,Christianity,Urban
Uruguay,Female,65+,,Urban
Uruguay,Male,65+,I do not identify with any religious group or faith,Urban
Uruguay,Male,18-25,Christianity,Urban
Uruguay,Male,65+,Christianity,Urban
Uruguay,Female,65+,I do not identify with any religious group or faith,Urban
Uruguay,Male,65+,I do not identify with any religious group or faith,Urban
Uruguay,Female,56-65,Christianity,Urban
Uruguay,Male,26-35,I do not identify with any religious group or faith,Urban
Uruguay,Male,65+,Christianity,Urban
Uruguay,Male,56-65,I do not identify with any religious group or faith,Urban
Uruguay,Female,26-35,I do not identify with any religious group or faith,Urban
Uruguay,Female,36-45,Christianity,Urban
Uruguay,Female,56-65,I do not identify with any religious group or faith,Urban
Uruguay,Female,46-55,I do not identify with any religious group or faith,Urban
Uruguay,Female,65+,Christianity,Urban
Uruguay,Female,65+,Christianity,Urban
Uruguay,Male,36-45,I do not identify with any religious group or faith,Urban
Uruguay,Male,56-65,I do not identify with any religious group or faith,Urban
Uruguay,Male,46-55,Christianity,Urban
Uruguay,Male,56-65,Christianity,Urban
Uruguay,Male,26-35,Christianity,Urban
Uruguay,Female,18-25,I do not identify with any religious group or faith,Urban
Uruguay,Male,36-45,I do not identify with any religious group or faith,Urban
Uruguay,Male,26-35,I do not identify with any religious group or faith,Urban
Uruguay,Male,36-45,I do not identify with any religious group or faith,Urban
Uruguay,Male,36-45,Other religious group,Urban
Uruguay,Female,65+,I do not identify with any religious group or faith,Urban
Uruguay,Male,56-65,I do not identify with any religious group or faith,Urban
Uruguay,Female,36-45,Christianity,Urban
Uruguay,Female,36-45,Christianity,Urban
Uruguay,Male,65+,I do not identify with any religious group or faith,Urban
Uruguay,Male,36-45,I do not identify with any religious group or faith,Urban
Uruguay,Female,65+,I do not identify with any religious group or faith,Urban
Uruguay,Male,46-55,I do not identify with any religious group or faith,Urban
Uruguay,Female,65+,Christianity,Urban
Uruguay,Male,26-35,I do not identify with any religious group or faith,Urban
Uruguay,Male,36-45,I do not identify with any religious group or faith,Urban
Uruguay,Male,65+,Christianity,Urban
Uruguay,Male,26-35,I do not identify with any religious group or faith,Urban
Uruguay,Female,26-35,Christianity,Urban
Uruguay,Male,65+,I do not identify with any religious group or faith,Urban
Uruguay,Female,46-55,Christianity,Urban
Uruguay,Female,18-25,I do not identify with any religious group or faith,Urban
Uruguay,Male,36-45,I do not identify with any religious group or faith,Urban
Uruguay,Male,46-55,I do not identify with any religious group or faith,Urban
Uruguay,Male,18-25,,Urban
Uruguay,Female,65+,I do not identify with any religious group or faith,Urban
Uruguay,Female,18-25,I do not identify with any religious group or faith,Urban
Uruguay,Female,56-65,I do not identify with any religious group or faith,Urban
Uruguay,Female,36-45,,Urban
Uruguay,Female,26-35,I do not identify with any religious group or faith,Urban
Uruguay,Male,18-25,,Urban
Uruguay,Female,18-25,I do not identify with any religious group or faith,Urban
Uruguay,Male,18-25,,Urban
Uruguay,Female,18-25,I do not identify with any religious group or faith,Urban
Uruguay,Female,18-25,,Urban
Uruguay,Female,56-65,I do not identify with any religious group or faith,Urban
Uruguay,Female,36-45,I do not identify with any religious group or faith,Urban
Uruguay,Male,65+,Christianity,Urban
Uruguay,Male,56-65,I do not identify with any religious group or faith,Urban
Uruguay,Male,46-55,Christianity,Urban
Uruguay,Male,26-35,I do not identify with any religious group or faith,Urban
Uruguay,Male,46-55,I do not identify with any religious group or faith,Urban
Uruguay,Male,36-45,,Urban
Uruguay,Male,26-35,I do not identify with any religious group or faith,Urban
Uruguay,Male,36-45,Christianity,Urban
Uruguay,Female,56-65,Christianity,Urban
Uruguay,Male,18-25,Christianity,Urban
Uruguay,Male,18-25,I do not identify with any religious group or faith,Urban
Uruguay,Male,56-65,I do not identify with any religious group or faith,Urban
Uruguay,Male,36-45,I do not identify with any religious group or faith,Urban
Uruguay,Male,36-45,I do not identify with any religious group or faith,Urban
Uruguay,Male,65+,Christianity,Urban
Uruguay,Female,36-45,Christianity,Urban
Uruguay,Male,56-65,Christianity,Urban
Uruguay,Female,36-45,I do not identify with any religious group or faith,Urban
Uruguay,Male,46-55,Christianity,Urban
Uruguay,Male,36-45,Christianity,Urban
Uruguay,Female,56-65,I do not identify with any religious group or faith,Urban
Uruguay,Male,36-45,I do not identify with any religious group or faith,Urban
Uruguay,Male,26-35,I do not identify with any religious group or faith,Urban
Uruguay,Male,26-35,I do not identify with any religious group or faith,Urban
Uruguay,Male,36-45,I do not identify with any religious group or faith,Urban
Uruguay,Male,56-65,Christianity,Urban
Uruguay,Male,36-45,I do not identify with any religious group or faith,Urban
Uruguay,Male,46-55,I do not identify with any religious group or faith,Urban
Uruguay,Female,18-25,I do not identify with any religious group or faith,Urban
Uruguay,Male,18-25,Christianity,Urban
Uruguay,Male,65+,Christianity,Urban
Uruguay,Male,18-25,I do not identify with any religious group or faith,Urban
Uruguay,Male,46-55,I do not identify with any religious group or faith,Urban
Uruguay,Male,56-65,I do not identify with any religious group or faith,Urban
Uruguay,Male,18-25,Christianity,Urban
Uruguay,Male,46-55,Christianity,Urban
Uruguay,Male,46-55,I do not identify with any religious group or faith,Urban
Uruguay,Male,26-35,Other religious group,Urban
Uruguay,Female,65+,Christianity,Urban
Uruguay,Male,56-65,I do not identify with any religious group or faith,Urban
Uruguay,Male,26-35,I do not identify with any religious group or faith,Urban
Uruguay,Male,65+,Christianity,Urban
Uruguay,Female,56-65,I do not identify with any religious group or faith,Urban
Uruguay,Male,36-45,I do not identify with any religious group or faith,Urban
Uruguay,Female,36-45,I do not identify with any religious group or faith,Urban
Uruguay,Female,26-35,I do not identify with any religious group or faith,Urban
Uruguay,Female,46-55,Christianity,Urban
Uruguay,Male,26-35,I do not identify with any religious group or faith,Urban
Uruguay,Male,56-65,Christianity,Urban
Uruguay,Male,65+,I do not identify with any religious group or faith,Urban
Uruguay,Female,26-35,I do not identify with any religious group or faith,Urban
Uruguay,Female,46-55,Other religious group,Urban
Uruguay,Female,65+,I do not identify with any religious group or faith,Urban
Uruguay,Female,18-25,I do not identify with any religious group or faith,Urban
Uruguay,Male,46-55,I do not identify with any religious group or faith,Urban
Uruguay,Male,56-65,Christianity,Urban
Uruguay,Male,56-65,Christianity,Urban
Uruguay,Male,26-35,I do not identify with any religious group or faith,Urban
Uruguay,Female,26-35,I do not identify with any religious group or faith,Urban
Uruguay,Male,26-35,Christianity,Urban
Uruguay,Female,18-25,I do not identify with any religious group or faith,Urban
Uruguay,Female,26-35,I do not identify with any religious group or faith,Urban
Uruguay,Male,56-65,I do not identify with any religious group or faith,Urban
Uruguay,Female,65+,I do not identify with any religious group or faith,Urban
Uruguay,Female,65+,Christianity,Urban
Uruguay,Male,56-65,Christianity,Urban
Uruguay,Female,46-55,Christianity,Urban
Uruguay,Female,56-65,I do not identify with any religious group or faith,Urban
Uruguay,Male,56-65,I do not identify with any religious group or faith,Urban
Uruguay,Male,56-65,Christianity,Urban
Uruguay,Male,46-55,Christianity,Urban
Uruguay,Female,46-55,I do not identify with any religious group or faith,Urban
Uruguay,Female,26-35,Christianity,Urban
Uruguay,Male,46-55,I do not identify with any religious group or faith,Urban
Uruguay,Female,36-45,I do not identify with any religious group or faith,Urban
Uruguay,Female,65+,Christianity,Urban
Uruguay,Female,65+,I do not identify with any religious group or faith,Urban
Uruguay,Female,46-55,I do not identify with any religious group or faith,Urban
Uruguay,Male,46-55,I do not identify with any religious group or faith,Urban
Uruguay,Female,65+,I do not identify with any religious group or faith,Urban
Uruguay,Female,46-55,I do not identify with any religious group or faith,Urban
Uruguay,Male,26-35,I do not identify with any religious group or faith,Urban
Uruguay,Female,65+,,Urban
Uruguay,Female,65+,I do not identify with any religious group or faith,Urban
Uruguay,Male,65+,I do not identify with any religious group or faith,Urban
Uruguay,Male,65+,I do not identify with any religious group or faith,Urban
Uruguay,Male,46-55,Christianity,Urban
Uruguay,Female,65+,Christianity,Urban
Uruguay,Male,65+,I do not identify with any religious group or faith,Urban
Uruguay,Female,46-55,Christianity,Urban
Uruguay,Female,65+,I do not identify with any religious group or faith,Urban
Uruguay,Female,56-65,I do not identify with any religious group or faith,Urban
Uruguay,Male,36-45,I do not identify with any religious group or faith,Urban
Uruguay,Male,26-35,I do not identify with any religious group or faith,Urban
Uruguay,Male,18-25,I do not identify with any religious group or faith,Urban
Uruguay,Male,56-65,Christianity,Urban
Uruguay,Female,36-45,Christianity,Urban
Uruguay,Male,65+,I do not identify with any religious group or faith,Urban
Uruguay,Male,56-65,I do not identify with any religious group or faith,Urban
Uruguay,Female,56-65,Christianity,Urban
Uruguay,Male,65+,,Urban
Uruguay,Male,65+,Christianity,Urban
Uruguay,Male,36-45,Christianity,Urban
Uruguay,Male,65+,Christianity,Urban
Uruguay,Female,65+,Christianity,Urban
Uruguay,Male,56-65,Christianity,Urban
Uruguay,Female,18-25,I do not identify with any religious group or faith,Urban
Uruguay,Male,18-25,I do not identify with any religious group or faith,Urban
Uruguay,Male,26-35,Christianity,Urban
Uruguay,Female,46-55,,Urban
Uruguay,Female,46-55,I do not identify with any religious group or faith,Urban
Uruguay,Female,18-25,I do not identify with any religious group or faith,Urban
Uruguay,Male,18-25,I do not identify with any religious group or faith,Urban
Uruguay,Male,18-25,I do not identify with any religious group or faith,Urban
Uruguay,Female,26-35,I do not identify with any religious group or faith,Urban
Uruguay,Male,36-45,Christianity,Urban
Uruguay,Male,56-65,,Urban
Uruguay,Male,36-45,Other religious group,Urban
Uruguay,Female,46-55,I do not identify with any religious group or faith,Urban
Uruguay,Female,36-45,I do not identify with any religious group or faith,Urban
Uruguay,Female,65+,Christianity,Urban
Uruguay,Male,36-45,I do not identify with any religious group or faith,Urban
Uruguay,Male,36-45,I do not identify with any religious group or faith,Urban
Uruguay,Male,36-45,I do not identify with any religious group or faith,Urban
Uruguay,Male,36-45,I do not identify with any religious group or faith,Urban
Uruguay,Male,18-25,I do not identify with any religious group or faith,Urban
Uruguay,Female,18-25,I do not identify with any religious group or faith,Urban
Uruguay,Female,18-25,I do not identify with any religious group or faith,Urban
Uruguay,Female,26-35,Christianity,Urban
Uruguay,Female,65+,Christianity,Urban
Uruguay,Female,65+,Christianity,Urban
Uruguay,Male,26-35,Christianity,Urban
Uruguay,Female,56-65,Christianity,Urban
Uruguay,Male,65+,Christianity,Urban
Uruguay,Female,36-45,Christianity,Urban
Uruguay,Male,65+,Christianity,Urban
Uruguay,Female,56-65,I do not identify with any religious group or faith,Urban
Uruguay,Female,46-55,I do not identify with any religious group or faith,Urban
Uruguay,Male,65+,Christianity,Urban
Uruguay,Female,46-55,Christianity,Urban
Uruguay,Female,56-65,I do not identify with any religious group or faith,Urban
Uruguay,Female,26-35,I do not identify with any religious group or faith,Urban
Uruguay,Female,65+,I do not identify with any religious group or faith,Urban
Uruguay,Female,26-35,Christianity,Urban
Uruguay,Female,65+,Christianity,Urban
Uruguay,Female,36-45,I do not identify with any religious group or faith,Urban
Uruguay,Female,26-35,I do not identify with any religious group or faith,Urban
Uruguay,Female,26-35,I do not identify with any religious group or faith,Urban
Uruguay,Female,65+,I do not identify with any religious group or faith,Urban
Uruguay,Male,18-25,I do not identify with any religious group or faith,Urban
Uruguay,Female,36-45,,Urban
Uruguay,Female,46-55,Christianity,Urban
Uruguay,Female,26-35,I do not identify with any religious group or faith,Urban
Uruguay,Female,36-45,I do not identify with any religious group or faith,Urban
Uruguay,Female,36-45,I do not identify with any religious group or faith,Urban
Uruguay,Female,46-55,Christianity,Urban
Uruguay,Female,36-45,I do not identify with any religious group or faith,Urban
Uruguay,Female,56-65,Christianity,Urban
Uruguay,Male,65+,Christianity,Urban
Uruguay,Male,46-55,Christianity,Urban
Uruguay,Male,56-65,Christianity,Urban
Uruguay,Female,46-55,Christianity,Urban
Uruguay,Female,56-65,Christianity,Urban
Uruguay,Female,65+,Christianity,Urban
Uruguay,Female,56-65,,Urban
Uruguay,Male,36-45,Christianity,Urban
Uruguay,Male,65+,I do not identify with any religious group or faith,Urban
Uruguay,Male,26-35,I do not identify with any religious group or faith,Urban
Uruguay,Female,65+,Christianity,Urban
Uruguay,Female,18-25,I do not identify with any religious group or faith,Urban
Uruguay,Female,65+,Christianity,Urban
Uruguay,Female,26-35,I do not identify with any religious group or faith,Urban
Uruguay,Female,26-35,I do not identify with any religious group or faith,Urban
Uruguay,Female,26-35,Christianity,Urban
Uruguay,Female,26-35,I do not identify with any religious group or faith,Urban
Uruguay,Male,56-65,I do not identify with any religious group or faith,Urban
Uruguay,Female,65+,Christianity,Urban
Uruguay,Female,18-25,I do not identify with any religious group or faith,Urban
Uruguay,Female,18-25,Christianity,Urban
Uruguay,Female,56-65,I do not identify with any religious group or faith,Urban
Uruguay,Female,65+,Christianity,Urban
Uruguay,Female,65+,Christianity,Urban
Uruguay,Female,36-45,Christianity,Urban
Uruguay,Female,65+,Christianity,Urban
Uruguay,Male,65+,I do not identify with any religious group or faith,Urban
Uruguay,Female,46-55,I do not identify with any religious group or faith,Urban
Uruguay,Male,65+,Christianity,Urban
Uruguay,Male,46-55,I do not identify with any religious group or faith,Urban
Uruguay,Male,65+,I do not identify with any religious group or faith,Urban
Uruguay,Female,26-35,Christianity,Urban
Uruguay,Female,65+,Christianity,Urban
Uruguay,Male,65+,Christianity,Urban
Uruguay,Male,65+,Christianity,Urban
Uruguay,Female,65+,Christianity,Urban
Uruguay,Female,65+,I do not identify with any religious group or faith,Urban
Uruguay,Male,56-65,I do not identify with any religious group or faith,Urban
Uruguay,Male,46-55,I do not identify with any religious group or faith,Urban
Uruguay,Female,46-55,I do not identify with any religious group or faith,Urban
Uruguay,Male,56-65,Christianity,Urban
Uruguay,Male,65+,I do not identify with any religious group or faith,Urban
Uruguay,Female,26-35,I do not identify with any religious group or faith,Urban
Uruguay,Female,46-55,I do not identify with any religious group or faith,Urban
Uruguay,Female,26-35,I do not identify with any religious group or faith,Urban
Uruguay,Female,46-55,I do not identify with any religious group or faith,Urban
Uruguay,Male,46-55,I do not identify with any religious group or faith,Urban
Uruguay,Male,65+,I do not identify with any religious group or faith,Urban
Uruguay,Female,56-65,Christianity,Urban
Uruguay,Female,46-55,Christianity,Urban
Uruguay,Female,65+,I do not identify with any religious group or faith,Rural
Uruguay,Male,65+,I do not identify with any religious group or faith,Rural
Uruguay,Male,36-45,I do not identify with any religious group or faith,Rural
Uruguay,Male,36-45,Christianity,Rural
Uruguay,Female,36-45,I do not identify with any religious group or faith,Rural
Uruguay,Male,65+,I do not identify with any religious group or faith,Rural
Uruguay,Female,65+,I do not identify with any religious group or faith,Rural
Uruguay,Male,36-45,I do not identify with any religious group or faith,Rural
Uruguay,Male,56-65,I do not identify with any religious group or faith,Rural
Uruguay,Male,56-65,Christianity,Rural
Uruguay,Male,26-35,Christianity,Rural
Uruguay,Female,18-25,,Rural
Uruguay,Female,65+,I do not identify with any religious group or faith,Rural
Uruguay,Female,36-45,Christianity,Rural
Uruguay,Female,65+,Christianity,Rural
Uruguay,Female,56-65,Christianity,Rural
Uruguay,Male,36-45,Christianity,Rural
Uruguay,Female,26-35,I do not identify with any religious group or faith,Rural
Uruguay,Female,46-55,Christianity,Rural
Uruguay,Female,56-65,I do not identify with any religious group or faith,Rural
Uruguay,Male,56-65,I do not identify with any religious group or faith,Rural
Uruguay,Female,65+,I do not identify with any religious group or faith,Rural
Uruguay,Female,46-55,I do not identify with any religious group or faith,Rural
Uruguay,Male,56-65,I do not identify with any religious group or faith,Rural
Uruguay,Male,46-55,Christianity,Rural
Uruguay,Female,65+,I do not identify with any religious group or faith,Rural
Uruguay,Male,56-65,I do not identify with any religious group or faith,Rural
Uruguay,Female,56-65,Christianity,Rural
Uruguay,Male,65+,I do not identify with any religious group or faith,Rural
Uruguay,Female,26-35,I do not identify with any religious group or faith,Rural
Uruguay,Male,56-65,I do not identify with any religious group or faith,Rural
Uruguay,Female,26-35,I do not identify with any religious group or faith,Rural
Uruguay,Male,46-55,I do not identify with any religious group or faith,Rural
Uruguay,Female,26-35,Christianity,Rural
Uruguay,Female,46-55,Christianity,Rural
Uruguay,Female,65+,Christianity,Rural
Uruguay,Female,18-25,I do not identify with any religious group or faith,Rural
Uruguay,Male,56-65,Christianity,Rural
Uruguay,Female,26-35,I do not identify with any religious group or faith,Rural
Uruguay,Female,18-25,I do not identify with any religious group or faith,Rural
Uruguay,Male,26-35,I do not identify with any religious group or faith,Rural
Uruguay,Female,26-35,I do not identify with any religious group or faith,Rural
Uruguay,Female,65+,Christianity,Rural
Uruguay,Female,46-55,Christianity,Rural
Uruguay,Female,56-65,I do not identify with any religious group or faith,Rural
Uruguay,Male,18-25,I do not identify with any religious group or faith,Rural
Uruguay,Female,36-45,I do not identify with any religious group or faith,Rural
Uruguay,Female,18-25,I do not identify with any religious group or faith,Rural
Uruguay,Female,56-65,I do not identify with any religious group or faith,Rural
Uruguay,Female,56-65,I do not identify with any religious group or faith,Rural
Uruguay,Male,26-35,Christianity,Rural
Uruguay,Male,56-65,Christianity,Rural
Uruguay,Female,26-35,I do not identify with any religious group or faith,Rural
Uruguay,Male,65+,I do not identify with any religious group or faith,Rural
Uruguay,Male,65+,I do not identify with any religious group or faith,Rural
Uruguay,Male,56-65,I do not identify with any religious group or faith,Rural
Uruguay,Female,65+,I do not identify with any religious group or faith,Rural
Uruguay,Female,65+,Christianity,Rural
Uruguay,Male,26-35,I do not identify with any religious group or faith,Rural
Uruguay,Female,56-65,I do not identify with any religious group or faith,Rural
Uruguay,Female,26-35,Other religious group,Rural
Uruguay,Male,56-65,I do not identify with any religious group or faith,Rural
Uruguay,Male,18-25,I do not identify with any religious group or faith,Rural
Uruguay,Male,36-45,I do not identify with any religious group or faith,Rural
Uruguay,Female,18-25,Christianity,Rural
Uruguay,Female,56-65,Christianity,Rural
Uruguay,Male,65+,I do not identify with any religious group or faith,Rural
Uruguay,Female,56-65,Christianity,Rural
Uruguay,Female,18-25,I do not identify with any religious group or faith,Rural
Uruguay,Male,26-35,I do not identify with any religious group or faith,Rural
Uruguay,Female,46-55,I do not identify with any religious group or faith,Rural
Uruguay,Female,36-45,I do not identify with any religious group or faith,Rural
Uruguay,Male,56-65,I do not identify with any religious group or faith,Rural
Uruguay,Male,18-25,I do not identify with any religious group or faith,Rural
Uruguay,Male,56-65,I do not identify with any religious group or faith,Rural
Uruguay,Male,36-45,Christianity,Rural
Uruguay,Female,36-45,I do not identify with any religious group or faith,Rural
Uruguay,Female,18-25,I do not identify with any religious group or faith,Rural
Uruguay,Female,26-35,I do not identify with any religious group or faith,Rural
Uruguay,Male,18-25,I do not identify with any religious group or faith,Rural
Uruguay,Male,36-45,I do not identify with any religious group or faith,Urban
Uruguay,Male,46-55,Christianity,Urban
Uruguay,Female,46-55,Christianity,Urban
Uruguay,Female,46-55,Christianity,Urban
Uruguay,Female,18-25,I do not identify with any religious group or faith,Urban
Uruguay,Female,18-25,I do not identify with any religious group or faith,Urban
Uruguay,Female,36-45,I do not identify with any religious group or faith,Urban
Uruguay,Female,56-65,Christianity,Urban
Uruguay,Female,36-45,I do not identify with any religious group or faith,Urban
Uruguay,Male,56-65,Christianity,Urban
Uruguay,Male,56-65,I do not identify with any religious group or faith,Urban
Uruguay,Male,36-45,I do not identify with any religious group or faith,Urban
Uruguay,Female,18-25,I do not identify with any religious group or faith,Urban
Uruguay,Female,18-25,I do not identify with any religious group or faith,Urban
Uruguay,Female,18-25,Christianity,Urban
Uruguay,Female,18-25,I do not identify with any religious group or faith,Urban
Uruguay,Male,26-35,Christianity,Urban
Uruguay,Male,18-25,I do not identify with any religious group or faith,Urban
Uruguay,Female,18-25,I do not identify with any religious group or faith,Urban
Uruguay,Male,26-35,I do not identify with any religious group or faith,Urban
Uruguay,Female,65+,I do not identify with any religious group or faith,Urban
Uruguay,Female,56-65,Christianity,Urban
Uruguay,Female,56-65,Christianity,Urban
Uruguay,Female,65+,Christianity,Urban
Uruguay,Male,26-35,I do not identify with any religious group or faith,Urban
Uruguay,Female,36-45,I do not identify with any religious group or faith,Urban
Uruguay,Female,56-65,Christianity,Urban
Uruguay,Female,56-65,Christianity,Urban
Uruguay,Male,65+,Christianity,Urban
Uruguay,Female,26-35,Christianity,Urban
Uruguay,Female,26-35,Christianity,Urban
Uruguay,Female,36-45,Christianity,Urban
Uruguay,Female,56-65,Christianity,Urban
Uruguay,Female,56-65,Christianity,Urban
Uruguay,Male,18-25,I do not identify with any religious group or faith,Urban
Uruguay,Male,18-25,I do not identify with any religious group or faith,Urban
Uruguay,Male,56-65,Judaism,Urban
Uruguay,Female,46-55,I do not identify with any religious group or faith,Urban
Uruguay,Male,56-65,Christianity,Urban
Uruguay,Male,65+,I do not identify with any religious group or faith,Urban
Uruguay,Male,65+,Christianity,Urban
Uruguay,Female,56-65,I do not identify with any religious group or faith,Urban
Uruguay,Male,56-65,Christianity,Urban
Uruguay,Female,36-45,I do not identify with any religious group or faith,Urban
Uruguay,Male,18-25,Christianity,Urban
Uruguay,Female,18-25,I do not identify with any religious group or faith,Urban
Uruguay,Male,26-35,Christianity,Urban
Uruguay,Male,26-35,I do not identify with any religious group or faith,Urban
Uruguay,Male,36-45,Christianity,Urban
Uruguay,Female,18-25,Other religious group,Urban
Uruguay,Female,26-35,I do not identify with any religious group or faith,Rural
Uruguay,Female,26-35,Christianity,Rural
Uruguay,Female,36-45,Christianity,Rural
Uruguay,Female,65+,Christianity,Rural
Uruguay,Female,18-25,I do not identify with any religious group or faith,Rural
Uruguay,Male,26-35,I do not identify with any religious group or faith,Rural
Uruguay,Male,26-35,I do not identify with any religious group or faith,Rural
Uruguay,Male,36-45,Christianity,Rural
Uruguay,Male,65+,I do not identify with any religious group or faith,Rural
Uruguay,Male,26-35,I do not identify with any religious group or faith,Rural
Uruguay,Female,26-35,Christianity,Urban
Uruguay,Female,26-35,Christianity,Urban
Uruguay,Female,26-35,Christianity,Urban
Uruguay,Female,56-65,I do not identify with any religious group or faith,Urban
Uruguay,Female,46-55,I do not identify with any religious group or faith,Urban
Uruguay,Female,56-65,Christianity,Urban
Uruguay,Female,56-65,Christianity,Urban
Uruguay,Male,18-25,I do not identify with any religious group or faith,Urban
Uruguay,Male,26-35,,Urban
Uruguay,Male,46-55,I do not identify with any religious group or faith,Urban
Uruguay,Male,56-65,I do not identify with any religious group or faith,Rural
Uruguay,Female,26-35,Christianity,Rural
Uruguay,Female,36-45,Christianity,Rural
Uruguay,Female,56-65,Christianity,Rural
Uruguay,Male,56-65,I do not identify with any religious group or faith,Rural
Uruguay,Male,56-65,I do not identify with any religious group or faith,Rural
Uruguay,Male,46-55,Christianity,Rural
Uruguay,Female,26-35,Christianity,Rural
Uruguay,Male,36-45,Christianity,Rural
Uruguay,Male,46-55,Christianity,Rural
Uruguay,Female,65+,Christianity,Urban
Uruguay,Female,65+,I do not identify with any religious group or faith,Urban
Uruguay,Male,46-55,,Urban
Uruguay,Male,56-65,I do not identify with any religious group or faith,Urban
Uruguay,Female,56-65,Christianity,Urban
Uruguay,Male,56-65,I do not identify with any religious group or faith,Urban
Uruguay,Female,36-45,Judaism,Urban
Uruguay,Male,56-65,Christianity,Urban
Uruguay,Female,65+,Christianity,Urban
Uruguay,Female,46-55,I do not identify with any religious group or faith,Urban
Uruguay,Female,65+,I do not identify with any religious group or faith,Urban
Uruguay,Female,65+,Christianity,Urban
Uruguay,Female,46-55,Christianity,Urban
Uruguay,Female,65+,Christianity,Urban
Uruguay,Female,65+,,Urban
Uruguay,Female,65+,Christianity,Urban
Uruguay,Female,56-65,Christianity,Urban
Uruguay,Female,65+,I do not identify with any religious group or faith,Urban
Uruguay,Female,65+,Christianity,Urban
Uruguay,Female,65+,Christianity,Urban
Uruguay,Female,56-65,Christianity,Urban
Uruguay,Female,56-65,I do not identify with any religious group or faith,Urban
Uruguay,Male,46-55,I do not identify with any religious group or faith,Urban
Uruguay,Female,36-45,I do not identify with any religious group or faith,Urban
Uruguay,Male,65+,Christianity,Urban
Uruguay,Female,56-65,Christianity,Urban
Uruguay,Male,36-45,Christianity,Urban
Uruguay,Male,56-65,Christianity,Urban
Uruguay,Female,26-35,Christianity,Urban
Uruguay,Female,26-35,I do not identify with any religious group or faith,Urban
Uruguay,Female,18-25,Christianity,Rural
Uruguay,Female,65+,Christianity,Rural
Uruguay,Female,65+,Christianity,Rural
Uruguay,Male,56-65,I do not identify with any religious group or faith,Rural
Uruguay,Female,56-65,I do not identify with any religious group or faith,Rural
Uruguay,Female,65+,I do not identify with any religious group or faith,Rural
Uruguay,Female,46-55,Christianity,Rural
Uruguay,Female,46-55,Christianity,Rural
Uruguay,Female,65+,Christianity,Rural
Uruguay,Female,18-25,I do not identify with any religious group or faith,Rural
Uruguay,Male,65+,Christianity,Urban
Uruguay,Female,18-25,Christianity,Urban
Uruguay,Female,26-35,I do not identify with any religious group or faith,Urban
Uruguay,Female,56-65,Christianity,Urban
Uruguay,Female,56-65,Christianity,Urban
Uruguay,Male,65+,Christianity,Urban
Uruguay,Female,46-55,Christianity,Urban
Uruguay,Female,65+,Christianity,Urban
Uruguay,Female,56-65,Christianity,Urban
Uruguay,Male,26-35,I do not identify with any religious group or faith,Urban
Uruguay,Male,65+,Christianity,Urban
Uruguay,Male,46-55,Christianity,Urban
Uruguay,Female,56-65,Christianity,Urban
Uruguay,Male,18-25,I do not identify with any religious group or faith,Urban
Uruguay,Male,18-25,I do not identify with any religious group or faith,Urban
Uruguay,Female,46-55,Christianity,Urban
Uruguay,Female,65+,Christianity,Urban
Uruguay,Female,18-25,I do not identify with any religious group or faith,Urban
Uruguay,Female,46-55,I do not identify with any religious group or faith,Urban
Uruguay,Female,18-25,I do not identify with any religious group or faith,Urban
Uruguay,Female,26-35,Christianity,Urban
Uruguay,Male,65+,I do not identify with any religious group or faith,Urban
Uruguay,Female,56-65,Christianity,Urban
Uruguay,Male,18-25,I do not identify with any religious group or faith,Urban
Uruguay,Male,46-55,Christianity,Urban
Uruguay,Female,65+,Christianity,Urban
Uruguay,Female,26-35,I do not identify with any religious group or faith,Urban
Uruguay,Male,26-35,I do not identify with any religious group or faith,Urban
Uruguay,Male,18-25,I do not identify with any religious group or faith,Urban
Uruguay,Male,36-45,I do not identify with any religious group or faith,Urban
Uruguay,Female,26-35,Christianity,Rural
Uruguay,Female,36-45,I do not identify with any religious group or faith,Rural
Uruguay,Female,36-45,I do not identify with any religious group or faith,Rural
Uruguay,Male,26-35,Christianity,Rural
Uruguay,Female,18-25,I do not identify with any religious group or faith,Rural
Uruguay,Male,36-45,Christianity,Rural
Uruguay,Male,36-45,I do not identify with any religious group or faith,Rural
Uruguay,Female,18-25,Christianity,Rural
Uruguay,Male,18-25,I do not identify with any religious group or faith,Rural
Uruguay,Male,36-45,I do not identify with any religious group or faith,Rural
Uruguay,Male,65+,Christianity,Urban
Uruguay,Female,65+,I do not identify with any religious group or faith,Urban
Uruguay,Female,26-35,I do not identify with any religious group or faith,Urban
Uruguay,Female,46-55,I do not identify with any religious group or faith,Urban
Uruguay,Female,26-35,Christianity,Urban
Uruguay,Female,18-25,I do not identify with any religious group or faith,Urban
Uruguay,Female,56-65,I do not identify with any religious group or faith,Urban
Uruguay,Male,56-65,Christianity,Urban
Uruguay,Female,65+,Christianity,Urban
Uruguay,Female,18-25,I do not identify with any religious group or faith,Urban
Uruguay,Male,65+,Christianity,Rural
Uruguay,Male,56-65,I do not identify with any religious group or faith,Rural
Uruguay,Male,56-65,I do not identify with any religious group or faith,Rural
Uruguay,Female,65+,Christianity,Rural
Uruguay,Male,36-45,I do not identify with any religious group or faith,Rural
Uruguay,Female,26-35,I do not identify with any religious group or faith,Rural
Uruguay,Male,65+,Christianity,Rural
Uruguay,Female,36-45,I do not identify with any religious group or faith,Rural
Uruguay,Female,36-45,,Rural
Uruguay,Female,46-55,I do not identify with any religious group or faith,Rural
Uruguay,Male,18-25,I do not identify with any religious group or faith,Urban
Uruguay,Male,46-55,I do not identify with any religious group or faith,Urban
Uruguay,Male,56-65,Christianity,Urban
Uruguay,Female,56-65,I do not identify with any religious group or faith,Urban
Uruguay,Female,26-35,Christianity,Urban
Uruguay,Female,46-55,Christianity,Urban
Uruguay,Male,56-65,I do not identify with any religious group or faith,Urban
Uruguay,Female,36-45,I do not identify with any religious group or faith,Urban
Uruguay,Female,18-25,I do not identify with any religious group or faith,Urban
Uruguay,Female,56-65,I do not identify with any religious group or faith,Urban
Uruguay,Male,46-55,Other religious group,Urban
Uruguay,Female,26-35,I do not identify with any religious group or faith,Urban
Uruguay,Female,26-35,I do not identify with any religious group or faith,Urban
Uruguay,Female,46-55,Christianity,Urban
Uruguay,Male,46-55,I do not identify with any religious group or faith,Urban
Uruguay,Female,65+,Christianity,Urban
Uruguay,Female,46-55,Christianity,Urban
Uruguay,Male,56-65,I do not identify with any religious group or faith,Urban
Uruguay,Male,46-55,I do not identify with any religious group or faith,Urban
Uruguay,Male,18-25,I do not identify with any religious group or faith,Urban
Uruguay,Female,26-35,I do not identify with any religious group or faith,Urban
Uruguay,Male,26-35,I do not identify with any religious group or faith,Urban
Uruguay,Male,56-65,Christianity,Urban
Uruguay,Female,56-65,Christianity,Urban
Uruguay,Male,65+,Christianity,Urban
Uruguay,Male,46-55,I do not identify with any religious group or faith,Urban
Uruguay,Female,46-55,I do not identify with any religious group or faith,Urban
Uruguay,Female,18-25,I do not identify with any religious group or faith,Urban
Uruguay,Female,65+,Christianity,Urban
Uruguay,Female,46-55,Christianity,Urban
Uruguay,Male,46-55,,Urban
Uruguay,Male,36-45,Christianity,Urban
Uruguay,Female,26-35,Christianity,Urban
Uruguay,Male,26-35,I do not identify with any religious group or faith,Urban
Uruguay,Female,26-35,Christianity,Urban
Uruguay,Female,26-35,I do not identify with any religious group or faith,Urban
Uruguay,Female,26-35,Christianity,Urban
Uruguay,Male,65+,Christianity,Urban
Uruguay,Male,26-35,I do not identify with any religious group or faith,Urban
Uruguay,Female,18-25,Christianity,Urban
Uruguay,Female,36-45,Christianity,Rural
Uruguay,Female,46-55,I do not identify with any religious group or faith,Rural
Uruguay,Female,36-45,Christianity,Rural
Uruguay,Female,46-55,Christianity,Rural
Uruguay,Male,26-35,I do not identify with any religious group or faith,Rural
Uruguay,Female,26-35,I do not identify with any religious group or faith,Rural
Uruguay,Female,65+,Christianity,Rural
Uruguay,Male,65+,I do not identify with any religious group or faith,Rural
Uruguay,Female,26-35,I do not identify with any religious group or faith,Rural
Uruguay,Male,36-45,I do not identify with any religious group or faith,Rural
Uruguay,Female,36-45,I do not identify with any religious group or faith,Rural
Uruguay,Female,56-65,Christianity,Rural
Uruguay,Female,18-25,I do not identify with any religious group or faith,Rural
Uruguay,Female,56-65,I do not identify with any religious group or faith,Rural
Uruguay,Female,26-35,Christianity,Rural
Uruguay,Male,65+,I do not identify with any religious group or faith,Rural
Uruguay,Female,65+,Christianity,Rural
Uruguay,Male,65+,I do not identify with any religious group or faith,Rural
Uruguay,Female,65+,Christianity,Rural
Uruguay,Female,36-45,Christianity,Rural
Uruguay,Male,26-35,Other religious group,Rural
Uruguay,Female,46-55,I do not identify with any religious group or faith,Rural
Uruguay,Male,46-55,Christianity,Rural
Uruguay,Male,46-55,Christianity,Rural
Uruguay,Female,26-35,Christianity,Rural
Uruguay,Female,46-55,Christianity,Rural
Uruguay,Female,36-45,I do not identify with any religious group or faith,Rural
Uruguay,Male,36-45,I do not identify with any religious group or faith,Rural
Uruguay,Female,26-35,I do not identify with any religious group or faith,Rural
Uruguay,Male,36-45,Other religious group,Rural
Uruguay,Male,56-65,Christianity,Rural
Uruguay,Female,56-65,Christianity,Rural
Uruguay,Male,36-45,I do not identify with any religious group or faith,Rural
Uruguay,Male,36-45,Christianity,Rural
Uruguay,Female,56-65,Christianity,Rural
Uruguay,Female,46-55,I do not identify with any religious group or faith,Rural
Uruguay,Female,65+,Christianity,Rural
Uruguay,Male,36-45,I do not identify with any religious group or faith,Rural
Uruguay,Male,46-55,Christianity,Rural
Uruguay,Male,26-35,I do not identify with any religious group or faith,Rural
Uruguay,Female,26-35,Christianity,Urban
Uruguay,Male,36-45,I do not identify with any religious group or faith,Urban
Uruguay,Male,56-65,Christianity,Urban
Uruguay,Female,65+,Christianity,Urban
Uruguay,Female,46-55,I do not identify with any religious group or faith,Urban
Uruguay,Female,65+,Christianity,Urban
Uruguay,Male,26-35,Christianity,Urban
Uruguay,Male,18-25,Christianity,Urban
Uruguay,Male,36-45,I do not identify with any religious group or faith,Urban
Uruguay,Male,36-45,Christianity,Urban
Uruguay,Male,18-25,I do not identify with any religious group or faith,Urban
Uruguay,Female,65+,I do not identify with any religious group or faith,Urban
Uruguay,Male,65+,Christianity,Urban
Uruguay,Female,36-45,I do not identify with any religious group or faith,Urban
Uruguay,Female,26-35,Christianity,Urban
Uruguay,Female,56-65,Christianity,Urban
Uruguay,Female,26-35,Christianity,Urban
Uruguay,Male,26-35,I do not identify with any religious group or faith,Urban
Uruguay,Male,46-55,Christianity,Urban
Uruguay,Female,18-25,Christianity,Urban
Uruguay,Female,26-35,Christianity,Urban
Uruguay,Male,36-45,Christianity,Urban
Uruguay,Female,46-55,I do not identify with any religious group or faith,Urban
Uruguay,Male,26-35,I do not identify with any religious group or faith,Urban
Uruguay,Female,18-25,I do not identify with any religious group or faith,Urban
Uruguay,Female,18-25,I do not identify with any religious group or faith,Urban
Uruguay,Male,26-35,I do not identify with any religious group or faith,Urban
Uruguay,Female,18-25,Christianity,Urban
Uruguay,Male,46-55,Christianity,Urban
Uruguay,Male,36-45,I do not identify with any religious group or faith,Urban
Uruguay,Male,56-65,Christianity,Rural
Uruguay,Female,26-35,I do not identify with any religious group or faith,Rural
Uruguay,Male,65+,I do not identify with any religious group or faith,Rural
Uruguay,Female,26-35,Christianity,Rural
Uruguay,Male,56-65,Christianity,Rural
Uruguay,Male,26-35,I do not identify with any religious group or faith,Rural
Uruguay,Male,46-55,I do not identify with any religious group or faith,Rural
Uruguay,Male,46-55,I do not identify with any religious group or faith,Rural
Uruguay,Female,36-45,Christianity,Rural
Uruguay,Female,18-25,I do not identify with any religious group or faith,Rural
Uruguay,Female,65+,Other religious group,Urban
Uruguay,Male,26-35,Christianity,Urban
Uruguay,Male,56-65,Christianity,Urban
Uruguay,Female,26-35,Christianity,Urban
Uruguay,Female,65+,Christianity,Urban
Uruguay,Female,46-55,Christianity,Urban
Uruguay,Female,26-35,Christianity,Urban
Uruguay,Male,65+,I do not identify with any religious group or faith,Urban
Uruguay,Male,65+,Christianity,Urban
Uruguay,Male,26-35,Christianity,Urban
Uruguay,Male,56-65,Christianity,Urban
Uruguay,Female,18-25,I do not identify with any religious group or faith,Urban
Uruguay,Female,36-45,I do not identify with any religious group or faith,Urban
Uruguay,Male,65+,Christianity,Urban
Uruguay,Male,65+,Christianity,Urban
Uruguay,Female,18-25,I do not identify with any religious group or faith,Urban
Uruguay,Male,56-65,I do not identify with any religious group or faith,Urban
Uruguay,Female,36-45,I do not identify with any religious group or faith,Urban
Uruguay,Female,46-55,Christianity,Urban
Uruguay,Female,46-55,Christianity,Urban
Uruguay,Female,56-65,Christianity,Rural
Uruguay,Female,56-65,Christianity,Rural
Uruguay,Male,18-25,I do not identify with any religious group or faith,Rural
Uruguay,Female,26-35,Christianity,Rural
Uruguay,Female,65+,I do not identify with any religious group or faith,Rural
Uruguay,Female,26-35,Christianity,Rural
Uruguay,Male,26-35,,Rural
Uruguay,Male,36-45,Christianity,Rural
Uruguay,Female,18-25,Christianity,Rural
Uruguay,Male,18-25,,Rural
Uruguay,Male,56-65,Christianity,Rural
Uruguay,Male,56-65,Christianity,Rural
Uruguay,Female,26-35,I do not identify with any religious group or faith,Rural
Uruguay,Male,46-55,Christianity,Rural
Uruguay,Female,56-65,Christianity,Rural
Uruguay,Female,65+,Christianity,Rural
Uruguay,Female,46-55,Christianity,Rural
Uruguay,Male,56-65,Christianity,Rural
Uruguay,Female,36-45,Christianity,Rural
Uruguay,Male,36-45,Christianity,Rural
Uruguay,Male,26-35,I do not identify with any religious group or faith,Urban
Uruguay,Female,56-65,Christianity,Urban
Uruguay,Female,65+,Christianity,Urban
Uruguay,Female,26-35,I do not identify with any religious group or faith,Urban
Uruguay,Male,18-25,I do not identify with any religious group or faith,Urban
Uruguay,Male,26-35,I do not identify with any religious group or faith,Urban
Uruguay,Female,18-25,I do not identify with any religious group or faith,Urban
Uruguay,Male,65+,Christianity,Urban
Uruguay,Male,56-65,I do not identify with any religious group or faith,Urban
Uruguay,Male,18-25,I do not identify with any religious group or faith,Urban
Uruguay,Male,26-35,Christianity,Rural
Uruguay,Male,56-65,I do not identify with any religious group or faith,Rural
Uruguay,Female,65+,Christianity,Rural
Uruguay,Male,56-65,Christianity,Rural
Uruguay,Male,18-25,I do not identify with any religious group or faith,Rural
Uruguay,Male,18-25,I do not identify with any religious group or faith,Rural
Uruguay,Female,36-45,I do not identify with any religious group or faith,Rural
Uruguay,Female,65+,Christianity,Rural
Uruguay,Female,56-65,Christianity,Rural
Uruguay,Male,26-35,I do not identify with any religious group or faith,Rural
Uruguay,Male,46-55,I do not identify with any religious group or faith,Rural
Uruguay,Female,36-45,I do not identify with any religious group or faith,Rural
Uruguay,Female,26-35,I do not identify with any religious group or faith,Rural
Uruguay,Male,18-25,I do not identify with any religious group or faith,Rural
Uruguay,Female,56-65,Christianity,Rural
Uruguay,Female,56-65,I do not identify with any religious group or faith,Rural
Uruguay,Female,26-35,I do not identify with any religious group or faith,Rural
Uruguay,Male,36-45,I do not identify with any religious group or faith,Rural
Uruguay,Male,36-45,I do not identify with any religious group or faith,Rural
Uruguay,Female,46-55,Christianity,Rural
Uruguay,Female,56-65,Christianity,Urban
Uruguay,Female,36-45,I do not identify with any religious group or faith,Urban
Uruguay,Female,56-65,Christianity,Urban
Uruguay,Male,56-65,Christianity,Urban
Uruguay,Female,26-35,I do not identify with any religious group or faith,Urban
Uruguay,Female,36-45,Christianity,Urban
Uruguay,Male,65+,Christianity,Urban
Uruguay,Male,65+,Christianity,Urban
Uruguay,Female,26-35,I do not identify with any religious group or faith,Urban
Uruguay,Male,56-65,Christianity,Urban
Uruguay,Female,18-25,I do not identify with any religious group or faith,Urban
Uruguay,Male,26-35,Christianity,Urban
Uruguay,Female,18-25,Christianity,Urban
Uruguay,Male,18-25,I do not identify with any religious group or faith,Urban
Uruguay,Female,18-25,Christianity,Urban
Uruguay,Female,18-25,I do not identify with any religious group or faith,Urban
Uruguay,Male,26-35,I do not identify with any religious group or faith,Urban
Uruguay,Female,36-45,Christianity,Urban
Uruguay,Male,36-45,I do not identify with any religious group or faith,Urban
Uruguay,Male,56-65,I do not identify with any religious group or faith,Urban
Uruguay,Female,36-45,I do not identify with any religious group or faith,Urban
Uruguay,Female,46-55,Christianity,Urban
Uruguay,Male,56-65,Christianity,Urban
Uruguay,Male,46-55,Christianity,Urban
Uruguay,Female,65+,Christianity,Urban
Uruguay,Female,18-25,Christianity,Urban
Uruguay,Female,26-35,I do not identify with any religious group or faith,Urban
Uruguay,Female,56-65,I do not identify with any religious group or faith,Urban
Uruguay,Male,56-65,I do not identify with any religious group or faith,Urban
Uruguay,Male,18-25,I do not identify with any religious group or faith,Urban
Uruguay,Female,46-55,Christianity,Urban
Uruguay,Male,18-25,,Urban
Uruguay,Female,65+,,Urban
Uruguay,Male,18-25,Christianity,Urban
Uruguay,Male,18-25,I do not identify with any religious group or faith,Urban
Uruguay,Female,18-25,I do not identify with any religious group or faith,Urban
Uruguay,Male,56-65,Christianity,Urban
Uruguay,Female,18-25,I do not identify with any religious group or faith,Urban
Uruguay,Male,36-45,,Urban
Uruguay,Male,26-35,I do not identify with any religious group or faith,Urban
Uruguay,Female,18-25,I do not identify with any religious group or faith,Urban
Uruguay,Female,46-55,I do not identify with any religious group or faith,Urban
Uruguay,Female,65+,Christianity,Urban
Uruguay,Female,36-45,Christianity,Urban
Uruguay,Female,36-45,Christianity,Urban
Uruguay,Male,26-35,,Urban
Uruguay,Female,36-45,I do not identify with any religious group or faith,Urban
Uruguay,Female,18-25,I do not identify with any religious group or faith,Urban
Uruguay,Female,18-25,I do not identify with any religious group or faith,Urban
Uruguay,Male,26-35,I do not identify with any religious group or faith,Urban
Uruguay,Female,36-45,Christianity,Urban
Uruguay,Female,46-55,I do not identify with any religious group or faith,Urban
Uruguay,Female,26-35,I do not identify with any religious group or faith,Urban
Uruguay,Female,56-65,Christianity,Urban
Uruguay,Female,26-35,I do not identify with any religious group or faith,Urban
Uruguay,Female,26-35,I do not identify with any religious group or faith,Urban
Uruguay,Female,26-35,I do not identify with any religious group or faith,Urban
Uruguay,Female,56-65,Christianity,Urban
Uruguay,Female,46-55,I do not identify with any religious group or faith,Urban
Uruguay,Female,36-45,I do not identify with any religious group or faith,Urban
Uruguay,Female,46-55,I do not identify with any religious group or faith,Urban
Uruguay,Male,46-55,I do not identify with any religious group or faith,Urban
Uruguay,Male,46-55,I do not identify with any religious group or faith,Urban
Uruguay,Female,46-55,Christianity,Urban
Uruguay,Female,26-35,I do not identify with any religious group or faith,Urban
Uruguay,Female,18-25,I do not identify with any religious group or faith,Urban
Uruguay,Male,36-45,I do not identify with any religious group or faith,Urban
Uruguay,Male,36-45,Christianity,Urban
Uruguay,Female,56-65,Christianity,Urban
Uruguay,Female,26-35,I do not identify with any religious group or faith,Urban
Uruguay,Female,36-45,I do not identify with any religious group or faith,Urban
Uruguay,Female,26-35,Christianity,Urban
Uruguay,Male,65+,I do not identify with any religious group or faith,Urban
Uruguay,Female,65+,Christianity,Urban
Uruguay,Female,26-35,I do not identify with any religious group or faith,Urban
Uruguay,Male,36-45,I do not identify with any religious group or faith,Urban
Uruguay,Female,26-35,I do not identify with any religious group or faith,Urban
Uruguay,Male,46-55,Christianity,Urban
Uruguay,Female,46-55,Christianity,Urban
Uruguay,Female,36-45,I do not identify with any religious group or faith,Urban
Uruguay,Female,65+,Christianity,Urban
Uruguay,Male,46-55,Christianity,Urban
Uruguay,Female,18-25,I do not identify with any religious group or faith,Urban
Uruguay,Male,26-35,,Urban
Uruguay,Female,18-25,Christianity,Urban
Uruguay,Male,26-35,Christianity,Urban
Uruguay,Female,18-25,I do not identify with any religious group or faith,Urban
Uruguay,Male,26-35,I do not identify with any religious group or faith,Urban
Uruguay,Male,18-25,I do not identify with any religious group or faith,Urban
Uruguay,Male,36-45,Christianity,Urban
Uruguay,Female,65+,I do not identify with any religious group or faith,Urban
Uruguay,Male,36-45,I do not identify with any religious group or faith,Urban
Uruguay,Female,65+,I do not identify with any religious group or faith,Urban
Uruguay,Female,65+,Christianity,Urban
Uruguay,Male,18-25,I do not identify with any religious group or faith,Urban
Uruguay,Male,26-35,I do not identify with any religious group or faith,Urban
Uruguay,Male,65+,I do not identify with any religious group or faith,Urban
Uruguay,Female,36-45,Christianity,Urban
Uruguay,Female,56-65,I do not identify with any religious group or faith,Urban
Uruguay,Male,56-65,I do not identify with any religious group or faith,Urban
Uruguay,Female,36-45,Christianity,Rural
Uruguay,Male,65+,Christianity,Rural
Uruguay,Male,18-25,Christianity,Rural
Uruguay,Female,46-55,Christianity,Rural
Uruguay,Male,18-25,I do not identify with any religious group or faith,Rural
Uruguay,Male,36-45,I do not identify with any religious group or faith,Rural
Uruguay,Female,56-65,Christianity,Rural
Uruguay,Female,56-65,Christianity,Rural
Uruguay,Male,65+,Christianity,Rural
Uruguay,Female,56-65,Christianity,Rural
Uruguay,Male,26-35,I do not identify with any religious group or faith,Urban
Uruguay,Male,56-65,I do not identify with any religious group or faith,Urban
Uruguay,Male,26-35,I do not identify with any religious group or faith,Urban
Uruguay,Female,26-35,I do not identify with any religious group or faith,Urban
Uruguay,Female,18-25,,Urban
Uruguay,Female,36-45,Christianity,Urban
Uruguay,Female,46-55,I do not identify with any religious group or faith,Urban
Uruguay,Female,65+,Christianity,Urban
Uruguay,Female,56-65,I do not identify with any religious group or faith,Urban
Uruguay,Male,26-35,Christianity,Urban
Uruguay,Male,26-35,I do not identify with any religious group or faith,Urban
Uruguay,Male,26-35,I do not identify with any religious group or faith,Urban
Uruguay,Female,46-55,Christianity,Urban
Uruguay,Female,65+,Christianity,Urban
Uruguay,Female,26-35,I do not identify with any religious group or faith,Urban
Uruguay,Female,36-45,I do not identify with any religious group or faith,Urban
Uruguay,Male,26-35,I do not identify with any religious group or faith,Urban
Uruguay,Female,46-55,I do not identify with any religious group or faith,Urban
Uruguay,Male,65+,Christianity,Urban
Uruguay,Male,56-65,Christianity,Urban
Uruguay,Female,18-25,Christianity,Urban
Uruguay,Female,36-45,I do not identify with any religious group or faith,Urban
Uruguay,Female,36-45,Christianity,Urban
Uruguay,Female,56-65,Christianity,Urban
Uruguay,Male,65+,I do not identify with any religious group or faith,Urban
Uruguay,Female,46-55,Christianity,Urban
Uruguay,Male,46-55,Christianity,Urban
Uruguay,Female,26-35,Christianity,Urban
Uruguay,Female,65+,Christianity,Urban
Uruguay,Male,18-25,Christianity,Urban
Uruguay,Female,56-65,Christianity,Rural
Uruguay,Male,46-55,Christianity,Rural
Uruguay,Female,56-65,I do not identify with any religious group or faith,Rural
Uruguay,Male,46-55,I do not identify with any religious group or faith,Rural
Uruguay,Female,36-45,Christianity,Rural
Uruguay,Male,18-25,Christianity,Rural
Uruguay,Male,56-65,Christianity,Rural
Uruguay,Female,26-35,Christianity,Rural
Uruguay,Male,18-25,I do not identify with any religious group or faith,Rural
Uruguay,Male,18-25,Christianity,Rural
Uruguay,Female,46-55,Christianity,Urban
Uruguay,Male,56-65,Christianity,Urban
Uruguay,Female,56-65,I do not identify with any religious group or faith,Urban
Uruguay,Female,36-45,I do not identify with any religious group or faith,Urban
Uruguay,Female,56-65,I do not identify with any religious group or faith,Urban
Uruguay,Female,65+,Christianity,Urban
Uruguay,Female,18-25,,Urban
Uruguay,Male,18-25,I do not identify with any religious group or faith,Urban
Uruguay,Male,46-55,I do not identify with any religious group or faith,Urban
Uruguay,Female,18-25,I do not identify with any religious group or faith,Urban
Venezuela,Male,26-35,Christianity,Urban
Venezuela,Male,26-35,I do not identify with any religious group or faith,Urban
Venezuela,Female,36-45,Christianity,Urban
Venezuela,Female,36-45,Christianity,Urban
Venezuela,Male,18-25,Christianity,Urban
Venezuela,Male,36-45,Christianity,Urban
Venezuela,Female,26-35,Christianity,Urban
Venezuela,Male,26-35,Christianity,Urban
Venezuela,Female,65+,Christianity,Urban
Venezuela,Female,56-65,Christianity,Urban
Venezuela,Male,46-55,Christianity,Urban
Venezuela,Female,46-55,Christianity,Urban
Venezuela,Female,56-65,Christianity,Urban
Venezuela,Female,36-45,Christianity,Urban
Venezuela,Male,36-45,Christianity,Urban
Venezuela,Male,56-65,I do not identify with any religious group or faith,Urban
Venezuela,Female,18-25,Christianity,Urban
Venezuela,Male,56-65,Christianity,Urban
Venezuela,Male,18-25,I do not identify with any religious group or faith,Urban
Venezuela,Male,18-25,I do not identify with any religious group or faith,Urban
Venezuela,Female,56-65,Christianity,Urban
Venezuela,Female,36-45,Christianity,Urban
Venezuela,Male,46-55,Christianity,Urban
Venezuela,Female,36-45,Christianity,Urban
Venezuela,Female,26-35,Christianity,Urban
Venezuela,Female,56-65,Christianity,Urban
Venezuela,Male,18-25,I do not identify with any religious group or faith,Urban
Venezuela,Female,46-55,Christianity,Urban
Venezuela,Male,18-25,I do not identify with any religious group or faith,Urban
Venezuela,Female,18-25,I do not identify with any religious group or faith,Urban
Venezuela,Female,36-45,Christianity,Urban
Venezuela,Female,36-45,Christianity,Urban
Venezuela,Male,26-35,,Urban
Venezuela,Female,46-55,Christianity,Urban
Venezuela,Male,56-65,Christianity,Urban
Venezuela,Female,46-55,Christianity,Urban
Venezuela,Female,56-65,Christianity,Urban
Venezuela,Male,56-65,Christianity,Urban
Venezuela,Male,36-45,Christianity,Urban
Venezuela,Male,36-45,,Urban
Venezuela,Female,36-45,Christianity,Urban
Venezuela,Male,18-25,I do not identify with any religious group or faith,Urban
Venezuela,Male,18-25,Christianity,Urban
Venezuela,Male,18-25,I do not identify with any religious group or faith,Urban
Venezuela,Male,46-55,I do not identify with any religious group or faith,Urban
Venezuela,Male,18-25,Christianity,Urban
Venezuela,Male,18-25,Christianity,Urban
Venezuela,Female,18-25,Christianity,Urban
Venezuela,Female,46-55,Christianity,Urban
Venezuela,Female,46-55,Christianity,Urban
Venezuela,Female,26-35,Christianity,Urban
Venezuela,Female,36-45,Christianity,Urban
Venezuela,Female,26-35,Christianity,Urban
Venezuela,Female,56-65,,Urban
Venezuela,Male,56-65,,Urban
Venezuela,Male,18-25,,Urban
Venezuela,Male,18-25,,Urban
Venezuela,Male,26-35,Christianity,Urban
Venezuela,Female,26-35,Christianity,Urban
Venezuela,Female,65+,Christianity,Urban
Venezuela,Male,36-45,Christianity,Urban
Venezuela,Male,18-25,Christianity,Urban
Venezuela,Female,36-45,Christianity,Urban
Venezuela,Male,18-25,Christianity,Urban
Venezuela,Female,26-35,Christianity,Urban
Venezuela,Male,18-25,Christianity,Urban
Venezuela,Female,36-45,Christianity,Urban
Venezuela,Female,36-45,Christianity,Urban
Venezuela,Male,18-25,Christianity,Urban
Venezuela,Male,36-45,Christianity,Urban
Venezuela,Female,26-35,Christianity,Urban
Venezuela,Male,36-45,Other religious group,Urban
Venezuela,Male,65+,Christianity,Urban
Venezuela,Male,65+,I do not identify with any religious group or faith,Urban
Venezuela,Female,46-55,Christianity,Urban
Venezuela,Female,36-45,,Urban
Venezuela,Female,18-25,,Urban
Venezuela,Female,36-45,Christianity,Urban
Venezuela,Male,26-35,Christianity,Urban
Venezuela,Female,36-45,Christianity,Urban
Venezuela,Male,18-25,Christianity,Urban
Venezuela,Male,18-25,Christianity,Urban
Venezuela,Female,56-65,Christianity,Urban
Venezuela,Female,56-65,Christianity,Urban
Venezuela,Male,26-35,Christianity,Urban
Venezuela,Female,46-55,Christianity,Urban
Venezuela,Female,46-55,Christianity,Urban
Venezuela,Male,26-35,I do not identify with any religious group or faith,Urban
Venezuela,Female,26-35,Christianity,Urban
Venezuela,Male,26-35,Christianity,Urban
Venezuela,Female,36-45,Christianity,Urban
Venezuela,Female,26-35,I do not identify with any religious group or faith,Urban
Venezuela,Female,46-55,Christianity,Urban
Venezuela,Female,56-65,Christianity,Urban
Venezuela,Male,46-55,I do not identify with any religious group or faith,Urban
Venezuela,Female,26-35,I do not identify with any religious group or faith,Urban
Venezuela,Male,26-35,I do not identify with any religious group or faith,Urban
Venezuela,Female,18-25,Christianity,Urban
Venezuela,Female,56-65,Christianity,Urban
Venezuela,Male,46-55,Christianity,Urban
Venezuela,Female,56-65,Christianity,Urban
Venezuela,Female,36-45,Christianity,Urban
Venezuela,Female,46-55,I do not identify with any religious group or faith,Urban
Venezuela,Male,18-25,Christianity,Urban
Venezuela,Male,18-25,I do not identify with any religious group or faith,Urban
Venezuela,Male,18-25,I do not identify with any religious group or faith,Urban
Venezuela,Male,18-25,Christianity,Urban
Venezuela,Male,26-35,Christianity,Urban
Venezuela,Male,18-25,Christianity,Urban
Venezuela,Female,18-25,Christianity,Urban
Venezuela,Male,18-25,Christianity,Urban
Venezuela,Female,36-45,I do not identify with any religious group or faith,Urban
Venezuela,Female,46-55,Christianity,Urban
Venezuela,Male,56-65,Other religious group,Urban
Venezuela,Female,56-65,Christianity,Urban
Venezuela,Male,36-45,Christianity,Urban
Venezuela,Female,26-35,Christianity,Urban
Venezuela,Male,65+,Christianity,Urban
Venezuela,Male,18-25,Christianity,Urban
Venezuela,Female,65+,Christianity,Urban
Venezuela,Male,65+,Christianity,Urban
Venezuela,Male,56-65,Christianity,Urban
Venezuela,Female,26-35,I do not identify with any religious group or faith,Urban
Venezuela,Male,56-65,I do not identify with any religious group or faith,Urban
Venezuela,Female,26-35,Christianity,Urban
Venezuela,Female,18-25,Christianity,Urban
Venezuela,Female,65+,Christianity,Urban
Venezuela,Female,18-25,Christianity,Urban
Venezuela,Female,56-65,Christianity,Urban
Venezuela,Female,46-55,I do not identify with any religious group or faith,Urban
Venezuela,Female,36-45,Christianity,Urban
Venezuela,Male,18-25,I do not identify with any religious group or faith,Urban
Venezuela,Male,46-55,Christianity,Urban
Venezuela,Female,18-25,Christianity,Urban
Venezuela,Male,26-35,Christianity,Urban
Venezuela,Female,18-25,Christianity,Urban
Venezuela,Male,65+,Christianity,Urban
Venezuela,Female,18-25,I do not identify with any religious group or faith,Urban
Venezuela,Male,18-25,I do not identify with any religious group or faith,Urban
Venezuela,Male,65+,Christianity,Urban
Venezuela,Male,26-35,Christianity,Urban
Venezuela,Female,26-35,Christianity,Urban
Venezuela,Male,18-25,Christianity,Urban
Venezuela,Male,36-45,I do not identify with any religious group or faith,Urban
Venezuela,Male,26-35,Christianity,Rural
Venezuela,Male,56-65,Christianity,Rural
Venezuela,Male,36-45,Christianity,Rural
Venezuela,Female,26-35,Christianity,Urban
Venezuela,Female,65+,Christianity,Urban
Venezuela,Female,36-45,Christianity,Urban
Venezuela,Female,46-55,Christianity,Urban
Venezuela,Male,46-55,I do not identify with any religious group or faith,Urban
Venezuela,Male,18-25,I do not identify with any religious group or faith,Urban
Venezuela,Male,18-25,I do not identify with any religious group or faith,Urban
Venezuela,Male,65+,Christianity,Urban
Venezuela,Male,36-45,I do not identify with any religious group or faith,Urban
Venezuela,Male,18-25,I do not identify with any religious group or faith,Urban
Venezuela,Female,36-45,Christianity,Urban
Venezuela,Female,26-35,Christianity,Urban
Venezuela,Female,36-45,I do not identify with any religious group or faith,Urban
Venezuela,Male,18-25,Christianity,Urban
Venezuela,Female,26-35,Christianity,Urban
Venezuela,Female,56-65,Christianity,Urban
Venezuela,Male,36-45,Christianity,Urban
Venezuela,Female,36-45,Christianity,Urban
Venezuela,Female,46-55,Christianity,Urban
Venezuela,Male,18-25,I do not identify with any religious group or faith,Urban
Venezuela,Male,36-45,Christianity,Urban
Venezuela,Male,56-65,Christianity,Urban
Venezuela,Male,56-65,Christianity,Urban
Venezuela,Female,46-55,Christianity,Urban
Venezuela,Male,46-55,Christianity,Urban
Venezuela,Female,56-65,Christianity,Urban
Venezuela,Female,26-35,Christianity,Urban
Venezuela,Male,18-25,Christianity,Urban
Venezuela,Female,36-45,Christianity,Urban
Venezuela,Male,26-35,Christianity,Urban
Venezuela,Male,46-55,I do not identify with any religious group or faith,Urban
Venezuela,Female,18-25,Christianity,Urban
Venezuela,Female,26-35,Christianity,Urban
Venezuela,Female,56-65,Christianity,Urban
Venezuela,Female,56-65,Christianity,Urban
Venezuela,Male,56-65,Christianity,Urban
Venezuela,Male,36-45,Christianity,Urban
Venezuela,Female,18-25,Christianity,Urban
Venezuela,Male,36-45,I do not identify with any religious group or faith,Urban
Venezuela,Female,36-45,Christianity,Urban
Venezuela,Female,18-25,Christianity,Urban
Venezuela,Male,18-25,Christianity,Urban
Venezuela,Female,18-25,Christianity,Urban
Venezuela,Female,26-35,Christianity,Urban
Venezuela,Female,18-25,Christianity,Urban
Venezuela,Male,26-35,I do not identify with any religious group or faith,Urban
Venezuela,Female,36-45,I do not identify with any religious group or faith,Urban
Venezuela,Male,26-35,Christianity,Urban
Venezuela,Male,36-45,Christianity,Urban
Venezuela,Female,18-25,Christianity,Urban
Venezuela,Female,26-35,Christianity,Urban
Venezuela,Male,26-35,Christianity,Urban
Venezuela,Female,18-25,Christianity,Urban
Venezuela,Female,18-25,Christianity,Urban
Venezuela,Male,36-45,Christianity,Urban
Venezuela,Male,18-25,Christianity,Urban
Venezuela,Female,18-25,Christianity,Urban
Venezuela,Male,36-45,Christianity,Urban
Venezuela,Female,18-25,Christianity,Urban
Venezuela,Male,18-25,Christianity,Urban
Venezuela,Female,18-25,Christianity,Urban
Venezuela,Male,56-65,Christianity,Urban
Venezuela,Male,46-55,Christianity,Urban
Venezuela,Female,36-45,Christianity,Urban
Venezuela,Female,36-45,Christianity,Urban
Venezuela,Male,56-65,Christianity,Urban
Venezuela,Male,26-35,Christianity,Urban
Venezuela,Female,26-35,Christianity,Urban
Venezuela,Male,18-25,Christianity,Urban
Venezuela,Male,36-45,Christianity,Urban
Venezuela,Female,26-35,I do not identify with any religious group or faith,Urban
Venezuela,Female,18-25,I do not identify with any religious group or faith,Urban
Venezuela,Female,46-55,Christianity,Urban
Venezuela,Female,18-25,I do not identify with any religious group or faith,Urban
Venezuela,Male,65+,Christianity,Urban
Venezuela,Male,26-35,Christianity,Urban
Venezuela,Female,56-65,Christianity,Urban
Venezuela,Male,46-55,Christianity,Urban
Venezuela,Male,26-35,Christianity,Urban
Venezuela,Male,46-55,Christianity,Urban
Venezuela,Male,26-35,Christianity,Urban
Venezuela,Female,46-55,Christianity,Urban
Venezuela,Female,56-65,Christianity,Urban
Venezuela,Male,46-55,Christianity,Urban
Venezuela,Male,26-35,Christianity,Urban
Venezuela,Female,36-45,Christianity,Urban
Venezuela,Female,56-65,Christianity,Urban
Venezuela,Male,18-25,Christianity,Urban
Venezuela,Female,46-55,Christianity,Urban
Venezuela,Male,26-35,Christianity,Urban
Venezuela,Male,56-65,Christianity,Urban
Venezuela,Male,26-35,Christianity,Rural
Venezuela,Female,56-65,Christianity,Rural
Venezuela,Female,26-35,Christianity,Rural
Venezuela,Male,56-65,Christianity,Urban
Venezuela,Female,18-25,Christianity,Urban
Venezuela,Female,46-55,Christianity,Urban
Venezuela,Female,36-45,Christianity,Urban
Venezuela,Female,18-25,Christianity,Urban
Venezuela,Female,18-25,Christianity,Urban
Venezuela,Male,26-35,Christianity,Urban
Venezuela,Female,46-55,Christianity,Urban
Venezuela,Male,56-65,Christianity,Urban
Venezuela,Male,18-25,Christianity,Urban
Venezuela,Male,36-45,Christianity,Urban
Venezuela,Female,18-25,Christianity,Urban
Venezuela,Female,36-45,Christianity,Urban
Venezuela,Female,46-55,Christianity,Urban
Venezuela,Female,65+,Christianity,Urban
Venezuela,Female,56-65,Christianity,Urban
Venezuela,Male,56-65,Christianity,Urban
Venezuela,Male,26-35,Christianity,Urban
Venezuela,Male,36-45,Christianity,Urban
Venezuela,Male,46-55,Christianity,Urban
Venezuela,Female,18-25,Christianity,Urban
Venezuela,Female,46-55,Christianity,Urban
Venezuela,Male,36-45,Christianity,Urban
Venezuela,Male,46-55,Christianity,Urban
Venezuela,Male,56-65,Christianity,Urban
Venezuela,Female,36-45,Christianity,Urban
Venezuela,Female,36-45,Christianity,Urban
Venezuela,Female,18-25,Christianity,Urban
Venezuela,Male,36-45,Christianity,Urban
Venezuela,Female,18-25,Christianity,Urban
Venezuela,Male,56-65,Christianity,Urban
Venezuela,Male,56-65,Christianity,Urban
Venezuela,Male,26-35,Christianity,Urban
Venezuela,Male,18-25,Christianity,Urban
Venezuela,Male,56-65,Christianity,Urban
Venezuela,Female,56-65,Christianity,Urban
Venezuela,Male,65+,Christianity,Urban
Venezuela,Male,18-25,Christianity,Urban
Venezuela,Female,26-35,Christianity,Urban
Venezuela,Female,26-35,I do not identify with any religious group or faith,Urban
Venezuela,Male,26-35,I do not identify with any religious group or faith,Urban
Venezuela,Female,18-25,Christianity,Urban
Venezuela,Male,26-35,I do not identify with any religious group or faith,Urban
Venezuela,Male,36-45,Christianity,Urban
Venezuela,Female,36-45,I do not identify with any religious group or faith,Urban
Venezuela,Male,36-45,Christianity,Urban
Venezuela,Female,46-55,Christianity,Urban
Venezuela,Male,26-35,Christianity,Urban
Venezuela,Male,46-55,Christianity,Urban
Venezuela,Female,18-25,I do not identify with any religious group or faith,Urban
Venezuela,Female,36-45,Christianity,Urban
Venezuela,Female,26-35,Christianity,Urban
Venezuela,Female,26-35,Christianity,Urban
Venezuela,Male,26-35,Christianity,Urban
Venezuela,Female,46-55,Christianity,Urban
Venezuela,Female,65+,Christianity,Urban
Venezuela,Male,56-65,Christianity,Urban
Venezuela,Male,56-65,Christianity,Urban
Venezuela,Male,36-45,Christianity,Urban
Venezuela,Female,56-65,Christianity,Urban
Venezuela,Female,65+,Christianity,Urban
Venezuela,Female,18-25,Christianity,Urban
Venezuela,Female,26-35,I do not identify with any religious group or faith,Urban
Venezuela,Male,36-45,Christianity,Urban
Venezuela,Male,46-55,I do not identify with any religious group or faith,Urban
Venezuela,Male,56-65,Christianity,Urban
Venezuela,Male,18-25,Other religious group,Urban
Venezuela,Female,65+,Christianity,Urban
Venezuela,Male,26-35,Christianity,Urban
Venezuela,Male,18-25,Christianity,Urban
Venezuela,Female,56-65,Christianity,Urban
Venezuela,Female,18-25,Christianity,Urban
Venezuela,Female,18-25,Christianity,Urban
Venezuela,Male,18-25,Christianity,Urban
Venezuela,Male,26-35,Christianity,Urban
Venezuela,Male,26-35,Christianity,Urban
Venezuela,Female,18-25,Christianity,Urban
Venezuela,Female,46-55,Christianity,Urban
Venezuela,Male,46-55,Christianity,Urban
Venezuela,Female,26-35,Christianity,Urban
Venezuela,Male,18-25,Christianity,Urban
Venezuela,Female,56-65,Christianity,Urban
Venezuela,Female,65+,,Urban
Venezuela,Female,18-25,Christianity,Urban
Venezuela,Male,18-25,Christianity,Urban
Venezuela,Male,18-25,Christianity,Urban
Venezuela,Male,36-45,Christianity,Urban
Venezuela,Male,26-35,I do not identify with any religious group or faith,Urban
Venezuela,Female,18-25,I do not identify with any religious group or faith,Urban
Venezuela,Female,46-55,Christianity,Urban
Venezuela,Female,26-35,Christianity,Urban
Venezuela,Female,26-35,Christianity,Urban
Venezuela,Female,46-55,Christianity,Urban
Venezuela,Male,18-25,Christianity,Urban
Venezuela,Male,18-25,Christianity,Urban
Venezuela,Female,65+,Christianity,Urban
Venezuela,Male,46-55,I do not identify with any religious group or faith,Urban
Venezuela,Male,36-45,I do not identify with any religious group or faith,Urban
Venezuela,Female,36-45,I do not identify with any religious group or faith,Urban
Venezuela,Male,18-25,I do not identify with any religious group or faith,Urban
Venezuela,Female,18-25,Christianity,Urban
Venezuela,Female,26-35,Christianity,Urban
Venezuela,Female,26-35,Christianity,Urban
Venezuela,Female,46-55,I do not identify with any religious group or faith,Urban
Venezuela,Male,36-45,I do not identify with any religious group or faith,Urban
Venezuela,Female,26-35,Christianity,Urban
Venezuela,Male,26-35,I do not identify with any religious group or faith,Urban
Venezuela,Female,18-25,Christianity,Urban
Venezuela,Female,56-65,I do not identify with any religious group or faith,Urban
Venezuela,Male,56-65,I do not identify with any religious group or faith,Urban
Venezuela,Female,18-25,,Urban
Venezuela,Male,36-45,Christianity,Urban
Venezuela,Male,26-35,Other religious group,Urban
Venezuela,Female,26-35,Christianity,Urban
Venezuela,Female,56-65,Christianity,Urban
Venezuela,Male,18-25,Christianity,Urban
Venezuela,Female,36-45,Christianity,Urban
Venezuela,Female,36-45,Christianity,Urban
Venezuela,Female,26-35,I do not identify with any religious group or faith,Urban
Venezuela,Male,46-55,Christianity,Urban
Venezuela,Male,46-55,Christianity,Urban
Venezuela,Female,18-25,I do not identify with any religious group or faith,Urban
Venezuela,Male,26-35,Christianity,Urban
Venezuela,Male,36-45,I do not identify with any religious group or faith,Urban
Venezuela,Female,18-25,I do not identify with any religious group or faith,Urban
Venezuela,Female,36-45,,Urban
Venezuela,Female,18-25,I do not identify with any religious group or faith,Urban
Venezuela,Male,46-55,Christianity,Urban
Venezuela,Female,26-35,I do not identify with any religious group or faith,Urban
Venezuela,Female,46-55,Christianity,Urban
Venezuela,Male,56-65,Christianity,Urban
Venezuela,Female,46-55,Christianity,Urban
Venezuela,Female,18-25,I do not identify with any religious group or faith,Urban
Venezuela,Female,26-35,Christianity,Urban
Venezuela,Female,36-45,Christianity,Urban
Venezuela,Female,18-25,I do not identify with any religious group or faith,Urban
Venezuela,Male,18-25,I do not identify with any religious group or faith,Urban
Venezuela,Male,36-45,Christianity,Urban
Venezuela,Male,26-35,Christianity,Urban
Venezuela,Female,56-65,Christianity,Urban
Venezuela,Male,26-35,I do not identify with any religious group or faith,Urban
Venezuela,Female,56-65,Christianity,Urban
Venezuela,Female,36-45,Christianity,Urban
Venezuela,Female,46-55,Christianity,Urban
Venezuela,Male,26-35,Christianity,Urban
Venezuela,Male,18-25,Christianity,Urban
Venezuela,Male,26-35,Christianity,Urban
Venezuela,Male,46-55,Christianity,Urban
Venezuela,Female,36-45,I do not identify with any religious group or faith,Urban
Venezuela,Female,36-45,I do not identify with any religious group or faith,Urban
Venezuela,Female,36-45,Christianity,Urban
Venezuela,Male,26-35,Christianity,Urban
Venezuela,Male,56-65,Christianity,Urban
Venezuela,Male,26-35,Christianity,Urban
Venezuela,Male,65+,Christianity,Urban
Venezuela,Female,65+,Christianity,Urban
Venezuela,Female,36-45,Christianity,Urban
Venezuela,Female,26-35,I do not identify with any religious group or faith,Urban
Venezuela,Female,56-65,Christianity,Urban
Venezuela,Male,26-35,I do not identify with any religious group or faith,Urban
Venezuela,Female,56-65,Christianity,Urban
Venezuela,Female,26-35,Christianity,Urban
Venezuela,Male,18-25,I do not identify with any religious group or faith,Urban
Venezuela,Male,46-55,Christianity,Urban
Venezuela,Male,18-25,I do not identify with any religious group or faith,Urban
Venezuela,Male,18-25,I do not identify with any religious group or faith,Urban
Venezuela,Male,18-25,I do not identify with any religious group or faith,Urban
Venezuela,Female,36-45,Christianity,Urban
Venezuela,Female,56-65,Christianity,Urban
Venezuela,Male,36-45,Christianity,Urban
Venezuela,Female,26-35,Christianity,Urban
Venezuela,Male,46-55,Christianity,Urban
Venezuela,Female,26-35,Christianity,Urban
Venezuela,Male,18-25,I do not identify with any religious group or faith,Urban
Venezuela,Male,18-25,Christianity,Urban
Venezuela,Male,18-25,I do not identify with any religious group or faith,Urban
Venezuela,Male,18-25,I do not identify with any religious group or faith,Urban
Venezuela,Male,18-25,I do not identify with any religious group or faith,Urban
Venezuela,Male,18-25,Christianity,Urban
Venezuela,Female,26-35,I do not identify with any religious group or faith,Urban
Venezuela,Male,36-45,Christianity,Urban
Venezuela,Male,36-45,Christianity,Urban
Venezuela,Male,46-55,Christianity,Urban
Venezuela,Male,18-25,Christianity,Urban
Venezuela,Male,18-25,I do not identify with any religious group or faith,Urban
Venezuela,Female,46-55,Christianity,Urban
Venezuela,Male,46-55,I do not identify with any religious group or faith,Urban
Venezuela,Male,65+,Christianity,Urban
Venezuela,Female,36-45,Christianity,Urban
Venezuela,Female,46-55,Christianity,Urban
Venezuela,Male,56-65,Christianity,Urban
Venezuela,Male,46-55,Christianity,Urban
Venezuela,Male,56-65,I do not identify with any religious group or faith,Urban
Venezuela,Female,26-35,Christianity,Urban
Venezuela,Female,18-25,Christianity,Urban
Venezuela,Female,56-65,Christianity,Urban
Venezuela,Male,18-25,I do not identify with any religious group or faith,Urban
Venezuela,Female,18-25,Christianity,Urban
Venezuela,Male,36-45,Christianity,Urban
Venezuela,Female,26-35,I do not identify with any religious group or faith,Urban
Venezuela,Male,65+,Christianity,Urban
Venezuela,Female,46-55,I do not identify with any religious group or faith,Urban
Venezuela,Female,18-25,Christianity,Urban
Venezuela,Female,26-35,I do not identify with any religious group or faith,Urban
Venezuela,Female,26-35,I do not identify with any religious group or faith,Urban
Venezuela,Male,65+,Christianity,Urban
Venezuela,Male,26-35,I do not identify with any religious group or faith,Urban
Venezuela,Female,36-45,Christianity,Rural
Venezuela,Female,18-25,I do not identify with any religious group or faith,Rural
Venezuela,Male,36-45,I do not identify with any religious group or faith,Rural
Venezuela,Male,46-55,Christianity,Rural
Venezuela,Male,18-25,I do not identify with any religious group or faith,Rural
Venezuela,Male,18-25,Christianity,Urban
Venezuela,Male,46-55,I do not identify with any religious group or faith,Urban
Venezuela,Male,46-55,I do not identify with any religious group or faith,Urban
Venezuela,Female,18-25,Christianity,Urban
Venezuela,Female,56-65,Christianity,Urban
Venezuela,Female,36-45,Christianity,Urban
Venezuela,Male,26-35,Christianity,Urban
Venezuela,Female,18-25,Christianity,Urban
Venezuela,Female,18-25,Christianity,Urban
Venezuela,Male,26-35,Christianity,Urban
Venezuela,Female,65+,Christianity,Urban
Venezuela,Female,56-65,Christianity,Urban
Venezuela,Female,36-45,Christianity,Urban
Venezuela,Female,36-45,Christianity,Urban
Venezuela,Male,26-35,Christianity,Urban
Venezuela,Female,26-35,Christianity,Urban
Venezuela,Female,26-35,Christianity,Urban
Venezuela,Male,26-35,I do not identify with any religious group or faith,Urban
Venezuela,Male,36-45,Christianity,Urban
Venezuela,Male,65+,Christianity,Urban
Venezuela,Male,56-65,Christianity,Urban
Venezuela,Male,18-25,Christianity,Urban
Venezuela,Female,18-25,Christianity,Urban
Venezuela,Female,56-65,Christianity,Urban
Venezuela,Female,26-35,Christianity,Urban
Venezuela,Male,26-35,Christianity,Urban
Venezuela,Male,26-35,Christianity,Urban
Venezuela,Female,65+,Christianity,Urban
Venezuela,Female,18-25,Christianity,Urban
Venezuela,Female,46-55,Christianity,Urban
Venezuela,Male,26-35,Christianity,Urban
Venezuela,Male,18-25,Christianity,Urban
Venezuela,Male,26-35,Christianity,Urban
Venezuela,Male,56-65,Christianity,Urban
Venezuela,Female,46-55,I do not identify with any religious group or faith,Urban
Venezuela,Female,46-55,Christianity,Urban
Venezuela,Male,18-25,Christianity,Urban
Venezuela,Male,18-25,Christianity,Urban
Venezuela,Male,18-25,I do not identify with any religious group or faith,Urban
Venezuela,Female,56-65,Christianity,Urban
Venezuela,Female,36-45,Christianity,Urban
Venezuela,Female,26-35,Christianity,Urban
Venezuela,Male,26-35,Christianity,Urban
Venezuela,Female,36-45,Christianity,Urban
Venezuela,Male,46-55,Christianity,Urban
Venezuela,Male,18-25,Christianity,Urban
Venezuela,Male,18-25,Christianity,Urban
Venezuela,Male,46-55,Christianity,Urban
Venezuela,Male,46-55,I do not identify with any religious group or faith,Urban
Venezuela,Female,26-35,Christianity,Urban
Venezuela,Female,46-55,Christianity,Urban
Venezuela,Male,36-45,Christianity,Urban
Venezuela,Male,56-65,Christianity,Urban
Venezuela,Female,56-65,Christianity,Urban
Venezuela,Female,56-65,Christianity,Urban
Venezuela,Female,46-55,Christianity,Urban
Venezuela,Female,26-35,Christianity,Urban
Venezuela,Female,18-25,Christianity,Urban
Venezuela,Male,36-45,Christianity,Urban
Venezuela,Male,26-35,Christianity,Urban
Venezuela,Male,46-55,Christianity,Urban
Venezuela,Female,26-35,Christianity,Urban
Venezuela,Female,18-25,Christianity,Urban
Venezuela,Female,18-25,Christianity,Urban
Venezuela,Male,36-45,Christianity,Urban
Venezuela,Male,18-25,Christianity,Urban
Venezuela,Male,26-35,Christianity,Urban
Venezuela,Male,18-25,I do not identify with any religious group or faith,Urban
Venezuela,Male,18-25,I do not identify with any religious group or faith,Urban
Venezuela,Female,36-45,Christianity,Urban
Venezuela,Female,26-35,I do not identify with any religious group or faith,Urban
Venezuela,Female,46-55,Christianity,Urban
Venezuela,Female,46-55,Christianity,Urban
Venezuela,Male,46-55,Other religious group,Urban
Venezuela,Female,56-65,Christianity,Urban
Venezuela,Female,18-25,Christianity,Urban
Venezuela,Female,56-65,Christianity,Urban
Venezuela,Male,18-25,Christianity,Rural
Venezuela,Male,36-45,Christianity,Urban
Venezuela,Male,26-35,Christianity,Urban
Venezuela,Male,18-25,I do not identify with any religious group or faith,Urban
Venezuela,Female,36-45,Christianity,Urban
Venezuela,Female,26-35,Christianity,Urban
Venezuela,Male,18-25,I do not identify with any religious group or faith,Urban
Venezuela,Male,56-65,Christianity,Urban
Venezuela,Female,46-55,Christianity,Urban
Venezuela,Male,18-25,Christianity,Urban
Venezuela,Male,46-55,Christianity,Urban
Venezuela,Female,36-45,Christianity,Urban
Venezuela,Male,36-45,Christianity,Urban
Venezuela,Male,36-45,Christianity,Urban
Venezuela,Male,36-45,Christianity,Urban
Venezuela,Female,18-25,Christianity,Urban
Venezuela,Male,18-25,I do not identify with any religious group or faith,Urban
Venezuela,Female,36-45,Christianity,Urban
Venezuela,Male,18-25,I do not identify with any religious group or faith,Urban
Venezuela,Female,18-25,Christianity,Urban
Venezuela,Male,18-25,Christianity,Urban
Venezuela,Male,46-55,Christianity,Urban
Venezuela,Male,46-55,Christianity,Urban
Venezuela,Male,26-35,Christianity,Urban
Venezuela,Male,46-55,Christianity,Urban
Venezuela,Female,36-45,Christianity,Urban
Venezuela,Male,26-35,Christianity,Urban
Venezuela,Male,36-45,Christianity,Urban
Venezuela,Female,56-65,Christianity,Urban
Venezuela,Male,18-25,Christianity,Urban
Venezuela,Male,36-45,Christianity,Urban
Venezuela,Female,36-45,Christianity,Urban
Venezuela,Male,56-65,Christianity,Urban
Venezuela,Male,18-25,Christianity,Urban
Venezuela,Female,46-55,Christianity,Urban
Venezuela,Female,56-65,Christianity,Urban
Venezuela,Female,56-65,Christianity,Urban
Venezuela,Female,36-45,Christianity,Urban
Venezuela,Male,26-35,Christianity,Urban
Venezuela,Female,26-35,Christianity,Urban
Venezuela,Female,56-65,Christianity,Urban
Venezuela,Female,56-65,Christianity,Urban
Venezuela,Male,18-25,I do not identify with any religious group or faith,Urban
Venezuela,Female,36-45,Christianity,Urban
Venezuela,Male,36-45,I do not identify with any religious group or faith,Urban
Venezuela,Male,36-45,Christianity,Urban
Venezuela,Female,26-35,Christianity,Urban
Venezuela,Male,18-25,I do not identify with any religious group or faith,Urban
Venezuela,Male,36-45,Christianity,Urban
Venezuela,Female,18-25,Christianity,Urban
Venezuela,Male,26-35,Christianity,Urban
Venezuela,Female,56-65,Christianity,Urban
Venezuela,Female,26-35,Christianity,Urban
Venezuela,Female,56-65,Christianity,Urban
Venezuela,Male,65+,Christianity,Urban
Venezuela,Male,56-65,Christianity,Urban
Venezuela,Female,36-45,Christianity,Urban
Venezuela,Female,18-25,I do not identify with any religious group or faith,Urban
Venezuela,Male,36-45,I do not identify with any religious group or faith,Urban
Venezuela,Female,36-45,Christianity,Urban
Venezuela,Female,46-55,Christianity,Urban
Venezuela,Female,65+,Christianity,Urban
Venezuela,Female,18-25,Christianity,Urban
Venezuela,Female,26-35,Christianity,Urban
Venezuela,Male,36-45,Christianity,Urban
Venezuela,Female,18-25,Christianity,Urban
Venezuela,Male,36-45,I do not identify with any religious group or faith,Urban
Venezuela,Female,18-25,Christianity,Urban
Venezuela,Male,26-35,Christianity,Urban
Venezuela,Female,46-55,Christianity,Urban
Venezuela,Female,56-65,Christianity,Urban
Venezuela,Female,46-55,Christianity,Urban
Venezuela,Male,36-45,Christianity,Rural
Venezuela,Male,18-25,Christianity,Rural
Venezuela,Male,56-65,Christianity,Urban
Venezuela,Female,18-25,Christianity,Urban
Venezuela,Female,36-45,Christianity,Urban
Venezuela,Male,18-25,,Urban
Venezuela,Female,36-45,Christianity,Urban
Venezuela,Male,26-35,Christianity,Urban
Venezuela,Female,26-35,Christianity,Urban
Venezuela,Male,18-25,Christianity,Urban
Venezuela,Female,36-45,Christianity,Urban
Venezuela,Male,36-45,Christianity,Urban
Venezuela,Male,46-55,Christianity,Urban
Venezuela,Female,46-55,Christianity,Urban
Venezuela,Male,26-35,Christianity,Urban
Venezuela,Female,46-55,Christianity,Urban
Venezuela,Male,46-55,Christianity,Urban
Venezuela,Male,26-35,Christianity,Urban
Venezuela,Female,18-25,Christianity,Urban
Venezuela,Male,36-45,Christianity,Urban
Venezuela,Female,36-45,Christianity,Urban
Venezuela,Female,56-65,Christianity,Urban
Venezuela,Female,18-25,Christianity,Urban
Venezuela,Male,36-45,Christianity,Urban
Venezuela,Male,46-55,Christianity,Urban
Venezuela,Female,36-45,Christianity,Urban
Venezuela,Female,18-25,Christianity,Urban
Venezuela,Male,36-45,Christianity,Urban
Venezuela,Female,36-45,Christianity,Urban
Venezuela,Male,36-45,Christianity,Urban
Venezuela,Female,18-25,Christianity,Urban
Venezuela,Female,18-25,Christianity,Urban
Venezuela,Male,65+,Christianity,Urban
Venezuela,Male,36-45,Christianity,Urban
Venezuela,Female,18-25,Christianity,Rural
Venezuela,Male,36-45,Christianity,Urban
Venezuela,Male,18-25,Christianity,Urban
Venezuela,Female,36-45,Christianity,Urban
Venezuela,Male,56-65,Christianity,Urban
Venezuela,Male,18-25,Christianity,Urban
Venezuela,Male,18-25,Christianity,Urban
Venezuela,Male,46-55,Christianity,Urban
Venezuela,Male,18-25,Christianity,Urban
Venezuela,Female,46-55,Christianity,Urban
Venezuela,Female,26-35,Christianity,Urban
Venezuela,Female,46-55,Christianity,Rural
Venezuela,Female,65+,Christianity,Urban
Venezuela,Male,56-65,Christianity,Urban
Venezuela,Male,56-65,Christianity,Urban
Venezuela,Male,18-25,Christianity,Urban
Venezuela,Male,18-25,Christianity,Urban
Venezuela,Female,18-25,Christianity,Urban
Venezuela,Female,18-25,Christianity,Urban
Venezuela,Female,18-25,Christianity,Urban
Venezuela,Female,36-45,Christianity,Urban
Venezuela,Male,26-35,Christianity,Urban
Venezuela,Male,36-45,Christianity,Urban
Venezuela,Female,18-25,Christianity,Urban
Venezuela,Male,36-45,Christianity,Urban
Venezuela,Male,18-25,Christianity,Urban
Venezuela,Male,36-45,Christianity,Urban
Venezuela,Female,36-45,Christianity,Urban
Venezuela,Male,56-65,Christianity,Urban
Venezuela,Female,36-45,Christianity,Urban
Venezuela,Male,18-25,Christianity,Urban
Venezuela,Male,26-35,Christianity,Urban
Venezuela,Female,36-45,Christianity,Urban
Venezuela,Male,36-45,Christianity,Urban
Venezuela,Male,18-25,I do not identify with any religious group or faith,Urban
Venezuela,Female,18-25,Christianity,Urban
Venezuela,Female,56-65,Christianity,Urban
Venezuela,Female,26-35,Christianity,Urban
Venezuela,Female,36-45,Christianity,Urban
Venezuela,Male,18-25,I do not identify with any religious group or faith,Urban
Venezuela,Male,26-35,Christianity,Urban
Venezuela,Male,26-35,Christianity,Urban
Venezuela,Male,18-25,Christianity,Urban
Venezuela,Female,65+,Christianity,Urban
Venezuela,Female,46-55,Christianity,Urban
Venezuela,Female,46-55,Christianity,Urban
Venezuela,Female,46-55,Christianity,Urban
Venezuela,Male,36-45,Christianity,Urban
Venezuela,Female,26-35,Christianity,Urban
Venezuela,Female,36-45,Christianity,Urban
Venezuela,Female,56-65,Christianity,Urban
Venezuela,Male,26-35,Other religious group,Urban
Venezuela,Female,36-45,Christianity,Urban
Venezuela,Female,36-45,Christianity,Urban
Venezuela,Male,18-25,Christianity,Urban
Venezuela,Male,36-45,Christianity,Urban
Venezuela,Male,18-25,Christianity,Urban
Venezuela,Male,18-25,Christianity,Urban
Venezuela,Male,26-35,Christianity,Urban
Venezuela,Male,36-45,Christianity,Urban
Venezuela,Male,26-35,Christianity,Urban
Venezuela,Female,36-45,Christianity,Urban
Venezuela,Female,36-45,Christianity,Urban
Venezuela,Male,36-45,Christianity,Urban
Venezuela,Female,65+,Christianity,Urban
Venezuela,Female,18-25,Christianity,Urban
Venezuela,Female,56-65,Christianity,Urban
Venezuela,Female,18-25,Christianity,Urban
Venezuela,Male,56-65,Christianity,Urban
Venezuela,Male,56-65,Christianity,Urban
Venezuela,Female,26-35,,Urban
Venezuela,Male,36-45,Christianity,Urban
Venezuela,Male,18-25,Christianity,Urban
Venezuela,Female,36-45,Christianity,Urban
Venezuela,Female,56-65,Christianity,Urban
Venezuela,Female,26-35,Christianity,Urban
Venezuela,Female,26-35,Christianity,Urban
Venezuela,Female,36-45,Christianity,Urban
Venezuela,Female,46-55,Christianity,Urban
Venezuela,Female,18-25,Christianity,Urban
Venezuela,Male,46-55,Christianity,Urban
Venezuela,Male,18-25,I do not identify with any religious group or faith,Urban
Venezuela,Male,46-55,Christianity,Urban
Venezuela,Male,46-55,I do not identify with any religious group or faith,Urban
Venezuela,Male,36-45,Christianity,Urban
Venezuela,Male,18-25,I do not identify with any religious group or faith,Urban
Venezuela,Male,18-25,I do not identify with any religious group or faith,Urban
Venezuela,Male,26-35,Christianity,Urban
Venezuela,Male,65+,Christianity,Urban
Venezuela,Female,36-45,Christianity,Urban
Venezuela,Female,18-25,Christianity,Urban
Venezuela,Female,26-35,Christianity,Urban
Venezuela,Male,65+,Christianity,Urban
Venezuela,Female,46-55,Christianity,Urban
Venezuela,Male,46-55,Christianity,Urban
Venezuela,Female,36-45,Christianity,Urban
Venezuela,Female,46-55,Christianity,Urban
Venezuela,Female,36-45,I do not identify with any religious group or faith,Urban
Venezuela,Male,18-25,I do not identify with any religious group or faith,Urban
Venezuela,Male,18-25,Christianity,Urban
Venezuela,Female,56-65,Christianity,Urban
Venezuela,Male,18-25,Christianity,Urban
Venezuela,Male,26-35,Christianity,Urban
Venezuela,Male,56-65,Christianity,Urban
Venezuela,Female,36-45,Christianity,Urban
Venezuela,Female,56-65,Christianity,Urban
Venezuela,Male,46-55,Christianity,Urban
Venezuela,Female,26-35,I do not identify with any religious group or faith,Urban
Venezuela,Female,26-35,I do not identify with any religious group or faith,Urban
Venezuela,Female,18-25,Christianity,Urban
Venezuela,Female,36-45,Christianity,Urban
Venezuela,Female,46-55,,Urban
Venezuela,Male,65+,Christianity,Urban
Venezuela,Female,26-35,Christianity,Urban
Venezuela,Male,46-55,Christianity,Urban
Venezuela,Female,36-45,Christianity,Urban
Venezuela,Female,18-25,Christianity,Urban
Venezuela,Male,18-25,Christianity,Urban
Venezuela,Female,65+,Christianity,Urban
Venezuela,Male,18-25,Christianity,Urban
Venezuela,Female,18-25,Christianity,Urban
Venezuela,Male,46-55,Christianity,Urban
Venezuela,Male,26-35,Christianity,Urban
Venezuela,Male,36-45,Christianity,Urban
Venezuela,Female,56-65,Christianity,Urban
Venezuela,Female,36-45,Christianity,Urban
Venezuela,Male,56-65,Christianity,Urban
Venezuela,Male,65+,Christianity,Urban
Venezuela,Male,46-55,Christianity,Urban
Venezuela,Female,36-45,Christianity,Urban
Venezuela,Female,56-65,Christianity,Urban
Venezuela,Female,65+,Christianity,Urban
Venezuela,Male,18-25,Christianity,Urban
Venezuela,Female,26-35,Christianity,Urban
Venezuela,Male,26-35,Christianity,Urban
Venezuela,Male,26-35,Christianity,Urban
Venezuela,Female,56-65,Christianity,Urban
Venezuela,Male,46-55,Christianity,Urban
Venezuela,Male,26-35,Christianity,Urban
Venezuela,Female,18-25,Christianity,Urban
Venezuela,Male,56-65,Christianity,Urban
Venezuela,Female,26-35,Christianity,Urban
Venezuela,Female,46-55,Christianity,Urban
Venezuela,Male,26-35,Christianity,Urban
Venezuela,Male,46-55,Christianity,Urban
Venezuela,Male,26-35,Christianity,Urban
Venezuela,Male,18-25,I do not identify with any religious group or faith,Urban
Venezuela,Male,18-25,Christianity,Urban
Venezuela,Female,18-25,Christianity,Urban
Venezuela,Female,18-25,Christianity,Urban
Venezuela,Male,65+,Christianity,Urban
Venezuela,Male,18-25,Christianity,Urban
Venezuela,Male,36-45,Christianity,Urban
Venezuela,Male,26-35,Christianity,Urban
Venezuela,Male,36-45,Christianity,Urban
Venezuela,Female,46-55,I do not identify with any religious group or faith,Urban
Venezuela,Female,46-55,Christianity,Urban
Venezuela,Female,18-25,Christianity,Urban
Venezuela,Male,65+,Christianity,Urban
Venezuela,Male,18-25,I do not identify with any religious group or faith,Urban
Venezuela,Female,65+,Christianity,Urban
Venezuela,Female,26-35,Christianity,Urban
Venezuela,Male,46-55,Christianity,Urban
Venezuela,Female,26-35,Christianity,Urban
Venezuela,Female,56-65,Christianity,Urban
Venezuela,Female,26-35,Christianity,Urban
Venezuela,Female,18-25,Christianity,Urban
Venezuela,Female,26-35,Christianity,Urban
Venezuela,Female,36-45,Christianity,Urban
Venezuela,Male,46-55,I do not identify with any religious group or faith,Urban
Venezuela,Female,18-25,I do not identify with any religious group or faith,Urban
Venezuela,Male,26-35,Christianity,Urban
Venezuela,Male,26-35,Christianity,Urban
Venezuela,Male,26-35,Christianity,Urban
Venezuela,Female,46-55,I do not identify with any religious group or faith,Urban
Venezuela,Female,46-55,Christianity,Urban
Venezuela,Male,56-65,Christianity,Urban
Venezuela,Male,18-25,Christianity,Urban
Venezuela,Female,26-35,Christianity,Urban
Venezuela,Male,36-45,Christianity,Urban
Venezuela,Male,36-45,Christianity,Urban
Venezuela,Female,46-55,Christianity,Urban
Venezuela,Male,18-25,I do not identify with any religious group or faith,Urban
Venezuela,Female,46-55,Christianity,Urban
Venezuela,Female,36-45,Christianity,Urban
Venezuela,Female,26-35,Christianity,Urban
Venezuela,Female,36-45,Christianity,Urban
Venezuela,Male,26-35,Christianity,Urban
Venezuela,Male,56-65,Christianity,Urban
Venezuela,Female,26-35,I do not identify with any religious group or faith,Urban
Venezuela,Male,18-25,Christianity,Urban
Venezuela,Female,36-45,Christianity,Urban
Venezuela,Male,56-65,Christianity,Urban
Venezuela,Female,18-25,Christianity,Urban
Venezuela,Male,36-45,Christianity,Urban
Venezuela,Male,46-55,Christianity,Urban
Venezuela,Female,18-25,Christianity,Urban
Venezuela,Male,26-35,Christianity,Urban
Venezuela,Female,18-25,Christianity,Urban
Venezuela,Male,56-65,Christianity,Urban
Venezuela,Female,46-55,Christianity,Urban
Venezuela,Male,26-35,I do not identify with any religious group or faith,Urban
Venezuela,Female,18-25,Christianity,Urban
Venezuela,Female,18-25,I do not identify with any religious group or faith,Urban
Venezuela,Female,36-45,Christianity,Urban
Venezuela,Male,36-45,Christianity,Urban
Venezuela,Female,26-35,Christianity,Urban
Venezuela,Male,46-55,Christianity,Urban
Venezuela,Male,18-25,I do not identify with any religious group or faith,Urban
Venezuela,Female,36-45,Christianity,Urban
Venezuela,Female,36-45,Christianity,Urban
Venezuela,Male,56-65,Christianity,Urban
Venezuela,Male,18-25,Christianity,Urban
Venezuela,Male,65+,Christianity,Urban
Venezuela,Male,18-25,I do not identify with any religious group or faith,Urban
Venezuela,Female,36-45,Christianity,Urban
Venezuela,Female,56-65,Christianity,Urban
Venezuela,Female,26-35,Christianity,Urban
Venezuela,Female,18-25,Christianity,Urban
Venezuela,Male,65+,I do not identify with any religious group or faith,Urban
Venezuela,Male,18-25,I do not identify with any religious group or faith,Urban
Venezuela,Male,18-25,Christianity,Urban
Venezuela,Female,36-45,I do not identify with any religious group or faith,Urban
Venezuela,Female,36-45,Christianity,Urban
Venezuela,Male,56-65,I do not identify with any religious group or faith,Urban
Venezuela,Male,56-65,Christianity,Urban
Venezuela,Female,18-25,I do not identify with any religious group or faith,Urban
Venezuela,Female,18-25,Christianity,Urban
Venezuela,Male,36-45,I do not identify with any religious group or faith,Urban
Venezuela,Female,26-35,Christianity,Urban
Venezuela,Male,36-45,Christianity,Urban
Venezuela,Female,56-65,Christianity,Urban
Venezuela,Male,56-65,Christianity,Urban
Venezuela,Female,36-45,Christianity,Urban
Venezuela,Male,46-55,Christianity,Urban
Venezuela,Female,26-35,Christianity,Urban
Venezuela,Male,56-65,I do not identify with any religious group or faith,Urban
Venezuela,Female,65+,Christianity,Urban
Venezuela,Male,36-45,Christianity,Urban
Venezuela,Female,56-65,Christianity,Urban
Venezuela,Female,46-55,Christianity,Urban
Venezuela,Male,46-55,Christianity,Urban
Venezuela,Female,46-55,Christianity,Urban
Venezuela,Female,56-65,Christianity,Urban
Venezuela,Female,26-35,Christianity,Urban
Venezuela,Male,56-65,Christianity,Urban
Venezuela,Female,18-25,Christianity,Urban
Venezuela,Female,18-25,I do not identify with any religious group or faith,Urban
Venezuela,Female,26-35,Christianity,Urban
Venezuela,Male,18-25,Christianity,Urban
Venezuela,Male,36-45,Christianity,Urban
Venezuela,Male,26-35,Christianity,Urban
Venezuela,Male,46-55,Christianity,Urban
Venezuela,Female,46-55,Christianity,Urban
Venezuela,Female,36-45,Christianity,Urban
Venezuela,Female,18-25,Christianity,Urban
Venezuela,Male,36-45,Christianity,Urban
Venezuela,Female,46-55,I do not identify with any religious group or faith,Urban
Venezuela,Female,26-35,Christianity,Urban
Venezuela,Female,65+,Christianity,Urban
Venezuela,Male,26-35,I do not identify with any religious group or faith,Urban
Venezuela,Female,65+,Christianity,Urban
Venezuela,Male,26-35,Christianity,Urban
Venezuela,Male,18-25,Christianity,Urban
Venezuela,Male,56-65,Christianity,Urban
Venezuela,Male,18-25,Christianity,Urban
Venezuela,Female,56-65,Christianity,Urban
Venezuela,Male,26-35,Christianity,Urban
Venezuela,Male,18-25,Christianity,Urban
Venezuela,Male,18-25,Christianity,Urban
Venezuela,Female,36-45,Christianity,Urban
Venezuela,Male,56-65,Christianity,Urban
Venezuela,Male,18-25,Christianity,Urban
Venezuela,Female,18-25,Christianity,Rural
Venezuela,Female,46-55,Christianity,Urban
Venezuela,Female,46-55,Christianity,Urban
Venezuela,Female,36-45,Christianity,Urban
Venezuela,Female,46-55,Christianity,Urban
Venezuela,Female,18-25,Christianity,Urban
Venezuela,Female,26-35,Christianity,Urban
Venezuela,Female,26-35,Christianity,Urban
Venezuela,Female,36-45,Christianity,Urban
Venezuela,Male,36-45,Christianity,Urban
Venezuela,Female,18-25,Christianity,Urban
Venezuela,Female,65+,Christianity,Urban
Venezuela,Male,18-25,Christianity,Urban
Venezuela,Female,18-25,Christianity,Urban
Venezuela,Male,36-45,Christianity,Urban
Venezuela,Female,18-25,Christianity,Urban
Venezuela,Female,56-65,Christianity,Urban
Venezuela,Female,56-65,Christianity,Urban
Venezuela,Female,56-65,Christianity,Urban
Venezuela,Female,18-25,Christianity,Urban
Venezuela,Female,18-25,Christianity,Urban
Venezuela,Female,26-35,Christianity,Urban
Venezuela,Female,56-65,Christianity,Urban
Venezuela,Male,18-25,Christianity,Urban
Venezuela,Male,36-45,I do not identify with any religious group or faith,Urban
Venezuela,Male,26-35,Judaism,Urban
Venezuela,Female,26-35,Christianity,Urban
Venezuela,Male,18-25,Christianity,Urban
Venezuela,Male,26-35,Christianity,Urban
Venezuela,Female,36-45,Christianity,Urban
Venezuela,Female,18-25,Christianity,Urban
Venezuela,Female,18-25,Christianity,Urban
Venezuela,Female,36-45,Christianity,Urban
Venezuela,Male,26-35,Christianity,Urban
Venezuela,Male,36-45,Christianity,Urban
Venezuela,Male,56-65,Christianity,Urban
Venezuela,Male,36-45,Christianity,Urban
Venezuela,Male,26-35,Christianity,Urban
Venezuela,Male,46-55,Christianity,Urban
Venezuela,Male,18-25,Christianity,Urban
Venezuela,Male,46-55,Christianity,Urban
Venezuela,Male,36-45,Christianity,Urban
Venezuela,Male,18-25,Christianity,Urban
Venezuela,Male,36-45,Christianity,Urban
Venezuela,Male,46-55,Christianity,Urban
Venezuela,Male,36-45,Christianity,Urban
Venezuela,Female,36-45,Christianity,Urban
Venezuela,Male,46-55,Christianity,Urban
Venezuela,Male,36-45,Christianity,Urban
Venezuela,Male,36-45,Christianity,Urban
Venezuela,Female,46-55,Christianity,Urban
Venezuela,Male,46-55,Christianity,Urban
Venezuela,Male,56-65,Christianity,Urban
Venezuela,Male,18-25,Christianity,Urban
Venezuela,Female,36-45,Christianity,Urban
Venezuela,Male,65+,I do not identify with any religious group or faith,Urban
Venezuela,Female,46-55,Christianity,Urban
Venezuela,Female,46-55,Christianity,Urban
Venezuela,Female,18-25,Christianity,Urban
Venezuela,Male,36-45,Christianity,Urban
Venezuela,Female,36-45,Christianity,Urban
Venezuela,Male,26-35,Christianity,Urban
Venezuela,Female,36-45,Christianity,Urban
Venezuela,Female,18-25,Christianity,Urban
Venezuela,Male,18-25,Christianity,Urban
Venezuela,Male,18-25,Christianity,Urban
Venezuela,Male,36-45,Christianity,Urban
Venezuela,Female,26-35,Christianity,Urban
Venezuela,Female,36-45,Christianity,Urban
Venezuela,Male,65+,I do not identify with any religious group or faith,Urban
Venezuela,Female,36-45,Christianity,Urban
Venezuela,Male,56-65,Christianity,Urban
Venezuela,Female,36-45,Christianity,Urban
Venezuela,Male,18-25,I do not identify with any religious group or faith,Urban
Venezuela,Male,36-45,Christianity,Urban
Venezuela,Female,18-25,I do not identify with any religious group or faith,Rural
Venezuela,Female,46-55,Christianity,Urban
Venezuela,Male,65+,Christianity,Urban
Venezuela,Female,46-55,Christianity,Urban
Venezuela,Male,26-35,I do not identify with any religious group or faith,Urban
Venezuela,Male,46-55,Christianity,Urban
Venezuela,Female,18-25,Christianity,Urban
Venezuela,Female,56-65,I do not identify with any religious group or faith,Urban
Venezuela,Female,65+,Christianity,Urban
Venezuela,Male,56-65,I do not identify with any religious group or faith,Urban
Venezuela,Female,26-35,Christianity,Urban
Venezuela,Female,18-25,Christianity,Urban
Venezuela,Male,56-65,,Urban
Venezuela,Female,36-45,Christianity,Urban
Venezuela,Male,18-25,Christianity,Urban
Venezuela,Male,46-55,Christianity,Urban
Venezuela,Male,56-65,Christianity,Urban
Venezuela,Female,36-45,Christianity,Urban
Venezuela,Female,18-25,I do not identify with any religious group or faith,Urban
Venezuela,Female,18-25,,Urban
Venezuela,Male,46-55,Christianity,Urban
Venezuela,Male,36-45,Christianity,Urban
Venezuela,Male,26-35,Christianity,Urban
Venezuela,Male,18-25,I do not identify with any religious group or faith,Urban
Venezuela,Female,26-35,Christianity,Urban
Venezuela,Female,36-45,Christianity,Urban
Venezuela,Male,26-35,Christianity,Urban
Venezuela,Female,18-25,Christianity,Urban
Venezuela,Female,18-25,Christianity,Urban
Venezuela,Female,26-35,Christianity,Urban
Venezuela,Male,18-25,Christianity,Urban
Venezuela,Male,46-55,Christianity,Urban
Venezuela,Male,36-45,I do not identify with any religious group or faith,Urban
Venezuela,Male,36-45,Christianity,Urban
Venezuela,Female,18-25,,Urban
Venezuela,Male,36-45,,Urban
Venezuela,Male,65+,Christianity,Urban
Venezuela,Male,36-45,Christianity,Urban
Venezuela,Female,56-65,Christianity,Urban
Venezuela,Female,65+,Christianity,Urban
Venezuela,Female,26-35,Christianity,Urban
Venezuela,Male,18-25,I do not identify with any religious group or faith,Urban
Venezuela,Female,26-35,Christianity,Urban
Venezuela,Female,36-45,I do not identify with any religious group or faith,Urban
Venezuela,Female,46-55,Christianity,Urban
Venezuela,Female,26-35,I do not identify with any religious group or faith,Urban
Venezuela,Male,26-35,Christianity,Urban
Venezuela,Male,56-65,I do not identify with any religious group or faith,Urban
Venezuela,Male,56-65,Christianity,Rural
Venezuela,Female,46-55,Christianity,Rural
Venezuela,Male,18-25,I do not identify with any religious group or faith,Rural
Venezuela,Female,36-45,Christianity,Rural
Venezuela,Male,18-25,I do not identify with any religious group or faith,Urban
Venezuela,Male,36-45,Christianity,Urban
Venezuela,Male,36-45,I do not identify with any religious group or faith,Urban
Venezuela,Male,18-25,I do not identify with any religious group or faith,Urban
Venezuela,Female,46-55,Christianity,Urban
Venezuela,Male,56-65,Christianity,Urban
Venezuela,Female,26-35,Christianity,Urban
Venezuela,Female,36-45,I do not identify with any religious group or faith,Urban
Venezuela,Female,65+,Christianity,Urban
Venezuela,Male,18-25,I do not identify with any religious group or faith,Urban
Venezuela,Male,18-25,I do not identify with any religious group or faith,Urban
Venezuela,Female,18-25,,Urban
Venezuela,Male,18-25,Christianity,Urban
Venezuela,Female,26-35,Christianity,Urban
Venezuela,Female,18-25,Christianity,Urban
Venezuela,Female,36-45,Christianity,Urban
Venezuela,Male,36-45,Christianity,Urban
Venezuela,Male,46-55,Christianity,Urban
Venezuela,Male,18-25,Christianity,Urban
Venezuela,Female,26-35,Christianity,Urban
Venezuela,Female,18-25,Christianity,Urban
Venezuela,Female,26-35,Christianity,Urban
Venezuela,Male,26-35,Christianity,Urban
Venezuela,Female,18-25,I do not identify with any religious group or faith,Urban
Venezuela,Female,26-35,Christianity,Urban
Venezuela,Female,26-35,I do not identify with any religious group or faith,Urban
Venezuela,Male,26-35,Christianity,Urban
Venezuela,Female,46-55,,Urban
Venezuela,Male,36-45,I do not identify with any religious group or faith,Urban
Venezuela,Male,36-45,I do not identify with any religious group or faith,Urban
Venezuela,Female,36-45,Christianity,Urban
Venezuela,Male,36-45,I do not identify with any religious group or faith,Urban
Venezuela,Male,18-25,I do not identify with any religious group or faith,Urban
Venezuela,Female,26-35,Christianity,Urban
Venezuela,Female,18-25,Christianity,Urban
Venezuela,Female,36-45,Christianity,Urban
Venezuela,Male,18-25,I do not identify with any religious group or faith,Urban
Venezuela,Male,18-25,Christianity,Urban
Venezuela,Male,46-55,Christianity,Urban
Venezuela,Male,36-45,Christianity,Urban
Venezuela,Male,26-35,Christianity,Urban
Venezuela,Male,56-65,Christianity,Urban
Venezuela,Female,18-25,I do not identify with any religious group or faith,Urban
Venezuela,Female,36-45,Christianity,Urban
Venezuela,Female,56-65,Other religious group,Urban
Venezuela,Female,18-25,,Urban
Venezuela,Female,46-55,Other religious group,Urban
Venezuela,Female,36-45,Christianity,Urban
Venezuela,Male,56-65,Christianity,Urban
Venezuela,Female,36-45,Christianity,Urban
Venezuela,Female,46-55,Christianity,Urban
Venezuela,Female,46-55,Christianity,Urban
Venezuela,Female,46-55,Christianity,Urban
Venezuela,Male,36-45,Christianity,Urban
Venezuela,Male,36-45,Christianity,Urban
Venezuela,Male,56-65,Christianity,Urban
Venezuela,Male,26-35,Christianity,Urban
Venezuela,Male,56-65,Christianity,Urban
Venezuela,Female,26-35,Christianity,Urban
Venezuela,Female,18-25,Christianity,Urban
Venezuela,Female,46-55,Christianity,Urban
Venezuela,Female,18-25,I do not identify with any religious group or faith,Urban
Venezuela,Male,46-55,Christianity,Urban
Venezuela,Female,26-35,I do not identify with any religious group or faith,Urban
Venezuela,Female,26-35,Christianity,Urban
Venezuela,Male,65+,Christianity,Urban
Venezuela,Male,65+,Christianity,Urban
Venezuela,Male,65+,Christianity,Urban
Venezuela,Female,65+,Christianity,Urban
Venezuela,Male,18-25,I do not identify with any religious group or faith,Urban
Venezuela,Male,36-45,Christianity,Urban
Venezuela,Female,65+,Christianity,Urban
Venezuela,Female,36-45,I do not identify with any religious group or faith,Urban
Venezuela,Female,26-35,Christianity,Urban
Venezuela,Male,26-35,Christianity,Urban
Venezuela,Male,46-55,Christianity,Urban
Venezuela,Male,36-45,Christianity,Urban
Venezuela,Male,46-55,Christianity,Urban
Venezuela,Male,65+,Christianity,Urban
Venezuela,Female,36-45,Christianity,Urban
Venezuela,Female,46-55,Christianity,Urban
Venezuela,Female,65+,Other religious group,Urban
Venezuela,Female,36-45,Christianity,Urban
Venezuela,Female,26-35,Christianity,Urban
Venezuela,Female,36-45,Christianity,Urban
Venezuela,Female,65+,Christianity,Urban
Venezuela,Female,56-65,Christianity,Urban
Venezuela,Female,26-35,Christianity,Urban
Venezuela,Male,18-25,I do not identify with any religious group or faith,Urban
Venezuela,Female,26-35,Christianity,Urban
Venezuela,Female,36-45,I do not identify with any religious group or faith,Urban
Venezuela,Female,56-65,Christianity,Urban
Venezuela,Male,46-55,Christianity,Urban
Venezuela,Male,56-65,Christianity,Urban
Venezuela,Female,65+,Christianity,Urban
Venezuela,Male,18-25,I do not identify with any religious group or faith,Urban
Venezuela,Male,18-25,Christianity,Urban
Venezuela,Female,36-45,Christianity,Urban
Venezuela,Male,36-45,Christianity,Urban
Venezuela,Female,36-45,Christianity,Urban
Venezuela,Female,46-55,Christianity,Urban
Venezuela,Male,18-25,Christianity,Urban
Venezuela,Female,18-25,Christianity,Urban
Venezuela,Male,36-45,Christianity,Urban
Venezuela,Male,36-45,Christianity,Urban
Venezuela,Male,36-45,Christianity,Urban
Venezuela,Male,26-35,Christianity,Urban
Venezuela,Male,18-25,Christianity,Urban
Venezuela,Female,46-55,Christianity,Urban
Venezuela,Male,36-45,Christianity,Urban
Venezuela,Male,18-25,,Urban
Venezuela,Female,46-55,Christianity,Urban
Venezuela,Female,36-45,Christianity,Urban
Venezuela,Female,65+,Christianity,Urban
Venezuela,Male,36-45,Christianity,Urban
Venezuela,Female,26-35,Christianity,Urban
Venezuela,Female,26-35,Christianity,Urban
Venezuela,Male,18-25,Christianity,Urban
Venezuela,Male,56-65,Christianity,Urban
Venezuela,Female,56-65,Christianity,Urban
Venezuela,Male,56-65,Christianity,Urban
Venezuela,Male,36-45,Christianity,Urban
Venezuela,Male,46-55,Christianity,Urban
Venezuela,Female,65+,Christianity,Urban
Venezuela,Male,46-55,Christianity,Urban
Venezuela,Female,36-45,Christianity,Urban
Venezuela,Female,26-35,Christianity,Urban
Venezuela,Male,36-45,Christianity,Urban
Venezuela,Male,18-25,I do not identify with any religious group or faith,Urban
Venezuela,Male,18-25,Christianity,Urban
Venezuela,Female,18-25,Christianity,Urban
Venezuela,Male,26-35,Christianity,Urban
Venezuela,Male,65+,Christianity,Urban
Venezuela,Female,46-55,Christianity,Urban
Venezuela,Female,36-45,Christianity,Urban
Venezuela,Male,18-25,Christianity,Urban
Venezuela,Male,36-45,I do not identify with any religious group or faith,Urban
Venezuela,Female,46-55,Christianity,Urban
Venezuela,Male,36-45,Christianity,Urban
Venezuela,Male,46-55,Christianity,Urban
Venezuela,Female,46-55,Christianity,Urban
Venezuela,Male,18-25,Christianity,Urban
Venezuela,Male,18-25,I do not identify with any religious group or faith,Urban
Venezuela,Male,18-25,I do not identify with any religious group or faith,Urban
Venezuela,Male,56-65,Christianity,Urban
Venezuela,Male,26-35,I do not identify with any religious group or faith,Urban
Venezuela,Female,36-45,Christianity,Urban
Venezuela,Male,18-25,Christianity,Urban
Venezuela,Female,46-55,I do not identify with any religious group or faith,Urban
Venezuela,Female,26-35,I do not identify with any religious group or faith,Urban
Venezuela,Male,18-25,I do not identify with any religious group or faith,Urban
Venezuela,Female,18-25,I do not identify with any religious group or faith,Urban
Venezuela,Male,18-25,Christianity,Urban
Venezuela,Female,26-35,Christianity,Urban
Venezuela,Male,56-65,Christianity,Urban
Venezuela,Male,36-45,Christianity,Urban
Venezuela,Male,65+,I do not identify with any religious group or faith,Urban
Venezuela,Female,65+,Christianity,Urban
Venezuela,Male,36-45,Christianity,Urban
Venezuela,Male,18-25,I do not identify with any religious group or faith,Urban
Venezuela,Male,18-25,Christianity,Urban
Venezuela,Female,18-25,Christianity,Urban
Venezuela,Female,18-25,Christianity,Urban
Venezuela,Female,26-35,Christianity,Urban
