participant_id,country,gender,age,age_group,religion,environment,year,wave,survey
1,Argentina,Female,58.0,56-65,Christianity,Urban,1984,1,WVS_Wave_1
2,Argentina,Female,71.0,66+,Christianity,Urban,1984,1,WVS_Wave_1
3,Argentina,Male,55.0,46-55,Christianity,Urban,1984,1,WVS_Wave_1
4,Argentina,Male,22.0,18-25,Christianity,Urban,1984,1,WVS_Wave_1
5,Argentina,Female,66.0,66+,Christianity,Urban,1984,1,WVS_Wave_1
6,Argentina,Male,60.0,56-65,Christianity,Urban,1984,1,WVS_Wave_1
7,Argentina,Male,36.0,36-45,Christianity,Urban,1984,1,WVS_Wave_1
8,Argentina,Male,34.0,26-35,Christianity,Urban,1984,1,WVS_Wave_1
9,Argentina,Female,40.0,36-45,Christianity,Urban,1984,1,WVS_Wave_1
10,Argentina,Male,56.0,56-65,Christianity,Urban,1984,1,WVS_Wave_1
11,Argentina,Female,54.0,46-55,Christianity,Urban,1984,1,WVS_Wave_1
12,Argentina,Male,21.0,18-25,Christianity,Urban,1984,1,WVS_Wave_1
13,Argentina,Male,32.0,26-35,Christianity,Urban,1984,1,WVS_Wave_1
14,Argentina,Male,23.0,18-25,Christianity,Urban,1984,1,WVS_Wave_1
15,Argentina,Female,21.0,18-25,Christianity,Urban,1984,1,WVS_Wave_1
16,Argentina,Male,27.0,26-35,Christianity,Urban,1984,1,WVS_Wave_1
17,Argentina,Female,32.0,26-35,Christianity,Urban,1984,1,WVS_Wave_1
18,Argentina,Female,43.0,36-45,Christianity,Urban,1984,1,WVS_Wave_1
19,Argentina,Female,34.0,26-35,Christianity,Urban,1984,1,WVS_Wave_1
20,Argentina,Female,68.0,66+,Christianity,Urban,1984,1,WVS_Wave_1
21,Argentina,Male,22.0,18-25,Christianity,Urban,1984,1,WVS_Wave_1
22,Argentina,Male,45.0,36-45,Christianity,Urban,1984,1,WVS_Wave_1
23,Argentina,Female,24.0,18-25,Christianity,Urban,1984,1,WVS_Wave_1
24,Argentina,Male,26.0,26-35,Unaffiliated,Urban,1984,1,WVS_Wave_1
25,Argentina,Male,37.0,36-45,Christianity,Urban,1984,1,WVS_Wave_1
26,Argentina,Male,38.0,36-45,Christianity,Urban,1984,1,WVS_Wave_1
27,Argentina,Female,55.0,46-55,Christianity,Urban,1984,1,WVS_Wave_1
28,Argentina,Male,21.0,18-25,Christianity,Urban,1984,1,WVS_Wave_1
29,Argentina,Female,24.0,18-25,Christianity,Urban,1984,1,WVS_Wave_1
30,Argentina,Female,35.0,26-35,Christianity,Urban,1984,1,WVS_Wave_1
31,Argentina,Female,27.0,26-35,Christianity,Urban,1984,1,WVS_Wave_1
32,Argentina,Female,54.0,46-55,Christianity,Urban,1984,1,WVS_Wave_1
33,Argentina,Male,35.0,26-35,Christianity,Urban,1984,1,WVS_Wave_1
34,Argentina,Male,24.0,18-25,Christianity,Urban,1984,1,WVS_Wave_1
35,Argentina,Male,29.0,26-35,Christianity,Urban,1984,1,WVS_Wave_1
36,Argentina,Female,64.0,56-65,Christianity,Urban,1984,1,WVS_Wave_1
37,Argentina,Female,20.0,18-25,Christianity,Urban,1984,1,WVS_Wave_1
38,Argentina,Female,26.0,26-35,Christianity,Urban,1984,1,WVS_Wave_1
39,Argentina,Male,41.0,36-45,Christianity,Urban,1984,1,WVS_Wave_1
40,Argentina,Male,48.0,46-55,Christianity,Urban,1984,1,WVS_Wave_1
41,Argentina,Female,51.0,46-55,Christianity,Urban,1984,1,WVS_Wave_1
42,Argentina,Male,70.0,66+,Christianity,Urban,1984,1,WVS_Wave_1
43,Argentina,Male,61.0,56-65,Christianity,Urban,1984,1,WVS_Wave_1
44,Argentina,Male,18.0,18-25,Christianity,Urban,1984,1,WVS_Wave_1
45,Argentina,Male,65.0,56-65,Unaffiliated,Urban,1984,1,WVS_Wave_1
46,Argentina,Female,26.0,26-35,Christianity,Urban,1984,1,WVS_Wave_1
47,Argentina,Male,32.0,26-35,Christianity,Urban,1984,1,WVS_Wave_1
48,Argentina,Female,72.0,66+,Christianity,Urban,1984,1,WVS_Wave_1
49,Argentina,Male,46.0,46-55,Christianity,Urban,1984,1,WVS_Wave_1
50,Argentina,Male,62.0,56-65,Christianity,Urban,1984,1,WVS_Wave_1
51,Argentina,Male,40.0,36-45,Christianity,Urban,1984,1,WVS_Wave_1
52,Argentina,Female,65.0,56-65,Christianity,Urban,1984,1,WVS_Wave_1
53,Argentina,Male,31.0,26-35,Christianity,Urban,1984,1,WVS_Wave_1
54,Argentina,Male,38.0,36-45,Christianity,Urban,1984,1,WVS_Wave_1
55,Argentina,Female,29.0,26-35,Christianity,Urban,1984,1,WVS_Wave_1
56,Argentina,Female,54.0,46-55,Christianity,Urban,1984,1,WVS_Wave_1
57,Argentina,Female,23.0,18-25,Christianity,Urban,1984,1,WVS_Wave_1
58,Argentina,Male,35.0,26-35,Christianity,Urban,1984,1,WVS_Wave_1
59,Argentina,Male,81.0,66+,Unaffiliated,Urban,1984,1,WVS_Wave_1
60,Argentina,Male,24.0,18-25,Christianity,Urban,1984,1,WVS_Wave_1
61,Argentina,Female,64.0,56-65,Christianity,Urban,1984,1,WVS_Wave_1
62,Argentina,Female,28.0,26-35,Christianity,Urban,1984,1,WVS_Wave_1
63,Argentina,Female,33.0,26-35,Christianity,Urban,1984,1,WVS_Wave_1
64,Argentina,Male,69.0,66+,Christianity,Urban,1984,1,WVS_Wave_1
65,Argentina,Male,22.0,18-25,Unaffiliated,Urban,1984,1,WVS_Wave_1
66,Argentina,Female,29.0,26-35,Christianity,Urban,1984,1,WVS_Wave_1
67,Argentina,Female,34.0,26-35,Judaism,Urban,1984,1,WVS_Wave_1
68,Argentina,Male,24.0,18-25,Christianity,Urban,1984,1,WVS_Wave_1
69,Argentina,Male,44.0,36-45,Christianity,Urban,1984,1,WVS_Wave_1
70,Argentina,Female,46.0,46-55,Christianity,Urban,1984,1,WVS_Wave_1
71,Argentina,Female,51.0,46-55,Christianity,Urban,1984,1,WVS_Wave_1
72,Argentina,Female,65.0,56-65,Christianity,Urban,1984,1,WVS_Wave_1
73,Argentina,Female,35.0,26-35,Christianity,Urban,1984,1,WVS_Wave_1
74,Argentina,Male,34.0,26-35,Christianity,Urban,1984,1,WVS_Wave_1
75,Argentina,Female,45.0,36-45,Christianity,Urban,1984,1,WVS_Wave_1
76,Argentina,Male,40.0,36-45,Christianity,Urban,1984,1,WVS_Wave_1
77,Argentina,Female,64.0,56-65,Christianity,Urban,1984,1,WVS_Wave_1
78,Argentina,Male,62.0,56-65,Christianity,Urban,1984,1,WVS_Wave_1
79,Argentina,Male,42.0,36-45,Christianity,Urban,1984,1,WVS_Wave_1
80,Argentina,Female,32.0,26-35,Christianity,Urban,1984,1,WVS_Wave_1
81,Argentina,Female,19.0,18-25,Christianity,Urban,1984,1,WVS_Wave_1
82,Argentina,Female,49.0,46-55,Christianity,Urban,1984,1,WVS_Wave_1
83,Argentina,Male,37.0,36-45,Christianity,Urban,1984,1,WVS_Wave_1
84,Argentina,Female,73.0,66+,Christianity,Urban,1984,1,WVS_Wave_1
85,Argentina,Male,27.0,26-35,Christianity,Urban,1984,1,WVS_Wave_1
86,Argentina,Male,62.0,56-65,Christianity,Urban,1984,1,WVS_Wave_1
87,Argentina,Female,42.0,36-45,Christianity,Urban,1984,1,WVS_Wave_1
88,Argentina,Female,51.0,46-55,Christianity,Urban,1984,1,WVS_Wave_1
89,Argentina,Male,36.0,36-45,Unaffiliated,Urban,1984,1,WVS_Wave_1
90,Argentina,Male,28.0,26-35,Christianity,Urban,1984,1,WVS_Wave_1
91,Argentina,Female,30.0,26-35,Christianity,Urban,1984,1,WVS_Wave_1
92,Argentina,Male,52.0,46-55,Christianity,Urban,1984,1,WVS_Wave_1
93,Argentina,Male,43.0,36-45,Christianity,Urban,1984,1,WVS_Wave_1
94,Argentina,Female,53.0,46-55,Judaism,Urban,1984,1,WVS_Wave_1
95,Argentina,Male,23.0,18-25,Christianity,Urban,1984,1,WVS_Wave_1
96,Argentina,Male,29.0,26-35,Christianity,Urban,1984,1,WVS_Wave_1
97,Argentina,Male,50.0,46-55,Christianity,Urban,1984,1,WVS_Wave_1
98,Argentina,Male,34.0,26-35,Christianity,Urban,1984,1,WVS_Wave_1
99,Argentina,Male,21.0,18-25,Christianity,Urban,1984,1,WVS_Wave_1
100,Argentina,Female,44.0,36-45,Christianity,Urban,1984,1,WVS_Wave_1
101,Argentina,Female,19.0,18-25,Christianity,Urban,1984,1,WVS_Wave_1
102,Argentina,Female,34.0,26-35,Christianity,Urban,1984,1,WVS_Wave_1
103,Argentina,Female,21.0,18-25,Christianity,Urban,1984,1,WVS_Wave_1
104,Argentina,Female,51.0,46-55,Christianity,Urban,1984,1,WVS_Wave_1
105,Argentina,Female,65.0,56-65,Christianity,Urban,1984,1,WVS_Wave_1
106,Argentina,Male,27.0,26-35,Christianity,Urban,1984,1,WVS_Wave_1
107,Argentina,Female,53.0,46-55,Christianity,Urban,1984,1,WVS_Wave_1
108,Argentina,Male,27.0,26-35,Christianity,Urban,1984,1,WVS_Wave_1
109,Argentina,Female,54.0,46-55,Christianity,Urban,1984,1,WVS_Wave_1
110,Argentina,Female,56.0,56-65,Christianity,Urban,1984,1,WVS_Wave_1
111,Argentina,Female,44.0,36-45,Christianity,Urban,1984,1,WVS_Wave_1
112,Argentina,Female,54.0,46-55,Christianity,Urban,1984,1,WVS_Wave_1
113,Argentina,Male,64.0,56-65,Unaffiliated,Urban,1984,1,WVS_Wave_1
114,Argentina,Female,21.0,18-25,Christianity,Urban,1984,1,WVS_Wave_1
115,Argentina,Male,26.0,26-35,Christianity,Urban,1984,1,WVS_Wave_1
116,Argentina,Male,19.0,18-25,Judaism,Urban,1984,1,WVS_Wave_1
117,Argentina,Female,29.0,26-35,Judaism,Urban,1984,1,WVS_Wave_1
118,Argentina,Female,23.0,18-25,Christianity,Urban,1984,1,WVS_Wave_1
119,Argentina,Male,73.0,66+,Christianity,Urban,1984,1,WVS_Wave_1
120,Argentina,Female,84.0,66+,Christianity,Urban,1984,1,WVS_Wave_1
121,Argentina,Male,19.0,18-25,Judaism,Urban,1984,1,WVS_Wave_1
122,Argentina,Female,50.0,46-55,Christianity,Urban,1984,1,WVS_Wave_1
123,Argentina,Male,38.0,36-45,Christianity,Urban,1984,1,WVS_Wave_1
124,Argentina,Male,46.0,46-55,Christianity,Urban,1984,1,WVS_Wave_1
125,Argentina,Female,60.0,56-65,Christianity,Urban,1984,1,WVS_Wave_1
126,Argentina,Male,23.0,18-25,Christianity,Urban,1984,1,WVS_Wave_1
127,Argentina,Male,64.0,56-65,Christianity,Urban,1984,1,WVS_Wave_1
128,Argentina,Male,19.0,18-25,Christianity,Urban,1984,1,WVS_Wave_1
129,Argentina,Female,23.0,18-25,Christianity,Urban,1984,1,WVS_Wave_1
130,Argentina,Female,62.0,56-65,Christianity,Urban,1984,1,WVS_Wave_1
131,Argentina,Male,20.0,18-25,Christianity,Urban,1984,1,WVS_Wave_1
132,Argentina,Male,50.0,46-55,Christianity,Urban,1984,1,WVS_Wave_1
133,Argentina,Female,26.0,26-35,Christianity,Urban,1984,1,WVS_Wave_1
134,Argentina,Male,59.0,56-65,Christianity,Urban,1984,1,WVS_Wave_1
135,Argentina,Male,30.0,26-35,Christianity,Urban,1984,1,WVS_Wave_1
136,Argentina,Female,72.0,66+,Christianity,Urban,1984,1,WVS_Wave_1
137,Argentina,Female,66.0,66+,Christianity,Urban,1984,1,WVS_Wave_1
138,Argentina,Female,32.0,26-35,Christianity,Urban,1984,1,WVS_Wave_1
139,Argentina,Male,51.0,46-55,Christianity,Urban,1984,1,WVS_Wave_1
140,Argentina,Female,29.0,26-35,Judaism,Urban,1984,1,WVS_Wave_1
141,Argentina,Male,44.0,36-45,Christianity,Urban,1984,1,WVS_Wave_1
142,Argentina,Male,67.0,66+,Christianity,Urban,1984,1,WVS_Wave_1
143,Argentina,Male,40.0,36-45,Unaffiliated,Urban,1984,1,WVS_Wave_1
144,Argentina,Female,78.0,66+,Judaism,Urban,1984,1,WVS_Wave_1
145,Argentina,Female,38.0,36-45,Christianity,Urban,1984,1,WVS_Wave_1
146,Argentina,Male,32.0,26-35,Christianity,Urban,1984,1,WVS_Wave_1
147,Argentina,Male,50.0,46-55,Judaism,Urban,1984,1,WVS_Wave_1
148,Argentina,Female,60.0,56-65,Judaism,Urban,1984,1,WVS_Wave_1
149,Argentina,Male,31.0,26-35,Unaffiliated,Urban,1984,1,WVS_Wave_1
150,Argentina,Female,75.0,66+,Christianity,Urban,1984,1,WVS_Wave_1
151,Argentina,Female,35.0,26-35,Christianity,Urban,1984,1,WVS_Wave_1
152,Argentina,Female,45.0,36-45,Christianity,Urban,1984,1,WVS_Wave_1
153,Argentina,Female,44.0,36-45,Christianity,Urban,1984,1,WVS_Wave_1
154,Argentina,Female,30.0,26-35,Unaffiliated,Urban,1984,1,WVS_Wave_1
155,Argentina,Male,65.0,56-65,Christianity,Urban,1984,1,WVS_Wave_1
156,Argentina,Female,20.0,18-25,Christianity,Urban,1984,1,WVS_Wave_1
157,Argentina,Male,36.0,36-45,Unaffiliated,Urban,1984,1,WVS_Wave_1
158,Argentina,Female,56.0,56-65,Christianity,Urban,1984,1,WVS_Wave_1
159,Argentina,Male,22.0,18-25,Unaffiliated,Urban,1984,1,WVS_Wave_1
160,Argentina,Male,62.0,56-65,Christianity,Urban,1984,1,WVS_Wave_1
161,Argentina,Female,42.0,36-45,Christianity,Urban,1984,1,WVS_Wave_1
162,Argentina,Female,55.0,46-55,Christianity,Urban,1984,1,WVS_Wave_1
163,Argentina,Male,69.0,66+,Christianity,Urban,1984,1,WVS_Wave_1
164,Argentina,Female,43.0,36-45,Christianity,Urban,1984,1,WVS_Wave_1
165,Argentina,Male,29.0,26-35,Unaffiliated,Urban,1984,1,WVS_Wave_1
166,Argentina,Female,52.0,46-55,Christianity,Urban,1984,1,WVS_Wave_1
167,Argentina,Male,24.0,18-25,Unaffiliated,Urban,1984,1,WVS_Wave_1
168,Argentina,Male,56.0,56-65,Unaffiliated,Urban,1984,1,WVS_Wave_1
169,Argentina,Male,38.0,36-45,Unaffiliated,Urban,1984,1,WVS_Wave_1
170,Argentina,Male,25.0,18-25,Christianity,Urban,1984,1,WVS_Wave_1
171,Argentina,Female,53.0,46-55,Christianity,Urban,1984,1,WVS_Wave_1
172,Argentina,Male,58.0,56-65,Christianity,Urban,1984,1,WVS_Wave_1
173,Argentina,Female,44.0,36-45,Christianity,Urban,1984,1,WVS_Wave_1
174,Argentina,Male,55.0,46-55,Christianity,Urban,1984,1,WVS_Wave_1
175,Argentina,Female,19.0,18-25,Unaffiliated,Urban,1984,1,WVS_Wave_1
176,Argentina,Female,75.0,66+,Christianity,Urban,1984,1,WVS_Wave_1
177,Argentina,Male,23.0,18-25,Christianity,Urban,1984,1,WVS_Wave_1
178,Argentina,Female,26.0,26-35,Christianity,Urban,1984,1,WVS_Wave_1
179,Argentina,Male,31.0,26-35,Christianity,Urban,1984,1,WVS_Wave_1
180,Argentina,Male,58.0,56-65,Christianity,Urban,1984,1,WVS_Wave_1
181,Argentina,Male,71.0,66+,Christianity,Urban,1984,1,WVS_Wave_1
182,Argentina,Female,27.0,26-35,Christianity,Urban,1984,1,WVS_Wave_1
183,Argentina,Female,18.0,18-25,Christianity,Urban,1984,1,WVS_Wave_1
184,Argentina,Female,33.0,26-35,Christianity,Urban,1984,1,WVS_Wave_1
185,Argentina,Male,19.0,18-25,Christianity,Urban,1984,1,WVS_Wave_1
186,Argentina,Male,29.0,26-35,Christianity,Urban,1984,1,WVS_Wave_1
187,Argentina,Male,39.0,36-45,Unaffiliated,Urban,1984,1,WVS_Wave_1
188,Argentina,Female,53.0,46-55,Unaffiliated,Urban,1984,1,WVS_Wave_1
189,Argentina,Male,81.0,66+,Judaism,Urban,1984,1,WVS_Wave_1
190,Argentina,Male,22.0,18-25,Unaffiliated,Urban,1984,1,WVS_Wave_1
191,Argentina,Female,62.0,56-65,Judaism,Urban,1984,1,WVS_Wave_1
192,Argentina,Male,52.0,46-55,Judaism,Urban,1984,1,WVS_Wave_1
193,Argentina,Female,48.0,46-55,Judaism,Urban,1984,1,WVS_Wave_1
194,Argentina,Female,39.0,36-45,Unaffiliated,Urban,1984,1,WVS_Wave_1
195,Argentina,Female,34.0,26-35,Christianity,Urban,1984,1,WVS_Wave_1
196,Argentina,Male,43.0,36-45,Unaffiliated,Urban,1984,1,WVS_Wave_1
197,Argentina,Female,69.0,66+,Christianity,Urban,1984,1,WVS_Wave_1
198,Argentina,Female,20.0,18-25,Christianity,Urban,1984,1,WVS_Wave_1
199,Argentina,Male,66.0,66+,Christianity,Urban,1984,1,WVS_Wave_1
200,Argentina,Male,24.0,18-25,Christianity,Urban,1984,1,WVS_Wave_1
201,Argentina,Female,18.0,18-25,Unaffiliated,Urban,1984,1,WVS_Wave_1
202,Argentina,Female,76.0,66+,Christianity,Urban,1984,1,WVS_Wave_1
203,Argentina,Female,57.0,56-65,Unaffiliated,Urban,1984,1,WVS_Wave_1
204,Argentina,Male,47.0,46-55,Christianity,Urban,1984,1,WVS_Wave_1
205,Argentina,Female,64.0,56-65,Christianity,Urban,1984,1,WVS_Wave_1
206,Argentina,Female,46.0,46-55,Unaffiliated,Urban,1984,1,WVS_Wave_1
207,Argentina,Female,75.0,66+,Christianity,Urban,1984,1,WVS_Wave_1
208,Argentina,Male,21.0,18-25,Unaffiliated,Urban,1984,1,WVS_Wave_1
209,Argentina,Male,26.0,26-35,Unaffiliated,Urban,1984,1,WVS_Wave_1
210,Argentina,Male,25.0,18-25,Unaffiliated,Urban,1984,1,WVS_Wave_1
211,Argentina,Male,74.0,66+,Christianity,Urban,1984,1,WVS_Wave_1
212,Argentina,Female,72.0,66+,Christianity,Urban,1984,1,WVS_Wave_1
213,Argentina,Female,43.0,36-45,Christianity,Urban,1984,1,WVS_Wave_1
214,Argentina,Male,41.0,36-45,Unaffiliated,Urban,1984,1,WVS_Wave_1
215,Argentina,Female,23.0,18-25,Judaism,Urban,1984,1,WVS_Wave_1
216,Argentina,Male,27.0,26-35,Christianity,Urban,1984,1,WVS_Wave_1
217,Argentina,Female,72.0,66+,Christianity,Urban,1984,1,WVS_Wave_1
218,Argentina,Female,33.0,26-35,Christianity,Urban,1984,1,WVS_Wave_1
219,Argentina,Female,36.0,36-45,Christianity,Urban,1984,1,WVS_Wave_1
220,Argentina,Female,32.0,26-35,Christianity,Urban,1984,1,WVS_Wave_1
221,Argentina,Male,35.0,26-35,Christianity,Urban,1984,1,WVS_Wave_1
222,Argentina,Female,54.0,46-55,Christianity,Urban,1984,1,WVS_Wave_1
223,Argentina,Male,72.0,66+,Judaism,Urban,1984,1,WVS_Wave_1
224,Argentina,Male,25.0,18-25,Christianity,Urban,1984,1,WVS_Wave_1
225,Argentina,Male,24.0,18-25,Christianity,Urban,1984,1,WVS_Wave_1
226,Argentina,Female,44.0,36-45,Unaffiliated,Urban,1984,1,WVS_Wave_1
227,Argentina,Female,54.0,46-55,Christianity,Urban,1984,1,WVS_Wave_1
228,Argentina,Male,39.0,36-45,Unaffiliated,Urban,1984,1,WVS_Wave_1
229,Argentina,Female,56.0,56-65,Christianity,Urban,1984,1,WVS_Wave_1
230,Argentina,Female,71.0,66+,Christianity,Urban,1984,1,WVS_Wave_1
231,Argentina,Male,46.0,46-55,Christianity,Urban,1984,1,WVS_Wave_1
232,Argentina,Male,55.0,46-55,Christianity,Urban,1984,1,WVS_Wave_1
233,Argentina,Female,67.0,66+,Christianity,Urban,1984,1,WVS_Wave_1
234,Argentina,Female,24.0,18-25,Christianity,Urban,1984,1,WVS_Wave_1
235,Argentina,Male,25.0,18-25,Christianity,Urban,1984,1,WVS_Wave_1
236,Argentina,Female,38.0,36-45,Christianity,Urban,1984,1,WVS_Wave_1
237,Argentina,Female,56.0,56-65,Christianity,Urban,1984,1,WVS_Wave_1
238,Argentina,Male,70.0,66+,Christianity,Urban,1984,1,WVS_Wave_1
239,Argentina,Female,37.0,36-45,Unaffiliated,Urban,1984,1,WVS_Wave_1
240,Argentina,Male,63.0,56-65,Christianity,Urban,1984,1,WVS_Wave_1
241,Argentina,Male,24.0,18-25,Christianity,Urban,1984,1,WVS_Wave_1
242,Argentina,Male,39.0,36-45,Christianity,Urban,1984,1,WVS_Wave_1
243,Argentina,Female,31.0,26-35,Christianity,Urban,1984,1,WVS_Wave_1
244,Argentina,Male,36.0,36-45,Christianity,Urban,1984,1,WVS_Wave_1
245,Argentina,Male,27.0,26-35,Christianity,Urban,1984,1,WVS_Wave_1
246,Argentina,Female,47.0,46-55,Christianity,Urban,1984,1,WVS_Wave_1
247,Argentina,Female,24.0,18-25,Christianity,Urban,1984,1,WVS_Wave_1
248,Argentina,Female,49.0,46-55,Christianity,Urban,1984,1,WVS_Wave_1
249,Argentina,Female,70.0,66+,Christianity,Urban,1984,1,WVS_Wave_1
250,Argentina,Female,26.0,26-35,Christianity,Urban,1984,1,WVS_Wave_1
251,Argentina,Male,48.0,46-55,Judaism,Urban,1984,1,WVS_Wave_1
252,Argentina,Male,63.0,56-65,Christianity,Urban,1984,1,WVS_Wave_1
253,Argentina,Male,22.0,18-25,Unaffiliated,Urban,1984,1,WVS_Wave_1
254,Argentina,Male,27.0,26-35,Unaffiliated,Urban,1984,1,WVS_Wave_1
255,Argentina,Female,43.0,36-45,Christianity,Urban,1984,1,WVS_Wave_1
256,Argentina,Female,58.0,56-65,Christianity,Urban,1984,1,WVS_Wave_1
257,Argentina,Male,69.0,66+,Unaffiliated,Urban,1984,1,WVS_Wave_1
258,Argentina,Female,19.0,18-25,Christianity,Urban,1984,1,WVS_Wave_1
259,Argentina,Male,37.0,36-45,Christianity,Urban,1984,1,WVS_Wave_1
260,Argentina,Female,40.0,36-45,Christianity,Urban,1984,1,WVS_Wave_1
261,Argentina,Female,32.0,26-35,Christianity,Urban,1984,1,WVS_Wave_1
262,Argentina,Female,64.0,56-65,Christianity,Urban,1984,1,WVS_Wave_1
263,Argentina,Male,47.0,46-55,Christianity,Urban,1984,1,WVS_Wave_1
264,Argentina,Male,19.0,18-25,Christianity,Urban,1984,1,WVS_Wave_1
265,Argentina,Female,25.0,18-25,Christianity,Urban,1984,1,WVS_Wave_1
266,Argentina,Male,68.0,66+,Christianity,Urban,1984,1,WVS_Wave_1
267,Argentina,Male,31.0,26-35,Christianity,Urban,1984,1,WVS_Wave_1
268,Argentina,Female,22.0,18-25,Christianity,Urban,1984,1,WVS_Wave_1
269,Argentina,Female,32.0,26-35,Christianity,Urban,1984,1,WVS_Wave_1
270,Argentina,Male,54.0,46-55,Christianity,Urban,1984,1,WVS_Wave_1
271,Argentina,Male,35.0,26-35,Christianity,Urban,1984,1,WVS_Wave_1
272,Argentina,Female,30.0,26-35,Christianity,Urban,1984,1,WVS_Wave_1
273,Argentina,Male,21.0,18-25,Christianity,Urban,1984,1,WVS_Wave_1
274,Argentina,Male,55.0,46-55,Christianity,Urban,1984,1,WVS_Wave_1
275,Argentina,Female,48.0,46-55,Christianity,Urban,1984,1,WVS_Wave_1
276,Argentina,Male,45.0,36-45,Christianity,Urban,1984,1,WVS_Wave_1
277,Argentina,Female,46.0,46-55,Christianity,Urban,1984,1,WVS_Wave_1
278,Argentina,Male,65.0,56-65,Christianity,Urban,1984,1,WVS_Wave_1
279,Argentina,Male,29.0,26-35,Christianity,Urban,1984,1,WVS_Wave_1
280,Argentina,Female,22.0,18-25,Christianity,Urban,1984,1,WVS_Wave_1
281,Argentina,Female,64.0,56-65,Christianity,Urban,1984,1,WVS_Wave_1
282,Argentina,Female,62.0,56-65,Christianity,Urban,1984,1,WVS_Wave_1
283,Argentina,Male,24.0,18-25,Christianity,Urban,1984,1,WVS_Wave_1
284,Argentina,Male,46.0,46-55,Christianity,Urban,1984,1,WVS_Wave_1
285,Argentina,Female,66.0,66+,Christianity,Urban,1984,1,WVS_Wave_1
286,Argentina,Female,27.0,26-35,Christianity,Urban,1984,1,WVS_Wave_1
287,Argentina,Female,22.0,18-25,Christianity,Urban,1984,1,WVS_Wave_1
288,Argentina,Male,46.0,46-55,Christianity,Urban,1984,1,WVS_Wave_1
289,Argentina,Female,47.0,46-55,Christianity,Urban,1984,1,WVS_Wave_1
290,Argentina,Male,65.0,56-65,Judaism,Urban,1984,1,WVS_Wave_1
291,Argentina,Male,32.0,26-35,Unaffiliated,Urban,1984,1,WVS_Wave_1
292,Argentina,Female,39.0,36-45,Christianity,Urban,1984,1,WVS_Wave_1
293,Argentina,Male,30.0,26-35,Unaffiliated,Urban,1984,1,WVS_Wave_1
294,Argentina,Female,24.0,18-25,Christianity,Urban,1984,1,WVS_Wave_1
295,Argentina,Male,22.0,18-25,Christianity,Urban,1984,1,WVS_Wave_1
296,Argentina,Male,34.0,26-35,Christianity,Urban,1984,1,WVS_Wave_1
297,Argentina,Male,34.0,26-35,Christianity,Urban,1984,1,WVS_Wave_1
298,Argentina,Male,24.0,18-25,Christianity,Urban,1984,1,WVS_Wave_1
299,Argentina,Female,25.0,18-25,Christianity,Urban,1984,1,WVS_Wave_1
300,Argentina,Male,30.0,26-35,Christianity,Urban,1984,1,WVS_Wave_1
301,Argentina,Female,25.0,18-25,Christianity,Urban,1984,1,WVS_Wave_1
302,Argentina,Male,44.0,36-45,Unaffiliated,Urban,1984,1,WVS_Wave_1
303,Argentina,Male,55.0,46-55,Christianity,Urban,1984,1,WVS_Wave_1
304,Argentina,Female,52.0,46-55,Christianity,Urban,1984,1,WVS_Wave_1
305,Argentina,Male,32.0,26-35,Christianity,Urban,1984,1,WVS_Wave_1
306,Argentina,Female,65.0,56-65,Christianity,Urban,1984,1,WVS_Wave_1
307,Argentina,Female,24.0,18-25,Christianity,Urban,1984,1,WVS_Wave_1
308,Argentina,Male,44.0,36-45,Christianity,Urban,1984,1,WVS_Wave_1
309,Argentina,Male,33.0,26-35,Christianity,Urban,1984,1,WVS_Wave_1
310,Argentina,Male,39.0,36-45,Christianity,Urban,1984,1,WVS_Wave_1
311,Argentina,Male,31.0,26-35,Christianity,Urban,1984,1,WVS_Wave_1
312,Argentina,Female,62.0,56-65,Christianity,Urban,1984,1,WVS_Wave_1
313,Argentina,Female,22.0,18-25,Christianity,Urban,1984,1,WVS_Wave_1
314,Argentina,Female,54.0,46-55,Christianity,Urban,1984,1,WVS_Wave_1
315,Argentina,Female,55.0,46-55,Christianity,Urban,1984,1,WVS_Wave_1
316,Argentina,Female,54.0,46-55,Christianity,Urban,1984,1,WVS_Wave_1
317,Argentina,Male,42.0,36-45,Christianity,Urban,1984,1,WVS_Wave_1
318,Argentina,Female,42.0,36-45,Christianity,Urban,1984,1,WVS_Wave_1
319,Argentina,Female,23.0,18-25,Christianity,Urban,1984,1,WVS_Wave_1
320,Argentina,Male,35.0,26-35,Christianity,Urban,1984,1,WVS_Wave_1
321,Argentina,Male,23.0,18-25,Christianity,Urban,1984,1,WVS_Wave_1
322,Argentina,Female,40.0,36-45,Christianity,Urban,1984,1,WVS_Wave_1
323,Argentina,Male,79.0,66+,Christianity,Urban,1984,1,WVS_Wave_1
324,Argentina,Male,45.0,36-45,Christianity,Urban,1984,1,WVS_Wave_1
325,Argentina,Male,23.0,18-25,Christianity,Urban,1984,1,WVS_Wave_1
326,Argentina,Female,32.0,26-35,Christianity,Urban,1984,1,WVS_Wave_1
327,Argentina,Female,47.0,46-55,Christianity,Urban,1984,1,WVS_Wave_1
328,Argentina,Female,59.0,56-65,Christianity,Urban,1984,1,WVS_Wave_1
329,Argentina,Male,20.0,18-25,Christianity,Urban,1984,1,WVS_Wave_1
330,Argentina,Female,25.0,18-25,Christianity,Urban,1984,1,WVS_Wave_1
331,Argentina,Female,34.0,26-35,Christianity,Urban,1984,1,WVS_Wave_1
332,Argentina,Female,46.0,46-55,Christianity,Urban,1984,1,WVS_Wave_1
333,Argentina,Female,25.0,18-25,Christianity,Urban,1984,1,WVS_Wave_1
334,Argentina,Male,49.0,46-55,Christianity,Urban,1984,1,WVS_Wave_1
335,Argentina,Female,64.0,56-65,Christianity,Urban,1984,1,WVS_Wave_1
336,Argentina,Male,54.0,46-55,Unaffiliated,Urban,1984,1,WVS_Wave_1
337,Argentina,Male,62.0,56-65,Christianity,Urban,1984,1,WVS_Wave_1
338,Argentina,Female,21.0,18-25,Unaffiliated,Urban,1984,1,WVS_Wave_1
339,Argentina,Female,74.0,66+,Christianity,Urban,1984,1,WVS_Wave_1
340,Argentina,Male,27.0,26-35,Unaffiliated,Urban,1984,1,WVS_Wave_1
341,Argentina,Female,37.0,36-45,Christianity,Urban,1984,1,WVS_Wave_1
342,Argentina,Male,66.0,66+,Christianity,Urban,1984,1,WVS_Wave_1
343,Argentina,Female,56.0,56-65,Christianity,Urban,1984,1,WVS_Wave_1
344,Argentina,Male,54.0,46-55,Christianity,Urban,1984,1,WVS_Wave_1
345,Argentina,Male,41.0,36-45,Christianity,Urban,1984,1,WVS_Wave_1
346,Argentina,Female,66.0,66+,Christianity,Urban,1984,1,WVS_Wave_1
347,Argentina,Male,30.0,26-35,Christianity,Urban,1984,1,WVS_Wave_1
348,Argentina,Female,52.0,46-55,Christianity,Urban,1984,1,WVS_Wave_1
349,Argentina,Male,21.0,18-25,Christianity,Urban,1984,1,WVS_Wave_1
350,Argentina,Male,68.0,66+,Christianity,Urban,1984,1,WVS_Wave_1
351,Argentina,Male,40.0,36-45,Christianity,Urban,1984,1,WVS_Wave_1
352,Argentina,Male,19.0,18-25,Christianity,Urban,1984,1,WVS_Wave_1
353,Argentina,Male,33.0,26-35,Unaffiliated,Urban,1984,1,WVS_Wave_1
354,Argentina,Female,42.0,36-45,Christianity,Urban,1984,1,WVS_Wave_1
355,Argentina,Male,55.0,46-55,Unaffiliated,Urban,1984,1,WVS_Wave_1
356,Argentina,Female,72.0,66+,Christianity,Urban,1984,1,WVS_Wave_1
357,Argentina,Male,43.0,36-45,Christianity,Urban,1984,1,WVS_Wave_1
358,Argentina,Female,79.0,66+,Christianity,Urban,1984,1,WVS_Wave_1
359,Argentina,Female,20.0,18-25,Christianity,Urban,1984,1,WVS_Wave_1
360,Argentina,Male,31.0,26-35,Christianity,Urban,1984,1,WVS_Wave_1
361,Argentina,Female,31.0,26-35,Unaffiliated,Urban,1984,1,WVS_Wave_1
362,Argentina,Female,20.0,18-25,Christianity,Urban,1984,1,WVS_Wave_1
363,Argentina,Female,49.0,46-55,Christianity,Urban,1984,1,WVS_Wave_1
364,Argentina,Male,26.0,26-35,Christianity,Urban,1984,1,WVS_Wave_1
365,Argentina,Male,63.0,56-65,Christianity,Urban,1984,1,WVS_Wave_1
366,Argentina,Female,54.0,46-55,Christianity,Urban,1984,1,WVS_Wave_1
367,Argentina,Female,32.0,26-35,Christianity,Urban,1984,1,WVS_Wave_1
368,Argentina,Male,80.0,66+,Christianity,Urban,1984,1,WVS_Wave_1
369,Argentina,Female,74.0,66+,Judaism,Urban,1984,1,WVS_Wave_1
370,Argentina,Male,27.0,26-35,Unaffiliated,Urban,1984,1,WVS_Wave_1
371,Argentina,Female,46.0,46-55,Christianity,Urban,1984,1,WVS_Wave_1
372,Argentina,Male,45.0,36-45,Christianity,Urban,1984,1,WVS_Wave_1
373,Argentina,Female,49.0,46-55,Christianity,Urban,1984,1,WVS_Wave_1
374,Argentina,Female,31.0,26-35,Unaffiliated,Urban,1984,1,WVS_Wave_1
375,Argentina,Male,26.0,26-35,Unaffiliated,Urban,1984,1,WVS_Wave_1
376,Argentina,Female,29.0,26-35,Unaffiliated,Urban,1984,1,WVS_Wave_1
377,Argentina,Male,35.0,26-35,Christianity,Urban,1984,1,WVS_Wave_1
378,Argentina,Male,25.0,18-25,Christianity,Urban,1984,1,WVS_Wave_1
379,Argentina,Female,23.0,18-25,Christianity,Urban,1984,1,WVS_Wave_1
380,Argentina,Female,29.0,26-35,Christianity,Urban,1984,1,WVS_Wave_1
381,Argentina,Female,36.0,36-45,Christianity,Urban,1984,1,WVS_Wave_1
382,Argentina,Male,49.0,46-55,Christianity,Urban,1984,1,WVS_Wave_1
383,Argentina,Male,35.0,26-35,Christianity,Urban,1984,1,WVS_Wave_1
384,Argentina,Male,32.0,26-35,Unaffiliated,Urban,1984,1,WVS_Wave_1
385,Argentina,Male,24.0,18-25,Christianity,Urban,1984,1,WVS_Wave_1
386,Argentina,Male,22.0,18-25,Christianity,Urban,1984,1,WVS_Wave_1
387,Argentina,Female,34.0,26-35,Christianity,Urban,1984,1,WVS_Wave_1
388,Argentina,Female,21.0,18-25,Unaffiliated,Urban,1984,1,WVS_Wave_1
389,Argentina,Female,16.0,Under 18,Christianity,Urban,1984,1,WVS_Wave_1
390,Argentina,Female,20.0,18-25,Christianity,Urban,1984,1,WVS_Wave_1
391,Argentina,Female,24.0,18-25,Christianity,Urban,1984,1,WVS_Wave_1
392,Argentina,Male,38.0,36-45,Unaffiliated,Rural,1984,1,WVS_Wave_1
393,Argentina,Female,34.0,26-35,Unaffiliated,Urban,1984,1,WVS_Wave_1
394,Argentina,Male,17.0,Under 18,Christianity,Urban,1984,1,WVS_Wave_1
395,Argentina,Female,59.0,56-65,Christianity,Urban,1984,1,WVS_Wave_1
396,Argentina,Male,41.0,36-45,Christianity,Urban,1984,1,WVS_Wave_1
397,Argentina,Male,39.0,36-45,Unaffiliated,Urban,1984,1,WVS_Wave_1
398,Argentina,Male,47.0,46-55,Christianity,Urban,1984,1,WVS_Wave_1
399,Argentina,Female,46.0,46-55,Christianity,Urban,1984,1,WVS_Wave_1
400,Argentina,Male,50.0,46-55,Christianity,Urban,1984,1,WVS_Wave_1
401,Argentina,Male,36.0,36-45,Christianity,Urban,1984,1,WVS_Wave_1
402,Argentina,Female,34.0,26-35,Christianity,Urban,1984,1,WVS_Wave_1
403,Argentina,Female,35.0,26-35,Christianity,Urban,1984,1,WVS_Wave_1
404,Argentina,Female,36.0,36-45,Unaffiliated,Urban,1984,1,WVS_Wave_1
405,Argentina,Female,38.0,36-45,Christianity,Urban,1984,1,WVS_Wave_1
406,Argentina,Female,34.0,26-35,Christianity,Urban,1984,1,WVS_Wave_1
407,Argentina,Male,78.0,66+,Christianity,Urban,1984,1,WVS_Wave_1
408,Argentina,Female,41.0,36-45,Christianity,Urban,1984,1,WVS_Wave_1
409,Argentina,Male,52.0,46-55,Christianity,Urban,1984,1,WVS_Wave_1
410,Argentina,Female,24.0,18-25,Christianity,Urban,1984,1,WVS_Wave_1
411,Argentina,Male,28.0,26-35,Unaffiliated,Urban,1984,1,WVS_Wave_1
412,Argentina,Male,37.0,36-45,Unaffiliated,Urban,1984,1,WVS_Wave_1
413,Argentina,Male,38.0,36-45,Christianity,Urban,1984,1,WVS_Wave_1
414,Argentina,Male,26.0,26-35,Christianity,Urban,1984,1,WVS_Wave_1
415,Argentina,Male,21.0,18-25,Christianity,Urban,1984,1,WVS_Wave_1
416,Argentina,Male,39.0,36-45,Christianity,Urban,1984,1,WVS_Wave_1
417,Argentina,Male,63.0,56-65,Christianity,Urban,1984,1,WVS_Wave_1
418,Argentina,Male,32.0,26-35,Christianity,Urban,1984,1,WVS_Wave_1
419,Argentina,Male,34.0,26-35,Christianity,Urban,1984,1,WVS_Wave_1
420,Argentina,Male,46.0,46-55,Christianity,Urban,1984,1,WVS_Wave_1
421,Argentina,Female,36.0,36-45,Christianity,Urban,1984,1,WVS_Wave_1
422,Argentina,Female,47.0,46-55,Christianity,Urban,1984,1,WVS_Wave_1
423,Argentina,Female,40.0,36-45,Christianity,Urban,1984,1,WVS_Wave_1
424,Argentina,Male,64.0,56-65,Christianity,Urban,1984,1,WVS_Wave_1
425,Argentina,Female,37.0,36-45,Judaism,Urban,1984,1,WVS_Wave_1
426,Argentina,Female,55.0,46-55,Christianity,Urban,1984,1,WVS_Wave_1
427,Argentina,Male,59.0,56-65,Christianity,Urban,1984,1,WVS_Wave_1
428,Argentina,Male,34.0,26-35,Christianity,Urban,1984,1,WVS_Wave_1
429,Argentina,Female,63.0,56-65,Christianity,Urban,1984,1,WVS_Wave_1
430,Argentina,Male,61.0,56-65,Christianity,Urban,1984,1,WVS_Wave_1
431,Argentina,Female,55.0,46-55,Christianity,Urban,1984,1,WVS_Wave_1
432,Argentina,Male,21.0,18-25,Christianity,Urban,1984,1,WVS_Wave_1
433,Argentina,Female,32.0,26-35,Christianity,Urban,1984,1,WVS_Wave_1
434,Argentina,Male,47.0,46-55,Unaffiliated,Urban,1984,1,WVS_Wave_1
435,Argentina,Male,20.0,18-25,Christianity,Urban,1984,1,WVS_Wave_1
436,Argentina,Female,39.0,36-45,Christianity,Urban,1984,1,WVS_Wave_1
437,Argentina,Male,37.0,36-45,Unaffiliated,Urban,1984,1,WVS_Wave_1
438,Argentina,Male,33.0,26-35,Christianity,Urban,1984,1,WVS_Wave_1
439,Argentina,Female,83.0,66+,Christianity,Urban,1984,1,WVS_Wave_1
440,Argentina,Female,63.0,56-65,Judaism,Urban,1984,1,WVS_Wave_1
441,Argentina,Male,64.0,56-65,Christianity,Urban,1984,1,WVS_Wave_1
442,Argentina,Female,40.0,36-45,Judaism,Urban,1984,1,WVS_Wave_1
443,Argentina,Male,38.0,36-45,Unaffiliated,Urban,1984,1,WVS_Wave_1
444,Argentina,Male,41.0,36-45,Unaffiliated,Urban,1984,1,WVS_Wave_1
445,Argentina,Male,18.0,18-25,Christianity,Rural,1984,1,WVS_Wave_1
446,Argentina,Female,19.0,18-25,Unaffiliated,Urban,1984,1,WVS_Wave_1
447,Argentina,Female,25.0,18-25,Christianity,Urban,1984,1,WVS_Wave_1
448,Argentina,Male,32.0,26-35,Christianity,Urban,1984,1,WVS_Wave_1
449,Argentina,Female,66.0,66+,Christianity,Urban,1984,1,WVS_Wave_1
450,Argentina,Male,55.0,46-55,Christianity,Urban,1984,1,WVS_Wave_1
451,Argentina,Male,25.0,18-25,Christianity,Urban,1984,1,WVS_Wave_1
452,Argentina,Female,38.0,36-45,Christianity,Urban,1984,1,WVS_Wave_1
453,Argentina,Male,23.0,18-25,Christianity,Urban,1984,1,WVS_Wave_1
454,Argentina,Male,66.0,66+,Unaffiliated,Urban,1984,1,WVS_Wave_1
455,Argentina,Female,74.0,66+,Christianity,Urban,1984,1,WVS_Wave_1
456,Argentina,Female,25.0,18-25,Christianity,Urban,1984,1,WVS_Wave_1
457,Argentina,Female,34.0,26-35,Christianity,Urban,1984,1,WVS_Wave_1
458,Argentina,Male,37.0,36-45,Christianity,Urban,1984,1,WVS_Wave_1
459,Argentina,Male,52.0,46-55,Christianity,Urban,1984,1,WVS_Wave_1
460,Argentina,Female,46.0,46-55,Christianity,Urban,1984,1,WVS_Wave_1
461,Argentina,Female,34.0,26-35,Christianity,Urban,1984,1,WVS_Wave_1
462,Argentina,Male,78.0,66+,Christianity,Urban,1984,1,WVS_Wave_1
463,Argentina,Female,24.0,18-25,Judaism,Urban,1984,1,WVS_Wave_1
464,Argentina,Male,56.0,56-65,Unaffiliated,Urban,1984,1,WVS_Wave_1
465,Argentina,Female,38.0,36-45,Unaffiliated,Urban,1984,1,WVS_Wave_1
466,Argentina,Female,27.0,26-35,Christianity,Urban,1984,1,WVS_Wave_1
467,Argentina,Female,74.0,66+,Christianity,Urban,1984,1,WVS_Wave_1
468,Argentina,Female,22.0,18-25,Christianity,Urban,1984,1,WVS_Wave_1
469,Argentina,Male,66.0,66+,Christianity,Urban,1984,1,WVS_Wave_1
470,Argentina,Male,42.0,36-45,Unaffiliated,Urban,1984,1,WVS_Wave_1
471,Argentina,Female,28.0,26-35,Christianity,Urban,1984,1,WVS_Wave_1
472,Argentina,Female,54.0,46-55,Christianity,Urban,1984,1,WVS_Wave_1
473,Argentina,Male,26.0,26-35,Christianity,Urban,1984,1,WVS_Wave_1
474,Argentina,Female,30.0,26-35,Judaism,Urban,1984,1,WVS_Wave_1
475,Argentina,Female,37.0,36-45,Christianity,Urban,1984,1,WVS_Wave_1
476,Argentina,Male,55.0,46-55,Christianity,Urban,1984,1,WVS_Wave_1
477,Argentina,Male,35.0,26-35,Christianity,Urban,1984,1,WVS_Wave_1
478,Argentina,Male,57.0,56-65,Christianity,Urban,1984,1,WVS_Wave_1
479,Argentina,Female,65.0,56-65,Christianity,Urban,1984,1,WVS_Wave_1
480,Argentina,Male,40.0,36-45,Christianity,Urban,1984,1,WVS_Wave_1
481,Argentina,Male,22.0,18-25,Christianity,Urban,1984,1,WVS_Wave_1
482,Argentina,Female,22.0,18-25,Unaffiliated,Urban,1984,1,WVS_Wave_1
483,Argentina,Male,26.0,26-35,Buddhism,Urban,1984,1,WVS_Wave_1
484,Argentina,Male,29.0,26-35,Christianity,Urban,1984,1,WVS_Wave_1
485,Argentina,Female,31.0,26-35,Christianity,Urban,1984,1,WVS_Wave_1
486,Argentina,Female,36.0,36-45,Christianity,Urban,1984,1,WVS_Wave_1
487,Argentina,Male,34.0,26-35,Unaffiliated,Urban,1984,1,WVS_Wave_1
488,Argentina,Male,64.0,56-65,Christianity,Urban,1984,1,WVS_Wave_1
489,Argentina,Female,52.0,46-55,Christianity,Urban,1984,1,WVS_Wave_1
490,Argentina,Male,50.0,46-55,Unaffiliated,Urban,1984,1,WVS_Wave_1
491,Argentina,Male,29.0,26-35,Unaffiliated,Urban,1984,1,WVS_Wave_1
492,Argentina,Male,24.0,18-25,Christianity,Urban,1984,1,WVS_Wave_1
493,Argentina,Female,30.0,26-35,Christianity,Urban,1984,1,WVS_Wave_1
494,Argentina,Male,25.0,18-25,Christianity,Urban,1984,1,WVS_Wave_1
495,Argentina,Female,51.0,46-55,Christianity,Urban,1984,1,WVS_Wave_1
496,Argentina,Male,69.0,66+,Christianity,Urban,1984,1,WVS_Wave_1
497,Argentina,Female,69.0,66+,Christianity,Urban,1984,1,WVS_Wave_1
498,Argentina,Male,23.0,18-25,Unaffiliated,Urban,1984,1,WVS_Wave_1
499,Argentina,Male,39.0,36-45,Christianity,Urban,1984,1,WVS_Wave_1
500,Argentina,Female,21.0,18-25,Christianity,Urban,1984,1,WVS_Wave_1
501,Argentina,Female,67.0,66+,Christianity,Urban,1984,1,WVS_Wave_1
502,Argentina,Male,81.0,66+,Christianity,Urban,1984,1,WVS_Wave_1
503,Argentina,Male,35.0,26-35,Christianity,Urban,1984,1,WVS_Wave_1
504,Argentina,Male,25.0,18-25,Christianity,Urban,1984,1,WVS_Wave_1
505,Argentina,Female,35.0,26-35,Christianity,Urban,1984,1,WVS_Wave_1
506,Argentina,Female,23.0,18-25,Christianity,Urban,1984,1,WVS_Wave_1
507,Argentina,Male,29.0,26-35,Christianity,Urban,1984,1,WVS_Wave_1
508,Argentina,Female,34.0,26-35,Christianity,Urban,1984,1,WVS_Wave_1
509,Argentina,Female,41.0,36-45,Christianity,Urban,1984,1,WVS_Wave_1
510,Argentina,Male,30.0,26-35,Unaffiliated,Urban,1984,1,WVS_Wave_1
511,Argentina,Female,64.0,56-65,Christianity,Urban,1984,1,WVS_Wave_1
512,Argentina,Male,31.0,26-35,Christianity,Urban,1984,1,WVS_Wave_1
513,Argentina,Female,36.0,36-45,Christianity,Urban,1984,1,WVS_Wave_1
514,Argentina,Male,29.0,26-35,Christianity,Urban,1984,1,WVS_Wave_1
515,Argentina,Male,57.0,56-65,Christianity,Urban,1984,1,WVS_Wave_1
516,Argentina,Female,24.0,18-25,Christianity,Urban,1984,1,WVS_Wave_1
517,Argentina,Female,53.0,46-55,Christianity,Urban,1984,1,WVS_Wave_1
518,Argentina,Male,29.0,26-35,Christianity,Urban,1984,1,WVS_Wave_1
519,Argentina,Male,30.0,26-35,Christianity,Urban,1984,1,WVS_Wave_1
520,Argentina,Female,54.0,46-55,Christianity,Urban,1984,1,WVS_Wave_1
521,Argentina,Female,43.0,36-45,Christianity,Urban,1984,1,WVS_Wave_1
522,Argentina,Female,31.0,26-35,Christianity,Urban,1984,1,WVS_Wave_1
523,Argentina,Male,22.0,18-25,Judaism,Urban,1984,1,WVS_Wave_1
524,Argentina,Male,35.0,26-35,Unaffiliated,Urban,1984,1,WVS_Wave_1
525,Argentina,Female,55.0,46-55,Christianity,Urban,1984,1,WVS_Wave_1
526,Argentina,Male,54.0,46-55,Christianity,Urban,1984,1,WVS_Wave_1
527,Argentina,Female,30.0,26-35,Christianity,Urban,1984,1,WVS_Wave_1
528,Argentina,Female,51.0,46-55,Christianity,Urban,1984,1,WVS_Wave_1
529,Argentina,Male,32.0,26-35,Unaffiliated,Urban,1984,1,WVS_Wave_1
530,Argentina,Male,62.0,56-65,Christianity,Urban,1984,1,WVS_Wave_1
531,Argentina,Female,27.0,26-35,Christianity,Urban,1984,1,WVS_Wave_1
532,Argentina,Female,42.0,36-45,Christianity,Urban,1984,1,WVS_Wave_1
533,Argentina,Female,23.0,18-25,Christianity,Urban,1984,1,WVS_Wave_1
534,Argentina,Male,30.0,26-35,Unaffiliated,Urban,1984,1,WVS_Wave_1
535,Argentina,Female,28.0,26-35,Christianity,Urban,1984,1,WVS_Wave_1
536,Argentina,Female,62.0,56-65,Christianity,Urban,1984,1,WVS_Wave_1
537,Argentina,Male,64.0,56-65,Unaffiliated,Urban,1984,1,WVS_Wave_1
538,Argentina,Female,27.0,26-35,Christianity,Rural,1984,1,WVS_Wave_1
539,Argentina,Male,66.0,66+,Unaffiliated,Urban,1984,1,WVS_Wave_1
540,Argentina,Female,58.0,56-65,Christianity,Urban,1984,1,WVS_Wave_1
541,Argentina,Female,74.0,66+,Christianity,Urban,1984,1,WVS_Wave_1
542,Argentina,Male,54.0,46-55,Unaffiliated,Urban,1984,1,WVS_Wave_1
543,Argentina,Female,20.0,18-25,Christianity,Urban,1984,1,WVS_Wave_1
544,Argentina,Male,67.0,66+,Christianity,Urban,1984,1,WVS_Wave_1
545,Argentina,Male,28.0,26-35,Unaffiliated,Urban,1984,1,WVS_Wave_1
546,Argentina,Female,54.0,46-55,Christianity,Urban,1984,1,WVS_Wave_1
547,Argentina,Female,39.0,36-45,Christianity,Urban,1984,1,WVS_Wave_1
548,Argentina,Female,29.0,26-35,Christianity,Urban,1984,1,WVS_Wave_1
549,Argentina,Male,24.0,18-25,Christianity,Urban,1984,1,WVS_Wave_1
550,Argentina,Male,44.0,36-45,Christianity,Urban,1984,1,WVS_Wave_1
551,Argentina,Male,60.0,56-65,Christianity,Urban,1984,1,WVS_Wave_1
552,Argentina,Female,76.0,66+,Christianity,Urban,1984,1,WVS_Wave_1
553,Argentina,Female,19.0,18-25,Christianity,Urban,1984,1,WVS_Wave_1
554,Argentina,Male,33.0,26-35,Christianity,Urban,1984,1,WVS_Wave_1
555,Argentina,Female,60.0,56-65,Christianity,Urban,1984,1,WVS_Wave_1
556,Argentina,Female,36.0,36-45,Christianity,Urban,1984,1,WVS_Wave_1
557,Argentina,Male,25.0,18-25,Unaffiliated,Urban,1984,1,WVS_Wave_1
558,Argentina,Male,22.0,18-25,Unaffiliated,Urban,1984,1,WVS_Wave_1
559,Argentina,Female,45.0,36-45,Christianity,Urban,1984,1,WVS_Wave_1
560,Argentina,Male,58.0,56-65,Christianity,Urban,1984,1,WVS_Wave_1
561,Argentina,Female,33.0,26-35,Christianity,Urban,1984,1,WVS_Wave_1
562,Argentina,Male,45.0,36-45,Christianity,Urban,1984,1,WVS_Wave_1
563,Argentina,Female,24.0,18-25,Christianity,Urban,1984,1,WVS_Wave_1
564,Argentina,Female,42.0,36-45,Christianity,Urban,1984,1,WVS_Wave_1
565,Argentina,Female,50.0,46-55,Christianity,Urban,1984,1,WVS_Wave_1
566,Argentina,Male,34.0,26-35,Christianity,Urban,1984,1,WVS_Wave_1
567,Argentina,Male,29.0,26-35,Christianity,Urban,1984,1,WVS_Wave_1
568,Argentina,Male,22.0,18-25,Christianity,Urban,1984,1,WVS_Wave_1
569,Argentina,Female,25.0,18-25,Christianity,Urban,1984,1,WVS_Wave_1
570,Argentina,Female,38.0,36-45,Christianity,Urban,1984,1,WVS_Wave_1
571,Argentina,Male,22.0,18-25,Christianity,Urban,1984,1,WVS_Wave_1
572,Argentina,Female,65.0,56-65,Christianity,Urban,1984,1,WVS_Wave_1
573,Argentina,Female,21.0,18-25,Christianity,Urban,1984,1,WVS_Wave_1
574,Argentina,Female,35.0,26-35,Christianity,Urban,1984,1,WVS_Wave_1
575,Argentina,Female,58.0,56-65,Christianity,Urban,1984,1,WVS_Wave_1
576,Argentina,Male,27.0,26-35,Christianity,Urban,1984,1,WVS_Wave_1
577,Argentina,Male,67.0,66+,Christianity,Urban,1984,1,WVS_Wave_1
578,Argentina,Male,34.0,26-35,Unaffiliated,Urban,1984,1,WVS_Wave_1
579,Argentina,Female,45.0,36-45,Christianity,Urban,1984,1,WVS_Wave_1
580,Argentina,Male,19.0,18-25,Christianity,Urban,1984,1,WVS_Wave_1
581,Argentina,Female,32.0,26-35,Christianity,Urban,1984,1,WVS_Wave_1
582,Argentina,Male,50.0,46-55,Christianity,Urban,1984,1,WVS_Wave_1
583,Argentina,Female,51.0,46-55,Christianity,Urban,1984,1,WVS_Wave_1
584,Argentina,Female,37.0,36-45,Christianity,Urban,1984,1,WVS_Wave_1
585,Argentina,Male,25.0,18-25,Christianity,Urban,1984,1,WVS_Wave_1
586,Argentina,Female,19.0,18-25,Christianity,Urban,1984,1,WVS_Wave_1
587,Argentina,Male,32.0,26-35,Christianity,Urban,1984,1,WVS_Wave_1
588,Argentina,Female,28.0,26-35,Christianity,Urban,1984,1,WVS_Wave_1
589,Argentina,Male,54.0,46-55,Christianity,Urban,1984,1,WVS_Wave_1
590,Argentina,Female,69.0,66+,Christianity,Urban,1984,1,WVS_Wave_1
591,Argentina,Male,19.0,18-25,Christianity,Urban,1984,1,WVS_Wave_1
592,Argentina,Male,38.0,36-45,Christianity,Urban,1984,1,WVS_Wave_1
593,Argentina,Female,21.0,18-25,Christianity,Urban,1984,1,WVS_Wave_1
594,Argentina,Female,63.0,56-65,Christianity,Urban,1984,1,WVS_Wave_1
595,Argentina,Female,36.0,36-45,Christianity,Urban,1984,1,WVS_Wave_1
596,Argentina,Male,66.0,66+,Christianity,Urban,1984,1,WVS_Wave_1
597,Argentina,Male,26.0,26-35,Christianity,Urban,1984,1,WVS_Wave_1
598,Argentina,Female,49.0,46-55,Christianity,Urban,1984,1,WVS_Wave_1
599,Argentina,Male,24.0,18-25,Unaffiliated,Urban,1984,1,WVS_Wave_1
600,Argentina,Male,49.0,46-55,Christianity,Urban,1984,1,WVS_Wave_1
601,Argentina,Female,34.0,26-35,Christianity,Urban,1984,1,WVS_Wave_1
602,Argentina,Male,32.0,26-35,Christianity,Urban,1984,1,WVS_Wave_1
603,Argentina,Female,53.0,46-55,Christianity,Urban,1984,1,WVS_Wave_1
604,Argentina,Male,31.0,26-35,Christianity,Urban,1984,1,WVS_Wave_1
605,Argentina,Female,18.0,18-25,Christianity,Urban,1984,1,WVS_Wave_1
606,Argentina,Female,35.0,26-35,Unaffiliated,Urban,1984,1,WVS_Wave_1
607,Argentina,Male,29.0,26-35,Unaffiliated,Urban,1984,1,WVS_Wave_1
608,Argentina,Male,19.0,18-25,Christianity,Urban,1984,1,WVS_Wave_1
609,Argentina,Female,27.0,26-35,Unaffiliated,Urban,1984,1,WVS_Wave_1
610,Argentina,Male,50.0,46-55,Christianity,Urban,1984,1,WVS_Wave_1
611,Argentina,Female,49.0,46-55,Christianity,Urban,1984,1,WVS_Wave_1
612,Argentina,Female,31.0,26-35,Christianity,Urban,1984,1,WVS_Wave_1
613,Argentina,Male,24.0,18-25,Christianity,Urban,1984,1,WVS_Wave_1
614,Argentina,Male,48.0,46-55,Christianity,Urban,1984,1,WVS_Wave_1
615,Argentina,Female,19.0,18-25,Christianity,Urban,1984,1,WVS_Wave_1
616,Argentina,Female,46.0,46-55,Christianity,Urban,1984,1,WVS_Wave_1
617,Argentina,Male,67.0,66+,Christianity,Urban,1984,1,WVS_Wave_1
618,Argentina,Male,28.0,26-35,Christianity,Urban,1984,1,WVS_Wave_1
619,Argentina,Male,65.0,56-65,Christianity,Urban,1984,1,WVS_Wave_1
620,Argentina,Female,67.0,66+,Christianity,Urban,1984,1,WVS_Wave_1
621,Argentina,Male,45.0,36-45,Christianity,Urban,1984,1,WVS_Wave_1
622,Argentina,Female,29.0,26-35,Christianity,Urban,1984,1,WVS_Wave_1
623,Argentina,Female,50.0,46-55,Christianity,Urban,1984,1,WVS_Wave_1
624,Argentina,Male,18.0,18-25,Christianity,Urban,1984,1,WVS_Wave_1
625,Argentina,Female,24.0,18-25,Christianity,Urban,1984,1,WVS_Wave_1
626,Argentina,Male,44.0,36-45,Christianity,Urban,1984,1,WVS_Wave_1
627,Argentina,Female,48.0,46-55,Christianity,Urban,1984,1,WVS_Wave_1
628,Argentina,Male,34.0,26-35,Christianity,Urban,1984,1,WVS_Wave_1
629,Argentina,Male,64.0,56-65,Christianity,Urban,1984,1,WVS_Wave_1
630,Argentina,Female,46.0,46-55,Christianity,Urban,1984,1,WVS_Wave_1
631,Argentina,Female,34.0,26-35,Christianity,Urban,1984,1,WVS_Wave_1
632,Argentina,Male,24.0,18-25,Judaism,Urban,1984,1,WVS_Wave_1
633,Argentina,Male,64.0,56-65,Christianity,Urban,1984,1,WVS_Wave_1
634,Argentina,Male,45.0,36-45,Christianity,Urban,1984,1,WVS_Wave_1
635,Argentina,Female,22.0,18-25,Christianity,Urban,1984,1,WVS_Wave_1
636,Argentina,Female,55.0,46-55,Unaffiliated,Urban,1984,1,WVS_Wave_1
637,Argentina,Male,65.0,56-65,Christianity,Urban,1984,1,WVS_Wave_1
638,Argentina,Male,27.0,26-35,Christianity,Urban,1984,1,WVS_Wave_1
639,Argentina,Female,37.0,36-45,Christianity,Urban,1984,1,WVS_Wave_1
640,Argentina,Male,37.0,36-45,Christianity,Urban,1984,1,WVS_Wave_1
641,Argentina,Male,34.0,26-35,Christianity,Urban,1984,1,WVS_Wave_1
642,Argentina,Female,28.0,26-35,Christianity,Urban,1984,1,WVS_Wave_1
643,Argentina,Female,62.0,56-65,Judaism,Urban,1984,1,WVS_Wave_1
644,Argentina,Female,60.0,56-65,Christianity,Urban,1984,1,WVS_Wave_1
645,Argentina,Female,34.0,26-35,Christianity,Urban,1984,1,WVS_Wave_1
646,Argentina,Male,46.0,46-55,Christianity,Urban,1984,1,WVS_Wave_1
647,Argentina,Female,38.0,36-45,Christianity,Urban,1984,1,WVS_Wave_1
648,Argentina,Male,28.0,26-35,Christianity,Urban,1984,1,WVS_Wave_1
649,Argentina,Male,18.0,18-25,Christianity,Urban,1984,1,WVS_Wave_1
650,Argentina,Female,21.0,18-25,Christianity,Urban,1984,1,WVS_Wave_1
651,Argentina,Female,44.0,36-45,Christianity,Urban,1984,1,WVS_Wave_1
652,Argentina,Female,51.0,46-55,Christianity,Urban,1984,1,WVS_Wave_1
653,Argentina,Male,66.0,66+,Christianity,Urban,1984,1,WVS_Wave_1
654,Argentina,Male,26.0,26-35,Christianity,Urban,1984,1,WVS_Wave_1
655,Argentina,Female,23.0,18-25,Christianity,Urban,1984,1,WVS_Wave_1
656,Argentina,Male,34.0,26-35,Christianity,Urban,1984,1,WVS_Wave_1
657,Argentina,Male,67.0,66+,Christianity,Urban,1984,1,WVS_Wave_1
658,Argentina,Male,48.0,46-55,Christianity,Urban,1984,1,WVS_Wave_1
659,Argentina,Female,48.0,46-55,Unaffiliated,Urban,1984,1,WVS_Wave_1
660,Argentina,Male,28.0,26-35,Christianity,Urban,1984,1,WVS_Wave_1
661,Argentina,Female,24.0,18-25,Christianity,Urban,1984,1,WVS_Wave_1
662,Argentina,Female,35.0,26-35,Christianity,Urban,1984,1,WVS_Wave_1
663,Argentina,Female,22.0,18-25,Christianity,Urban,1984,1,WVS_Wave_1
664,Argentina,Male,67.0,66+,Christianity,Urban,1984,1,WVS_Wave_1
665,Argentina,Male,21.0,18-25,Christianity,Urban,1984,1,WVS_Wave_1
666,Argentina,Female,23.0,18-25,Christianity,Urban,1984,1,WVS_Wave_1
667,Argentina,Female,26.0,26-35,Christianity,Urban,1984,1,WVS_Wave_1
668,Argentina,Male,32.0,26-35,Christianity,Urban,1984,1,WVS_Wave_1
669,Argentina,Female,42.0,36-45,Christianity,Urban,1984,1,WVS_Wave_1
670,Argentina,Female,49.0,46-55,Unaffiliated,Urban,1984,1,WVS_Wave_1
671,Argentina,Male,22.0,18-25,Unaffiliated,Urban,1984,1,WVS_Wave_1
672,Argentina,Female,58.0,56-65,Judaism,Urban,1984,1,WVS_Wave_1
673,Argentina,Male,75.0,66+,Christianity,Urban,1984,1,WVS_Wave_1
674,Argentina,Female,55.0,46-55,Christianity,Urban,1984,1,WVS_Wave_1
675,Argentina,Male,60.0,56-65,Christianity,Urban,1984,1,WVS_Wave_1
676,Argentina,Male,27.0,26-35,Christianity,Urban,1984,1,WVS_Wave_1
677,Argentina,Female,34.0,26-35,Christianity,Urban,1984,1,WVS_Wave_1
678,Argentina,Male,43.0,36-45,Christianity,Urban,1984,1,WVS_Wave_1
679,Argentina,Male,58.0,56-65,Unaffiliated,Urban,1984,1,WVS_Wave_1
680,Argentina,Female,72.0,66+,Christianity,Urban,1984,1,WVS_Wave_1
681,Argentina,Female,54.0,46-55,Christianity,Urban,1984,1,WVS_Wave_1
682,Argentina,Male,39.0,36-45,Christianity,Urban,1984,1,WVS_Wave_1
683,Argentina,Male,43.0,36-45,Christianity,Urban,1984,1,WVS_Wave_1
684,Argentina,Female,47.0,46-55,Christianity,Urban,1984,1,WVS_Wave_1
685,Argentina,Female,20.0,18-25,Christianity,Urban,1984,1,WVS_Wave_1
686,Argentina,Female,34.0,26-35,Christianity,Urban,1984,1,WVS_Wave_1
687,Argentina,Female,67.0,66+,Christianity,Urban,1984,1,WVS_Wave_1
688,Argentina,Male,62.0,56-65,Unaffiliated,Urban,1984,1,WVS_Wave_1
689,Argentina,Male,27.0,26-35,Christianity,Urban,1984,1,WVS_Wave_1
690,Argentina,Female,23.0,18-25,Christianity,Urban,1984,1,WVS_Wave_1
691,Argentina,Male,69.0,66+,Christianity,Urban,1984,1,WVS_Wave_1
692,Argentina,Male,23.0,18-25,Unaffiliated,Urban,1984,1,WVS_Wave_1
693,Argentina,Female,32.0,26-35,Christianity,Urban,1984,1,WVS_Wave_1
694,Argentina,Male,37.0,36-45,Christianity,Urban,1984,1,WVS_Wave_1
695,Argentina,Male,36.0,36-45,Christianity,Urban,1984,1,WVS_Wave_1
696,Argentina,Female,59.0,56-65,Christianity,Urban,1984,1,WVS_Wave_1
697,Argentina,Female,54.0,46-55,Christianity,Urban,1984,1,WVS_Wave_1
698,Argentina,Female,55.0,46-55,Christianity,Urban,1984,1,WVS_Wave_1
699,Argentina,Female,61.0,56-65,Christianity,Urban,1984,1,WVS_Wave_1
700,Argentina,Female,56.0,56-65,Christianity,Urban,1984,1,WVS_Wave_1
701,Argentina,Female,49.0,46-55,Christianity,Urban,1984,1,WVS_Wave_1
702,Argentina,Male,45.0,36-45,Christianity,Urban,1984,1,WVS_Wave_1
703,Argentina,Female,49.0,46-55,Christianity,Urban,1984,1,WVS_Wave_1
704,Argentina,Female,34.0,26-35,Christianity,Urban,1984,1,WVS_Wave_1
705,Argentina,Female,54.0,46-55,Christianity,Urban,1984,1,WVS_Wave_1
706,Argentina,Female,55.0,46-55,Christianity,Urban,1984,1,WVS_Wave_1
707,Argentina,Female,59.0,56-65,Christianity,Urban,1984,1,WVS_Wave_1
708,Argentina,Female,61.0,56-65,Christianity,Urban,1984,1,WVS_Wave_1
709,Argentina,Female,56.0,56-65,Christianity,Urban,1984,1,WVS_Wave_1
710,Argentina,Female,35.0,26-35,Christianity,Urban,1984,1,WVS_Wave_1
711,Argentina,Female,20.0,18-25,Christianity,Urban,1984,1,WVS_Wave_1
712,Argentina,Female,45.0,36-45,Christianity,Urban,1984,1,WVS_Wave_1
713,Argentina,Female,53.0,46-55,Christianity,Urban,1984,1,WVS_Wave_1
714,Argentina,Female,36.0,36-45,Christianity,Urban,1984,1,WVS_Wave_1
715,Argentina,Male,51.0,46-55,Christianity,Urban,1984,1,WVS_Wave_1
716,Argentina,Male,79.0,66+,Christianity,Urban,1984,1,WVS_Wave_1
717,Argentina,Female,28.0,26-35,Christianity,Urban,1984,1,WVS_Wave_1
718,Argentina,Female,39.0,36-45,Christianity,Urban,1984,1,WVS_Wave_1
719,Argentina,Female,63.0,56-65,Christianity,Urban,1984,1,WVS_Wave_1
720,Argentina,Male,31.0,26-35,Christianity,Urban,1984,1,WVS_Wave_1
721,Argentina,Female,48.0,46-55,Christianity,Urban,1984,1,WVS_Wave_1
722,Argentina,Male,67.0,66+,Christianity,Urban,1984,1,WVS_Wave_1
723,Argentina,Male,39.0,36-45,Christianity,Urban,1984,1,WVS_Wave_1
724,Argentina,Male,47.0,46-55,Christianity,Urban,1984,1,WVS_Wave_1
725,Argentina,Male,37.0,36-45,Christianity,Urban,1984,1,WVS_Wave_1
726,Argentina,Male,32.0,26-35,Christianity,Urban,1984,1,WVS_Wave_1
727,Argentina,Male,21.0,18-25,Christianity,Urban,1984,1,WVS_Wave_1
728,Argentina,Male,21.0,18-25,Christianity,Urban,1984,1,WVS_Wave_1
729,Argentina,Male,22.0,18-25,Christianity,Urban,1984,1,WVS_Wave_1
730,Argentina,Male,24.0,18-25,Unaffiliated,Urban,1984,1,WVS_Wave_1
731,Argentina,Female,67.0,66+,Christianity,Urban,1984,1,WVS_Wave_1
732,Argentina,Male,74.0,66+,Christianity,Urban,1984,1,WVS_Wave_1
733,Argentina,Male,39.0,36-45,Christianity,Urban,1984,1,WVS_Wave_1
734,Argentina,Male,38.0,36-45,Christianity,Urban,1984,1,WVS_Wave_1
735,Argentina,Male,26.0,26-35,Judaism,Urban,1984,1,WVS_Wave_1
736,Argentina,Female,67.0,66+,Christianity,Urban,1984,1,WVS_Wave_1
737,Argentina,Female,36.0,36-45,Christianity,Urban,1984,1,WVS_Wave_1
738,Argentina,Male,20.0,18-25,Christianity,Urban,1984,1,WVS_Wave_1
739,Argentina,Male,59.0,56-65,Christianity,Urban,1984,1,WVS_Wave_1
740,Argentina,Male,33.0,26-35,Unaffiliated,Urban,1984,1,WVS_Wave_1
741,Argentina,Female,43.0,36-45,Christianity,Urban,1984,1,WVS_Wave_1
742,Argentina,Male,50.0,46-55,Christianity,Urban,1984,1,WVS_Wave_1
743,Argentina,Female,64.0,56-65,Christianity,Rural,1984,1,WVS_Wave_1
744,Argentina,Female,34.0,26-35,Christianity,Urban,1984,1,WVS_Wave_1
745,Argentina,Female,23.0,18-25,Christianity,Urban,1984,1,WVS_Wave_1
746,Argentina,Male,57.0,56-65,Christianity,Rural,1984,1,WVS_Wave_1
747,Argentina,Male,26.0,26-35,Christianity,Urban,1984,1,WVS_Wave_1
748,Argentina,Male,68.0,66+,Christianity,Rural,1984,1,WVS_Wave_1
749,Argentina,Male,22.0,18-25,Christianity,Urban,1984,1,WVS_Wave_1
750,Argentina,Female,38.0,36-45,Christianity,Urban,1984,1,WVS_Wave_1
751,Argentina,Male,53.0,46-55,Unaffiliated,Urban,1984,1,WVS_Wave_1
752,Argentina,Male,32.0,26-35,Unaffiliated,Urban,1984,1,WVS_Wave_1
753,Argentina,Female,21.0,18-25,Unaffiliated,Urban,1984,1,WVS_Wave_1
754,Argentina,Female,72.0,66+,Unaffiliated,Urban,1984,1,WVS_Wave_1
755,Argentina,Female,40.0,36-45,Christianity,Urban,1984,1,WVS_Wave_1
756,Argentina,Female,23.0,18-25,Christianity,Urban,1984,1,WVS_Wave_1
757,Argentina,Male,56.0,56-65,Christianity,Urban,1984,1,WVS_Wave_1
758,Argentina,Male,36.0,36-45,Christianity,Urban,1984,1,WVS_Wave_1
759,Argentina,Male,32.0,26-35,Unaffiliated,Urban,1984,1,WVS_Wave_1
760,Argentina,Female,35.0,26-35,Christianity,Urban,1984,1,WVS_Wave_1
761,Argentina,Male,40.0,36-45,Christianity,Urban,1984,1,WVS_Wave_1
762,Argentina,Female,52.0,46-55,Christianity,Rural,1984,1,WVS_Wave_1
763,Argentina,Male,64.0,56-65,Christianity,Urban,1984,1,WVS_Wave_1
764,Argentina,Male,25.0,18-25,Christianity,Urban,1984,1,WVS_Wave_1
765,Argentina,Male,42.0,36-45,Christianity,Rural,1984,1,WVS_Wave_1
766,Argentina,Male,48.0,46-55,Christianity,Urban,1984,1,WVS_Wave_1
767,Argentina,Female,64.0,56-65,Christianity,Urban,1984,1,WVS_Wave_1
768,Argentina,Female,25.0,18-25,Christianity,Urban,1984,1,WVS_Wave_1
769,Argentina,Male,24.0,18-25,Christianity,Urban,1984,1,WVS_Wave_1
770,Argentina,Female,27.0,26-35,Christianity,Urban,1984,1,WVS_Wave_1
771,Argentina,Female,47.0,46-55,Christianity,Urban,1984,1,WVS_Wave_1
772,Argentina,Female,24.0,18-25,Christianity,Urban,1984,1,WVS_Wave_1
773,Argentina,Female,66.0,66+,Christianity,Urban,1984,1,WVS_Wave_1
774,Argentina,Male,33.0,26-35,Christianity,Urban,1984,1,WVS_Wave_1
775,Argentina,Male,68.0,66+,Christianity,Urban,1984,1,WVS_Wave_1
776,Argentina,Female,43.0,36-45,Christianity,Urban,1984,1,WVS_Wave_1
777,Argentina,Male,27.0,26-35,Unaffiliated,Urban,1984,1,WVS_Wave_1
778,Argentina,Female,43.0,36-45,Christianity,Urban,1984,1,WVS_Wave_1
779,Argentina,Female,30.0,26-35,Christianity,Urban,1984,1,WVS_Wave_1
780,Argentina,Female,25.0,18-25,Christianity,Urban,1984,1,WVS_Wave_1
781,Argentina,Female,56.0,56-65,Christianity,Rural,1984,1,WVS_Wave_1
782,Argentina,Male,54.0,46-55,Christianity,Urban,1984,1,WVS_Wave_1
783,Argentina,Female,32.0,26-35,Christianity,Urban,1984,1,WVS_Wave_1
784,Argentina,Male,27.0,26-35,Christianity,Urban,1984,1,WVS_Wave_1
785,Argentina,Male,46.0,46-55,Christianity,Urban,1984,1,WVS_Wave_1
786,Argentina,Female,24.0,18-25,Christianity,Urban,1984,1,WVS_Wave_1
787,Argentina,Male,20.0,18-25,Christianity,Urban,1984,1,WVS_Wave_1
788,Argentina,Female,65.0,56-65,Christianity,Urban,1984,1,WVS_Wave_1
789,Argentina,Male,35.0,26-35,Unaffiliated,Urban,1984,1,WVS_Wave_1
790,Argentina,Male,63.0,56-65,Christianity,Urban,1984,1,WVS_Wave_1
791,Argentina,Female,34.0,26-35,Christianity,Urban,1984,1,WVS_Wave_1
792,Argentina,Female,25.0,18-25,Christianity,Urban,1984,1,WVS_Wave_1
793,Argentina,Male,29.0,26-35,Christianity,Urban,1984,1,WVS_Wave_1
794,Argentina,Male,67.0,66+,Christianity,Urban,1984,1,WVS_Wave_1
795,Argentina,Male,26.0,26-35,Christianity,Urban,1984,1,WVS_Wave_1
796,Argentina,Female,58.0,56-65,Christianity,Urban,1984,1,WVS_Wave_1
797,Argentina,Male,57.0,56-65,Christianity,Urban,1984,1,WVS_Wave_1
798,Argentina,Male,50.0,46-55,Unaffiliated,Urban,1984,1,WVS_Wave_1
799,Argentina,Female,36.0,36-45,Christianity,Rural,1984,1,WVS_Wave_1
800,Argentina,Female,46.0,46-55,Christianity,Urban,1984,1,WVS_Wave_1
801,Argentina,Female,31.0,26-35,Christianity,Urban,1984,1,WVS_Wave_1
802,Argentina,Male,25.0,18-25,Unaffiliated,Urban,1984,1,WVS_Wave_1
803,Argentina,Male,57.0,56-65,Christianity,Urban,1984,1,WVS_Wave_1
804,Argentina,Female,50.0,46-55,Christianity,Urban,1984,1,WVS_Wave_1
805,Argentina,Female,48.0,46-55,Christianity,Urban,1984,1,WVS_Wave_1
806,Argentina,Female,64.0,56-65,Christianity,Urban,1984,1,WVS_Wave_1
807,Argentina,Female,32.0,26-35,Christianity,Urban,1984,1,WVS_Wave_1
808,Argentina,Female,21.0,18-25,Christianity,Urban,1984,1,WVS_Wave_1
809,Argentina,Female,60.0,56-65,Christianity,Urban,1984,1,WVS_Wave_1
810,Argentina,Male,31.0,26-35,Christianity,Urban,1984,1,WVS_Wave_1
811,Argentina,Male,45.0,36-45,Christianity,Urban,1984,1,WVS_Wave_1
812,Argentina,Female,29.0,26-35,Christianity,Urban,1984,1,WVS_Wave_1
813,Argentina,Male,59.0,56-65,Unaffiliated,Urban,1984,1,WVS_Wave_1
814,Argentina,Male,31.0,26-35,Christianity,Urban,1984,1,WVS_Wave_1
815,Argentina,Male,38.0,36-45,Christianity,Urban,1984,1,WVS_Wave_1
816,Argentina,Female,22.0,18-25,Christianity,Urban,1984,1,WVS_Wave_1
817,Argentina,Female,24.0,18-25,Unaffiliated,Urban,1984,1,WVS_Wave_1
818,Argentina,Female,30.0,26-35,Christianity,Urban,1984,1,WVS_Wave_1
819,Argentina,Male,62.0,56-65,Christianity,Urban,1984,1,WVS_Wave_1
820,Argentina,Male,45.0,36-45,Unaffiliated,Urban,1984,1,WVS_Wave_1
821,Argentina,Female,50.0,46-55,Christianity,Urban,1984,1,WVS_Wave_1
822,Argentina,Male,25.0,18-25,Christianity,Urban,1984,1,WVS_Wave_1
823,Argentina,Male,40.0,36-45,Christianity,Rural,1984,1,WVS_Wave_1
824,Argentina,Female,18.0,18-25,Christianity,Urban,1984,1,WVS_Wave_1
825,Argentina,Female,29.0,26-35,Christianity,Urban,1984,1,WVS_Wave_1
826,Argentina,Male,23.0,18-25,Christianity,Urban,1984,1,WVS_Wave_1
827,Argentina,Female,29.0,26-35,Christianity,Urban,1984,1,WVS_Wave_1
828,Argentina,Female,36.0,36-45,Christianity,Urban,1984,1,WVS_Wave_1
829,Argentina,Female,62.0,56-65,Christianity,Urban,1984,1,WVS_Wave_1
830,Argentina,Male,32.0,26-35,Christianity,Urban,1984,1,WVS_Wave_1
831,Argentina,Female,67.0,66+,Christianity,Urban,1984,1,WVS_Wave_1
832,Argentina,Male,60.0,56-65,Christianity,Urban,1984,1,WVS_Wave_1
833,Argentina,Male,38.0,36-45,Christianity,Urban,1984,1,WVS_Wave_1
834,Argentina,Male,25.0,18-25,Christianity,Urban,1984,1,WVS_Wave_1
835,Argentina,Female,22.0,18-25,Christianity,Urban,1984,1,WVS_Wave_1
836,Argentina,Female,46.0,46-55,Christianity,Urban,1984,1,WVS_Wave_1
837,Argentina,Female,34.0,26-35,Christianity,Rural,1984,1,WVS_Wave_1
838,Argentina,Female,63.0,56-65,Christianity,Urban,1984,1,WVS_Wave_1
839,Argentina,Male,42.0,36-45,Christianity,Urban,1984,1,WVS_Wave_1
840,Argentina,Male,19.0,18-25,Christianity,Urban,1984,1,WVS_Wave_1
841,Argentina,Female,45.0,36-45,Christianity,Urban,1984,1,WVS_Wave_1
842,Argentina,Male,28.0,26-35,Christianity,Urban,1984,1,WVS_Wave_1
843,Argentina,Female,24.0,18-25,Christianity,Urban,1984,1,WVS_Wave_1
844,Argentina,Male,67.0,66+,Christianity,Urban,1984,1,WVS_Wave_1
845,Argentina,Male,64.0,56-65,Christianity,Urban,1984,1,WVS_Wave_1
846,Argentina,Male,34.0,26-35,Christianity,Urban,1984,1,WVS_Wave_1
847,Argentina,Female,28.0,26-35,Christianity,Urban,1984,1,WVS_Wave_1
848,Argentina,Male,20.0,18-25,Christianity,Urban,1984,1,WVS_Wave_1
849,Argentina,Female,48.0,46-55,Christianity,Urban,1984,1,WVS_Wave_1
850,Argentina,Female,62.0,56-65,Christianity,Urban,1984,1,WVS_Wave_1
851,Argentina,Female,67.0,66+,Christianity,Urban,1984,1,WVS_Wave_1
852,Argentina,Male,55.0,46-55,Christianity,Urban,1984,1,WVS_Wave_1
853,Argentina,Male,36.0,36-45,Christianity,Urban,1984,1,WVS_Wave_1
854,Argentina,Female,18.0,18-25,Christianity,Urban,1984,1,WVS_Wave_1
855,Argentina,Male,29.0,26-35,Christianity,Urban,1984,1,WVS_Wave_1
856,Argentina,Female,34.0,26-35,Christianity,Urban,1984,1,WVS_Wave_1
857,Argentina,Female,62.0,56-65,Christianity,Urban,1984,1,WVS_Wave_1
858,Argentina,Female,29.0,26-35,Christianity,Urban,1984,1,WVS_Wave_1
859,Argentina,Male,50.0,46-55,Christianity,Urban,1984,1,WVS_Wave_1
860,Argentina,Male,20.0,18-25,Christianity,Urban,1984,1,WVS_Wave_1
861,Argentina,Male,81.0,66+,Christianity,Urban,1984,1,WVS_Wave_1
862,Argentina,Female,45.0,36-45,Christianity,Urban,1984,1,WVS_Wave_1
863,Argentina,Male,28.0,26-35,Unaffiliated,Urban,1984,1,WVS_Wave_1
864,Argentina,Female,19.0,18-25,Christianity,Urban,1984,1,WVS_Wave_1
865,Argentina,Male,50.0,46-55,Christianity,Urban,1984,1,WVS_Wave_1
866,Argentina,Female,23.0,18-25,Unaffiliated,Urban,1984,1,WVS_Wave_1
867,Argentina,Male,35.0,26-35,Christianity,Urban,1984,1,WVS_Wave_1
868,Argentina,Female,75.0,66+,Christianity,Urban,1984,1,WVS_Wave_1
869,Argentina,Male,29.0,26-35,Christianity,Urban,1984,1,WVS_Wave_1
870,Argentina,Male,63.0,56-65,Unaffiliated,Urban,1984,1,WVS_Wave_1
871,Argentina,Male,29.0,26-35,Christianity,Urban,1984,1,WVS_Wave_1
872,Argentina,Female,29.0,26-35,Christianity,Urban,1984,1,WVS_Wave_1
873,Argentina,Male,30.0,26-35,Christianity,Urban,1984,1,WVS_Wave_1
874,Argentina,Female,45.0,36-45,Christianity,Urban,1984,1,WVS_Wave_1
875,Argentina,Female,63.0,56-65,Christianity,Urban,1984,1,WVS_Wave_1
876,Argentina,Male,28.0,26-35,Christianity,Urban,1984,1,WVS_Wave_1
877,Argentina,Male,64.0,56-65,Christianity,Urban,1984,1,WVS_Wave_1
878,Argentina,Female,36.0,36-45,Christianity,Urban,1984,1,WVS_Wave_1
879,Argentina,Female,23.0,18-25,Christianity,Urban,1984,1,WVS_Wave_1
880,Argentina,Male,68.0,66+,Christianity,Urban,1984,1,WVS_Wave_1
881,Argentina,Male,30.0,26-35,Christianity,Urban,1984,1,WVS_Wave_1
882,Argentina,Female,24.0,18-25,Christianity,Urban,1984,1,WVS_Wave_1
883,Argentina,Male,54.0,46-55,Christianity,Urban,1984,1,WVS_Wave_1
884,Argentina,Male,40.0,36-45,Christianity,Urban,1984,1,WVS_Wave_1
885,Argentina,Female,66.0,66+,Christianity,Urban,1984,1,WVS_Wave_1
886,Argentina,Male,23.0,18-25,Christianity,Urban,1984,1,WVS_Wave_1
887,Argentina,Female,63.0,56-65,Christianity,Urban,1984,1,WVS_Wave_1
888,Argentina,Female,42.0,36-45,Christianity,Urban,1984,1,WVS_Wave_1
889,Argentina,Male,42.0,36-45,Christianity,Urban,1984,1,WVS_Wave_1
890,Argentina,Female,34.0,26-35,Christianity,Urban,1984,1,WVS_Wave_1
891,Argentina,Male,66.0,66+,Christianity,Urban,1984,1,WVS_Wave_1
892,Argentina,Male,54.0,46-55,Christianity,Urban,1984,1,WVS_Wave_1
893,Argentina,Female,40.0,36-45,Unaffiliated,Urban,1984,1,WVS_Wave_1
894,Argentina,Male,25.0,18-25,Unaffiliated,Urban,1984,1,WVS_Wave_1
895,Argentina,Female,23.0,18-25,Christianity,Urban,1984,1,WVS_Wave_1
896,Argentina,Female,27.0,26-35,Christianity,Urban,1984,1,WVS_Wave_1
897,Argentina,Female,57.0,56-65,Christianity,Urban,1984,1,WVS_Wave_1
898,Argentina,Female,21.0,18-25,Unaffiliated,Urban,1984,1,WVS_Wave_1
899,Argentina,Male,30.0,26-35,Christianity,Urban,1984,1,WVS_Wave_1
900,Argentina,Male,20.0,18-25,Christianity,Urban,1984,1,WVS_Wave_1
901,Argentina,Male,33.0,26-35,Unaffiliated,Urban,1984,1,WVS_Wave_1
902,Argentina,Female,63.0,56-65,Christianity,Urban,1984,1,WVS_Wave_1
903,Argentina,Male,23.0,18-25,Christianity,Urban,1984,1,WVS_Wave_1
904,Argentina,Female,27.0,26-35,Christianity,Urban,1984,1,WVS_Wave_1
905,Argentina,Female,47.0,46-55,Christianity,Urban,1984,1,WVS_Wave_1
906,Argentina,Female,27.0,26-35,Christianity,Urban,1984,1,WVS_Wave_1
907,Argentina,Male,38.0,36-45,Christianity,Urban,1984,1,WVS_Wave_1
908,Argentina,Male,49.0,46-55,Unaffiliated,Urban,1984,1,WVS_Wave_1
909,Argentina,Female,67.0,66+,Christianity,Urban,1984,1,WVS_Wave_1
910,Argentina,Female,60.0,56-65,Christianity,Urban,1984,1,WVS_Wave_1
911,Argentina,Female,24.0,18-25,Christianity,Urban,1984,1,WVS_Wave_1
912,Argentina,Male,68.0,66+,Christianity,Urban,1984,1,WVS_Wave_1
913,Argentina,Female,30.0,26-35,Christianity,Urban,1984,1,WVS_Wave_1
914,Argentina,Female,64.0,56-65,Christianity,Urban,1984,1,WVS_Wave_1
915,Argentina,Female,53.0,46-55,Christianity,Urban,1984,1,WVS_Wave_1
916,Argentina,Male,29.0,26-35,Christianity,Urban,1984,1,WVS_Wave_1
917,Argentina,Male,25.0,18-25,Christianity,Urban,1984,1,WVS_Wave_1
918,Argentina,Female,34.0,26-35,Christianity,Urban,1984,1,WVS_Wave_1
919,Argentina,Male,21.0,18-25,Christianity,Urban,1984,1,WVS_Wave_1
920,Argentina,Male,54.0,46-55,Christianity,Urban,1984,1,WVS_Wave_1
921,Argentina,Male,26.0,26-35,Christianity,Urban,1984,1,WVS_Wave_1
922,Argentina,Female,24.0,18-25,Christianity,Urban,1984,1,WVS_Wave_1
923,Argentina,Female,35.0,26-35,Christianity,Urban,1984,1,WVS_Wave_1
924,Argentina,Female,64.0,56-65,Christianity,Urban,1984,1,WVS_Wave_1
925,Argentina,Male,35.0,26-35,Christianity,Urban,1984,1,WVS_Wave_1
926,Argentina,Female,48.0,46-55,Christianity,Urban,1984,1,WVS_Wave_1
927,Argentina,Male,20.0,18-25,Unaffiliated,Urban,1984,1,WVS_Wave_1
928,Argentina,Female,45.0,36-45,Christianity,Urban,1984,1,WVS_Wave_1
929,Argentina,Female,63.0,56-65,Judaism,Urban,1984,1,WVS_Wave_1
930,Argentina,Male,30.0,26-35,Unaffiliated,Urban,1984,1,WVS_Wave_1
931,Argentina,Female,38.0,36-45,Christianity,Urban,1984,1,WVS_Wave_1
932,Argentina,Female,23.0,18-25,Christianity,Urban,1984,1,WVS_Wave_1
933,Argentina,Male,71.0,66+,Christianity,Urban,1984,1,WVS_Wave_1
934,Argentina,Male,65.0,56-65,Christianity,Urban,1984,1,WVS_Wave_1
935,Argentina,Male,23.0,18-25,Christianity,Urban,1984,1,WVS_Wave_1
936,Argentina,Male,19.0,18-25,Christianity,Urban,1984,1,WVS_Wave_1
937,Argentina,Female,49.0,46-55,Judaism,Urban,1984,1,WVS_Wave_1
938,Argentina,Male,26.0,26-35,Unaffiliated,Urban,1984,1,WVS_Wave_1
939,Argentina,Female,22.0,18-25,Unaffiliated,Urban,1984,1,WVS_Wave_1
940,Argentina,Male,52.0,46-55,Christianity,Urban,1984,1,WVS_Wave_1
941,Argentina,Female,70.0,66+,Christianity,Urban,1984,1,WVS_Wave_1
942,Argentina,Male,49.0,46-55,Christianity,Urban,1984,1,WVS_Wave_1
943,Argentina,Male,73.0,66+,Christianity,Urban,1984,1,WVS_Wave_1
944,Argentina,Female,34.0,26-35,Christianity,Urban,1984,1,WVS_Wave_1
945,Argentina,Male,24.0,18-25,Christianity,Urban,1984,1,WVS_Wave_1
946,Argentina,Male,22.0,18-25,Christianity,Urban,1984,1,WVS_Wave_1
947,Argentina,Female,69.0,66+,Judaism,Urban,1984,1,WVS_Wave_1
948,Argentina,Male,44.0,36-45,Unaffiliated,Urban,1984,1,WVS_Wave_1
949,Argentina,Male,35.0,26-35,Unaffiliated,Urban,1984,1,WVS_Wave_1
950,Argentina,Male,23.0,18-25,Judaism,Urban,1984,1,WVS_Wave_1
951,Argentina,Female,48.0,46-55,Christianity,Urban,1984,1,WVS_Wave_1
952,Argentina,Male,32.0,26-35,Unaffiliated,Urban,1984,1,WVS_Wave_1
953,Argentina,Female,56.0,56-65,Christianity,Urban,1984,1,WVS_Wave_1
954,Argentina,Female,54.0,46-55,Christianity,Urban,1984,1,WVS_Wave_1
955,Argentina,Female,26.0,26-35,Unaffiliated,Urban,1984,1,WVS_Wave_1
956,Argentina,Female,57.0,56-65,Christianity,Urban,1984,1,WVS_Wave_1
957,Argentina,Female,17.0,Under 18,Unaffiliated,Urban,1984,1,WVS_Wave_1
958,Argentina,Female,34.0,26-35,Christianity,Urban,1984,1,WVS_Wave_1
959,Argentina,Female,45.0,36-45,Christianity,Urban,1984,1,WVS_Wave_1
960,Argentina,Female,47.0,46-55,Unaffiliated,Urban,1984,1,WVS_Wave_1
961,Argentina,Female,50.0,46-55,Christianity,Urban,1984,1,WVS_Wave_1
962,Argentina,Female,28.0,26-35,Christianity,Urban,1984,1,WVS_Wave_1
963,Argentina,Female,75.0,66+,Christianity,Urban,1984,1,WVS_Wave_1
964,Argentina,Female,33.0,26-35,Unaffiliated,Urban,1984,1,WVS_Wave_1
965,Argentina,Female,34.0,26-35,Christianity,Urban,1984,1,WVS_Wave_1
966,Argentina,Male,41.0,36-45,Christianity,Urban,1984,1,WVS_Wave_1
967,Argentina,Female,40.0,36-45,Christianity,Urban,1984,1,WVS_Wave_1
968,Argentina,Female,71.0,66+,Christianity,Urban,1984,1,WVS_Wave_1
969,Argentina,Female,37.0,36-45,Christianity,Urban,1984,1,WVS_Wave_1
970,Argentina,Male,29.0,26-35,Unaffiliated,Urban,1984,1,WVS_Wave_1
971,Argentina,Male,67.0,66+,Christianity,Urban,1984,1,WVS_Wave_1
972,Argentina,Female,52.0,46-55,Christianity,Urban,1984,1,WVS_Wave_1
973,Argentina,Male,19.0,18-25,Christianity,Urban,1984,1,WVS_Wave_1
974,Argentina,Female,33.0,26-35,Unaffiliated,Urban,1984,1,WVS_Wave_1
975,Argentina,Female,34.0,26-35,Christianity,Urban,1984,1,WVS_Wave_1
976,Argentina,Female,29.0,26-35,Christianity,Urban,1984,1,WVS_Wave_1
977,Argentina,Male,30.0,26-35,Christianity,Urban,1984,1,WVS_Wave_1
978,Argentina,Male,33.0,26-35,Unaffiliated,Urban,1984,1,WVS_Wave_1
979,Argentina,Female,55.0,46-55,Christianity,Urban,1984,1,WVS_Wave_1
980,Argentina,Male,41.0,36-45,Christianity,Urban,1984,1,WVS_Wave_1
981,Argentina,Female,54.0,46-55,Christianity,Urban,1984,1,WVS_Wave_1
982,Argentina,Female,51.0,46-55,Christianity,Urban,1984,1,WVS_Wave_1
983,Argentina,Female,32.0,26-35,Christianity,Urban,1984,1,WVS_Wave_1
984,Argentina,Male,55.0,46-55,Christianity,Urban,1984,1,WVS_Wave_1
985,Argentina,Female,22.0,18-25,Christianity,Urban,1984,1,WVS_Wave_1
986,Argentina,Female,52.0,46-55,Christianity,Urban,1984,1,WVS_Wave_1
987,Argentina,Male,42.0,36-45,Christianity,Urban,1984,1,WVS_Wave_1
988,Argentina,Male,70.0,66+,Christianity,Urban,1984,1,WVS_Wave_1
989,Argentina,Female,54.0,46-55,Unaffiliated,Urban,1984,1,WVS_Wave_1
990,Argentina,Female,45.0,36-45,Christianity,Urban,1984,1,WVS_Wave_1
991,Argentina,Male,32.0,26-35,Christianity,Urban,1984,1,WVS_Wave_1
992,Argentina,Female,81.0,66+,Christianity,Urban,1984,1,WVS_Wave_1
993,Argentina,Female,28.0,26-35,Christianity,Urban,1984,1,WVS_Wave_1
994,Argentina,Male,42.0,36-45,Christianity,Urban,1984,1,WVS_Wave_1
995,Argentina,Female,29.0,26-35,Christianity,Urban,1984,1,WVS_Wave_1
996,Argentina,Male,47.0,46-55,Christianity,Urban,1984,1,WVS_Wave_1
997,Argentina,Female,36.0,36-45,Christianity,Urban,1984,1,WVS_Wave_1
998,Argentina,Female,35.0,26-35,Christianity,Urban,1984,1,WVS_Wave_1
999,Argentina,Male,56.0,56-65,Christianity,Urban,1984,1,WVS_Wave_1
1000,Argentina,Male,37.0,36-45,Christianity,Urban,1984,1,WVS_Wave_1
1001,Argentina,Male,32.0,26-35,Christianity,Urban,1984,1,WVS_Wave_1
1002,Argentina,Male,47.0,46-55,Christianity,Urban,1984,1,WVS_Wave_1
1003,Argentina,Male,51.0,46-55,Unaffiliated,Urban,1984,1,WVS_Wave_1
1004,Argentina,Male,47.0,46-55,Christianity,Urban,1984,1,WVS_Wave_1
1005,Argentina,Female,44.0,36-45,Christianity,Urban,1984,1,WVS_Wave_1
1006,Australia,Male,39.0,36-45,,Urban,1981,1,WVS_Wave_1
1007,Australia,Male,34.0,26-35,,Urban,1981,1,WVS_Wave_1
1008,Australia,Male,33.0,26-35,,Urban,1981,1,WVS_Wave_1
1009,Australia,Female,33.0,26-35,,Urban,1981,1,WVS_Wave_1
1010,Australia,Female,42.0,36-45,,Urban,1981,1,WVS_Wave_1
1011,Australia,Male,33.0,26-35,,Urban,1981,1,WVS_Wave_1
1012,Australia,Male,51.0,46-55,,Urban,1981,1,WVS_Wave_1
1013,Australia,Female,36.0,36-45,,Urban,1981,1,WVS_Wave_1
1014,Australia,Male,35.0,26-35,,Urban,1981,1,WVS_Wave_1
1015,Australia,Female,18.0,18-25,,Urban,1981,1,WVS_Wave_1
1016,Australia,Male,34.0,26-35,,Urban,1981,1,WVS_Wave_1
1017,Australia,Female,49.0,46-55,,Urban,1981,1,WVS_Wave_1
1018,Australia,Female,42.0,36-45,,Urban,1981,1,WVS_Wave_1
1019,Australia,Female,22.0,18-25,,Urban,1981,1,WVS_Wave_1
1020,Australia,Male,61.0,56-65,,Urban,1981,1,WVS_Wave_1
1021,Australia,Female,46.0,46-55,,Urban,1981,1,WVS_Wave_1
1022,Australia,Female,41.0,36-45,,Urban,1981,1,WVS_Wave_1
1023,Australia,Male,62.0,56-65,,Urban,1981,1,WVS_Wave_1
1024,Australia,Female,45.0,36-45,,Urban,1981,1,WVS_Wave_1
1025,Australia,Male,45.0,36-45,,Urban,1981,1,WVS_Wave_1
1026,Australia,Female,43.0,36-45,,Urban,1981,1,WVS_Wave_1
1027,Australia,Female,32.0,26-35,,Urban,1981,1,WVS_Wave_1
1028,Australia,Female,26.0,26-35,,Urban,1981,1,WVS_Wave_1
1029,Australia,Male,36.0,36-45,,Urban,1981,1,WVS_Wave_1
1030,Australia,Female,26.0,26-35,,Urban,1981,1,WVS_Wave_1
1031,Australia,Male,57.0,56-65,,Urban,1981,1,WVS_Wave_1
1032,Australia,Female,36.0,36-45,,Urban,1981,1,WVS_Wave_1
1033,Australia,Male,37.0,36-45,,Urban,1981,1,WVS_Wave_1
1034,Australia,Female,28.0,26-35,,Urban,1981,1,WVS_Wave_1
1035,Australia,Male,32.0,26-35,,Urban,1981,1,WVS_Wave_1
1036,Australia,Female,87.0,66+,,Urban,1981,1,WVS_Wave_1
1037,Australia,Female,36.0,36-45,,Urban,1981,1,WVS_Wave_1
1038,Australia,Male,27.0,26-35,,Urban,1981,1,WVS_Wave_1
1039,Australia,Female,75.0,66+,,Urban,1981,1,WVS_Wave_1
1040,Australia,Female,40.0,36-45,,Urban,1981,1,WVS_Wave_1
1041,Australia,Female,62.0,56-65,,Urban,1981,1,WVS_Wave_1
1042,Australia,Male,35.0,26-35,,Urban,1981,1,WVS_Wave_1
1043,Australia,Male,23.0,18-25,,Urban,1981,1,WVS_Wave_1
1044,Australia,Female,66.0,66+,,Urban,1981,1,WVS_Wave_1
1045,Australia,Female,34.0,26-35,,Urban,1981,1,WVS_Wave_1
1046,Australia,Female,34.0,26-35,,Urban,1981,1,WVS_Wave_1
1047,Australia,Male,81.0,66+,,Urban,1981,1,WVS_Wave_1
1048,Australia,Male,24.0,18-25,,Urban,1981,1,WVS_Wave_1
1049,Australia,Female,21.0,18-25,,Urban,1981,1,WVS_Wave_1
1050,Australia,Female,23.0,18-25,,Urban,1981,1,WVS_Wave_1
1051,Australia,Male,50.0,46-55,,Urban,1981,1,WVS_Wave_1
1052,Australia,Male,33.0,26-35,,Urban,1981,1,WVS_Wave_1
1053,Australia,Male,24.0,18-25,,Urban,1981,1,WVS_Wave_1
1054,Australia,Male,40.0,36-45,,Urban,1981,1,WVS_Wave_1
1055,Australia,Male,28.0,26-35,,Urban,1981,1,WVS_Wave_1
1056,Australia,Male,29.0,26-35,,Urban,1981,1,WVS_Wave_1
1057,Australia,Female,37.0,36-45,,Urban,1981,1,WVS_Wave_1
1058,Australia,Male,64.0,56-65,,Urban,1981,1,WVS_Wave_1
1059,Australia,Male,52.0,46-55,,Urban,1981,1,WVS_Wave_1
1060,Australia,Male,27.0,26-35,,Urban,1981,1,WVS_Wave_1
1061,Australia,Female,31.0,26-35,,Urban,1981,1,WVS_Wave_1
1062,Australia,Male,59.0,56-65,,Urban,1981,1,WVS_Wave_1
1063,Australia,Male,16.0,Under 18,,Urban,1981,1,WVS_Wave_1
1064,Australia,Male,32.0,26-35,,Urban,1981,1,WVS_Wave_1
1065,Australia,Male,19.0,18-25,,Urban,1981,1,WVS_Wave_1
1066,Australia,Female,32.0,26-35,,Urban,1981,1,WVS_Wave_1
1067,Australia,Male,60.0,56-65,,Urban,1981,1,WVS_Wave_1
1068,Australia,Male,77.0,66+,,Urban,1981,1,WVS_Wave_1
1069,Australia,Female,33.0,26-35,,Urban,1981,1,WVS_Wave_1
1070,Australia,Female,38.0,36-45,,Urban,1981,1,WVS_Wave_1
1071,Australia,Female,37.0,36-45,,Urban,1981,1,WVS_Wave_1
1072,Australia,Male,34.0,26-35,,Urban,1981,1,WVS_Wave_1
1073,Australia,Male,33.0,26-35,,Urban,1981,1,WVS_Wave_1
1074,Australia,Female,51.0,46-55,,Urban,1981,1,WVS_Wave_1
1075,Australia,Male,22.0,18-25,,Urban,1981,1,WVS_Wave_1
1076,Australia,Female,27.0,26-35,,Urban,1981,1,WVS_Wave_1
1077,Australia,Female,79.0,66+,,Urban,1981,1,WVS_Wave_1
1078,Australia,Male,66.0,66+,,Urban,1981,1,WVS_Wave_1
1079,Australia,Female,64.0,56-65,,Urban,1981,1,WVS_Wave_1
1080,Australia,Female,31.0,26-35,,Urban,1981,1,WVS_Wave_1
1081,Australia,Male,16.0,Under 18,,Urban,1981,1,WVS_Wave_1
1082,Australia,Female,52.0,46-55,,Urban,1981,1,WVS_Wave_1
1083,Australia,Male,27.0,26-35,,Urban,1981,1,WVS_Wave_1
1084,Australia,Male,36.0,36-45,,Urban,1981,1,WVS_Wave_1
1085,Australia,Female,23.0,18-25,,Urban,1981,1,WVS_Wave_1
1086,Australia,Male,68.0,66+,,Urban,1981,1,WVS_Wave_1
1087,Australia,Female,27.0,26-35,,Rural,1981,1,WVS_Wave_1
1088,Australia,Female,62.0,56-65,,Rural,1981,1,WVS_Wave_1
1089,Australia,Male,70.0,66+,,Urban,1981,1,WVS_Wave_1
1090,Australia,Male,48.0,46-55,,Rural,1981,1,WVS_Wave_1
1091,Australia,Male,33.0,26-35,,Urban,1981,1,WVS_Wave_1
1092,Australia,Female,43.0,36-45,,Urban,1981,1,WVS_Wave_1
1093,Australia,Female,30.0,26-35,,Urban,1981,1,WVS_Wave_1
1094,Australia,Female,32.0,26-35,,Urban,1981,1,WVS_Wave_1
1095,Australia,Female,29.0,26-35,,Urban,1981,1,WVS_Wave_1
1096,Australia,Female,26.0,26-35,,Urban,1981,1,WVS_Wave_1
1097,Australia,Male,38.0,36-45,,Urban,1981,1,WVS_Wave_1
1098,Australia,Male,39.0,36-45,,Urban,1981,1,WVS_Wave_1
1099,Australia,Male,24.0,18-25,,Urban,1981,1,WVS_Wave_1
1100,Australia,Male,37.0,36-45,,Urban,1981,1,WVS_Wave_1
1101,Australia,Male,31.0,26-35,,Urban,1981,1,WVS_Wave_1
1102,Australia,Male,28.0,26-35,,Urban,1981,1,WVS_Wave_1
1103,Australia,Female,61.0,56-65,,Urban,1981,1,WVS_Wave_1
1104,Australia,Female,44.0,36-45,,Urban,1981,1,WVS_Wave_1
1105,Australia,Male,26.0,26-35,,Urban,1981,1,WVS_Wave_1
1106,Australia,Male,34.0,26-35,,Urban,1981,1,WVS_Wave_1
1107,Australia,Female,33.0,26-35,,Urban,1981,1,WVS_Wave_1
1108,Australia,Female,35.0,26-35,,Urban,1981,1,WVS_Wave_1
1109,Australia,Male,58.0,56-65,,Urban,1981,1,WVS_Wave_1
1110,Australia,Female,47.0,46-55,,Urban,1981,1,WVS_Wave_1
1111,Australia,Male,23.0,18-25,,Urban,1981,1,WVS_Wave_1
1112,Australia,Male,30.0,26-35,,Urban,1981,1,WVS_Wave_1
1113,Australia,Male,14.0,Under 18,,Urban,1981,1,WVS_Wave_1
1114,Australia,Female,30.0,26-35,,Urban,1981,1,WVS_Wave_1
1115,Australia,Female,33.0,26-35,,Urban,1981,1,WVS_Wave_1
1116,Australia,Female,28.0,26-35,,Urban,1981,1,WVS_Wave_1
1117,Australia,Female,57.0,56-65,,Urban,1981,1,WVS_Wave_1
1118,Australia,Male,58.0,56-65,,Urban,1981,1,WVS_Wave_1
1119,Australia,Male,55.0,46-55,,Urban,1981,1,WVS_Wave_1
1120,Australia,Male,16.0,Under 18,,Urban,1981,1,WVS_Wave_1
1121,Australia,Male,55.0,46-55,,Urban,1981,1,WVS_Wave_1
1122,Australia,Female,14.0,Under 18,,Urban,1981,1,WVS_Wave_1
1123,Australia,Male,67.0,66+,,Urban,1981,1,WVS_Wave_1
1124,Australia,Female,52.0,46-55,,Urban,1981,1,WVS_Wave_1
1125,Australia,Female,14.0,Under 18,,Urban,1981,1,WVS_Wave_1
1126,Australia,Male,68.0,66+,,Urban,1981,1,WVS_Wave_1
1127,Australia,Male,35.0,26-35,,Urban,1981,1,WVS_Wave_1
1128,Australia,Male,74.0,66+,,Urban,1981,1,WVS_Wave_1
1129,Australia,Male,44.0,36-45,,Urban,1981,1,WVS_Wave_1
1130,Australia,Male,24.0,18-25,,Urban,1981,1,WVS_Wave_1
1131,Australia,Female,61.0,56-65,,Urban,1981,1,WVS_Wave_1
1132,Australia,Male,68.0,66+,,Urban,1981,1,WVS_Wave_1
1133,Australia,Female,35.0,26-35,,Urban,1981,1,WVS_Wave_1
1134,Australia,Female,69.0,66+,,Urban,1981,1,WVS_Wave_1
1135,Australia,Female,37.0,36-45,,Urban,1981,1,WVS_Wave_1
1136,Australia,Female,46.0,46-55,,Urban,1981,1,WVS_Wave_1
1137,Australia,Female,37.0,36-45,,Urban,1981,1,WVS_Wave_1
1138,Australia,Female,32.0,26-35,,Urban,1981,1,WVS_Wave_1
1139,Australia,Female,28.0,26-35,,Urban,1981,1,WVS_Wave_1
1140,Australia,Female,37.0,36-45,,Urban,1981,1,WVS_Wave_1
1141,Australia,Male,22.0,18-25,,Urban,1981,1,WVS_Wave_1
1142,Australia,Male,47.0,46-55,,Urban,1981,1,WVS_Wave_1
1143,Australia,Male,62.0,56-65,,Urban,1981,1,WVS_Wave_1
1144,Australia,Male,22.0,18-25,,Urban,1981,1,WVS_Wave_1
1145,Australia,Female,62.0,56-65,,Urban,1981,1,WVS_Wave_1
1146,Australia,Male,65.0,56-65,,Urban,1981,1,WVS_Wave_1
1147,Australia,Female,34.0,26-35,,Urban,1981,1,WVS_Wave_1
1148,Australia,Male,16.0,Under 18,,Urban,1981,1,WVS_Wave_1
1149,Australia,Female,36.0,36-45,,Urban,1981,1,WVS_Wave_1
1150,Australia,Male,36.0,36-45,,Urban,1981,1,WVS_Wave_1
1151,Australia,Male,33.0,26-35,,Urban,1981,1,WVS_Wave_1
1152,Australia,Male,58.0,56-65,,Urban,1981,1,WVS_Wave_1
1153,Australia,Female,38.0,36-45,,Urban,1981,1,WVS_Wave_1
1154,Australia,Male,18.0,18-25,,Urban,1981,1,WVS_Wave_1
1155,Australia,Male,72.0,66+,,Urban,1981,1,WVS_Wave_1
1156,Australia,Male,24.0,18-25,,Urban,1981,1,WVS_Wave_1
1157,Australia,Male,22.0,18-25,,Urban,1981,1,WVS_Wave_1
1158,Australia,Female,57.0,56-65,,Urban,1981,1,WVS_Wave_1
1159,Australia,Male,47.0,46-55,,Urban,1981,1,WVS_Wave_1
1160,Australia,Male,45.0,36-45,,Urban,1981,1,WVS_Wave_1
1161,Australia,Female,15.0,Under 18,,Urban,1981,1,WVS_Wave_1
1162,Australia,Female,15.0,Under 18,,Urban,1981,1,WVS_Wave_1
1163,Australia,Male,31.0,26-35,,Urban,1981,1,WVS_Wave_1
1164,Australia,Male,43.0,36-45,,Urban,1981,1,WVS_Wave_1
1165,Australia,Male,25.0,18-25,,Urban,1981,1,WVS_Wave_1
1166,Australia,Female,58.0,56-65,,Urban,1981,1,WVS_Wave_1
1167,Australia,Male,37.0,36-45,,Urban,1981,1,WVS_Wave_1
1168,Australia,Female,41.0,36-45,,Urban,1981,1,WVS_Wave_1
1169,Australia,Male,26.0,26-35,,Urban,1981,1,WVS_Wave_1
1170,Australia,Female,15.0,Under 18,,Urban,1981,1,WVS_Wave_1
1171,Australia,Female,16.0,Under 18,,Urban,1981,1,WVS_Wave_1
1172,Australia,Female,31.0,26-35,,Urban,1981,1,WVS_Wave_1
1173,Australia,Female,32.0,26-35,,Urban,1981,1,WVS_Wave_1
1174,Australia,Female,28.0,26-35,,Urban,1981,1,WVS_Wave_1
1175,Australia,Male,15.0,Under 18,,Urban,1981,1,WVS_Wave_1
1176,Australia,Male,59.0,56-65,,Urban,1981,1,WVS_Wave_1
1177,Australia,Male,30.0,26-35,,Urban,1981,1,WVS_Wave_1
1178,Australia,Male,58.0,56-65,,Urban,1981,1,WVS_Wave_1
1179,Australia,Female,38.0,36-45,,Urban,1981,1,WVS_Wave_1
1180,Australia,Male,54.0,46-55,,Urban,1981,1,WVS_Wave_1
1181,Australia,Male,20.0,18-25,,Urban,1981,1,WVS_Wave_1
1182,Australia,Male,51.0,46-55,,Urban,1981,1,WVS_Wave_1
1183,Australia,Male,20.0,18-25,,Urban,1981,1,WVS_Wave_1
1184,Australia,Female,55.0,46-55,,Urban,1981,1,WVS_Wave_1
1185,Australia,Male,38.0,36-45,,Urban,1981,1,WVS_Wave_1
1186,Australia,Male,30.0,26-35,,Urban,1981,1,WVS_Wave_1
1187,Australia,Male,54.0,46-55,,Urban,1981,1,WVS_Wave_1
1188,Australia,Male,28.0,26-35,,Urban,1981,1,WVS_Wave_1
1189,Australia,Male,44.0,36-45,,Urban,1981,1,WVS_Wave_1
1190,Australia,Female,23.0,18-25,,Urban,1981,1,WVS_Wave_1
1191,Australia,Female,35.0,26-35,,Urban,1981,1,WVS_Wave_1
1192,Australia,Female,39.0,36-45,,Urban,1981,1,WVS_Wave_1
1193,Australia,Male,54.0,46-55,,Urban,1981,1,WVS_Wave_1
1194,Australia,Male,49.0,46-55,,Urban,1981,1,WVS_Wave_1
1195,Australia,Male,24.0,18-25,,Urban,1981,1,WVS_Wave_1
1196,Australia,Male,38.0,36-45,,Urban,1981,1,WVS_Wave_1
1197,Australia,Female,24.0,18-25,,Urban,1981,1,WVS_Wave_1
1198,Australia,Female,41.0,36-45,,Urban,1981,1,WVS_Wave_1
1199,Australia,Male,51.0,46-55,,Urban,1981,1,WVS_Wave_1
1200,Australia,Female,30.0,26-35,,Urban,1981,1,WVS_Wave_1
1201,Australia,Female,36.0,36-45,,Urban,1981,1,WVS_Wave_1
1202,Australia,Female,56.0,56-65,,Urban,1981,1,WVS_Wave_1
1203,Australia,Male,30.0,26-35,,Urban,1981,1,WVS_Wave_1
1204,Australia,Male,48.0,46-55,,Urban,1981,1,WVS_Wave_1
1205,Australia,Male,30.0,26-35,,Urban,1981,1,WVS_Wave_1
1206,Australia,Female,58.0,56-65,,Urban,1981,1,WVS_Wave_1
1207,Australia,Female,29.0,26-35,,Urban,1981,1,WVS_Wave_1
1208,Australia,Male,28.0,26-35,,Urban,1981,1,WVS_Wave_1
1209,Australia,Female,75.0,66+,,Urban,1981,1,WVS_Wave_1
1210,Australia,Male,29.0,26-35,,Urban,1981,1,WVS_Wave_1
1211,Australia,Female,35.0,26-35,,Urban,1981,1,WVS_Wave_1
1212,Australia,Female,29.0,26-35,,Urban,1981,1,WVS_Wave_1
1213,Australia,Male,29.0,26-35,,Urban,1981,1,WVS_Wave_1
1214,Australia,Female,29.0,26-35,,Urban,1981,1,WVS_Wave_1
1215,Australia,Male,40.0,36-45,,Urban,1981,1,WVS_Wave_1
1216,Australia,Male,57.0,56-65,,Urban,1981,1,WVS_Wave_1
1217,Australia,Male,43.0,36-45,,Urban,1981,1,WVS_Wave_1
1218,Australia,Female,27.0,26-35,,Urban,1981,1,WVS_Wave_1
1219,Australia,Male,35.0,26-35,,Urban,1981,1,WVS_Wave_1
1220,Australia,Female,34.0,26-35,,Rural,1981,1,WVS_Wave_1
1221,Australia,Female,26.0,26-35,,Rural,1981,1,WVS_Wave_1
1222,Australia,Female,22.0,18-25,,Rural,1981,1,WVS_Wave_1
1223,Australia,Female,33.0,26-35,,Rural,1981,1,WVS_Wave_1
1224,Australia,Male,44.0,36-45,,Rural,1981,1,WVS_Wave_1
1225,Australia,Female,38.0,36-45,,Rural,1981,1,WVS_Wave_1
1226,Australia,Female,22.0,18-25,,Rural,1981,1,WVS_Wave_1
1227,Australia,Male,21.0,18-25,,Rural,1981,1,WVS_Wave_1
1228,Australia,Female,16.0,Under 18,,Rural,1981,1,WVS_Wave_1
1229,Australia,Male,31.0,26-35,,Rural,1981,1,WVS_Wave_1
1230,Australia,Female,30.0,26-35,,Rural,1981,1,WVS_Wave_1
1231,Australia,Male,60.0,56-65,,Rural,1981,1,WVS_Wave_1
1232,Australia,Female,39.0,36-45,,Rural,1981,1,WVS_Wave_1
1233,Australia,Female,28.0,26-35,,Rural,1981,1,WVS_Wave_1
1234,Australia,Male,57.0,56-65,,Rural,1981,1,WVS_Wave_1
1235,Australia,Female,33.0,26-35,,Rural,1981,1,WVS_Wave_1
1236,Australia,Female,23.0,18-25,,Rural,1981,1,WVS_Wave_1
1237,Australia,Male,35.0,26-35,,Rural,1981,1,WVS_Wave_1
1238,Australia,Male,30.0,26-35,,Rural,1981,1,WVS_Wave_1
1239,Australia,Male,25.0,18-25,,Rural,1981,1,WVS_Wave_1
1240,Australia,Male,39.0,36-45,,Urban,1981,1,WVS_Wave_1
1241,Australia,Male,30.0,26-35,,Urban,1981,1,WVS_Wave_1
1242,Australia,Female,31.0,26-35,,Urban,1981,1,WVS_Wave_1
1243,Australia,Male,39.0,36-45,,Rural,1981,1,WVS_Wave_1
1244,Australia,Female,27.0,26-35,,Urban,1981,1,WVS_Wave_1
1245,Australia,Female,40.0,36-45,,Urban,1981,1,WVS_Wave_1
1246,Australia,Female,45.0,36-45,,Urban,1981,1,WVS_Wave_1
1247,Australia,Female,32.0,26-35,,Urban,1981,1,WVS_Wave_1
1248,Australia,Female,31.0,26-35,,Urban,1981,1,WVS_Wave_1
1249,Australia,Male,72.0,66+,,Urban,1981,1,WVS_Wave_1
1250,Australia,Female,32.0,26-35,,Urban,1981,1,WVS_Wave_1
1251,Australia,Male,15.0,Under 18,,Urban,1981,1,WVS_Wave_1
1252,Australia,Male,61.0,56-65,,Urban,1981,1,WVS_Wave_1
1253,Australia,Male,32.0,26-35,,Urban,1981,1,WVS_Wave_1
1254,Australia,Female,43.0,36-45,,Urban,1981,1,WVS_Wave_1
1255,Australia,Male,32.0,26-35,,Urban,1981,1,WVS_Wave_1
1256,Australia,Female,36.0,36-45,,Urban,1981,1,WVS_Wave_1
1257,Australia,Female,32.0,26-35,,Urban,1981,1,WVS_Wave_1
1258,Australia,Female,21.0,18-25,,Urban,1981,1,WVS_Wave_1
1259,Australia,Male,34.0,26-35,,Urban,1981,1,WVS_Wave_1
1260,Australia,Male,33.0,26-35,,Urban,1981,1,WVS_Wave_1
1261,Australia,Female,38.0,36-45,,Urban,1981,1,WVS_Wave_1
1262,Australia,Female,55.0,46-55,,Urban,1981,1,WVS_Wave_1
1263,Australia,Male,33.0,26-35,,Urban,1981,1,WVS_Wave_1
1264,Australia,Male,48.0,46-55,,Urban,1981,1,WVS_Wave_1
1265,Australia,Male,43.0,36-45,,Urban,1981,1,WVS_Wave_1
1266,Australia,Male,29.0,26-35,,Urban,1981,1,WVS_Wave_1
1267,Australia,Female,33.0,26-35,,Urban,1981,1,WVS_Wave_1
1268,Australia,Female,26.0,26-35,,Urban,1981,1,WVS_Wave_1
1269,Australia,Male,20.0,18-25,,Urban,1981,1,WVS_Wave_1
1270,Australia,Male,52.0,46-55,,Urban,1981,1,WVS_Wave_1
1271,Australia,Male,18.0,18-25,,Urban,1981,1,WVS_Wave_1
1272,Australia,Female,33.0,26-35,,Urban,1981,1,WVS_Wave_1
1273,Australia,Female,50.0,46-55,,Urban,1981,1,WVS_Wave_1
1274,Australia,Male,18.0,18-25,,Urban,1981,1,WVS_Wave_1
1275,Australia,Male,43.0,36-45,,Urban,1981,1,WVS_Wave_1
1276,Australia,Female,31.0,26-35,,Urban,1981,1,WVS_Wave_1
1277,Australia,Male,34.0,26-35,,Urban,1981,1,WVS_Wave_1
1278,Australia,Female,27.0,26-35,,Urban,1981,1,WVS_Wave_1
1279,Australia,Female,61.0,56-65,,Urban,1981,1,WVS_Wave_1
1280,Australia,Female,25.0,18-25,,Urban,1981,1,WVS_Wave_1
1281,Australia,Female,23.0,18-25,,Urban,1981,1,WVS_Wave_1
1282,Australia,Male,74.0,66+,,Urban,1981,1,WVS_Wave_1
1283,Australia,Male,45.0,36-45,,Urban,1981,1,WVS_Wave_1
1284,Australia,Male,25.0,18-25,,Urban,1981,1,WVS_Wave_1
1285,Australia,Male,32.0,26-35,,Urban,1981,1,WVS_Wave_1
1286,Australia,Female,29.0,26-35,,Urban,1981,1,WVS_Wave_1
1287,Australia,Male,56.0,56-65,,Urban,1981,1,WVS_Wave_1
1288,Australia,Male,16.0,Under 18,,Urban,1981,1,WVS_Wave_1
1289,Australia,Male,59.0,56-65,,Urban,1981,1,WVS_Wave_1
1290,Australia,Female,38.0,36-45,,Urban,1981,1,WVS_Wave_1
1291,Australia,Female,49.0,46-55,,Urban,1981,1,WVS_Wave_1
1292,Australia,Female,46.0,46-55,,Urban,1981,1,WVS_Wave_1
1293,Australia,Female,57.0,56-65,,Urban,1981,1,WVS_Wave_1
1294,Australia,Male,67.0,66+,,Urban,1981,1,WVS_Wave_1
1295,Australia,Female,52.0,46-55,,Urban,1981,1,WVS_Wave_1
1296,Australia,Male,45.0,36-45,,Urban,1981,1,WVS_Wave_1
1297,Australia,Male,23.0,18-25,,Urban,1981,1,WVS_Wave_1
1298,Australia,Female,52.0,46-55,,Urban,1981,1,WVS_Wave_1
1299,Australia,Male,50.0,46-55,,Urban,1981,1,WVS_Wave_1
1300,Australia,Male,44.0,36-45,,Urban,1981,1,WVS_Wave_1
1301,Australia,Male,27.0,26-35,,Urban,1981,1,WVS_Wave_1
1302,Australia,Male,31.0,26-35,,Urban,1981,1,WVS_Wave_1
1303,Australia,Male,27.0,26-35,,Urban,1981,1,WVS_Wave_1
1304,Australia,Male,34.0,26-35,,Urban,1981,1,WVS_Wave_1
1305,Australia,Male,36.0,36-45,,Urban,1981,1,WVS_Wave_1
1306,Australia,Male,68.0,66+,,Urban,1981,1,WVS_Wave_1
1307,Australia,Female,44.0,36-45,,Urban,1981,1,WVS_Wave_1
1308,Australia,Male,22.0,18-25,,Urban,1981,1,WVS_Wave_1
1309,Australia,Male,21.0,18-25,,Urban,1981,1,WVS_Wave_1
1310,Australia,Female,41.0,36-45,,Urban,1981,1,WVS_Wave_1
1311,Australia,Male,27.0,26-35,,Urban,1981,1,WVS_Wave_1
1312,Australia,Female,27.0,26-35,,Urban,1981,1,WVS_Wave_1
1313,Australia,Male,28.0,26-35,,Urban,1981,1,WVS_Wave_1
1314,Australia,Male,28.0,26-35,,Urban,1981,1,WVS_Wave_1
1315,Australia,Female,25.0,18-25,,Urban,1981,1,WVS_Wave_1
1316,Australia,Male,32.0,26-35,,Urban,1981,1,WVS_Wave_1
1317,Australia,Female,29.0,26-35,,Urban,1981,1,WVS_Wave_1
1318,Australia,Female,34.0,26-35,,Urban,1981,1,WVS_Wave_1
1319,Australia,Female,36.0,36-45,,Urban,1981,1,WVS_Wave_1
1320,Australia,Male,22.0,18-25,,Urban,1981,1,WVS_Wave_1
1321,Australia,Female,35.0,26-35,,Urban,1981,1,WVS_Wave_1
1322,Australia,Male,67.0,66+,,Urban,1981,1,WVS_Wave_1
1323,Australia,Male,33.0,26-35,,Urban,1981,1,WVS_Wave_1
1324,Australia,Female,37.0,36-45,,Urban,1981,1,WVS_Wave_1
1325,Australia,Male,44.0,36-45,,Urban,1981,1,WVS_Wave_1
1326,Australia,Female,32.0,26-35,,Urban,1981,1,WVS_Wave_1
1327,Australia,Female,30.0,26-35,,Urban,1981,1,WVS_Wave_1
1328,Australia,Female,31.0,26-35,,Urban,1981,1,WVS_Wave_1
1329,Australia,Female,62.0,56-65,,Urban,1981,1,WVS_Wave_1
1330,Australia,Male,53.0,46-55,,Urban,1981,1,WVS_Wave_1
1331,Australia,Female,72.0,66+,,Urban,1981,1,WVS_Wave_1
1332,Australia,Male,32.0,26-35,,Urban,1981,1,WVS_Wave_1
1333,Australia,Female,33.0,26-35,,Urban,1981,1,WVS_Wave_1
1334,Australia,Female,23.0,18-25,,Urban,1981,1,WVS_Wave_1
1335,Australia,Male,70.0,66+,,Urban,1981,1,WVS_Wave_1
1336,Australia,Female,30.0,26-35,,Urban,1981,1,WVS_Wave_1
1337,Australia,Male,23.0,18-25,,Urban,1981,1,WVS_Wave_1
1338,Australia,Male,60.0,56-65,,Urban,1981,1,WVS_Wave_1
1339,Australia,Female,50.0,46-55,,Rural,1981,1,WVS_Wave_1
1340,Australia,Male,14.0,Under 18,,Rural,1981,1,WVS_Wave_1
1341,Australia,Male,47.0,46-55,,Rural,1981,1,WVS_Wave_1
1342,Australia,Female,57.0,56-65,,Rural,1981,1,WVS_Wave_1
1343,Australia,Male,68.0,66+,,Rural,1981,1,WVS_Wave_1
1344,Australia,Female,56.0,56-65,,Rural,1981,1,WVS_Wave_1
1345,Australia,Female,15.0,Under 18,,Rural,1981,1,WVS_Wave_1
1346,Australia,Male,46.0,46-55,,Rural,1981,1,WVS_Wave_1
1347,Australia,Female,26.0,26-35,,Rural,1981,1,WVS_Wave_1
1348,Australia,Male,60.0,56-65,,Urban,1981,1,WVS_Wave_1
1349,Australia,Female,18.0,18-25,,Urban,1981,1,WVS_Wave_1
1350,Australia,Male,37.0,36-45,,Urban,1981,1,WVS_Wave_1
1351,Australia,Female,34.0,26-35,,Urban,1981,1,WVS_Wave_1
1352,Australia,Female,48.0,46-55,,Urban,1981,1,WVS_Wave_1
1353,Australia,Female,84.0,66+,,Urban,1981,1,WVS_Wave_1
1354,Australia,Female,35.0,26-35,,Urban,1981,1,WVS_Wave_1
1355,Australia,Female,62.0,56-65,,Urban,1981,1,WVS_Wave_1
1356,Australia,Female,62.0,56-65,,Urban,1981,1,WVS_Wave_1
1357,Australia,Female,51.0,46-55,,Urban,1981,1,WVS_Wave_1
1358,Australia,Male,19.0,18-25,,Urban,1981,1,WVS_Wave_1
1359,Australia,Male,24.0,18-25,,Urban,1981,1,WVS_Wave_1
1360,Australia,Female,61.0,56-65,,Urban,1981,1,WVS_Wave_1
1361,Australia,Male,36.0,36-45,,Urban,1981,1,WVS_Wave_1
1362,Australia,Female,60.0,56-65,,Urban,1981,1,WVS_Wave_1
1363,Australia,Female,53.0,46-55,,Urban,1981,1,WVS_Wave_1
1364,Australia,Male,43.0,36-45,,Urban,1981,1,WVS_Wave_1
1365,Australia,Female,19.0,18-25,,Rural,1981,1,WVS_Wave_1
1366,Australia,Female,32.0,26-35,,Rural,1981,1,WVS_Wave_1
1367,Australia,Female,57.0,56-65,,Rural,1981,1,WVS_Wave_1
1368,Australia,Male,34.0,26-35,,Rural,1981,1,WVS_Wave_1
1369,Australia,Male,64.0,56-65,,Rural,1981,1,WVS_Wave_1
1370,Australia,Male,74.0,66+,,Rural,1981,1,WVS_Wave_1
1371,Australia,Female,57.0,56-65,,Rural,1981,1,WVS_Wave_1
1372,Australia,Female,26.0,26-35,,Rural,1981,1,WVS_Wave_1
1373,Australia,Female,51.0,46-55,,Rural,1981,1,WVS_Wave_1
1374,Australia,Female,57.0,56-65,,Rural,1981,1,WVS_Wave_1
1375,Australia,Female,29.0,26-35,,Rural,1981,1,WVS_Wave_1
1376,Australia,Female,44.0,36-45,,Rural,1981,1,WVS_Wave_1
1377,Australia,Female,32.0,26-35,,Rural,1981,1,WVS_Wave_1
1378,Australia,Male,24.0,18-25,,Rural,1981,1,WVS_Wave_1
1379,Australia,Female,48.0,46-55,,Rural,1981,1,WVS_Wave_1
1380,Australia,Female,26.0,26-35,,Rural,1981,1,WVS_Wave_1
1381,Australia,Female,62.0,56-65,,Rural,1981,1,WVS_Wave_1
1382,Australia,Female,54.0,46-55,,Rural,1981,1,WVS_Wave_1
1383,Australia,Male,28.0,26-35,,Rural,1981,1,WVS_Wave_1
1384,Australia,Male,55.0,46-55,,Rural,1981,1,WVS_Wave_1
1385,Australia,Male,71.0,66+,,Rural,1981,1,WVS_Wave_1
1386,Australia,Female,73.0,66+,,Rural,1981,1,WVS_Wave_1
1387,Australia,Female,70.0,66+,,Urban,1981,1,WVS_Wave_1
1388,Australia,Female,23.0,18-25,,Urban,1981,1,WVS_Wave_1
1389,Australia,Female,63.0,56-65,,Urban,1981,1,WVS_Wave_1
1390,Australia,Male,15.0,Under 18,,Urban,1981,1,WVS_Wave_1
1391,Australia,Female,22.0,18-25,,Urban,1981,1,WVS_Wave_1
1392,Australia,Female,18.0,18-25,,Urban,1981,1,WVS_Wave_1
1393,Australia,Male,52.0,46-55,,Urban,1981,1,WVS_Wave_1
1394,Australia,Male,87.0,66+,,Urban,1981,1,WVS_Wave_1
1395,Australia,Male,15.0,Under 18,,Urban,1981,1,WVS_Wave_1
1396,Australia,Female,35.0,26-35,,Urban,1981,1,WVS_Wave_1
1397,Australia,Male,59.0,56-65,,Rural,1981,1,WVS_Wave_1
1398,Australia,Female,51.0,46-55,,Rural,1981,1,WVS_Wave_1
1399,Australia,Male,74.0,66+,,Rural,1981,1,WVS_Wave_1
1400,Australia,Female,28.0,26-35,,Rural,1981,1,WVS_Wave_1
1401,Australia,Male,17.0,Under 18,,Rural,1981,1,WVS_Wave_1
1402,Australia,Female,56.0,56-65,,Rural,1981,1,WVS_Wave_1
1403,Australia,Male,36.0,36-45,,Rural,1981,1,WVS_Wave_1
1404,Australia,Female,20.0,18-25,,Rural,1981,1,WVS_Wave_1
1405,Australia,Female,25.0,18-25,,Rural,1981,1,WVS_Wave_1
1406,Australia,Female,51.0,46-55,,Urban,1981,1,WVS_Wave_1
1407,Australia,Male,58.0,56-65,,Urban,1981,1,WVS_Wave_1
1408,Australia,Female,73.0,66+,,Urban,1981,1,WVS_Wave_1
1409,Australia,Female,34.0,26-35,,Urban,1981,1,WVS_Wave_1
1410,Australia,Male,61.0,56-65,,Urban,1981,1,WVS_Wave_1
1411,Australia,Female,20.0,18-25,,Urban,1981,1,WVS_Wave_1
1412,Australia,Female,61.0,56-65,,Urban,1981,1,WVS_Wave_1
1413,Australia,Male,27.0,26-35,,Urban,1981,1,WVS_Wave_1
1414,Australia,Male,25.0,18-25,,Urban,1981,1,WVS_Wave_1
1415,Australia,Female,36.0,36-45,,Urban,1981,1,WVS_Wave_1
1416,Australia,Female,20.0,18-25,,Urban,1981,1,WVS_Wave_1
1417,Australia,Male,27.0,26-35,,Urban,1981,1,WVS_Wave_1
1418,Australia,Male,17.0,Under 18,,Urban,1981,1,WVS_Wave_1
1419,Australia,Male,28.0,26-35,,Urban,1981,1,WVS_Wave_1
1420,Australia,Male,57.0,56-65,,Urban,1981,1,WVS_Wave_1
1421,Australia,Female,20.0,18-25,,Urban,1981,1,WVS_Wave_1
1422,Australia,Female,17.0,Under 18,,Urban,1981,1,WVS_Wave_1
1423,Australia,Male,63.0,56-65,,Urban,1981,1,WVS_Wave_1
1424,Australia,Female,19.0,18-25,,Urban,1981,1,WVS_Wave_1
1425,Australia,Male,21.0,18-25,,Urban,1981,1,WVS_Wave_1
1426,Australia,Female,40.0,36-45,,Urban,1981,1,WVS_Wave_1
1427,Australia,Male,19.0,18-25,,Urban,1981,1,WVS_Wave_1
1428,Australia,Male,34.0,26-35,,Urban,1981,1,WVS_Wave_1
1429,Australia,Female,62.0,56-65,,Urban,1981,1,WVS_Wave_1
1430,Australia,Female,17.0,Under 18,,Urban,1981,1,WVS_Wave_1
1431,Australia,Female,42.0,36-45,,Urban,1981,1,WVS_Wave_1
1432,Australia,Male,15.0,Under 18,,Urban,1981,1,WVS_Wave_1
1433,Australia,Female,31.0,26-35,,Urban,1981,1,WVS_Wave_1
1434,Australia,Female,30.0,26-35,,Urban,1981,1,WVS_Wave_1
1435,Australia,Male,30.0,26-35,,Urban,1981,1,WVS_Wave_1
1436,Australia,Female,62.0,56-65,,Urban,1981,1,WVS_Wave_1
1437,Australia,Male,40.0,36-45,,Urban,1981,1,WVS_Wave_1
1438,Australia,Male,33.0,26-35,,Urban,1981,1,WVS_Wave_1
1439,Australia,Female,15.0,Under 18,,Urban,1981,1,WVS_Wave_1
1440,Australia,Male,53.0,46-55,,Urban,1981,1,WVS_Wave_1
1441,Australia,Female,72.0,66+,,Urban,1981,1,WVS_Wave_1
1442,Australia,Female,91.0,66+,,Urban,1981,1,WVS_Wave_1
1443,Australia,Male,19.0,18-25,,Urban,1981,1,WVS_Wave_1
1444,Australia,Male,21.0,18-25,,Urban,1981,1,WVS_Wave_1
1445,Australia,Male,45.0,36-45,,Urban,1981,1,WVS_Wave_1
1446,Australia,Female,38.0,36-45,,Urban,1981,1,WVS_Wave_1
1447,Australia,Female,36.0,36-45,,Urban,1981,1,WVS_Wave_1
1448,Australia,Female,26.0,26-35,,Urban,1981,1,WVS_Wave_1
1449,Australia,Male,21.0,18-25,,Urban,1981,1,WVS_Wave_1
1450,Australia,Female,25.0,18-25,,Urban,1981,1,WVS_Wave_1
1451,Australia,Female,31.0,26-35,,Urban,1981,1,WVS_Wave_1
1452,Australia,Female,40.0,36-45,,Urban,1981,1,WVS_Wave_1
1453,Australia,Female,33.0,26-35,,Urban,1981,1,WVS_Wave_1
1454,Australia,Female,36.0,36-45,,Urban,1981,1,WVS_Wave_1
1455,Australia,Female,20.0,18-25,,Urban,1981,1,WVS_Wave_1
1456,Australia,Female,64.0,56-65,,Urban,1981,1,WVS_Wave_1
1457,Australia,Female,36.0,36-45,,Urban,1981,1,WVS_Wave_1
1458,Australia,Male,17.0,Under 18,,Urban,1981,1,WVS_Wave_1
1459,Australia,Female,22.0,18-25,,Urban,1981,1,WVS_Wave_1
1460,Australia,Male,38.0,36-45,,Urban,1981,1,WVS_Wave_1
1461,Australia,Male,28.0,26-35,,Urban,1981,1,WVS_Wave_1
1462,Australia,Male,56.0,56-65,,Urban,1981,1,WVS_Wave_1
1463,Australia,Female,31.0,26-35,,Rural,1981,1,WVS_Wave_1
1464,Australia,Female,60.0,56-65,,Rural,1981,1,WVS_Wave_1
1465,Australia,Male,66.0,66+,,Rural,1981,1,WVS_Wave_1
1466,Australia,Male,47.0,46-55,,Rural,1981,1,WVS_Wave_1
1467,Australia,Male,60.0,56-65,,Rural,1981,1,WVS_Wave_1
1468,Australia,Female,27.0,26-35,,Rural,1981,1,WVS_Wave_1
1469,Australia,Male,32.0,26-35,,Rural,1981,1,WVS_Wave_1
1470,Australia,Male,34.0,26-35,,Rural,1981,1,WVS_Wave_1
1471,Australia,Female,32.0,26-35,,Rural,1981,1,WVS_Wave_1
1472,Australia,Female,68.0,66+,,Urban,1981,1,WVS_Wave_1
1473,Australia,Male,36.0,36-45,,Urban,1981,1,WVS_Wave_1
1474,Australia,Male,58.0,56-65,,Urban,1981,1,WVS_Wave_1
1475,Australia,Male,45.0,36-45,,Urban,1981,1,WVS_Wave_1
1476,Australia,Female,18.0,18-25,,Urban,1981,1,WVS_Wave_1
1477,Australia,Female,58.0,56-65,,Urban,1981,1,WVS_Wave_1
1478,Australia,Female,37.0,36-45,,Rural,1981,1,WVS_Wave_1
1479,Australia,Male,68.0,66+,,Rural,1981,1,WVS_Wave_1
1480,Australia,Male,30.0,26-35,,Rural,1981,1,WVS_Wave_1
1481,Australia,Male,39.0,36-45,,Rural,1981,1,WVS_Wave_1
1482,Australia,Male,49.0,46-55,,Rural,1981,1,WVS_Wave_1
1483,Australia,Female,43.0,36-45,,Rural,1981,1,WVS_Wave_1
1484,Australia,Female,14.0,Under 18,,Rural,1981,1,WVS_Wave_1
1485,Australia,Male,15.0,Under 18,,Rural,1981,1,WVS_Wave_1
1486,Australia,Female,27.0,26-35,,Rural,1981,1,WVS_Wave_1
1487,Australia,Female,53.0,46-55,,Urban,1981,1,WVS_Wave_1
1488,Australia,Male,20.0,18-25,,Urban,1981,1,WVS_Wave_1
1489,Australia,Female,52.0,46-55,,Urban,1981,1,WVS_Wave_1
1490,Australia,Male,67.0,66+,,Urban,1981,1,WVS_Wave_1
1491,Australia,Male,38.0,36-45,,Urban,1981,1,WVS_Wave_1
1492,Australia,Male,69.0,66+,,Urban,1981,1,WVS_Wave_1
1493,Australia,Male,52.0,46-55,,Urban,1981,1,WVS_Wave_1
1494,Australia,Female,30.0,26-35,,Urban,1981,1,WVS_Wave_1
1495,Australia,Female,26.0,26-35,,Urban,1981,1,WVS_Wave_1
1496,Australia,Female,55.0,46-55,,Urban,1981,1,WVS_Wave_1
1497,Australia,Female,30.0,26-35,,Urban,1981,1,WVS_Wave_1
1498,Australia,Male,22.0,18-25,,Urban,1981,1,WVS_Wave_1
1499,Australia,Female,49.0,46-55,,Urban,1981,1,WVS_Wave_1
1500,Australia,Male,69.0,66+,,Urban,1981,1,WVS_Wave_1
1501,Australia,Male,37.0,36-45,,Urban,1981,1,WVS_Wave_1
1502,Australia,Female,69.0,66+,,Urban,1981,1,WVS_Wave_1
1503,Australia,Male,29.0,26-35,,Urban,1981,1,WVS_Wave_1
1504,Australia,Female,20.0,18-25,,Urban,1981,1,WVS_Wave_1
1505,Australia,Female,61.0,56-65,,Urban,1981,1,WVS_Wave_1
1506,Australia,Female,32.0,26-35,,Urban,1981,1,WVS_Wave_1
1507,Australia,Female,27.0,26-35,,Urban,1981,1,WVS_Wave_1
1508,Australia,Female,48.0,46-55,,Urban,1981,1,WVS_Wave_1
1509,Australia,Male,57.0,56-65,,Urban,1981,1,WVS_Wave_1
1510,Australia,Female,40.0,36-45,,Urban,1981,1,WVS_Wave_1
1511,Australia,Male,41.0,36-45,,Urban,1981,1,WVS_Wave_1
1512,Australia,Male,15.0,Under 18,,Urban,1981,1,WVS_Wave_1
1513,Australia,Female,32.0,26-35,,Urban,1981,1,WVS_Wave_1
1514,Australia,Male,28.0,26-35,,Urban,1981,1,WVS_Wave_1
1515,Australia,Male,57.0,56-65,,Urban,1981,1,WVS_Wave_1
1516,Australia,Female,35.0,26-35,,Urban,1981,1,WVS_Wave_1
1517,Australia,Male,72.0,66+,,Urban,1981,1,WVS_Wave_1
1518,Australia,Male,30.0,26-35,,Urban,1981,1,WVS_Wave_1
1519,Australia,Male,61.0,56-65,,Urban,1981,1,WVS_Wave_1
1520,Australia,Male,62.0,56-65,,Urban,1981,1,WVS_Wave_1
1521,Australia,Male,35.0,26-35,,Urban,1981,1,WVS_Wave_1
1522,Australia,Female,30.0,26-35,,Urban,1981,1,WVS_Wave_1
1523,Australia,Male,39.0,36-45,,Urban,1981,1,WVS_Wave_1
1524,Australia,Male,15.0,Under 18,,Urban,1981,1,WVS_Wave_1
1525,Australia,Female,30.0,26-35,,Urban,1981,1,WVS_Wave_1
1526,Australia,Male,25.0,18-25,,Urban,1981,1,WVS_Wave_1
1527,Australia,Male,48.0,46-55,,Urban,1981,1,WVS_Wave_1
1528,Australia,Female,27.0,26-35,,Urban,1981,1,WVS_Wave_1
1529,Australia,Male,30.0,26-35,,Urban,1981,1,WVS_Wave_1
1530,Australia,Male,31.0,26-35,,Urban,1981,1,WVS_Wave_1
1531,Australia,Female,21.0,18-25,,Urban,1981,1,WVS_Wave_1
1532,Australia,Female,27.0,26-35,,Urban,1981,1,WVS_Wave_1
1533,Australia,Male,47.0,46-55,,Urban,1981,1,WVS_Wave_1
1534,Australia,Female,33.0,26-35,,Urban,1981,1,WVS_Wave_1
1535,Australia,Male,42.0,36-45,,Urban,1981,1,WVS_Wave_1
1536,Australia,Male,25.0,18-25,,Urban,1981,1,WVS_Wave_1
1537,Australia,Male,28.0,26-35,,Urban,1981,1,WVS_Wave_1
1538,Australia,Female,56.0,56-65,,Urban,1981,1,WVS_Wave_1
1539,Australia,Male,75.0,66+,,Urban,1981,1,WVS_Wave_1
1540,Australia,Male,71.0,66+,,Urban,1981,1,WVS_Wave_1
1541,Australia,Female,33.0,26-35,,Urban,1981,1,WVS_Wave_1
1542,Australia,Female,52.0,46-55,,Urban,1981,1,WVS_Wave_1
1543,Australia,Female,40.0,36-45,,Urban,1981,1,WVS_Wave_1
1544,Australia,Female,57.0,56-65,,Urban,1981,1,WVS_Wave_1
1545,Australia,Female,54.0,46-55,,Urban,1981,1,WVS_Wave_1
1546,Australia,Female,50.0,46-55,,Urban,1981,1,WVS_Wave_1
1547,Australia,Female,17.0,Under 18,,Urban,1981,1,WVS_Wave_1
1548,Australia,Male,20.0,18-25,,Urban,1981,1,WVS_Wave_1
1549,Australia,Female,36.0,36-45,,Urban,1981,1,WVS_Wave_1
1550,Australia,Male,57.0,56-65,,Urban,1981,1,WVS_Wave_1
1551,Australia,Female,46.0,46-55,,Urban,1981,1,WVS_Wave_1
1552,Australia,Male,17.0,Under 18,,Urban,1981,1,WVS_Wave_1
1553,Australia,Male,56.0,56-65,,Urban,1981,1,WVS_Wave_1
1554,Australia,Female,58.0,56-65,,Urban,1981,1,WVS_Wave_1
1555,Australia,Female,57.0,56-65,,Urban,1981,1,WVS_Wave_1
1556,Australia,Female,52.0,46-55,,Urban,1981,1,WVS_Wave_1
1557,Australia,Female,24.0,18-25,,Urban,1981,1,WVS_Wave_1
1558,Australia,Female,43.0,36-45,,Urban,1981,1,WVS_Wave_1
1559,Australia,Male,79.0,66+,,Urban,1981,1,WVS_Wave_1
1560,Australia,Female,69.0,66+,,Urban,1981,1,WVS_Wave_1
1561,Australia,Male,30.0,26-35,,Urban,1981,1,WVS_Wave_1
1562,Australia,Female,34.0,26-35,,Urban,1981,1,WVS_Wave_1
1563,Australia,Female,57.0,56-65,,Urban,1981,1,WVS_Wave_1
1564,Australia,Male,48.0,46-55,,Urban,1981,1,WVS_Wave_1
1565,Australia,Female,57.0,56-65,,Urban,1981,1,WVS_Wave_1
1566,Australia,Female,54.0,46-55,,Urban,1981,1,WVS_Wave_1
1567,Australia,Male,28.0,26-35,,Urban,1981,1,WVS_Wave_1
1568,Australia,Female,60.0,56-65,,Urban,1981,1,WVS_Wave_1
1569,Australia,Female,49.0,46-55,,Urban,1981,1,WVS_Wave_1
1570,Australia,Female,22.0,18-25,,Urban,1981,1,WVS_Wave_1
1571,Australia,Female,15.0,Under 18,,Urban,1981,1,WVS_Wave_1
1572,Australia,Male,34.0,26-35,,Urban,1981,1,WVS_Wave_1
1573,Australia,Female,41.0,36-45,,Urban,1981,1,WVS_Wave_1
1574,Australia,Male,38.0,36-45,,Urban,1981,1,WVS_Wave_1
1575,Australia,Male,19.0,18-25,,Urban,1981,1,WVS_Wave_1
1576,Australia,Male,19.0,18-25,,Urban,1981,1,WVS_Wave_1
1577,Australia,Female,40.0,36-45,,Urban,1981,1,WVS_Wave_1
1578,Australia,Female,31.0,26-35,,Urban,1981,1,WVS_Wave_1
1579,Australia,Female,36.0,36-45,,Urban,1981,1,WVS_Wave_1
1580,Australia,Male,78.0,66+,,Urban,1981,1,WVS_Wave_1
1581,Australia,Male,17.0,Under 18,,Urban,1981,1,WVS_Wave_1
1582,Australia,Female,27.0,26-35,,Urban,1981,1,WVS_Wave_1
1583,Australia,Female,51.0,46-55,,Urban,1981,1,WVS_Wave_1
1584,Australia,Male,37.0,36-45,,Urban,1981,1,WVS_Wave_1
1585,Australia,Female,56.0,56-65,,Urban,1981,1,WVS_Wave_1
1586,Australia,Male,58.0,56-65,,Urban,1981,1,WVS_Wave_1
1587,Australia,Male,27.0,26-35,,Urban,1981,1,WVS_Wave_1
1588,Australia,Male,25.0,18-25,,Urban,1981,1,WVS_Wave_1
1589,Australia,Female,16.0,Under 18,,Urban,1981,1,WVS_Wave_1
1590,Australia,Female,40.0,36-45,,Urban,1981,1,WVS_Wave_1
1591,Australia,Female,52.0,46-55,,Urban,1981,1,WVS_Wave_1
1592,Australia,Female,52.0,46-55,,Urban,1981,1,WVS_Wave_1
1593,Australia,Female,37.0,36-45,,Urban,1981,1,WVS_Wave_1
1594,Australia,Female,35.0,26-35,,Urban,1981,1,WVS_Wave_1
1595,Australia,Male,36.0,36-45,,Urban,1981,1,WVS_Wave_1
1596,Australia,Male,29.0,26-35,,Urban,1981,1,WVS_Wave_1
1597,Australia,Male,31.0,26-35,,Urban,1981,1,WVS_Wave_1
1598,Australia,Female,27.0,26-35,,Urban,1981,1,WVS_Wave_1
1599,Australia,Female,33.0,26-35,,Urban,1981,1,WVS_Wave_1
1600,Australia,Male,36.0,36-45,,Urban,1981,1,WVS_Wave_1
1601,Australia,Male,27.0,26-35,,Urban,1981,1,WVS_Wave_1
1602,Australia,Male,32.0,26-35,,Urban,1981,1,WVS_Wave_1
1603,Australia,Female,33.0,26-35,,Urban,1981,1,WVS_Wave_1
1604,Australia,Male,37.0,36-45,,Urban,1981,1,WVS_Wave_1
1605,Australia,Male,29.0,26-35,,Urban,1981,1,WVS_Wave_1
1606,Australia,Female,34.0,26-35,,Urban,1981,1,WVS_Wave_1
1607,Australia,Female,37.0,36-45,,Urban,1981,1,WVS_Wave_1
1608,Australia,Male,52.0,46-55,,Urban,1981,1,WVS_Wave_1
1609,Australia,Female,41.0,36-45,,Urban,1981,1,WVS_Wave_1
1610,Australia,Male,28.0,26-35,,Urban,1981,1,WVS_Wave_1
1611,Australia,Female,43.0,36-45,,Urban,1981,1,WVS_Wave_1
1612,Australia,Female,18.0,18-25,,Urban,1981,1,WVS_Wave_1
1613,Australia,Male,30.0,26-35,,Urban,1981,1,WVS_Wave_1
1614,Australia,Male,63.0,56-65,,Urban,1981,1,WVS_Wave_1
1615,Australia,Male,36.0,36-45,,Urban,1981,1,WVS_Wave_1
1616,Australia,Female,43.0,36-45,,Urban,1981,1,WVS_Wave_1
1617,Australia,Female,21.0,18-25,,Urban,1981,1,WVS_Wave_1
1618,Australia,Male,28.0,26-35,,Urban,1981,1,WVS_Wave_1
1619,Australia,Female,26.0,26-35,,Urban,1981,1,WVS_Wave_1
1620,Australia,Male,54.0,46-55,,Urban,1981,1,WVS_Wave_1
1621,Australia,Female,35.0,26-35,,Urban,1981,1,WVS_Wave_1
1622,Australia,Male,53.0,46-55,,Urban,1981,1,WVS_Wave_1
1623,Australia,Female,38.0,36-45,,Urban,1981,1,WVS_Wave_1
1624,Australia,Male,26.0,26-35,,Urban,1981,1,WVS_Wave_1
1625,Australia,Male,24.0,18-25,,Urban,1981,1,WVS_Wave_1
1626,Australia,Male,28.0,26-35,,Urban,1981,1,WVS_Wave_1
1627,Australia,Female,18.0,18-25,,Urban,1981,1,WVS_Wave_1
1628,Australia,Male,30.0,26-35,,Urban,1981,1,WVS_Wave_1
1629,Australia,Male,29.0,26-35,,Urban,1981,1,WVS_Wave_1
1630,Australia,Male,25.0,18-25,,Urban,1981,1,WVS_Wave_1
1631,Australia,Female,60.0,56-65,,Urban,1981,1,WVS_Wave_1
1632,Australia,Male,16.0,Under 18,,Urban,1981,1,WVS_Wave_1
1633,Australia,Female,71.0,66+,,Urban,1981,1,WVS_Wave_1
1634,Australia,Male,17.0,Under 18,,Urban,1981,1,WVS_Wave_1
1635,Australia,Female,66.0,66+,,Urban,1981,1,WVS_Wave_1
1636,Australia,Male,63.0,56-65,,Urban,1981,1,WVS_Wave_1
1637,Australia,Female,29.0,26-35,,Urban,1981,1,WVS_Wave_1
1638,Australia,Female,34.0,26-35,,Urban,1981,1,WVS_Wave_1
1639,Australia,Female,35.0,26-35,,Urban,1981,1,WVS_Wave_1
1640,Australia,Female,35.0,26-35,,Urban,1981,1,WVS_Wave_1
1641,Australia,Female,35.0,26-35,,Urban,1981,1,WVS_Wave_1
1642,Australia,Male,28.0,26-35,,Urban,1981,1,WVS_Wave_1
1643,Australia,Female,46.0,46-55,,Urban,1981,1,WVS_Wave_1
1644,Australia,Female,30.0,26-35,,Urban,1981,1,WVS_Wave_1
1645,Australia,Male,23.0,18-25,,Urban,1981,1,WVS_Wave_1
1646,Australia,Male,34.0,26-35,,Urban,1981,1,WVS_Wave_1
1647,Australia,Male,36.0,36-45,,Urban,1981,1,WVS_Wave_1
1648,Australia,Female,26.0,26-35,,Urban,1981,1,WVS_Wave_1
1649,Australia,Male,25.0,18-25,,Urban,1981,1,WVS_Wave_1
1650,Australia,Female,25.0,18-25,,Urban,1981,1,WVS_Wave_1
1651,Australia,Male,21.0,18-25,,Urban,1981,1,WVS_Wave_1
1652,Australia,Female,74.0,66+,,Rural,1981,1,WVS_Wave_1
1653,Australia,Male,66.0,66+,,Rural,1981,1,WVS_Wave_1
1654,Australia,Male,68.0,66+,,Rural,1981,1,WVS_Wave_1
1655,Australia,Male,21.0,18-25,,Rural,1981,1,WVS_Wave_1
1656,Australia,Male,51.0,46-55,,Rural,1981,1,WVS_Wave_1
1657,Australia,Female,33.0,26-35,,Rural,1981,1,WVS_Wave_1
1658,Australia,Female,53.0,46-55,,Rural,1981,1,WVS_Wave_1
1659,Australia,Male,24.0,18-25,,Urban,1981,1,WVS_Wave_1
1660,Australia,Female,53.0,46-55,,Urban,1981,1,WVS_Wave_1
1661,Australia,Female,22.0,18-25,,Urban,1981,1,WVS_Wave_1
1662,Australia,Male,20.0,18-25,,Urban,1981,1,WVS_Wave_1
1663,Australia,Male,45.0,36-45,,Urban,1981,1,WVS_Wave_1
1664,Australia,Male,31.0,26-35,,Urban,1981,1,WVS_Wave_1
1665,Australia,Female,20.0,18-25,,Urban,1981,1,WVS_Wave_1
1666,Australia,Female,27.0,26-35,,Urban,1981,1,WVS_Wave_1
1667,Australia,Female,24.0,18-25,,Urban,1981,1,WVS_Wave_1
1668,Australia,Female,29.0,26-35,,Urban,1981,1,WVS_Wave_1
1669,Australia,Male,44.0,36-45,,Urban,1981,1,WVS_Wave_1
1670,Australia,Male,32.0,26-35,,Urban,1981,1,WVS_Wave_1
1671,Australia,Female,28.0,26-35,,Urban,1981,1,WVS_Wave_1
1672,Australia,Male,32.0,26-35,,Urban,1981,1,WVS_Wave_1
1673,Australia,Female,55.0,46-55,,Urban,1981,1,WVS_Wave_1
1674,Australia,Female,39.0,36-45,,Urban,1981,1,WVS_Wave_1
1675,Australia,Male,22.0,18-25,,Urban,1981,1,WVS_Wave_1
1676,Australia,Female,58.0,56-65,,Urban,1981,1,WVS_Wave_1
1677,Australia,Male,31.0,26-35,,Urban,1981,1,WVS_Wave_1
1678,Australia,Male,32.0,26-35,,Urban,1981,1,WVS_Wave_1
1679,Australia,Male,63.0,56-65,,Urban,1981,1,WVS_Wave_1
1680,Australia,Male,35.0,26-35,,Urban,1981,1,WVS_Wave_1
1681,Australia,Male,66.0,66+,,Urban,1981,1,WVS_Wave_1
1682,Australia,Male,28.0,26-35,,Urban,1981,1,WVS_Wave_1
1683,Australia,Female,17.0,Under 18,,Urban,1981,1,WVS_Wave_1
1684,Australia,Male,16.0,Under 18,,Urban,1981,1,WVS_Wave_1
1685,Australia,Female,26.0,26-35,,Urban,1981,1,WVS_Wave_1
1686,Australia,Male,29.0,26-35,,Urban,1981,1,WVS_Wave_1
1687,Australia,Female,19.0,18-25,,Urban,1981,1,WVS_Wave_1
1688,Australia,Female,30.0,26-35,,Urban,1981,1,WVS_Wave_1
1689,Australia,Male,90.0,66+,,Urban,1981,1,WVS_Wave_1
1690,Australia,Female,35.0,26-35,,Urban,1981,1,WVS_Wave_1
1691,Australia,Female,55.0,46-55,,Urban,1981,1,WVS_Wave_1
1692,Australia,Male,16.0,Under 18,,Urban,1981,1,WVS_Wave_1
1693,Australia,Male,18.0,18-25,,Urban,1981,1,WVS_Wave_1
1694,Australia,Male,18.0,18-25,,Urban,1981,1,WVS_Wave_1
1695,Australia,Female,18.0,18-25,,Urban,1981,1,WVS_Wave_1
1696,Australia,Female,37.0,36-45,,Urban,1981,1,WVS_Wave_1
1697,Australia,Male,25.0,18-25,,Urban,1981,1,WVS_Wave_1
1698,Australia,Male,59.0,56-65,,Urban,1981,1,WVS_Wave_1
1699,Australia,Male,34.0,26-35,,Urban,1981,1,WVS_Wave_1
1700,Australia,Female,52.0,46-55,,Urban,1981,1,WVS_Wave_1
1701,Australia,Female,71.0,66+,,Urban,1981,1,WVS_Wave_1
1702,Australia,Female,84.0,66+,,Urban,1981,1,WVS_Wave_1
1703,Australia,Male,67.0,66+,,Urban,1981,1,WVS_Wave_1
1704,Australia,Male,15.0,Under 18,,Urban,1981,1,WVS_Wave_1
1705,Australia,Female,71.0,66+,,Urban,1981,1,WVS_Wave_1
1706,Australia,Male,57.0,56-65,,Urban,1981,1,WVS_Wave_1
1707,Australia,Female,67.0,66+,,Urban,1981,1,WVS_Wave_1
1708,Australia,Female,19.0,18-25,,Urban,1981,1,WVS_Wave_1
1709,Australia,Female,29.0,26-35,,Urban,1981,1,WVS_Wave_1
1710,Australia,Male,49.0,46-55,,Urban,1981,1,WVS_Wave_1
1711,Australia,Female,21.0,18-25,,Urban,1981,1,WVS_Wave_1
1712,Australia,Female,41.0,36-45,,Urban,1981,1,WVS_Wave_1
1713,Australia,Male,50.0,46-55,,Urban,1981,1,WVS_Wave_1
1714,Australia,Male,30.0,26-35,,Urban,1981,1,WVS_Wave_1
1715,Australia,Male,14.0,Under 18,,Urban,1981,1,WVS_Wave_1
1716,Australia,Male,19.0,18-25,,Urban,1981,1,WVS_Wave_1
1717,Australia,Male,83.0,66+,,Urban,1981,1,WVS_Wave_1
1718,Australia,Female,22.0,18-25,,Urban,1981,1,WVS_Wave_1
1719,Australia,Female,25.0,18-25,,Urban,1981,1,WVS_Wave_1
1720,Australia,Female,67.0,66+,,Urban,1981,1,WVS_Wave_1
1721,Australia,Male,15.0,Under 18,,Urban,1981,1,WVS_Wave_1
1722,Australia,Male,47.0,46-55,,Urban,1981,1,WVS_Wave_1
1723,Australia,Male,41.0,36-45,,Urban,1981,1,WVS_Wave_1
1724,Australia,Male,54.0,46-55,,Urban,1981,1,WVS_Wave_1
1725,Australia,Male,63.0,56-65,,Urban,1981,1,WVS_Wave_1
1726,Australia,Female,19.0,18-25,,Urban,1981,1,WVS_Wave_1
1727,Australia,Female,48.0,46-55,,Urban,1981,1,WVS_Wave_1
1728,Australia,Female,37.0,36-45,,Urban,1981,1,WVS_Wave_1
1729,Australia,Male,57.0,56-65,,Urban,1981,1,WVS_Wave_1
1730,Australia,Female,30.0,26-35,,Urban,1981,1,WVS_Wave_1
1731,Australia,Male,65.0,56-65,,Urban,1981,1,WVS_Wave_1
1732,Australia,Male,30.0,26-35,,Urban,1981,1,WVS_Wave_1
1733,Australia,Male,40.0,36-45,,Urban,1981,1,WVS_Wave_1
1734,Australia,Male,22.0,18-25,,Urban,1981,1,WVS_Wave_1
1735,Australia,Male,47.0,46-55,,Urban,1981,1,WVS_Wave_1
1736,Australia,Female,28.0,26-35,,Urban,1981,1,WVS_Wave_1
1737,Australia,Female,25.0,18-25,,Urban,1981,1,WVS_Wave_1
1738,Australia,Male,20.0,18-25,,Urban,1981,1,WVS_Wave_1
1739,Australia,Male,30.0,26-35,,Urban,1981,1,WVS_Wave_1
1740,Australia,Female,29.0,26-35,,Urban,1981,1,WVS_Wave_1
1741,Australia,Female,71.0,66+,,Urban,1981,1,WVS_Wave_1
1742,Australia,Male,35.0,26-35,,Urban,1981,1,WVS_Wave_1
1743,Australia,Male,46.0,46-55,,Urban,1981,1,WVS_Wave_1
1744,Australia,Male,21.0,18-25,,Urban,1981,1,WVS_Wave_1
1745,Australia,Female,24.0,18-25,,Urban,1981,1,WVS_Wave_1
1746,Australia,Male,14.0,Under 18,,Urban,1981,1,WVS_Wave_1
1747,Australia,Female,32.0,26-35,,Urban,1981,1,WVS_Wave_1
1748,Australia,Female,25.0,18-25,,Urban,1981,1,WVS_Wave_1
1749,Australia,Male,67.0,66+,,Urban,1981,1,WVS_Wave_1
1750,Australia,Female,37.0,36-45,,Urban,1981,1,WVS_Wave_1
1751,Australia,Female,69.0,66+,,Urban,1981,1,WVS_Wave_1
1752,Australia,Male,37.0,36-45,,Urban,1981,1,WVS_Wave_1
1753,Australia,Male,27.0,26-35,,Urban,1981,1,WVS_Wave_1
1754,Australia,Female,43.0,36-45,,Urban,1981,1,WVS_Wave_1
1755,Australia,Female,26.0,26-35,,Urban,1981,1,WVS_Wave_1
1756,Australia,Female,27.0,26-35,,Urban,1981,1,WVS_Wave_1
1757,Australia,Male,16.0,Under 18,,Urban,1981,1,WVS_Wave_1
1758,Australia,Female,21.0,18-25,,Urban,1981,1,WVS_Wave_1
1759,Australia,Female,18.0,18-25,,Urban,1981,1,WVS_Wave_1
1760,Australia,Male,49.0,46-55,,Urban,1981,1,WVS_Wave_1
1761,Australia,Female,15.0,Under 18,,Urban,1981,1,WVS_Wave_1
1762,Australia,Male,28.0,26-35,,Urban,1981,1,WVS_Wave_1
1763,Australia,Male,47.0,46-55,,Urban,1981,1,WVS_Wave_1
1764,Australia,Female,27.0,26-35,,Urban,1981,1,WVS_Wave_1
1765,Australia,Female,32.0,26-35,,Urban,1981,1,WVS_Wave_1
1766,Australia,Male,66.0,66+,,Urban,1981,1,WVS_Wave_1
1767,Australia,Male,74.0,66+,,Urban,1981,1,WVS_Wave_1
1768,Australia,Female,44.0,36-45,,Urban,1981,1,WVS_Wave_1
1769,Australia,Female,39.0,36-45,,Urban,1981,1,WVS_Wave_1
1770,Australia,Male,48.0,46-55,,Urban,1981,1,WVS_Wave_1
1771,Australia,Male,27.0,26-35,,Urban,1981,1,WVS_Wave_1
1772,Australia,Female,26.0,26-35,,Urban,1981,1,WVS_Wave_1
1773,Australia,Female,30.0,26-35,,Urban,1981,1,WVS_Wave_1
1774,Australia,Male,47.0,46-55,,Urban,1981,1,WVS_Wave_1
1775,Australia,Male,37.0,36-45,,Urban,1981,1,WVS_Wave_1
1776,Australia,Male,58.0,56-65,,Urban,1981,1,WVS_Wave_1
1777,Australia,Male,38.0,36-45,,Urban,1981,1,WVS_Wave_1
1778,Australia,Male,57.0,56-65,,Urban,1981,1,WVS_Wave_1
1779,Australia,Female,34.0,26-35,,Urban,1981,1,WVS_Wave_1
1780,Australia,Male,58.0,56-65,,Urban,1981,1,WVS_Wave_1
1781,Australia,Male,17.0,Under 18,,Urban,1981,1,WVS_Wave_1
1782,Australia,Female,54.0,46-55,,Urban,1981,1,WVS_Wave_1
1783,Australia,Male,49.0,46-55,,Urban,1981,1,WVS_Wave_1
1784,Australia,Male,42.0,36-45,,Urban,1981,1,WVS_Wave_1
1785,Australia,Female,44.0,36-45,,Urban,1981,1,WVS_Wave_1
1786,Australia,Female,42.0,36-45,,Urban,1981,1,WVS_Wave_1
1787,Australia,Female,22.0,18-25,,Urban,1981,1,WVS_Wave_1
1788,Australia,Male,27.0,26-35,,Urban,1981,1,WVS_Wave_1
1789,Australia,Male,32.0,26-35,,Urban,1981,1,WVS_Wave_1
1790,Australia,Male,72.0,66+,,Urban,1981,1,WVS_Wave_1
1791,Australia,Female,29.0,26-35,,Urban,1981,1,WVS_Wave_1
1792,Australia,Female,18.0,18-25,,Urban,1981,1,WVS_Wave_1
1793,Australia,Male,36.0,36-45,,Urban,1981,1,WVS_Wave_1
1794,Australia,Male,28.0,26-35,,Urban,1981,1,WVS_Wave_1
1795,Australia,Male,47.0,46-55,,Urban,1981,1,WVS_Wave_1
1796,Australia,Male,45.0,36-45,,Urban,1981,1,WVS_Wave_1
1797,Australia,Male,33.0,26-35,,Urban,1981,1,WVS_Wave_1
1798,Australia,Male,21.0,18-25,,Urban,1981,1,WVS_Wave_1
1799,Australia,Male,18.0,18-25,,Urban,1981,1,WVS_Wave_1
1800,Australia,Female,63.0,56-65,,Urban,1981,1,WVS_Wave_1
1801,Australia,Female,70.0,66+,,Urban,1981,1,WVS_Wave_1
1802,Australia,Male,32.0,26-35,,Urban,1981,1,WVS_Wave_1
1803,Australia,Male,25.0,18-25,,Urban,1981,1,WVS_Wave_1
1804,Australia,Female,69.0,66+,,Urban,1981,1,WVS_Wave_1
1805,Australia,Female,44.0,36-45,,Urban,1981,1,WVS_Wave_1
1806,Australia,Female,31.0,26-35,,Urban,1981,1,WVS_Wave_1
1807,Australia,Male,26.0,26-35,,Urban,1981,1,WVS_Wave_1
1808,Australia,Female,46.0,46-55,,Urban,1981,1,WVS_Wave_1
1809,Australia,Male,20.0,18-25,,Urban,1981,1,WVS_Wave_1
1810,Australia,Female,55.0,46-55,,Urban,1981,1,WVS_Wave_1
1811,Australia,Female,59.0,56-65,,Urban,1981,1,WVS_Wave_1
1812,Australia,Female,19.0,18-25,,Urban,1981,1,WVS_Wave_1
1813,Australia,Male,65.0,56-65,,Urban,1981,1,WVS_Wave_1
1814,Australia,Female,63.0,56-65,,Urban,1981,1,WVS_Wave_1
1815,Australia,Male,33.0,26-35,,Urban,1981,1,WVS_Wave_1
1816,Australia,Female,21.0,18-25,,Urban,1981,1,WVS_Wave_1
1817,Australia,Female,50.0,46-55,,Urban,1981,1,WVS_Wave_1
1818,Australia,Female,42.0,36-45,,Urban,1981,1,WVS_Wave_1
1819,Australia,Female,40.0,36-45,,Urban,1981,1,WVS_Wave_1
1820,Australia,Male,37.0,36-45,,Urban,1981,1,WVS_Wave_1
1821,Australia,Male,18.0,18-25,,Urban,1981,1,WVS_Wave_1
1822,Australia,Female,39.0,36-45,,Urban,1981,1,WVS_Wave_1
1823,Australia,Female,46.0,46-55,,Urban,1981,1,WVS_Wave_1
1824,Australia,Male,31.0,26-35,,Urban,1981,1,WVS_Wave_1
1825,Australia,Female,31.0,26-35,,Urban,1981,1,WVS_Wave_1
1826,Australia,Male,57.0,56-65,,Urban,1981,1,WVS_Wave_1
1827,Australia,Male,66.0,66+,,Urban,1981,1,WVS_Wave_1
1828,Australia,Female,30.0,26-35,,Urban,1981,1,WVS_Wave_1
1829,Australia,Male,73.0,66+,,Urban,1981,1,WVS_Wave_1
1830,Australia,Male,29.0,26-35,,Urban,1981,1,WVS_Wave_1
1831,Australia,Female,62.0,56-65,,Urban,1981,1,WVS_Wave_1
1832,Australia,Female,22.0,18-25,,Urban,1981,1,WVS_Wave_1
1833,Australia,Female,56.0,56-65,,Urban,1981,1,WVS_Wave_1
1834,Australia,Male,70.0,66+,,Urban,1981,1,WVS_Wave_1
1835,Australia,Female,70.0,66+,,Urban,1981,1,WVS_Wave_1
1836,Australia,Female,27.0,26-35,,Urban,1981,1,WVS_Wave_1
1837,Australia,Male,31.0,26-35,,Urban,1981,1,WVS_Wave_1
1838,Australia,Male,25.0,18-25,,Urban,1981,1,WVS_Wave_1
1839,Australia,Female,43.0,36-45,,Urban,1981,1,WVS_Wave_1
1840,Australia,Female,23.0,18-25,,Urban,1981,1,WVS_Wave_1
1841,Australia,Female,49.0,46-55,,Urban,1981,1,WVS_Wave_1
1842,Australia,Male,63.0,56-65,,Urban,1981,1,WVS_Wave_1
1843,Australia,Male,85.0,66+,,Urban,1981,1,WVS_Wave_1
1844,Australia,Female,20.0,18-25,,Urban,1981,1,WVS_Wave_1
1845,Australia,Male,65.0,56-65,,Urban,1981,1,WVS_Wave_1
1846,Australia,Male,25.0,18-25,,Urban,1981,1,WVS_Wave_1
1847,Australia,Female,16.0,Under 18,,Urban,1981,1,WVS_Wave_1
1848,Australia,Male,30.0,26-35,,Urban,1981,1,WVS_Wave_1
1849,Australia,Female,26.0,26-35,,Urban,1981,1,WVS_Wave_1
1850,Australia,Female,23.0,18-25,,Urban,1981,1,WVS_Wave_1
1851,Australia,Male,41.0,36-45,,Urban,1981,1,WVS_Wave_1
1852,Australia,Male,49.0,46-55,,Urban,1981,1,WVS_Wave_1
1853,Australia,Male,63.0,56-65,,Urban,1981,1,WVS_Wave_1
1854,Australia,Male,27.0,26-35,,Urban,1981,1,WVS_Wave_1
1855,Australia,Female,29.0,26-35,,Urban,1981,1,WVS_Wave_1
1856,Australia,Male,24.0,18-25,,Urban,1981,1,WVS_Wave_1
1857,Australia,Female,34.0,26-35,,Urban,1981,1,WVS_Wave_1
1858,Australia,Female,26.0,26-35,,Urban,1981,1,WVS_Wave_1
1859,Australia,Male,19.0,18-25,,Urban,1981,1,WVS_Wave_1
1860,Australia,Male,22.0,18-25,,Urban,1981,1,WVS_Wave_1
1861,Australia,Male,47.0,46-55,,Urban,1981,1,WVS_Wave_1
1862,Australia,Male,66.0,66+,,Rural,1981,1,WVS_Wave_1
1863,Australia,Female,69.0,66+,,Rural,1981,1,WVS_Wave_1
1864,Australia,Male,77.0,66+,,Rural,1981,1,WVS_Wave_1
1865,Australia,Female,61.0,56-65,,Rural,1981,1,WVS_Wave_1
1866,Australia,Female,61.0,56-65,,Rural,1981,1,WVS_Wave_1
1867,Australia,Male,69.0,66+,,Rural,1981,1,WVS_Wave_1
1868,Australia,Female,70.0,66+,,Rural,1981,1,WVS_Wave_1
1869,Australia,Female,81.0,66+,,Rural,1981,1,WVS_Wave_1
1870,Australia,Male,60.0,56-65,,Urban,1981,1,WVS_Wave_1
1871,Australia,Male,15.0,Under 18,,Urban,1981,1,WVS_Wave_1
1872,Australia,Female,42.0,36-45,,Urban,1981,1,WVS_Wave_1
1873,Australia,Male,19.0,18-25,,Urban,1981,1,WVS_Wave_1
1874,Australia,Male,23.0,18-25,,Urban,1981,1,WVS_Wave_1
1875,Australia,Female,59.0,56-65,,Urban,1981,1,WVS_Wave_1
1876,Australia,Male,59.0,56-65,,Urban,1981,1,WVS_Wave_1
1877,Australia,Female,20.0,18-25,,Urban,1981,1,WVS_Wave_1
1878,Australia,Female,27.0,26-35,,Urban,1981,1,WVS_Wave_1
1879,Australia,Male,34.0,26-35,,Urban,1981,1,WVS_Wave_1
1880,Australia,Female,45.0,36-45,,Urban,1981,1,WVS_Wave_1
1881,Australia,Male,39.0,36-45,,Urban,1981,1,WVS_Wave_1
1882,Australia,Male,42.0,36-45,,Urban,1981,1,WVS_Wave_1
1883,Australia,Male,36.0,36-45,,Urban,1981,1,WVS_Wave_1
1884,Australia,Female,43.0,36-45,,Urban,1981,1,WVS_Wave_1
1885,Australia,Female,32.0,26-35,,Urban,1981,1,WVS_Wave_1
1886,Australia,Female,35.0,26-35,,Urban,1981,1,WVS_Wave_1
1887,Australia,Male,30.0,26-35,,Urban,1981,1,WVS_Wave_1
1888,Australia,Female,34.0,26-35,,Urban,1981,1,WVS_Wave_1
1889,Australia,Male,55.0,46-55,,Urban,1981,1,WVS_Wave_1
1890,Australia,Female,34.0,26-35,,Urban,1981,1,WVS_Wave_1
1891,Australia,Male,20.0,18-25,,Urban,1981,1,WVS_Wave_1
1892,Australia,Male,37.0,36-45,,Urban,1981,1,WVS_Wave_1
1893,Australia,Female,30.0,26-35,,Urban,1981,1,WVS_Wave_1
1894,Australia,Male,34.0,26-35,,Urban,1981,1,WVS_Wave_1
1895,Australia,Female,31.0,26-35,,Urban,1981,1,WVS_Wave_1
1896,Australia,Female,71.0,66+,,Urban,1981,1,WVS_Wave_1
1897,Australia,Female,62.0,56-65,,Urban,1981,1,WVS_Wave_1
1898,Australia,Male,33.0,26-35,,Urban,1981,1,WVS_Wave_1
1899,Australia,Female,28.0,26-35,,Urban,1981,1,WVS_Wave_1
1900,Australia,Female,68.0,66+,,Urban,1981,1,WVS_Wave_1
1901,Australia,Female,68.0,66+,,Urban,1981,1,WVS_Wave_1
1902,Australia,Female,58.0,56-65,,Urban,1981,1,WVS_Wave_1
1903,Australia,Female,48.0,46-55,,Urban,1981,1,WVS_Wave_1
1904,Australia,Female,20.0,18-25,,Urban,1981,1,WVS_Wave_1
1905,Australia,Female,26.0,26-35,,Urban,1981,1,WVS_Wave_1
1906,Australia,Female,18.0,18-25,,Urban,1981,1,WVS_Wave_1
1907,Australia,Female,72.0,66+,,Urban,1981,1,WVS_Wave_1
1908,Australia,Male,55.0,46-55,,Urban,1981,1,WVS_Wave_1
1909,Australia,Male,21.0,18-25,,Urban,1981,1,WVS_Wave_1
1910,Australia,Female,34.0,26-35,,Urban,1981,1,WVS_Wave_1
1911,Australia,Female,20.0,18-25,,Urban,1981,1,WVS_Wave_1
1912,Australia,Male,63.0,56-65,,Urban,1981,1,WVS_Wave_1
1913,Australia,Male,69.0,66+,,Urban,1981,1,WVS_Wave_1
1914,Australia,Female,49.0,46-55,,Urban,1981,1,WVS_Wave_1
1915,Australia,Male,57.0,56-65,,Urban,1981,1,WVS_Wave_1
1916,Australia,Male,32.0,26-35,,Urban,1981,1,WVS_Wave_1
1917,Australia,Male,57.0,56-65,,Urban,1981,1,WVS_Wave_1
1918,Australia,Male,59.0,56-65,,Urban,1981,1,WVS_Wave_1
1919,Australia,Female,26.0,26-35,,Urban,1981,1,WVS_Wave_1
1920,Australia,Male,58.0,56-65,,Urban,1981,1,WVS_Wave_1
1921,Australia,Male,76.0,66+,,Urban,1981,1,WVS_Wave_1
1922,Australia,Female,18.0,18-25,,Urban,1981,1,WVS_Wave_1
1923,Australia,Female,44.0,36-45,,Urban,1981,1,WVS_Wave_1
1924,Australia,Male,43.0,36-45,,Urban,1981,1,WVS_Wave_1
1925,Australia,Male,24.0,18-25,,Urban,1981,1,WVS_Wave_1
1926,Australia,Male,17.0,Under 18,,Urban,1981,1,WVS_Wave_1
1927,Australia,Female,28.0,26-35,,Urban,1981,1,WVS_Wave_1
1928,Australia,Female,63.0,56-65,,Urban,1981,1,WVS_Wave_1
1929,Australia,Female,40.0,36-45,,Urban,1981,1,WVS_Wave_1
1930,Australia,Female,35.0,26-35,,Urban,1981,1,WVS_Wave_1
1931,Australia,Male,21.0,18-25,,Urban,1981,1,WVS_Wave_1
1932,Australia,Female,48.0,46-55,,Urban,1981,1,WVS_Wave_1
1933,Australia,Female,48.0,46-55,,Urban,1981,1,WVS_Wave_1
1934,Australia,Male,27.0,26-35,,Urban,1981,1,WVS_Wave_1
1935,Australia,Female,35.0,26-35,,Urban,1981,1,WVS_Wave_1
1936,Australia,Female,36.0,36-45,,Urban,1981,1,WVS_Wave_1
1937,Australia,Male,40.0,36-45,,Urban,1981,1,WVS_Wave_1
1938,Australia,Male,38.0,36-45,,Urban,1981,1,WVS_Wave_1
1939,Australia,Female,44.0,36-45,,Urban,1981,1,WVS_Wave_1
1940,Australia,Male,44.0,36-45,,Urban,1981,1,WVS_Wave_1
1941,Australia,Female,54.0,46-55,,Urban,1981,1,WVS_Wave_1
1942,Australia,Male,25.0,18-25,,Urban,1981,1,WVS_Wave_1
1943,Australia,Female,46.0,46-55,,Urban,1981,1,WVS_Wave_1
1944,Australia,Male,18.0,18-25,,Urban,1981,1,WVS_Wave_1
1945,Australia,Female,24.0,18-25,,Urban,1981,1,WVS_Wave_1
1946,Australia,Male,27.0,26-35,,Urban,1981,1,WVS_Wave_1
1947,Australia,Male,28.0,26-35,,Urban,1981,1,WVS_Wave_1
1948,Australia,Male,60.0,56-65,,Urban,1981,1,WVS_Wave_1
1949,Australia,Male,57.0,56-65,,Urban,1981,1,WVS_Wave_1
1950,Australia,Male,19.0,18-25,,Urban,1981,1,WVS_Wave_1
1951,Australia,Female,20.0,18-25,,Urban,1981,1,WVS_Wave_1
1952,Australia,Male,28.0,26-35,,Urban,1981,1,WVS_Wave_1
1953,Australia,Female,62.0,56-65,,Urban,1981,1,WVS_Wave_1
1954,Australia,Male,17.0,Under 18,,Urban,1981,1,WVS_Wave_1
1955,Australia,Male,67.0,66+,,Rural,1981,1,WVS_Wave_1
1956,Australia,Male,14.0,Under 18,,Urban,1981,1,WVS_Wave_1
1957,Australia,Male,18.0,18-25,,Urban,1981,1,WVS_Wave_1
1958,Australia,Male,26.0,26-35,,Urban,1981,1,WVS_Wave_1
1959,Australia,Male,66.0,66+,,Urban,1981,1,WVS_Wave_1
1960,Australia,Male,41.0,36-45,,Urban,1981,1,WVS_Wave_1
1961,Australia,Female,17.0,Under 18,,Urban,1981,1,WVS_Wave_1
1962,Australia,Female,46.0,46-55,,Urban,1981,1,WVS_Wave_1
1963,Australia,Male,15.0,Under 18,,Urban,1981,1,WVS_Wave_1
1964,Australia,Female,64.0,56-65,,Urban,1981,1,WVS_Wave_1
1965,Australia,Female,23.0,18-25,,Urban,1981,1,WVS_Wave_1
1966,Australia,Male,54.0,46-55,,Urban,1981,1,WVS_Wave_1
1967,Australia,Male,39.0,36-45,,Urban,1981,1,WVS_Wave_1
1968,Australia,Male,20.0,18-25,,Urban,1981,1,WVS_Wave_1
1969,Australia,Female,45.0,36-45,,Urban,1981,1,WVS_Wave_1
1970,Australia,Female,15.0,Under 18,,Urban,1981,1,WVS_Wave_1
1971,Australia,Female,47.0,46-55,,Urban,1981,1,WVS_Wave_1
1972,Australia,Male,43.0,36-45,,Urban,1981,1,WVS_Wave_1
1973,Australia,Male,67.0,66+,,Urban,1981,1,WVS_Wave_1
1974,Australia,Female,35.0,26-35,,Urban,1981,1,WVS_Wave_1
1975,Australia,Female,40.0,36-45,,Urban,1981,1,WVS_Wave_1
1976,Australia,Female,36.0,36-45,,Urban,1981,1,WVS_Wave_1
1977,Australia,Female,70.0,66+,,Urban,1981,1,WVS_Wave_1
1978,Australia,Female,60.0,56-65,,Urban,1981,1,WVS_Wave_1
1979,Australia,Female,19.0,18-25,,Urban,1981,1,WVS_Wave_1
1980,Australia,Female,27.0,26-35,,Urban,1981,1,WVS_Wave_1
1981,Australia,Female,53.0,46-55,,Rural,1981,1,WVS_Wave_1
1982,Australia,Female,79.0,66+,,Rural,1981,1,WVS_Wave_1
1983,Australia,Female,31.0,26-35,,Urban,1981,1,WVS_Wave_1
1984,Australia,Male,31.0,26-35,,Urban,1981,1,WVS_Wave_1
1985,Australia,Male,16.0,Under 18,,Urban,1981,1,WVS_Wave_1
1986,Australia,Female,38.0,36-45,,Urban,1981,1,WVS_Wave_1
1987,Australia,Female,82.0,66+,,Urban,1981,1,WVS_Wave_1
1988,Australia,Female,69.0,66+,,Urban,1981,1,WVS_Wave_1
1989,Australia,Male,45.0,36-45,,Urban,1981,1,WVS_Wave_1
1990,Australia,Male,20.0,18-25,,Urban,1981,1,WVS_Wave_1
1991,Australia,Male,61.0,56-65,,Urban,1981,1,WVS_Wave_1
1992,Australia,Male,24.0,18-25,,Urban,1981,1,WVS_Wave_1
1993,Australia,Female,27.0,26-35,,Urban,1981,1,WVS_Wave_1
1994,Australia,Female,19.0,18-25,,Urban,1981,1,WVS_Wave_1
1995,Australia,Female,54.0,46-55,,Urban,1981,1,WVS_Wave_1
1996,Australia,Female,22.0,18-25,,Urban,1981,1,WVS_Wave_1
1997,Australia,Female,28.0,26-35,,Urban,1981,1,WVS_Wave_1
1998,Australia,Male,27.0,26-35,,Urban,1981,1,WVS_Wave_1
1999,Australia,Male,28.0,26-35,,Urban,1981,1,WVS_Wave_1
2000,Australia,Female,65.0,56-65,,Urban,1981,1,WVS_Wave_1
2001,Australia,Male,23.0,18-25,,Urban,1981,1,WVS_Wave_1
2002,Australia,Male,50.0,46-55,,Urban,1981,1,WVS_Wave_1
2003,Australia,Male,22.0,18-25,,Urban,1981,1,WVS_Wave_1
2004,Australia,Female,72.0,66+,,Urban,1981,1,WVS_Wave_1
2005,Australia,Female,66.0,66+,,Urban,1981,1,WVS_Wave_1
2006,Australia,Male,68.0,66+,,Urban,1981,1,WVS_Wave_1
2007,Australia,Male,43.0,36-45,,Urban,1981,1,WVS_Wave_1
2008,Australia,Female,41.0,36-45,,Urban,1981,1,WVS_Wave_1
2009,Australia,Male,56.0,56-65,,Urban,1981,1,WVS_Wave_1
2010,Australia,Female,50.0,46-55,,Urban,1981,1,WVS_Wave_1
2011,Australia,Female,15.0,Under 18,,Urban,1981,1,WVS_Wave_1
2012,Australia,Male,27.0,26-35,,Urban,1981,1,WVS_Wave_1
2013,Australia,Female,57.0,56-65,,Urban,1981,1,WVS_Wave_1
2014,Australia,Female,73.0,66+,,Urban,1981,1,WVS_Wave_1
2015,Australia,Male,46.0,46-55,,Urban,1981,1,WVS_Wave_1
2016,Australia,Male,67.0,66+,,Urban,1981,1,WVS_Wave_1
2017,Australia,Male,36.0,36-45,,Urban,1981,1,WVS_Wave_1
2018,Australia,Male,33.0,26-35,,Urban,1981,1,WVS_Wave_1
2019,Australia,Female,35.0,26-35,,Urban,1981,1,WVS_Wave_1
2020,Australia,Female,62.0,56-65,,Urban,1981,1,WVS_Wave_1
2021,Australia,Male,22.0,18-25,,Urban,1981,1,WVS_Wave_1
2022,Australia,Male,19.0,18-25,,Urban,1981,1,WVS_Wave_1
2023,Australia,Female,40.0,36-45,,Urban,1981,1,WVS_Wave_1
2024,Australia,Female,45.0,36-45,,Urban,1981,1,WVS_Wave_1
2025,Australia,Female,57.0,56-65,,Urban,1981,1,WVS_Wave_1
2026,Australia,Female,40.0,36-45,,Urban,1981,1,WVS_Wave_1
2027,Australia,Male,58.0,56-65,,Urban,1981,1,WVS_Wave_1
2028,Australia,Female,56.0,56-65,,Urban,1981,1,WVS_Wave_1
2029,Australia,Male,28.0,26-35,,Urban,1981,1,WVS_Wave_1
2030,Australia,Female,17.0,Under 18,,Urban,1981,1,WVS_Wave_1
2031,Australia,Female,36.0,36-45,,Rural,1981,1,WVS_Wave_1
2032,Australia,Male,21.0,18-25,,Urban,1981,1,WVS_Wave_1
2033,Australia,Male,26.0,26-35,,Urban,1981,1,WVS_Wave_1
2034,Australia,Male,23.0,18-25,,Urban,1981,1,WVS_Wave_1
2035,Australia,Female,32.0,26-35,,Urban,1981,1,WVS_Wave_1
2036,Australia,Male,35.0,26-35,,Urban,1981,1,WVS_Wave_1
2037,Australia,Male,29.0,26-35,,Rural,1981,1,WVS_Wave_1
2038,Australia,Male,20.0,18-25,,Urban,1981,1,WVS_Wave_1
2039,Australia,Male,22.0,18-25,,Urban,1981,1,WVS_Wave_1
2040,Australia,Female,39.0,36-45,,Urban,1981,1,WVS_Wave_1
2041,Australia,Female,28.0,26-35,,Urban,1981,1,WVS_Wave_1
2042,Australia,Male,26.0,26-35,,Urban,1981,1,WVS_Wave_1
2043,Australia,Male,17.0,Under 18,,Urban,1981,1,WVS_Wave_1
2044,Australia,Female,48.0,46-55,,Urban,1981,1,WVS_Wave_1
2045,Australia,Male,20.0,18-25,,Urban,1981,1,WVS_Wave_1
2046,Australia,Male,19.0,18-25,,Urban,1981,1,WVS_Wave_1
2047,Australia,Female,32.0,26-35,,Urban,1981,1,WVS_Wave_1
2048,Australia,Male,29.0,26-35,,Urban,1981,1,WVS_Wave_1
2049,Australia,Female,72.0,66+,,Urban,1981,1,WVS_Wave_1
2050,Australia,Male,42.0,36-45,,Urban,1981,1,WVS_Wave_1
2051,Australia,Female,18.0,18-25,,Urban,1981,1,WVS_Wave_1
2052,Australia,Female,50.0,46-55,,Urban,1981,1,WVS_Wave_1
2053,Australia,Male,22.0,18-25,,Urban,1981,1,WVS_Wave_1
2054,Australia,Male,32.0,26-35,,Urban,1981,1,WVS_Wave_1
2055,Australia,Male,58.0,56-65,,Urban,1981,1,WVS_Wave_1
2056,Australia,Male,27.0,26-35,,Urban,1981,1,WVS_Wave_1
2057,Australia,Male,30.0,26-35,,Urban,1981,1,WVS_Wave_1
2058,Australia,Male,30.0,26-35,,Urban,1981,1,WVS_Wave_1
2059,Australia,Male,14.0,Under 18,,Urban,1981,1,WVS_Wave_1
2060,Australia,Male,17.0,Under 18,,Urban,1981,1,WVS_Wave_1
2061,Australia,Female,22.0,18-25,,Urban,1981,1,WVS_Wave_1
2062,Australia,Male,42.0,36-45,,Urban,1981,1,WVS_Wave_1
2063,Australia,Female,36.0,36-45,,Urban,1981,1,WVS_Wave_1
2064,Australia,Female,79.0,66+,,Urban,1981,1,WVS_Wave_1
2065,Australia,Male,40.0,36-45,,Urban,1981,1,WVS_Wave_1
2066,Australia,Female,21.0,18-25,,Urban,1981,1,WVS_Wave_1
2067,Australia,Female,48.0,46-55,,Urban,1981,1,WVS_Wave_1
2068,Australia,Male,19.0,18-25,,Urban,1981,1,WVS_Wave_1
2069,Australia,Male,62.0,56-65,,Urban,1981,1,WVS_Wave_1
2070,Australia,Male,24.0,18-25,,Urban,1981,1,WVS_Wave_1
2071,Australia,Female,48.0,46-55,,Urban,1981,1,WVS_Wave_1
2072,Australia,Female,72.0,66+,,Urban,1981,1,WVS_Wave_1
2073,Australia,Male,22.0,18-25,,Urban,1981,1,WVS_Wave_1
2074,Australia,Male,27.0,26-35,,Urban,1981,1,WVS_Wave_1
2075,Australia,Male,20.0,18-25,,Urban,1981,1,WVS_Wave_1
2076,Australia,Female,36.0,36-45,,Urban,1981,1,WVS_Wave_1
2077,Australia,Male,21.0,18-25,,Urban,1981,1,WVS_Wave_1
2078,Australia,Male,18.0,18-25,,Urban,1981,1,WVS_Wave_1
2079,Australia,Male,33.0,26-35,,Urban,1981,1,WVS_Wave_1
2080,Australia,Male,33.0,26-35,,Urban,1981,1,WVS_Wave_1
2081,Australia,Male,19.0,18-25,,Urban,1981,1,WVS_Wave_1
2082,Australia,Female,65.0,56-65,,Urban,1981,1,WVS_Wave_1
2083,Australia,Female,40.0,36-45,,Urban,1981,1,WVS_Wave_1
2084,Australia,Female,48.0,46-55,,Urban,1981,1,WVS_Wave_1
2085,Australia,Female,75.0,66+,,Urban,1981,1,WVS_Wave_1
2086,Australia,Female,33.0,26-35,,Urban,1981,1,WVS_Wave_1
2087,Australia,Female,21.0,18-25,,Urban,1981,1,WVS_Wave_1
2088,Australia,Male,57.0,56-65,,Urban,1981,1,WVS_Wave_1
2089,Australia,Female,30.0,26-35,,Urban,1981,1,WVS_Wave_1
2090,Australia,Male,20.0,18-25,,Urban,1981,1,WVS_Wave_1
2091,Australia,Female,32.0,26-35,,Urban,1981,1,WVS_Wave_1
2092,Australia,Male,39.0,36-45,,Urban,1981,1,WVS_Wave_1
2093,Australia,Female,28.0,26-35,,Urban,1981,1,WVS_Wave_1
2094,Australia,Female,34.0,26-35,,Urban,1981,1,WVS_Wave_1
2095,Australia,Female,31.0,26-35,,Urban,1981,1,WVS_Wave_1
2096,Australia,Female,33.0,26-35,,Urban,1981,1,WVS_Wave_1
2097,Australia,Female,32.0,26-35,,Rural,1981,1,WVS_Wave_1
2098,Australia,Male,28.0,26-35,,Rural,1981,1,WVS_Wave_1
2099,Australia,Female,45.0,36-45,,Rural,1981,1,WVS_Wave_1
2100,Australia,Female,57.0,56-65,,Rural,1981,1,WVS_Wave_1
2101,Australia,Female,38.0,36-45,,Urban,1981,1,WVS_Wave_1
2102,Australia,Male,29.0,26-35,,Urban,1981,1,WVS_Wave_1
2103,Australia,Female,39.0,36-45,,Urban,1981,1,WVS_Wave_1
2104,Australia,Male,26.0,26-35,,Urban,1981,1,WVS_Wave_1
2105,Australia,Female,16.0,Under 18,,Urban,1981,1,WVS_Wave_1
2106,Australia,Female,83.0,66+,,Rural,1981,1,WVS_Wave_1
2107,Australia,Female,15.0,Under 18,,Rural,1981,1,WVS_Wave_1
2108,Australia,Female,57.0,56-65,,Rural,1981,1,WVS_Wave_1
2109,Australia,Female,65.0,56-65,,Rural,1981,1,WVS_Wave_1
2110,Australia,Male,50.0,46-55,,Rural,1981,1,WVS_Wave_1
2111,Australia,Male,69.0,66+,,Rural,1981,1,WVS_Wave_1
2112,Australia,Male,63.0,56-65,,Rural,1981,1,WVS_Wave_1
2113,Australia,Female,54.0,46-55,,Rural,1981,1,WVS_Wave_1
2114,Australia,Female,89.0,66+,,Urban,1981,1,WVS_Wave_1
2115,Australia,Female,59.0,56-65,,Urban,1981,1,WVS_Wave_1
2116,Australia,Male,18.0,18-25,,Urban,1981,1,WVS_Wave_1
2117,Australia,Female,38.0,36-45,,Urban,1981,1,WVS_Wave_1
2118,Australia,Female,25.0,18-25,,Urban,1981,1,WVS_Wave_1
2119,Australia,Female,24.0,18-25,,Urban,1981,1,WVS_Wave_1
2120,Australia,Female,55.0,46-55,,Urban,1981,1,WVS_Wave_1
2121,Australia,Male,22.0,18-25,,Urban,1981,1,WVS_Wave_1
2122,Australia,Male,39.0,36-45,,Urban,1981,1,WVS_Wave_1
2123,Australia,Male,68.0,66+,,Urban,1981,1,WVS_Wave_1
2124,Australia,Male,27.0,26-35,,Urban,1981,1,WVS_Wave_1
2125,Australia,Female,54.0,46-55,,Rural,1981,1,WVS_Wave_1
2126,Australia,Male,17.0,Under 18,,Urban,1981,1,WVS_Wave_1
2127,Australia,Female,21.0,18-25,,Urban,1981,1,WVS_Wave_1
2128,Australia,Male,22.0,18-25,,Urban,1981,1,WVS_Wave_1
2129,Australia,Female,35.0,26-35,,Urban,1981,1,WVS_Wave_1
2130,Australia,Male,34.0,26-35,,Urban,1981,1,WVS_Wave_1
2131,Australia,Female,30.0,26-35,,Urban,1981,1,WVS_Wave_1
2132,Australia,Female,27.0,26-35,,Urban,1981,1,WVS_Wave_1
2133,Australia,Female,38.0,36-45,,Urban,1981,1,WVS_Wave_1
2134,Australia,Female,34.0,26-35,,Urban,1981,1,WVS_Wave_1
2135,Australia,Female,20.0,18-25,,Urban,1981,1,WVS_Wave_1
2136,Australia,Female,22.0,18-25,,Urban,1981,1,WVS_Wave_1
2137,Australia,Female,63.0,56-65,,Urban,1981,1,WVS_Wave_1
2138,Australia,Male,26.0,26-35,,Urban,1981,1,WVS_Wave_1
2139,Australia,Male,48.0,46-55,,Urban,1981,1,WVS_Wave_1
2140,Australia,Male,19.0,18-25,,Urban,1981,1,WVS_Wave_1
2141,Australia,Female,21.0,18-25,,Urban,1981,1,WVS_Wave_1
2142,Australia,Male,18.0,18-25,,Urban,1981,1,WVS_Wave_1
2143,Australia,Female,22.0,18-25,,Urban,1981,1,WVS_Wave_1
2144,Australia,Male,19.0,18-25,,Urban,1981,1,WVS_Wave_1
2145,Australia,Female,70.0,66+,,Urban,1981,1,WVS_Wave_1
2146,Australia,Female,73.0,66+,,Urban,1981,1,WVS_Wave_1
2147,Australia,Female,23.0,18-25,,Urban,1981,1,WVS_Wave_1
2148,Australia,Male,42.0,36-45,,Urban,1981,1,WVS_Wave_1
2149,Australia,Female,68.0,66+,,Urban,1981,1,WVS_Wave_1
2150,Australia,Female,27.0,26-35,,Urban,1981,1,WVS_Wave_1
2151,Australia,Female,16.0,Under 18,,Urban,1981,1,WVS_Wave_1
2152,Australia,Male,37.0,36-45,,Urban,1981,1,WVS_Wave_1
2153,Australia,Male,60.0,56-65,,Urban,1981,1,WVS_Wave_1
2154,Australia,Male,37.0,36-45,,Urban,1981,1,WVS_Wave_1
2155,Australia,Male,38.0,36-45,,Urban,1981,1,WVS_Wave_1
2156,Australia,Female,30.0,26-35,,Urban,1981,1,WVS_Wave_1
2157,Australia,Male,59.0,56-65,,Urban,1981,1,WVS_Wave_1
2158,Australia,Female,15.0,Under 18,,Urban,1981,1,WVS_Wave_1
2159,Australia,Female,30.0,26-35,,Urban,1981,1,WVS_Wave_1
2160,Australia,Male,62.0,56-65,,Urban,1981,1,WVS_Wave_1
2161,Australia,Male,31.0,26-35,,Urban,1981,1,WVS_Wave_1
2162,Australia,Female,42.0,36-45,,Urban,1981,1,WVS_Wave_1
2163,Australia,Male,38.0,36-45,,Urban,1981,1,WVS_Wave_1
2164,Australia,Female,43.0,36-45,,Urban,1981,1,WVS_Wave_1
2165,Australia,Female,62.0,56-65,,Urban,1981,1,WVS_Wave_1
2166,Australia,Female,51.0,46-55,,Urban,1981,1,WVS_Wave_1
2167,Australia,Female,21.0,18-25,,Urban,1981,1,WVS_Wave_1
2168,Australia,Male,60.0,56-65,,Urban,1981,1,WVS_Wave_1
2169,Australia,Female,55.0,46-55,,Urban,1981,1,WVS_Wave_1
2170,Australia,Female,21.0,18-25,,Urban,1981,1,WVS_Wave_1
2171,Australia,Female,19.0,18-25,,Urban,1981,1,WVS_Wave_1
2172,Australia,Female,24.0,18-25,,Urban,1981,1,WVS_Wave_1
2173,Australia,Female,30.0,26-35,,Urban,1981,1,WVS_Wave_1
2174,Australia,Male,29.0,26-35,,Urban,1981,1,WVS_Wave_1
2175,Australia,Male,34.0,26-35,,Urban,1981,1,WVS_Wave_1
2176,Australia,Female,17.0,Under 18,,Urban,1981,1,WVS_Wave_1
2177,Australia,Female,27.0,26-35,,Urban,1981,1,WVS_Wave_1
2178,Australia,Female,30.0,26-35,,Urban,1981,1,WVS_Wave_1
2179,Australia,Female,23.0,18-25,,Urban,1981,1,WVS_Wave_1
2180,Australia,Female,35.0,26-35,,Urban,1981,1,WVS_Wave_1
2181,Australia,Male,60.0,56-65,,Urban,1981,1,WVS_Wave_1
2182,Australia,Female,24.0,18-25,,Urban,1981,1,WVS_Wave_1
2183,Australia,Male,40.0,36-45,,Urban,1981,1,WVS_Wave_1
2184,Australia,Male,24.0,18-25,,Urban,1981,1,WVS_Wave_1
2185,Australia,Male,47.0,46-55,,Urban,1981,1,WVS_Wave_1
2186,Australia,Male,81.0,66+,,Urban,1981,1,WVS_Wave_1
2187,Australia,Male,40.0,36-45,,Urban,1981,1,WVS_Wave_1
2188,Australia,Male,20.0,18-25,,Urban,1981,1,WVS_Wave_1
2189,Australia,Male,23.0,18-25,,Urban,1981,1,WVS_Wave_1
2190,Australia,Female,28.0,26-35,,Urban,1981,1,WVS_Wave_1
2191,Australia,Female,24.0,18-25,,Urban,1981,1,WVS_Wave_1
2192,Australia,Female,42.0,36-45,,Urban,1981,1,WVS_Wave_1
2193,Australia,Male,22.0,18-25,,Urban,1981,1,WVS_Wave_1
2194,Australia,Male,78.0,66+,,Urban,1981,1,WVS_Wave_1
2195,Australia,Female,15.0,Under 18,,Urban,1981,1,WVS_Wave_1
2196,Australia,Male,56.0,56-65,,Urban,1981,1,WVS_Wave_1
2197,Australia,Female,32.0,26-35,,Urban,1981,1,WVS_Wave_1
2198,Australia,Female,74.0,66+,,Urban,1981,1,WVS_Wave_1
2199,Australia,Male,60.0,56-65,,Urban,1981,1,WVS_Wave_1
2200,Australia,Female,60.0,56-65,,Urban,1981,1,WVS_Wave_1
2201,Australia,Male,31.0,26-35,,Urban,1981,1,WVS_Wave_1
2202,Australia,Male,37.0,36-45,,Rural,1981,1,WVS_Wave_1
2203,Australia,Male,43.0,36-45,,Rural,1981,1,WVS_Wave_1
2204,Australia,Female,15.0,Under 18,,Rural,1981,1,WVS_Wave_1
2205,Australia,Male,79.0,66+,,Rural,1981,1,WVS_Wave_1
2206,Australia,Female,80.0,66+,,Rural,1981,1,WVS_Wave_1
2207,Australia,Female,21.0,18-25,,Rural,1981,1,WVS_Wave_1
2208,Australia,Male,61.0,56-65,,Rural,1981,1,WVS_Wave_1
2209,Australia,Female,59.0,56-65,,Rural,1981,1,WVS_Wave_1
2210,Australia,Male,22.0,18-25,,Rural,1981,1,WVS_Wave_1
2211,Australia,Female,22.0,18-25,,Urban,1981,1,WVS_Wave_1
2212,Australia,Male,17.0,Under 18,,Urban,1981,1,WVS_Wave_1
2213,Australia,Female,42.0,36-45,,Urban,1981,1,WVS_Wave_1
2214,Australia,Male,29.0,26-35,,Urban,1981,1,WVS_Wave_1
2215,Australia,Female,60.0,56-65,,Urban,1981,1,WVS_Wave_1
2216,Australia,Female,46.0,46-55,,Rural,1981,1,WVS_Wave_1
2217,Australia,Female,70.0,66+,,Rural,1981,1,WVS_Wave_1
2218,Australia,Male,78.0,66+,,Urban,1981,1,WVS_Wave_1
2219,Australia,Male,16.0,Under 18,,Urban,1981,1,WVS_Wave_1
2220,Australia,Male,36.0,36-45,,Urban,1981,1,WVS_Wave_1
2221,Australia,Female,34.0,26-35,,Urban,1981,1,WVS_Wave_1
2222,Australia,Male,37.0,36-45,,Urban,1981,1,WVS_Wave_1
2223,Australia,Female,30.0,26-35,,Urban,1981,1,WVS_Wave_1
2224,Australia,Female,18.0,18-25,,Urban,1981,1,WVS_Wave_1
2225,Australia,Female,26.0,26-35,,Urban,1981,1,WVS_Wave_1
2226,Australia,Female,56.0,56-65,,Urban,1981,1,WVS_Wave_1
2227,Australia,Male,30.0,26-35,,Urban,1981,1,WVS_Wave_1
2228,Australia,Female,30.0,26-35,,Urban,1981,1,WVS_Wave_1
2229,Australia,Male,64.0,56-65,,Urban,1981,1,WVS_Wave_1
2230,Australia,Male,18.0,18-25,,Urban,1981,1,WVS_Wave_1
2231,Australia,Female,31.0,26-35,,Urban,1981,1,WVS_Wave_1
2232,Australia,Male,21.0,18-25,,Urban,1981,1,WVS_Wave_1
2233,Australia,Male,32.0,26-35,,Urban,1981,1,WVS_Wave_1
3237,Hungary,Male,,,Christianity,Urban,1982,1,WVS_Wave_1
3238,Hungary,Male,,,,Urban,1982,1,WVS_Wave_1
3239,Hungary,Male,,,,Urban,1982,1,WVS_Wave_1
3240,Hungary,Female,,,Christianity,Urban,1982,1,WVS_Wave_1
3241,Hungary,Female,,,Christianity,Urban,1982,1,WVS_Wave_1
3242,Hungary,Female,,,Christianity,Urban,1982,1,WVS_Wave_1
3243,Hungary,Female,,,Christianity,Urban,1982,1,WVS_Wave_1
3244,Hungary,Male,,,Christianity,Urban,1982,1,WVS_Wave_1
3245,Hungary,Male,,,,Urban,1982,1,WVS_Wave_1
3246,Hungary,Female,,,Christianity,Urban,1982,1,WVS_Wave_1
3247,Hungary,Female,,,,Urban,1982,1,WVS_Wave_1
3248,Hungary,Female,,,Christianity,Urban,1982,1,WVS_Wave_1
3249,Hungary,Female,,,Christianity,Urban,1982,1,WVS_Wave_1
3250,Hungary,Male,,,Christianity,Urban,1982,1,WVS_Wave_1
3251,Hungary,Male,,,Christianity,Urban,1982,1,WVS_Wave_1
3252,Hungary,Female,,,Christianity,Urban,1982,1,WVS_Wave_1
3253,Hungary,Female,,,Christianity,Urban,1982,1,WVS_Wave_1
3254,Hungary,Male,,,Christianity,Urban,1982,1,WVS_Wave_1
3255,Hungary,Male,,,,Urban,1982,1,WVS_Wave_1
3256,Hungary,Male,,,,Urban,1982,1,WVS_Wave_1
3257,Hungary,Female,,,Christianity,Urban,1982,1,WVS_Wave_1
3258,Hungary,Male,,,Christianity,Urban,1982,1,WVS_Wave_1
3259,Hungary,Female,,,Christianity,Urban,1982,1,WVS_Wave_1
3260,Hungary,Female,,,Christianity,Urban,1982,1,WVS_Wave_1
3261,Hungary,Female,,,Christianity,Urban,1982,1,WVS_Wave_1
3262,Hungary,Male,,,Christianity,Urban,1982,1,WVS_Wave_1
3263,Hungary,Female,,,Christianity,Urban,1982,1,WVS_Wave_1
3264,Hungary,Female,,,Christianity,Urban,1982,1,WVS_Wave_1
3265,Hungary,Male,,,Christianity,Urban,1982,1,WVS_Wave_1
3266,Hungary,Female,,,Christianity,Urban,1982,1,WVS_Wave_1
3267,Hungary,Male,,,,Urban,1982,1,WVS_Wave_1
3268,Hungary,Female,,,Christianity,Urban,1982,1,WVS_Wave_1
3269,Hungary,Female,,,Christianity,Urban,1982,1,WVS_Wave_1
3270,Hungary,Female,,,Christianity,Urban,1982,1,WVS_Wave_1
3271,Hungary,Female,,,Christianity,Urban,1982,1,WVS_Wave_1
3272,Hungary,Female,,,Christianity,Urban,1982,1,WVS_Wave_1
3273,Hungary,Female,,,Christianity,Urban,1982,1,WVS_Wave_1
3274,Hungary,Female,,,Christianity,Urban,1982,1,WVS_Wave_1
3275,Hungary,Female,,,Christianity,Urban,1982,1,WVS_Wave_1
3276,Hungary,Female,,,Christianity,Urban,1982,1,WVS_Wave_1
3277,Hungary,Female,,,Christianity,Urban,1982,1,WVS_Wave_1
3278,Hungary,Male,,,Christianity,Urban,1982,1,WVS_Wave_1
3279,Hungary,Female,,,Christianity,Urban,1982,1,WVS_Wave_1
3280,Hungary,Male,,,Christianity,Urban,1982,1,WVS_Wave_1
3281,Hungary,Female,,,Christianity,Urban,1982,1,WVS_Wave_1
3282,Hungary,Male,,,Judaism,Urban,1982,1,WVS_Wave_1
3283,Hungary,Female,,,Judaism,Urban,1982,1,WVS_Wave_1
3284,Hungary,Female,,,,Urban,1982,1,WVS_Wave_1
3285,Hungary,Female,,,Christianity,Urban,1982,1,WVS_Wave_1
3286,Hungary,Female,,,Christianity,Urban,1982,1,WVS_Wave_1
3287,Hungary,Male,,,Christianity,Urban,1982,1,WVS_Wave_1
3288,Hungary,Female,,,Christianity,Urban,1982,1,WVS_Wave_1
3289,Hungary,Female,,,Christianity,Urban,1982,1,WVS_Wave_1
3290,Hungary,Female,,,,Urban,1982,1,WVS_Wave_1
3291,Hungary,Female,,,,Urban,1982,1,WVS_Wave_1
3292,Hungary,Female,,,Christianity,Urban,1982,1,WVS_Wave_1
3293,Hungary,Female,,,Unaffiliated,Urban,1982,1,WVS_Wave_1
3294,Hungary,Male,,,Christianity,Urban,1982,1,WVS_Wave_1
3295,Hungary,Female,,,Christianity,Urban,1982,1,WVS_Wave_1
3296,Hungary,Female,,,Christianity,Urban,1982,1,WVS_Wave_1
3297,Hungary,Male,,,Christianity,Urban,1982,1,WVS_Wave_1
3298,Hungary,Male,,,Christianity,Urban,1982,1,WVS_Wave_1
3299,Hungary,Female,,,Christianity,Urban,1982,1,WVS_Wave_1
3301,Hungary,Male,,,Christianity,Urban,1982,1,WVS_Wave_1
3302,Hungary,Female,,,Christianity,Urban,1982,1,WVS_Wave_1
3303,Hungary,Female,,,Christianity,Urban,1982,1,WVS_Wave_1
3304,Hungary,Female,,,Christianity,Urban,1982,1,WVS_Wave_1
3305,Hungary,Female,,,Christianity,Urban,1982,1,WVS_Wave_1
3306,Hungary,Male,,,Christianity,Urban,1982,1,WVS_Wave_1
3307,Hungary,Female,,,Christianity,Urban,1982,1,WVS_Wave_1
3308,Hungary,Female,,,Christianity,Urban,1982,1,WVS_Wave_1
3309,Hungary,Male,,,,Urban,1982,1,WVS_Wave_1
3310,Hungary,Female,,,Christianity,Urban,1982,1,WVS_Wave_1
3311,Hungary,Female,,,Christianity,Urban,1982,1,WVS_Wave_1
3312,Hungary,Female,,,Christianity,Urban,1982,1,WVS_Wave_1
3313,Hungary,Male,,,,Urban,1982,1,WVS_Wave_1
3314,Hungary,Female,,,,Urban,1982,1,WVS_Wave_1
3315,Hungary,Male,,,Christianity,Urban,1982,1,WVS_Wave_1
3316,Hungary,Female,,,Christianity,Urban,1982,1,WVS_Wave_1
3317,Hungary,Female,,,Christianity,Urban,1982,1,WVS_Wave_1
3318,Hungary,Male,,,Christianity,Urban,1982,1,WVS_Wave_1
3319,Hungary,Male,,,Christianity,Urban,1982,1,WVS_Wave_1
3320,Hungary,Female,,,,Urban,1982,1,WVS_Wave_1
3321,Hungary,Female,,,Judaism,Urban,1982,1,WVS_Wave_1
3322,Hungary,Female,,,Christianity,Urban,1982,1,WVS_Wave_1
3323,Hungary,Male,,,Christianity,Urban,1982,1,WVS_Wave_1
3324,Hungary,Female,,,Christianity,Urban,1982,1,WVS_Wave_1
3325,Hungary,Male,,,Christianity,Urban,1982,1,WVS_Wave_1
3326,Hungary,Female,,,Christianity,Urban,1982,1,WVS_Wave_1
3327,Hungary,Female,,,Christianity,Urban,1982,1,WVS_Wave_1
3328,Hungary,Female,,,Christianity,Urban,1982,1,WVS_Wave_1
3329,Hungary,Male,,,Christianity,Urban,1982,1,WVS_Wave_1
3330,Hungary,Female,,,Christianity,Urban,1982,1,WVS_Wave_1
3331,Hungary,Female,,,Christianity,Urban,1982,1,WVS_Wave_1
3332,Hungary,Female,,,Christianity,Urban,1982,1,WVS_Wave_1
3333,Hungary,Female,,,Christianity,Urban,1982,1,WVS_Wave_1
3334,Hungary,Male,,,Christianity,Urban,1982,1,WVS_Wave_1
3335,Hungary,Male,,,Christianity,Urban,1982,1,WVS_Wave_1
3336,Hungary,Female,,,Unaffiliated,Urban,1982,1,WVS_Wave_1
3337,Hungary,Female,,,Christianity,Urban,1982,1,WVS_Wave_1
3338,Hungary,Female,,,Christianity,Urban,1982,1,WVS_Wave_1
3339,Hungary,Female,,,Christianity,Urban,1982,1,WVS_Wave_1
3340,Hungary,Male,,,Christianity,Urban,1982,1,WVS_Wave_1
3341,Hungary,Male,,,,Urban,1982,1,WVS_Wave_1
3342,Hungary,Female,,,Christianity,Urban,1982,1,WVS_Wave_1
3343,Hungary,Male,,,Christianity,Urban,1982,1,WVS_Wave_1
3344,Hungary,Female,,,Christianity,Urban,1982,1,WVS_Wave_1
3345,Hungary,Male,,,,Urban,1982,1,WVS_Wave_1
3346,Hungary,Male,,,,Urban,1982,1,WVS_Wave_1
3347,Hungary,Male,,,Christianity,Urban,1982,1,WVS_Wave_1
3348,Hungary,Male,,,Christianity,Urban,1982,1,WVS_Wave_1
3349,Hungary,Female,,,Christianity,Urban,1982,1,WVS_Wave_1
3350,Hungary,Female,,,Islam,Urban,1982,1,WVS_Wave_1
3351,Hungary,Male,,,Christianity,Urban,1982,1,WVS_Wave_1
3352,Hungary,Female,,,,Urban,1982,1,WVS_Wave_1
3353,Hungary,Male,,,Christianity,Urban,1982,1,WVS_Wave_1
3354,Hungary,Female,,,,Urban,1982,1,WVS_Wave_1
3355,Hungary,Male,,,,Urban,1982,1,WVS_Wave_1
3356,Hungary,Male,,,,Urban,1982,1,WVS_Wave_1
3357,Hungary,Female,,,Christianity,Urban,1982,1,WVS_Wave_1
3358,Hungary,Male,,,,Urban,1982,1,WVS_Wave_1
3359,Hungary,Male,,,Christianity,Urban,1982,1,WVS_Wave_1
3360,Hungary,Male,,,Christianity,Urban,1982,1,WVS_Wave_1
3361,Hungary,Male,,,Christianity,Urban,1982,1,WVS_Wave_1
3362,Hungary,Male,,,Christianity,Urban,1982,1,WVS_Wave_1
3363,Hungary,Female,,,Unaffiliated,Urban,1982,1,WVS_Wave_1
3364,Hungary,Male,,,Christianity,Urban,1982,1,WVS_Wave_1
3365,Hungary,Female,,,Christianity,Urban,1982,1,WVS_Wave_1
3366,Hungary,Female,,,Christianity,Urban,1982,1,WVS_Wave_1
3367,Hungary,Female,,,Christianity,Urban,1982,1,WVS_Wave_1
3368,Hungary,Male,,,Christianity,Urban,1982,1,WVS_Wave_1
3369,Hungary,Male,,,Christianity,Urban,1982,1,WVS_Wave_1
3370,Hungary,Female,,,Christianity,Urban,1982,1,WVS_Wave_1
3371,Hungary,Male,,,,Urban,1982,1,WVS_Wave_1
3372,Hungary,Male,,,Christianity,Urban,1982,1,WVS_Wave_1
3373,Hungary,Female,,,Christianity,Urban,1982,1,WVS_Wave_1
3374,Hungary,Female,,,Christianity,Urban,1982,1,WVS_Wave_1
3375,Hungary,Male,,,Christianity,Urban,1982,1,WVS_Wave_1
3376,Hungary,Female,,,Christianity,Urban,1982,1,WVS_Wave_1
3377,Hungary,Male,,,Christianity,Urban,1982,1,WVS_Wave_1
3378,Hungary,Female,,,Christianity,Urban,1982,1,WVS_Wave_1
3379,Hungary,Female,,,,Urban,1982,1,WVS_Wave_1
3380,Hungary,Male,,,Christianity,Urban,1982,1,WVS_Wave_1
3381,Hungary,Female,,,Christianity,Urban,1982,1,WVS_Wave_1
3382,Hungary,Female,,,Christianity,Urban,1982,1,WVS_Wave_1
3383,Hungary,Female,,,Christianity,Urban,1982,1,WVS_Wave_1
3384,Hungary,Female,,,Christianity,Urban,1982,1,WVS_Wave_1
3385,Hungary,Female,,,Christianity,Urban,1982,1,WVS_Wave_1
3386,Hungary,Female,,,,Urban,1982,1,WVS_Wave_1
3387,Hungary,Male,,,Christianity,Urban,1982,1,WVS_Wave_1
3388,Hungary,Female,,,Christianity,Urban,1982,1,WVS_Wave_1
3389,Hungary,Female,,,Christianity,Urban,1982,1,WVS_Wave_1
3390,Hungary,Female,,,Christianity,Urban,1982,1,WVS_Wave_1
3391,Hungary,Female,,,,Urban,1982,1,WVS_Wave_1
3392,Hungary,Female,,,Christianity,Urban,1982,1,WVS_Wave_1
3393,Hungary,Female,,,Christianity,Urban,1982,1,WVS_Wave_1
3394,Hungary,Female,,,Christianity,Urban,1982,1,WVS_Wave_1
3395,Hungary,Female,,,Christianity,Urban,1982,1,WVS_Wave_1
3396,Hungary,Female,,,Christianity,Urban,1982,1,WVS_Wave_1
3397,Hungary,Male,,,Christianity,Urban,1982,1,WVS_Wave_1
3398,Hungary,Male,,,Christianity,Urban,1982,1,WVS_Wave_1
3399,Hungary,Female,,,Christianity,Urban,1982,1,WVS_Wave_1
3400,Hungary,Male,,,Christianity,Urban,1982,1,WVS_Wave_1
3401,Hungary,Male,,,Christianity,Urban,1982,1,WVS_Wave_1
3402,Hungary,Male,,,Christianity,Urban,1982,1,WVS_Wave_1
3403,Hungary,Male,,,Christianity,Urban,1982,1,WVS_Wave_1
3404,Hungary,Male,,,,Urban,1982,1,WVS_Wave_1
3405,Hungary,Male,,,Christianity,Urban,1982,1,WVS_Wave_1
3406,Hungary,Male,,,Christianity,Urban,1982,1,WVS_Wave_1
3407,Hungary,Male,,,Christianity,Urban,1982,1,WVS_Wave_1
3408,Hungary,Female,,,,Urban,1982,1,WVS_Wave_1
3409,Hungary,Female,,,Christianity,Urban,1982,1,WVS_Wave_1
3410,Hungary,Male,,,Christianity,Urban,1982,1,WVS_Wave_1
3411,Hungary,Female,,,Christianity,Urban,1982,1,WVS_Wave_1
3412,Hungary,Male,,,Christianity,Urban,1982,1,WVS_Wave_1
3413,Hungary,Female,,,Christianity,Urban,1982,1,WVS_Wave_1
3414,Hungary,Male,,,Christianity,Urban,1982,1,WVS_Wave_1
3415,Hungary,Male,,,Christianity,Urban,1982,1,WVS_Wave_1
3416,Hungary,Male,,,Christianity,Urban,1982,1,WVS_Wave_1
3417,Hungary,Male,,,Christianity,Urban,1982,1,WVS_Wave_1
3418,Hungary,Male,,,Christianity,Urban,1982,1,WVS_Wave_1
3419,Hungary,Female,,,Christianity,Urban,1982,1,WVS_Wave_1
3420,Hungary,Male,,,Christianity,Urban,1982,1,WVS_Wave_1
3421,Hungary,Female,,,Christianity,Urban,1982,1,WVS_Wave_1
3422,Hungary,Male,,,Christianity,Urban,1982,1,WVS_Wave_1
3423,Hungary,Female,,,Christianity,Urban,1982,1,WVS_Wave_1
3424,Hungary,Female,,,Christianity,Urban,1982,1,WVS_Wave_1
3425,Hungary,Female,,,Christianity,Urban,1982,1,WVS_Wave_1
3426,Hungary,Male,,,Christianity,Urban,1982,1,WVS_Wave_1
3427,Hungary,Female,,,Christianity,Urban,1982,1,WVS_Wave_1
3428,Hungary,Female,,,Christianity,Urban,1982,1,WVS_Wave_1
3429,Hungary,Female,,,Christianity,Urban,1982,1,WVS_Wave_1
3430,Hungary,Female,,,Christianity,Urban,1982,1,WVS_Wave_1
3431,Hungary,Male,,,Christianity,Urban,1982,1,WVS_Wave_1
3432,Hungary,Female,,,Christianity,Urban,1982,1,WVS_Wave_1
3433,Hungary,Male,,,Christianity,Urban,1982,1,WVS_Wave_1
3434,Hungary,Male,,,Christianity,Urban,1982,1,WVS_Wave_1
3435,Hungary,Female,,,Christianity,Urban,1982,1,WVS_Wave_1
3436,Hungary,Male,,,Christianity,Urban,1982,1,WVS_Wave_1
3437,Hungary,Male,,,Christianity,Urban,1982,1,WVS_Wave_1
3438,Hungary,Female,,,Christianity,Urban,1982,1,WVS_Wave_1
3439,Hungary,Female,,,Christianity,Urban,1982,1,WVS_Wave_1
3440,Hungary,Male,,,Christianity,Urban,1982,1,WVS_Wave_1
3441,Hungary,Female,,,Christianity,Urban,1982,1,WVS_Wave_1
3442,Hungary,Male,,,Christianity,Urban,1982,1,WVS_Wave_1
3443,Hungary,Male,,,Christianity,Urban,1982,1,WVS_Wave_1
3444,Hungary,Male,,,Christianity,Urban,1982,1,WVS_Wave_1
3445,Hungary,Male,,,Christianity,Urban,1982,1,WVS_Wave_1
3446,Hungary,Female,,,Christianity,Urban,1982,1,WVS_Wave_1
3447,Hungary,Female,,,Christianity,Urban,1982,1,WVS_Wave_1
3448,Hungary,Male,,,Christianity,Urban,1982,1,WVS_Wave_1
3449,Hungary,Female,,,Christianity,Urban,1982,1,WVS_Wave_1
3450,Hungary,Male,,,Christianity,Urban,1982,1,WVS_Wave_1
3451,Hungary,Male,,,Christianity,Urban,1982,1,WVS_Wave_1
3452,Hungary,Male,,,Christianity,Urban,1982,1,WVS_Wave_1
3453,Hungary,Male,,,Christianity,Urban,1982,1,WVS_Wave_1
3454,Hungary,Male,,,Christianity,Urban,1982,1,WVS_Wave_1
3455,Hungary,Female,,,Christianity,Urban,1982,1,WVS_Wave_1
3456,Hungary,Male,,,Christianity,Urban,1982,1,WVS_Wave_1
3457,Hungary,Female,,,Christianity,Urban,1982,1,WVS_Wave_1
3458,Hungary,Female,,,Christianity,Urban,1982,1,WVS_Wave_1
3459,Hungary,Male,,,Christianity,Urban,1982,1,WVS_Wave_1
3460,Hungary,Female,,,Christianity,Urban,1982,1,WVS_Wave_1
3461,Hungary,Male,,,Christianity,Urban,1982,1,WVS_Wave_1
3462,Hungary,Female,,,Christianity,Urban,1982,1,WVS_Wave_1
3463,Hungary,Female,,,Christianity,Urban,1982,1,WVS_Wave_1
3464,Hungary,Male,,,Christianity,Urban,1982,1,WVS_Wave_1
3465,Hungary,Male,,,Christianity,Urban,1982,1,WVS_Wave_1
3466,Hungary,Female,,,Christianity,Urban,1982,1,WVS_Wave_1
3467,Hungary,Female,,,Christianity,Urban,1982,1,WVS_Wave_1
3468,Hungary,Male,,,Christianity,Urban,1982,1,WVS_Wave_1
3469,Hungary,Male,,,Christianity,Urban,1982,1,WVS_Wave_1
3470,Hungary,Female,,,Christianity,Urban,1982,1,WVS_Wave_1
3471,Hungary,Female,,,Christianity,Urban,1982,1,WVS_Wave_1
3472,Hungary,Female,,,Christianity,Urban,1982,1,WVS_Wave_1
3473,Hungary,Female,,,Christianity,Urban,1982,1,WVS_Wave_1
3474,Hungary,Male,,,Christianity,Urban,1982,1,WVS_Wave_1
3475,Hungary,Male,,,Christianity,Urban,1982,1,WVS_Wave_1
3476,Hungary,Male,,,Christianity,Urban,1982,1,WVS_Wave_1
3477,Hungary,Female,,,Christianity,Urban,1982,1,WVS_Wave_1
3478,Hungary,Male,,,Christianity,Urban,1982,1,WVS_Wave_1
3479,Hungary,Female,,,Christianity,Urban,1982,1,WVS_Wave_1
3480,Hungary,Male,,,Christianity,Urban,1982,1,WVS_Wave_1
3481,Hungary,Male,,,Christianity,Urban,1982,1,WVS_Wave_1
3482,Hungary,Male,,,Christianity,Urban,1982,1,WVS_Wave_1
3483,Hungary,Male,,,Christianity,Urban,1982,1,WVS_Wave_1
3484,Hungary,Male,,,Christianity,Urban,1982,1,WVS_Wave_1
3485,Hungary,Male,,,,Urban,1982,1,WVS_Wave_1
3486,Hungary,Male,,,,Urban,1982,1,WVS_Wave_1
3487,Hungary,Female,,,Christianity,Urban,1982,1,WVS_Wave_1
3488,Hungary,Female,,,Christianity,Urban,1982,1,WVS_Wave_1
3489,Hungary,Male,,,Christianity,Urban,1982,1,WVS_Wave_1
3490,Hungary,Female,,,Christianity,Urban,1982,1,WVS_Wave_1
3491,Hungary,Male,,,Christianity,Urban,1982,1,WVS_Wave_1
3492,Hungary,Male,,,Christianity,Urban,1982,1,WVS_Wave_1
3493,Hungary,Female,,,Christianity,Urban,1982,1,WVS_Wave_1
3494,Hungary,Female,,,Christianity,Urban,1982,1,WVS_Wave_1
3495,Hungary,Male,,,Christianity,Urban,1982,1,WVS_Wave_1
3496,Hungary,Female,,,Christianity,Urban,1982,1,WVS_Wave_1
3497,Hungary,Male,,,Christianity,Urban,1982,1,WVS_Wave_1
3498,Hungary,Male,,,Christianity,Urban,1982,1,WVS_Wave_1
3499,Hungary,Male,,,Christianity,Urban,1982,1,WVS_Wave_1
3500,Hungary,Female,,,Christianity,Urban,1982,1,WVS_Wave_1
3501,Hungary,Female,,,Christianity,Urban,1982,1,WVS_Wave_1
3502,Hungary,Female,,,Christianity,Urban,1982,1,WVS_Wave_1
3503,Hungary,Male,,,,Urban,1982,1,WVS_Wave_1
3504,Hungary,Female,,,Christianity,Urban,1982,1,WVS_Wave_1
3505,Hungary,Female,,,Christianity,Urban,1982,1,WVS_Wave_1
3506,Hungary,Male,,,Christianity,Urban,1982,1,WVS_Wave_1
3507,Hungary,Male,,,,Urban,1982,1,WVS_Wave_1
3508,Hungary,Male,,,Christianity,Urban,1982,1,WVS_Wave_1
3509,Hungary,Male,,,Christianity,Urban,1982,1,WVS_Wave_1
3510,Hungary,Female,,,Christianity,Urban,1982,1,WVS_Wave_1
3511,Hungary,Female,,,Christianity,Urban,1982,1,WVS_Wave_1
3512,Hungary,Female,,,Unaffiliated,Urban,1982,1,WVS_Wave_1
3513,Hungary,Female,,,Christianity,Urban,1982,1,WVS_Wave_1
3514,Hungary,Female,,,Christianity,Urban,1982,1,WVS_Wave_1
3515,Hungary,Female,,,Christianity,Urban,1982,1,WVS_Wave_1
3516,Hungary,Female,,,Christianity,Urban,1982,1,WVS_Wave_1
3517,Hungary,Female,,,Christianity,Urban,1982,1,WVS_Wave_1
3518,Hungary,Male,,,Christianity,Urban,1982,1,WVS_Wave_1
3519,Hungary,Male,,,Christianity,Urban,1982,1,WVS_Wave_1
3520,Hungary,Female,,,Christianity,Urban,1982,1,WVS_Wave_1
3521,Hungary,Male,,,Christianity,Urban,1982,1,WVS_Wave_1
3523,Hungary,Female,,,Christianity,Urban,1982,1,WVS_Wave_1
3524,Hungary,Female,,,Christianity,Urban,1982,1,WVS_Wave_1
3525,Hungary,Male,,,Christianity,Urban,1982,1,WVS_Wave_1
3526,Hungary,Male,,,Christianity,Urban,1982,1,WVS_Wave_1
3527,Hungary,Female,,,Christianity,Urban,1982,1,WVS_Wave_1
3528,Hungary,Female,,,Christianity,Urban,1982,1,WVS_Wave_1
3529,Hungary,Male,,,Christianity,Urban,1982,1,WVS_Wave_1
3530,Hungary,Male,,,Christianity,Urban,1982,1,WVS_Wave_1
3531,Hungary,Female,,,Unaffiliated,Urban,1982,1,WVS_Wave_1
3532,Hungary,Male,,,Christianity,Urban,1982,1,WVS_Wave_1
3533,Hungary,Female,,,Christianity,Urban,1982,1,WVS_Wave_1
3534,Hungary,Female,,,Christianity,Urban,1982,1,WVS_Wave_1
3535,Hungary,Male,,,Christianity,Urban,1982,1,WVS_Wave_1
3536,Hungary,Female,,,Christianity,Urban,1982,1,WVS_Wave_1
3537,Hungary,Male,,,Christianity,Urban,1982,1,WVS_Wave_1
3538,Hungary,Female,,,Christianity,Urban,1982,1,WVS_Wave_1
3539,Hungary,Male,,,,Urban,1982,1,WVS_Wave_1
3540,Hungary,Male,,,Christianity,Urban,1982,1,WVS_Wave_1
3541,Hungary,Female,,,Christianity,Urban,1982,1,WVS_Wave_1
3542,Hungary,Female,,,Christianity,Urban,1982,1,WVS_Wave_1
3543,Hungary,Female,,,Christianity,Urban,1982,1,WVS_Wave_1
3544,Hungary,Female,,,Christianity,Urban,1982,1,WVS_Wave_1
3545,Hungary,Male,,,Christianity,Urban,1982,1,WVS_Wave_1
3546,Hungary,Female,,,,Urban,1982,1,WVS_Wave_1
3547,Hungary,Female,,,Christianity,Urban,1982,1,WVS_Wave_1
3548,Hungary,Female,,,Christianity,Urban,1982,1,WVS_Wave_1
3549,Hungary,Male,,,Christianity,Urban,1982,1,WVS_Wave_1
3550,Hungary,Female,,,Christianity,Urban,1982,1,WVS_Wave_1
3551,Hungary,Female,,,Christianity,Urban,1982,1,WVS_Wave_1
3552,Hungary,Male,,,Christianity,Urban,1982,1,WVS_Wave_1
3553,Hungary,Female,,,Christianity,Urban,1982,1,WVS_Wave_1
3554,Hungary,Male,,,Christianity,Urban,1982,1,WVS_Wave_1
3555,Hungary,Female,,,Christianity,Urban,1982,1,WVS_Wave_1
3556,Hungary,Male,,,Christianity,Urban,1982,1,WVS_Wave_1
3557,Hungary,Male,,,Christianity,Urban,1982,1,WVS_Wave_1
3558,Hungary,Male,,,,Urban,1982,1,WVS_Wave_1
3559,Hungary,Female,,,Christianity,Urban,1982,1,WVS_Wave_1
3560,Hungary,Male,,,Christianity,Urban,1982,1,WVS_Wave_1
3561,Hungary,Female,,,Christianity,Urban,1982,1,WVS_Wave_1
3562,Hungary,Female,,,Christianity,Urban,1982,1,WVS_Wave_1
3563,Hungary,Female,,,Christianity,Urban,1982,1,WVS_Wave_1
3564,Hungary,Female,,,Christianity,Urban,1982,1,WVS_Wave_1
3565,Hungary,Female,,,Christianity,Urban,1982,1,WVS_Wave_1
3566,Hungary,Female,,,Christianity,Urban,1982,1,WVS_Wave_1
3567,Hungary,Female,,,Christianity,Urban,1982,1,WVS_Wave_1
3568,Hungary,Male,,,Christianity,Urban,1982,1,WVS_Wave_1
3569,Hungary,Male,,,Christianity,Urban,1982,1,WVS_Wave_1
3570,Hungary,Female,,,Christianity,Urban,1982,1,WVS_Wave_1
3571,Hungary,Female,,,Christianity,Urban,1982,1,WVS_Wave_1
3572,Hungary,Female,,,Christianity,Urban,1982,1,WVS_Wave_1
3573,Hungary,Female,,,Christianity,Urban,1982,1,WVS_Wave_1
3574,Hungary,Male,,,Christianity,Urban,1982,1,WVS_Wave_1
3575,Hungary,Female,,,Christianity,Urban,1982,1,WVS_Wave_1
3576,Hungary,Female,,,Christianity,Urban,1982,1,WVS_Wave_1
3577,Hungary,Female,,,Christianity,Urban,1982,1,WVS_Wave_1
3578,Hungary,Male,,,Christianity,Urban,1982,1,WVS_Wave_1
3579,Hungary,Male,,,Christianity,Urban,1982,1,WVS_Wave_1
3580,Hungary,Female,,,Christianity,Urban,1982,1,WVS_Wave_1
3581,Hungary,Female,,,Christianity,Urban,1982,1,WVS_Wave_1
3582,Hungary,Male,,,Christianity,Urban,1982,1,WVS_Wave_1
3583,Hungary,Female,,,Christianity,Urban,1982,1,WVS_Wave_1
3584,Hungary,Female,,,Christianity,Urban,1982,1,WVS_Wave_1
3585,Hungary,Female,,,Christianity,Urban,1982,1,WVS_Wave_1
3586,Hungary,Female,,,Christianity,Urban,1982,1,WVS_Wave_1
3587,Hungary,Female,,,Christianity,Urban,1982,1,WVS_Wave_1
3588,Hungary,Female,,,Christianity,Urban,1982,1,WVS_Wave_1
3589,Hungary,Male,,,Christianity,Urban,1982,1,WVS_Wave_1
3590,Hungary,Male,,,Christianity,Urban,1982,1,WVS_Wave_1
3591,Hungary,Female,,,Christianity,Urban,1982,1,WVS_Wave_1
3592,Hungary,Female,,,Christianity,Urban,1982,1,WVS_Wave_1
3593,Hungary,Female,,,Christianity,Urban,1982,1,WVS_Wave_1
3594,Hungary,Female,,,Christianity,Urban,1982,1,WVS_Wave_1
3595,Hungary,Male,,,Christianity,Urban,1982,1,WVS_Wave_1
3596,Hungary,Female,,,Christianity,Urban,1982,1,WVS_Wave_1
3597,Hungary,Female,,,Christianity,Urban,1982,1,WVS_Wave_1
3598,Hungary,Female,,,Christianity,Rural,1982,1,WVS_Wave_1
3599,Hungary,Female,,,Christianity,Rural,1982,1,WVS_Wave_1
3600,Hungary,Female,,,Christianity,Rural,1982,1,WVS_Wave_1
3601,Hungary,Female,,,Christianity,Rural,1982,1,WVS_Wave_1
3602,Hungary,Male,,,Christianity,Rural,1982,1,WVS_Wave_1
3603,Hungary,Male,,,Christianity,Rural,1982,1,WVS_Wave_1
3604,Hungary,Female,,,Christianity,Rural,1982,1,WVS_Wave_1
3605,Hungary,Female,,,Christianity,Rural,1982,1,WVS_Wave_1
3606,Hungary,Female,,,Christianity,Rural,1982,1,WVS_Wave_1
3607,Hungary,Male,,,Christianity,Rural,1982,1,WVS_Wave_1
3608,Hungary,Female,,,Christianity,Rural,1982,1,WVS_Wave_1
3609,Hungary,Female,,,Christianity,Rural,1982,1,WVS_Wave_1
3610,Hungary,Male,,,Christianity,Rural,1982,1,WVS_Wave_1
3611,Hungary,Female,,,Christianity,Rural,1982,1,WVS_Wave_1
3612,Hungary,Male,,,Christianity,Rural,1982,1,WVS_Wave_1
3613,Hungary,Male,,,Christianity,Rural,1982,1,WVS_Wave_1
3614,Hungary,Female,,,Christianity,Rural,1982,1,WVS_Wave_1
3615,Hungary,Female,,,Christianity,Rural,1982,1,WVS_Wave_1
3616,Hungary,Female,,,Christianity,Rural,1982,1,WVS_Wave_1
3617,Hungary,Female,,,Christianity,Rural,1982,1,WVS_Wave_1
3618,Hungary,Male,,,Christianity,Rural,1982,1,WVS_Wave_1
3619,Hungary,Female,,,Christianity,Rural,1982,1,WVS_Wave_1
3620,Hungary,Male,,,Christianity,Rural,1982,1,WVS_Wave_1
3621,Hungary,Female,,,Christianity,Rural,1982,1,WVS_Wave_1
3622,Hungary,Female,,,Christianity,Rural,1982,1,WVS_Wave_1
3623,Hungary,Male,,,Christianity,Rural,1982,1,WVS_Wave_1
3624,Hungary,Female,,,Christianity,Rural,1982,1,WVS_Wave_1
3625,Hungary,Female,,,Christianity,Urban,1982,1,WVS_Wave_1
3626,Hungary,Female,,,Christianity,Urban,1982,1,WVS_Wave_1
3627,Hungary,Male,,,,Urban,1982,1,WVS_Wave_1
3628,Hungary,Female,,,Christianity,Urban,1982,1,WVS_Wave_1
3629,Hungary,Female,,,,Urban,1982,1,WVS_Wave_1
3630,Hungary,Female,,,Christianity,Urban,1982,1,WVS_Wave_1
3631,Hungary,Female,,,Christianity,Urban,1982,1,WVS_Wave_1
3632,Hungary,Male,,,Christianity,Urban,1982,1,WVS_Wave_1
3633,Hungary,Female,,,Christianity,Rural,1982,1,WVS_Wave_1
3634,Hungary,Male,,,Christianity,Rural,1982,1,WVS_Wave_1
3635,Hungary,Female,,,Christianity,Rural,1982,1,WVS_Wave_1
3636,Hungary,Male,,,Christianity,Rural,1982,1,WVS_Wave_1
3637,Hungary,Male,,,Christianity,Rural,1982,1,WVS_Wave_1
3638,Hungary,Female,,,Christianity,Rural,1982,1,WVS_Wave_1
3639,Hungary,Male,,,Christianity,Rural,1982,1,WVS_Wave_1
3640,Hungary,Female,,,Christianity,Rural,1982,1,WVS_Wave_1
3641,Hungary,Female,,,Christianity,Rural,1982,1,WVS_Wave_1
3642,Hungary,Male,,,Christianity,Rural,1982,1,WVS_Wave_1
3643,Hungary,Female,,,Christianity,Rural,1982,1,WVS_Wave_1
3644,Hungary,Female,,,Christianity,Rural,1982,1,WVS_Wave_1
3645,Hungary,Male,,,Christianity,Rural,1982,1,WVS_Wave_1
3646,Hungary,Male,,,Christianity,Rural,1982,1,WVS_Wave_1
3647,Hungary,Male,,,Christianity,Rural,1982,1,WVS_Wave_1
3648,Hungary,Female,,,Christianity,Rural,1982,1,WVS_Wave_1
3649,Hungary,Female,,,Christianity,Rural,1982,1,WVS_Wave_1
3650,Hungary,Male,,,Christianity,Rural,1982,1,WVS_Wave_1
3651,Hungary,Male,,,Christianity,Rural,1982,1,WVS_Wave_1
3652,Hungary,Male,,,Christianity,Rural,1982,1,WVS_Wave_1
3653,Hungary,Male,,,Christianity,Rural,1982,1,WVS_Wave_1
3654,Hungary,Male,,,Christianity,Rural,1982,1,WVS_Wave_1
3655,Hungary,Female,,,Christianity,Rural,1982,1,WVS_Wave_1
3656,Hungary,Female,,,Christianity,Rural,1982,1,WVS_Wave_1
3657,Hungary,Male,,,Christianity,Rural,1982,1,WVS_Wave_1
3658,Hungary,Male,,,Christianity,Rural,1982,1,WVS_Wave_1
3659,Hungary,Male,,,Christianity,Rural,1982,1,WVS_Wave_1
3660,Hungary,Male,,,Christianity,Rural,1982,1,WVS_Wave_1
3661,Hungary,Male,,,Christianity,Rural,1982,1,WVS_Wave_1
3662,Hungary,Male,,,Christianity,Rural,1982,1,WVS_Wave_1
3663,Hungary,Female,,,Christianity,Rural,1982,1,WVS_Wave_1
3664,Hungary,Male,,,Christianity,Rural,1982,1,WVS_Wave_1
3665,Hungary,Female,,,Christianity,Rural,1982,1,WVS_Wave_1
3666,Hungary,Male,,,Christianity,Rural,1982,1,WVS_Wave_1
3667,Hungary,Female,,,Christianity,Rural,1982,1,WVS_Wave_1
3668,Hungary,Male,,,Christianity,Rural,1982,1,WVS_Wave_1
3669,Hungary,Male,,,Christianity,Rural,1982,1,WVS_Wave_1
3670,Hungary,Male,,,Christianity,Rural,1982,1,WVS_Wave_1
3671,Hungary,Male,,,Christianity,Rural,1982,1,WVS_Wave_1
3672,Hungary,Female,,,Christianity,Rural,1982,1,WVS_Wave_1
3673,Hungary,Male,,,Christianity,Rural,1982,1,WVS_Wave_1
3674,Hungary,Female,,,Christianity,Rural,1982,1,WVS_Wave_1
3675,Hungary,Male,,,Christianity,Rural,1982,1,WVS_Wave_1
3676,Hungary,Female,,,Christianity,Rural,1982,1,WVS_Wave_1
3677,Hungary,Female,,,Christianity,Rural,1982,1,WVS_Wave_1
3678,Hungary,Female,,,Christianity,Rural,1982,1,WVS_Wave_1
3679,Hungary,Male,,,Christianity,Rural,1982,1,WVS_Wave_1
3680,Hungary,Male,,,Christianity,Rural,1982,1,WVS_Wave_1
3681,Hungary,Female,,,Christianity,Rural,1982,1,WVS_Wave_1
3682,Hungary,Male,,,Christianity,Rural,1982,1,WVS_Wave_1
3683,Hungary,Female,,,Christianity,Rural,1982,1,WVS_Wave_1
3684,Hungary,Male,,,Christianity,Rural,1982,1,WVS_Wave_1
3685,Hungary,Female,,,Christianity,Rural,1982,1,WVS_Wave_1
3687,Hungary,Male,,,Christianity,Rural,1982,1,WVS_Wave_1
3688,Hungary,Male,,,Christianity,Rural,1982,1,WVS_Wave_1
3689,Hungary,Male,,,Christianity,Rural,1982,1,WVS_Wave_1
3690,Hungary,Male,,,Christianity,Rural,1982,1,WVS_Wave_1
3691,Hungary,Male,,,Christianity,Rural,1982,1,WVS_Wave_1
3692,Hungary,Female,,,Christianity,Rural,1982,1,WVS_Wave_1
3693,Hungary,Male,,,Christianity,Rural,1982,1,WVS_Wave_1
3694,Hungary,Female,,,Christianity,Rural,1982,1,WVS_Wave_1
3695,Hungary,Female,,,Christianity,Rural,1982,1,WVS_Wave_1
3696,Hungary,Female,,,Christianity,Urban,1982,1,WVS_Wave_1
3697,Hungary,Female,,,Christianity,Urban,1982,1,WVS_Wave_1
3698,Hungary,Female,,,Christianity,Urban,1982,1,WVS_Wave_1
3699,Hungary,Male,,,Christianity,Urban,1982,1,WVS_Wave_1
3700,Hungary,Female,,,Christianity,Urban,1982,1,WVS_Wave_1
3701,Hungary,Male,,,Christianity,Urban,1982,1,WVS_Wave_1
3702,Hungary,Female,,,Christianity,Urban,1982,1,WVS_Wave_1
3703,Hungary,Male,,,Christianity,Urban,1982,1,WVS_Wave_1
3704,Hungary,Male,,,Christianity,Urban,1982,1,WVS_Wave_1
3705,Hungary,Male,,,,Urban,1982,1,WVS_Wave_1
3706,Hungary,Female,,,Christianity,Urban,1982,1,WVS_Wave_1
3707,Hungary,Female,,,Christianity,Urban,1982,1,WVS_Wave_1
3708,Hungary,Male,,,Christianity,Urban,1982,1,WVS_Wave_1
3709,Hungary,Female,,,Christianity,Urban,1982,1,WVS_Wave_1
3710,Hungary,Female,,,Christianity,Urban,1982,1,WVS_Wave_1
3711,Hungary,Female,,,Christianity,Urban,1982,1,WVS_Wave_1
3712,Hungary,Male,,,Christianity,Urban,1982,1,WVS_Wave_1
3713,Hungary,Female,,,Christianity,Urban,1982,1,WVS_Wave_1
3714,Hungary,Female,,,Christianity,Urban,1982,1,WVS_Wave_1
3715,Hungary,Male,,,Christianity,Urban,1982,1,WVS_Wave_1
3716,Hungary,Male,,,Christianity,Urban,1982,1,WVS_Wave_1
3717,Hungary,Female,,,Christianity,Urban,1982,1,WVS_Wave_1
3718,Hungary,Female,,,Christianity,Urban,1982,1,WVS_Wave_1
3719,Hungary,Female,,,Christianity,Urban,1982,1,WVS_Wave_1
3720,Hungary,Male,,,Christianity,Urban,1982,1,WVS_Wave_1
3721,Hungary,Male,,,Christianity,Urban,1982,1,WVS_Wave_1
3722,Hungary,Male,,,Christianity,Urban,1982,1,WVS_Wave_1
3723,Hungary,Male,,,Christianity,Urban,1982,1,WVS_Wave_1
3724,Hungary,Female,,,Christianity,Urban,1982,1,WVS_Wave_1
3725,Hungary,Female,,,Christianity,Urban,1982,1,WVS_Wave_1
3726,Hungary,Female,,,Christianity,Urban,1982,1,WVS_Wave_1
3727,Hungary,Female,,,Christianity,Urban,1982,1,WVS_Wave_1
3728,Hungary,Male,,,Christianity,Urban,1982,1,WVS_Wave_1
3729,Hungary,Male,,,Christianity,Urban,1982,1,WVS_Wave_1
3730,Hungary,Female,,,Christianity,Urban,1982,1,WVS_Wave_1
3731,Hungary,Female,,,Unaffiliated,Urban,1982,1,WVS_Wave_1
3732,Hungary,Female,,,Christianity,Urban,1982,1,WVS_Wave_1
3733,Hungary,Female,,,Christianity,Urban,1982,1,WVS_Wave_1
3734,Hungary,Male,,,,Urban,1982,1,WVS_Wave_1
3735,Hungary,Male,,,Christianity,Urban,1982,1,WVS_Wave_1
3736,Hungary,Male,,,Christianity,Rural,1982,1,WVS_Wave_1
3737,Hungary,Female,,,Christianity,Rural,1982,1,WVS_Wave_1
3738,Hungary,Male,,,Christianity,Rural,1982,1,WVS_Wave_1
3739,Hungary,Female,,,Christianity,Rural,1982,1,WVS_Wave_1
3740,Hungary,Female,,,Christianity,Rural,1982,1,WVS_Wave_1
3741,Hungary,Male,,,Christianity,Rural,1982,1,WVS_Wave_1
3742,Hungary,Male,,,Christianity,Rural,1982,1,WVS_Wave_1
3743,Hungary,Female,,,Christianity,Rural,1982,1,WVS_Wave_1
3744,Hungary,Male,,,Christianity,Rural,1982,1,WVS_Wave_1
3745,Hungary,Male,,,Christianity,Rural,1982,1,WVS_Wave_1
3746,Hungary,Female,,,Christianity,Rural,1982,1,WVS_Wave_1
3747,Hungary,Female,,,Christianity,Rural,1982,1,WVS_Wave_1
3748,Hungary,Male,,,Christianity,Rural,1982,1,WVS_Wave_1
3749,Hungary,Female,,,Christianity,Rural,1982,1,WVS_Wave_1
3750,Hungary,Male,,,Christianity,Rural,1982,1,WVS_Wave_1
3751,Hungary,Female,,,Christianity,Rural,1982,1,WVS_Wave_1
3752,Hungary,Male,,,Christianity,Rural,1982,1,WVS_Wave_1
3753,Hungary,Female,,,Christianity,Rural,1982,1,WVS_Wave_1
3754,Hungary,Female,,,Christianity,Rural,1982,1,WVS_Wave_1
3755,Hungary,Male,,,Christianity,Rural,1982,1,WVS_Wave_1
3756,Hungary,Male,,,Christianity,Rural,1982,1,WVS_Wave_1
3757,Hungary,Female,,,Christianity,Rural,1982,1,WVS_Wave_1
3758,Hungary,Female,,,Christianity,Rural,1982,1,WVS_Wave_1
3759,Hungary,Male,,,,Rural,1982,1,WVS_Wave_1
3760,Hungary,Female,,,Christianity,Rural,1982,1,WVS_Wave_1
3761,Hungary,Female,,,Christianity,Rural,1982,1,WVS_Wave_1
3762,Hungary,Female,,,Christianity,Rural,1982,1,WVS_Wave_1
3763,Hungary,Male,,,Unaffiliated,Rural,1982,1,WVS_Wave_1
3764,Hungary,Female,,,Christianity,Rural,1982,1,WVS_Wave_1
3765,Hungary,Male,,,Christianity,Rural,1982,1,WVS_Wave_1
3766,Hungary,Male,,,Christianity,Rural,1982,1,WVS_Wave_1
3767,Hungary,Male,,,,Rural,1982,1,WVS_Wave_1
3768,Hungary,Female,,,Christianity,Rural,1982,1,WVS_Wave_1
3769,Hungary,Female,,,Christianity,Rural,1982,1,WVS_Wave_1
3770,Hungary,Male,,,Christianity,Rural,1982,1,WVS_Wave_1
3771,Hungary,Male,,,Christianity,Rural,1982,1,WVS_Wave_1
3772,Hungary,Male,,,Christianity,Rural,1982,1,WVS_Wave_1
3773,Hungary,Female,,,Christianity,Rural,1982,1,WVS_Wave_1
3774,Hungary,Male,,,Christianity,Rural,1982,1,WVS_Wave_1
3775,Hungary,Female,,,Christianity,Rural,1982,1,WVS_Wave_1
3776,Hungary,Female,,,Christianity,Rural,1982,1,WVS_Wave_1
3777,Hungary,Female,,,Christianity,Rural,1982,1,WVS_Wave_1
3778,Hungary,Male,,,Christianity,Rural,1982,1,WVS_Wave_1
3779,Hungary,Male,,,Christianity,Rural,1982,1,WVS_Wave_1
3780,Hungary,Female,,,Christianity,Rural,1982,1,WVS_Wave_1
3781,Hungary,Female,,,Christianity,Urban,1982,1,WVS_Wave_1
3782,Hungary,Male,,,Christianity,Urban,1982,1,WVS_Wave_1
3783,Hungary,Female,,,Christianity,Urban,1982,1,WVS_Wave_1
3784,Hungary,Male,,,Christianity,Urban,1982,1,WVS_Wave_1
3785,Hungary,Female,,,Christianity,Urban,1982,1,WVS_Wave_1
3786,Hungary,Female,,,,Urban,1982,1,WVS_Wave_1
3787,Hungary,Male,,,Christianity,Urban,1982,1,WVS_Wave_1
3788,Hungary,Male,,,,Urban,1982,1,WVS_Wave_1
3789,Hungary,Female,,,,Urban,1982,1,WVS_Wave_1
3790,Hungary,Male,,,Christianity,Urban,1982,1,WVS_Wave_1
3791,Hungary,Male,,,Christianity,Urban,1982,1,WVS_Wave_1
3792,Hungary,Male,,,Christianity,Urban,1982,1,WVS_Wave_1
3793,Hungary,Male,,,Unaffiliated,Urban,1982,1,WVS_Wave_1
3794,Hungary,Female,,,Christianity,Urban,1982,1,WVS_Wave_1
3795,Hungary,Female,,,Christianity,Urban,1982,1,WVS_Wave_1
3796,Hungary,Male,,,Christianity,Urban,1982,1,WVS_Wave_1
3797,Hungary,Male,,,Christianity,Urban,1982,1,WVS_Wave_1
3798,Hungary,Male,,,Christianity,Urban,1982,1,WVS_Wave_1
3799,Hungary,Male,,,Christianity,Urban,1982,1,WVS_Wave_1
3800,Hungary,Male,,,Christianity,Urban,1982,1,WVS_Wave_1
3801,Hungary,Female,,,Christianity,Urban,1982,1,WVS_Wave_1
3802,Hungary,Female,,,Christianity,Urban,1982,1,WVS_Wave_1
3803,Hungary,Female,,,Christianity,Urban,1982,1,WVS_Wave_1
3804,Hungary,Male,,,Christianity,Urban,1982,1,WVS_Wave_1
3805,Hungary,Male,,,Christianity,Urban,1982,1,WVS_Wave_1
3806,Hungary,Female,,,Christianity,Rural,1982,1,WVS_Wave_1
3807,Hungary,Female,,,Christianity,Rural,1982,1,WVS_Wave_1
3808,Hungary,Male,,,Christianity,Rural,1982,1,WVS_Wave_1
3809,Hungary,Male,,,Christianity,Rural,1982,1,WVS_Wave_1
3810,Hungary,Male,,,Christianity,Rural,1982,1,WVS_Wave_1
3811,Hungary,Male,,,Christianity,Rural,1982,1,WVS_Wave_1
3812,Hungary,Female,,,Christianity,Rural,1982,1,WVS_Wave_1
3813,Hungary,Male,,,Christianity,Rural,1982,1,WVS_Wave_1
3814,Hungary,Female,,,Christianity,Rural,1982,1,WVS_Wave_1
3815,Hungary,Male,,,Christianity,Rural,1982,1,WVS_Wave_1
3816,Hungary,Female,,,Christianity,Rural,1982,1,WVS_Wave_1
3817,Hungary,Female,,,Christianity,Rural,1982,1,WVS_Wave_1
3818,Hungary,Male,,,Christianity,Rural,1982,1,WVS_Wave_1
3819,Hungary,Female,,,Christianity,Rural,1982,1,WVS_Wave_1
3820,Hungary,Male,,,Christianity,Rural,1982,1,WVS_Wave_1
3821,Hungary,Female,,,Christianity,Rural,1982,1,WVS_Wave_1
3822,Hungary,Male,,,Christianity,Rural,1982,1,WVS_Wave_1
3823,Hungary,Female,,,Christianity,Rural,1982,1,WVS_Wave_1
3824,Hungary,Female,,,Christianity,Rural,1982,1,WVS_Wave_1
3825,Hungary,Male,,,Christianity,Rural,1982,1,WVS_Wave_1
3826,Hungary,Male,,,Christianity,Rural,1982,1,WVS_Wave_1
3827,Hungary,Female,,,Christianity,Rural,1982,1,WVS_Wave_1
3828,Hungary,Male,,,Christianity,Rural,1982,1,WVS_Wave_1
3829,Hungary,Male,,,Christianity,Rural,1982,1,WVS_Wave_1
3830,Hungary,Male,,,Christianity,Rural,1982,1,WVS_Wave_1
3831,Hungary,Male,,,Christianity,Rural,1982,1,WVS_Wave_1
3832,Hungary,Male,,,Christianity,Rural,1982,1,WVS_Wave_1
3833,Hungary,Female,,,Christianity,Rural,1982,1,WVS_Wave_1
3834,Hungary,Male,,,Christianity,Rural,1982,1,WVS_Wave_1
3835,Hungary,Male,,,Christianity,Rural,1982,1,WVS_Wave_1
3836,Hungary,Female,,,Christianity,Rural,1982,1,WVS_Wave_1
3837,Hungary,Male,,,Christianity,Rural,1982,1,WVS_Wave_1
3838,Hungary,Female,,,Christianity,Rural,1982,1,WVS_Wave_1
3839,Hungary,Male,,,Christianity,Rural,1982,1,WVS_Wave_1
3840,Hungary,Male,,,Christianity,Rural,1982,1,WVS_Wave_1
3841,Hungary,Male,,,Christianity,Rural,1982,1,WVS_Wave_1
3842,Hungary,Male,,,Christianity,Rural,1982,1,WVS_Wave_1
3843,Hungary,Female,,,Christianity,Rural,1982,1,WVS_Wave_1
3844,Hungary,Female,,,Christianity,Rural,1982,1,WVS_Wave_1
3845,Hungary,Male,,,Christianity,Rural,1982,1,WVS_Wave_1
3846,Hungary,Male,,,Christianity,Rural,1982,1,WVS_Wave_1
3847,Hungary,Male,,,Unaffiliated,Rural,1982,1,WVS_Wave_1
3848,Hungary,Male,,,Christianity,Rural,1982,1,WVS_Wave_1
3849,Hungary,Male,,,Christianity,Rural,1982,1,WVS_Wave_1
3850,Hungary,Female,,,Christianity,Rural,1982,1,WVS_Wave_1
3851,Hungary,Female,,,Christianity,Rural,1982,1,WVS_Wave_1
3852,Hungary,Male,,,Christianity,Urban,1982,1,WVS_Wave_1
3853,Hungary,Female,,,Christianity,Urban,1982,1,WVS_Wave_1
3854,Hungary,Female,,,Christianity,Urban,1982,1,WVS_Wave_1
3855,Hungary,Male,,,Christianity,Urban,1982,1,WVS_Wave_1
3856,Hungary,Male,,,Christianity,Urban,1982,1,WVS_Wave_1
3857,Hungary,Female,,,Christianity,Urban,1982,1,WVS_Wave_1
3858,Hungary,Female,,,Christianity,Urban,1982,1,WVS_Wave_1
3859,Hungary,Male,,,Christianity,Urban,1982,1,WVS_Wave_1
3860,Hungary,Male,,,Christianity,Urban,1982,1,WVS_Wave_1
3861,Hungary,Female,,,Christianity,Urban,1982,1,WVS_Wave_1
3862,Hungary,Female,,,Christianity,Urban,1982,1,WVS_Wave_1
3863,Hungary,Female,,,Christianity,Urban,1982,1,WVS_Wave_1
3864,Hungary,Female,,,,Urban,1982,1,WVS_Wave_1
3865,Hungary,Female,,,Christianity,Urban,1982,1,WVS_Wave_1
3866,Hungary,Male,,,Christianity,Urban,1982,1,WVS_Wave_1
3867,Hungary,Male,,,Christianity,Urban,1982,1,WVS_Wave_1
3868,Hungary,Male,,,Unaffiliated,Urban,1982,1,WVS_Wave_1
3869,Hungary,Male,,,Christianity,Urban,1982,1,WVS_Wave_1
3870,Hungary,Female,,,Christianity,Urban,1982,1,WVS_Wave_1
3871,Hungary,Female,,,Christianity,Urban,1982,1,WVS_Wave_1
3872,Hungary,Female,,,Christianity,Urban,1982,1,WVS_Wave_1
3873,Hungary,Female,,,Christianity,Urban,1982,1,WVS_Wave_1
3874,Hungary,Female,,,Christianity,Urban,1982,1,WVS_Wave_1
3875,Hungary,Female,,,Christianity,Urban,1982,1,WVS_Wave_1
3876,Hungary,Female,,,Christianity,Urban,1982,1,WVS_Wave_1
3877,Hungary,Male,,,Christianity,Urban,1982,1,WVS_Wave_1
3878,Hungary,Female,,,Christianity,Urban,1982,1,WVS_Wave_1
3879,Hungary,Female,,,Christianity,Urban,1982,1,WVS_Wave_1
3880,Hungary,Female,,,Christianity,Urban,1982,1,WVS_Wave_1
3881,Hungary,Male,,,Christianity,Urban,1982,1,WVS_Wave_1
3882,Hungary,Female,,,Christianity,Urban,1982,1,WVS_Wave_1
3883,Hungary,Male,,,Christianity,Urban,1982,1,WVS_Wave_1
3884,Hungary,Male,,,Christianity,Urban,1982,1,WVS_Wave_1
3885,Hungary,Male,,,Unaffiliated,Urban,1982,1,WVS_Wave_1
3886,Hungary,Female,,,Christianity,Rural,1982,1,WVS_Wave_1
3887,Hungary,Male,,,Christianity,Rural,1982,1,WVS_Wave_1
3888,Hungary,Female,,,Christianity,Rural,1982,1,WVS_Wave_1
3889,Hungary,Male,,,Christianity,Rural,1982,1,WVS_Wave_1
3890,Hungary,Male,,,Christianity,Rural,1982,1,WVS_Wave_1
3891,Hungary,Female,,,Christianity,Rural,1982,1,WVS_Wave_1
3892,Hungary,Female,,,Christianity,Rural,1982,1,WVS_Wave_1
3893,Hungary,Male,,,Unaffiliated,Rural,1982,1,WVS_Wave_1
3894,Hungary,Female,,,Christianity,Rural,1982,1,WVS_Wave_1
3895,Hungary,Male,,,Christianity,Rural,1982,1,WVS_Wave_1
3896,Hungary,Male,,,Christianity,Rural,1982,1,WVS_Wave_1
3897,Hungary,Male,,,,Rural,1982,1,WVS_Wave_1
3898,Hungary,Male,,,Christianity,Rural,1982,1,WVS_Wave_1
3899,Hungary,Male,,,Christianity,Rural,1982,1,WVS_Wave_1
3900,Hungary,Female,,,Christianity,Rural,1982,1,WVS_Wave_1
3901,Hungary,Female,,,Christianity,Rural,1982,1,WVS_Wave_1
3902,Hungary,Female,,,Christianity,Rural,1982,1,WVS_Wave_1
3903,Hungary,Female,,,Christianity,Rural,1982,1,WVS_Wave_1
3904,Hungary,Female,,,Christianity,Rural,1982,1,WVS_Wave_1
3905,Hungary,Female,,,Christianity,Rural,1982,1,WVS_Wave_1
3906,Hungary,Female,,,,Rural,1982,1,WVS_Wave_1
3907,Hungary,Male,,,Christianity,Rural,1982,1,WVS_Wave_1
3908,Hungary,Male,,,Christianity,Rural,1982,1,WVS_Wave_1
3909,Hungary,Male,,,Christianity,Rural,1982,1,WVS_Wave_1
3910,Hungary,Female,,,Christianity,Rural,1982,1,WVS_Wave_1
3911,Hungary,Female,,,Christianity,Rural,1982,1,WVS_Wave_1
3912,Hungary,Male,,,Christianity,Rural,1982,1,WVS_Wave_1
3913,Hungary,Male,,,Christianity,Rural,1982,1,WVS_Wave_1
3914,Hungary,Female,,,Christianity,Rural,1982,1,WVS_Wave_1
3915,Hungary,Female,,,Christianity,Rural,1982,1,WVS_Wave_1
3916,Hungary,Female,,,Christianity,Urban,1982,1,WVS_Wave_1
3917,Hungary,Female,,,Christianity,Urban,1982,1,WVS_Wave_1
3918,Hungary,Female,,,Christianity,Urban,1982,1,WVS_Wave_1
3919,Hungary,Female,,,Christianity,Urban,1982,1,WVS_Wave_1
3920,Hungary,Male,,,Christianity,Urban,1982,1,WVS_Wave_1
3921,Hungary,Female,,,Christianity,Urban,1982,1,WVS_Wave_1
3922,Hungary,Male,,,Christianity,Urban,1982,1,WVS_Wave_1
3923,Hungary,Male,,,Christianity,Urban,1982,1,WVS_Wave_1
3924,Hungary,Male,,,Christianity,Urban,1982,1,WVS_Wave_1
3925,Hungary,Male,,,Christianity,Urban,1982,1,WVS_Wave_1
3926,Hungary,Male,,,Christianity,Urban,1982,1,WVS_Wave_1
3927,Hungary,Female,,,Christianity,Urban,1982,1,WVS_Wave_1
3928,Hungary,Male,,,Christianity,Urban,1982,1,WVS_Wave_1
3929,Hungary,Male,,,,Urban,1982,1,WVS_Wave_1
3930,Hungary,Female,,,Christianity,Urban,1982,1,WVS_Wave_1
3931,Hungary,Male,,,Christianity,Urban,1982,1,WVS_Wave_1
3932,Hungary,Male,,,Christianity,Rural,1982,1,WVS_Wave_1
3933,Hungary,Male,,,Christianity,Rural,1982,1,WVS_Wave_1
3934,Hungary,Male,,,Christianity,Rural,1982,1,WVS_Wave_1
3935,Hungary,Male,,,Christianity,Rural,1982,1,WVS_Wave_1
3936,Hungary,Male,,,Christianity,Rural,1982,1,WVS_Wave_1
3937,Hungary,Female,,,Christianity,Rural,1982,1,WVS_Wave_1
3938,Hungary,Male,,,Christianity,Rural,1982,1,WVS_Wave_1
3939,Hungary,Female,,,Christianity,Rural,1982,1,WVS_Wave_1
3940,Hungary,Male,,,Christianity,Rural,1982,1,WVS_Wave_1
3941,Hungary,Male,,,Christianity,Rural,1982,1,WVS_Wave_1
3942,Hungary,Male,,,Christianity,Rural,1982,1,WVS_Wave_1
3943,Hungary,Male,,,Christianity,Rural,1982,1,WVS_Wave_1
3944,Hungary,Female,,,Christianity,Rural,1982,1,WVS_Wave_1
3945,Hungary,Female,,,Christianity,Rural,1982,1,WVS_Wave_1
3946,Hungary,Male,,,Christianity,Rural,1982,1,WVS_Wave_1
3947,Hungary,Male,,,Christianity,Rural,1982,1,WVS_Wave_1
3948,Hungary,Female,,,Christianity,Rural,1982,1,WVS_Wave_1
3949,Hungary,Female,,,Christianity,Rural,1982,1,WVS_Wave_1
3950,Hungary,Male,,,Christianity,Rural,1982,1,WVS_Wave_1
3951,Hungary,Female,,,Christianity,Rural,1982,1,WVS_Wave_1
3952,Hungary,Male,,,Judaism,Rural,1982,1,WVS_Wave_1
3953,Hungary,Female,,,Christianity,Rural,1982,1,WVS_Wave_1
3954,Hungary,Female,,,Christianity,Rural,1982,1,WVS_Wave_1
3955,Hungary,Male,,,Christianity,Rural,1982,1,WVS_Wave_1
3956,Hungary,Female,,,Christianity,Rural,1982,1,WVS_Wave_1
3957,Hungary,Female,,,Christianity,Rural,1982,1,WVS_Wave_1
3958,Hungary,Male,,,Christianity,,1982,1,WVS_Wave_1
3959,Hungary,Female,,,Christianity,Urban,1982,1,WVS_Wave_1
3960,Hungary,Male,,,Christianity,Urban,1982,1,WVS_Wave_1
3961,Hungary,Male,,,Christianity,Urban,1982,1,WVS_Wave_1
3963,Hungary,Female,,,,Urban,1982,1,WVS_Wave_1
3964,Hungary,Male,,,Christianity,Urban,1982,1,WVS_Wave_1
3965,Hungary,Female,,,Christianity,Urban,1982,1,WVS_Wave_1
3966,Hungary,Male,,,Christianity,Urban,1982,1,WVS_Wave_1
3967,Hungary,Female,,,Christianity,Urban,1982,1,WVS_Wave_1
3968,Hungary,Male,,,Christianity,Urban,1982,1,WVS_Wave_1
3969,Hungary,Female,,,Christianity,Urban,1982,1,WVS_Wave_1
3970,Hungary,Female,,,Christianity,Urban,1982,1,WVS_Wave_1
3971,Hungary,Female,,,Christianity,Urban,1982,1,WVS_Wave_1
3972,Hungary,Male,,,Christianity,,1982,1,WVS_Wave_1
3973,Hungary,Male,,,Christianity,Rural,1982,1,WVS_Wave_1
3974,Hungary,Male,,,Christianity,Rural,1982,1,WVS_Wave_1
3975,Hungary,Female,,,Christianity,Rural,1982,1,WVS_Wave_1
3976,Hungary,Female,,,Christianity,Rural,1982,1,WVS_Wave_1
3977,Hungary,Male,,,Christianity,Rural,1982,1,WVS_Wave_1
3978,Hungary,Female,,,Christianity,Rural,1982,1,WVS_Wave_1
3979,Hungary,Female,,,Christianity,Rural,1982,1,WVS_Wave_1
3980,Hungary,Female,,,Christianity,Rural,1982,1,WVS_Wave_1
3981,Hungary,Female,,,Christianity,Rural,1982,1,WVS_Wave_1
3982,Hungary,Female,,,Christianity,Rural,1982,1,WVS_Wave_1
3983,Hungary,Female,,,Christianity,Rural,1982,1,WVS_Wave_1
3984,Hungary,Female,,,Christianity,Rural,1982,1,WVS_Wave_1
3985,Hungary,Male,,,Christianity,Rural,1982,1,WVS_Wave_1
3986,Hungary,Female,,,Christianity,Rural,1982,1,WVS_Wave_1
3987,Hungary,Male,,,Christianity,Rural,1982,1,WVS_Wave_1
3988,Hungary,Male,,,Christianity,Rural,1982,1,WVS_Wave_1
3989,Hungary,Female,,,Christianity,Rural,1982,1,WVS_Wave_1
3990,Hungary,Male,,,Christianity,Rural,1982,1,WVS_Wave_1
3991,Hungary,Male,,,Christianity,Rural,1982,1,WVS_Wave_1
3992,Hungary,Male,,,Christianity,Rural,1982,1,WVS_Wave_1
3993,Hungary,Male,,,Christianity,Rural,1982,1,WVS_Wave_1
3994,Hungary,Male,,,Christianity,Rural,1982,1,WVS_Wave_1
3995,Hungary,Male,,,Christianity,Rural,1982,1,WVS_Wave_1
3996,Hungary,Male,,,Christianity,Rural,1982,1,WVS_Wave_1
3997,Hungary,Male,,,Christianity,Rural,1982,1,WVS_Wave_1
3998,Hungary,Male,,,Christianity,Rural,1982,1,WVS_Wave_1
3999,Hungary,Female,,,Christianity,Rural,1982,1,WVS_Wave_1
4000,Hungary,Male,,,Christianity,Rural,1982,1,WVS_Wave_1
4001,Hungary,Female,,,Christianity,Rural,1982,1,WVS_Wave_1
4002,Hungary,Male,,,Christianity,Rural,1982,1,WVS_Wave_1
4003,Hungary,Female,,,Christianity,Rural,1982,1,WVS_Wave_1
4004,Hungary,Male,,,Christianity,Rural,1982,1,WVS_Wave_1
4005,Hungary,Female,,,Christianity,Urban,1982,1,WVS_Wave_1
4006,Hungary,Female,,,Christianity,Urban,1982,1,WVS_Wave_1
4007,Hungary,Female,,,Christianity,Urban,1982,1,WVS_Wave_1
4008,Hungary,Female,,,Christianity,Urban,1982,1,WVS_Wave_1
4009,Hungary,Female,,,Christianity,Urban,1982,1,WVS_Wave_1
4010,Hungary,Female,,,Christianity,Urban,1982,1,WVS_Wave_1
4011,Hungary,Male,,,Christianity,Urban,1982,1,WVS_Wave_1
4012,Hungary,Male,,,Christianity,Urban,1982,1,WVS_Wave_1
4013,Hungary,Female,,,Christianity,Urban,1982,1,WVS_Wave_1
4014,Hungary,Female,,,Christianity,Urban,1982,1,WVS_Wave_1
4015,Hungary,Male,,,Christianity,Urban,1982,1,WVS_Wave_1
4016,Hungary,Male,,,Christianity,Urban,1982,1,WVS_Wave_1
4017,Hungary,Male,,,Christianity,Urban,1982,1,WVS_Wave_1
4018,Hungary,Male,,,Christianity,Urban,1982,1,WVS_Wave_1
4019,Hungary,Female,,,Christianity,Urban,1982,1,WVS_Wave_1
4020,Hungary,Female,,,Christianity,Rural,1982,1,WVS_Wave_1
4021,Hungary,Female,,,Christianity,Rural,1982,1,WVS_Wave_1
4022,Hungary,Male,,,Christianity,Rural,1982,1,WVS_Wave_1
4023,Hungary,Male,,,Christianity,Rural,1982,1,WVS_Wave_1
4024,Hungary,Female,,,Christianity,Rural,1982,1,WVS_Wave_1
4025,Hungary,Female,,,Unaffiliated,Rural,1982,1,WVS_Wave_1
4026,Hungary,Female,,,Christianity,Rural,1982,1,WVS_Wave_1
4027,Hungary,Male,,,Christianity,Rural,1982,1,WVS_Wave_1
4028,Hungary,Female,,,Christianity,Rural,1982,1,WVS_Wave_1
4029,Hungary,Female,,,Christianity,Rural,1982,1,WVS_Wave_1
4030,Hungary,Female,,,Christianity,Rural,1982,1,WVS_Wave_1
4031,Hungary,Female,,,Christianity,Rural,1982,1,WVS_Wave_1
4032,Hungary,Male,,,Christianity,Rural,1982,1,WVS_Wave_1
4033,Hungary,Male,,,Christianity,Rural,1982,1,WVS_Wave_1
4034,Hungary,Male,,,Christianity,Rural,1982,1,WVS_Wave_1
4035,Hungary,Male,,,Christianity,Rural,1982,1,WVS_Wave_1
4036,Hungary,Female,,,Christianity,Rural,1982,1,WVS_Wave_1
4037,Hungary,Male,,,Christianity,Rural,1982,1,WVS_Wave_1
4038,Hungary,Female,,,Christianity,Rural,1982,1,WVS_Wave_1
4039,Hungary,Female,,,Christianity,Rural,1982,1,WVS_Wave_1
4040,Hungary,Female,,,Christianity,Rural,1982,1,WVS_Wave_1
4041,Hungary,Male,,,Christianity,Rural,1982,1,WVS_Wave_1
4042,Hungary,Female,,,Christianity,Rural,1982,1,WVS_Wave_1
4043,Hungary,Female,,,Christianity,Rural,1982,1,WVS_Wave_1
4044,Hungary,Male,,,Christianity,Rural,1982,1,WVS_Wave_1
4045,Hungary,Male,,,Christianity,Rural,1982,1,WVS_Wave_1
4046,Hungary,Female,,,Christianity,Rural,1982,1,WVS_Wave_1
4047,Hungary,Male,,,Christianity,Rural,1982,1,WVS_Wave_1
4048,Hungary,Female,,,Christianity,Rural,1982,1,WVS_Wave_1
4049,Hungary,Male,,,Christianity,Rural,1982,1,WVS_Wave_1
4050,Hungary,Female,,,Christianity,Rural,1982,1,WVS_Wave_1
4051,Hungary,Male,,,,Urban,1982,1,WVS_Wave_1
4052,Hungary,Female,,,Christianity,Urban,1982,1,WVS_Wave_1
4053,Hungary,Male,,,,Urban,1982,1,WVS_Wave_1
4054,Hungary,Male,,,,Urban,1982,1,WVS_Wave_1
4055,Hungary,Female,,,,Urban,1982,1,WVS_Wave_1
4056,Hungary,Female,,,Christianity,Urban,1982,1,WVS_Wave_1
4057,Hungary,Male,,,,Urban,1982,1,WVS_Wave_1
4058,Hungary,Female,,,Christianity,Urban,1982,1,WVS_Wave_1
4059,Hungary,Male,,,Christianity,Urban,1982,1,WVS_Wave_1
4060,Hungary,Male,,,Christianity,Urban,1982,1,WVS_Wave_1
4061,Hungary,Male,,,Christianity,Urban,1982,1,WVS_Wave_1
4062,Hungary,Male,,,Christianity,Urban,1982,1,WVS_Wave_1
4063,Hungary,Male,,,Christianity,Urban,1982,1,WVS_Wave_1
4064,Hungary,Male,,,,Urban,1982,1,WVS_Wave_1
4065,Hungary,Female,,,,Urban,1982,1,WVS_Wave_1
4066,Hungary,Female,,,Christianity,Urban,1982,1,WVS_Wave_1
4067,Hungary,Female,,,,Urban,1982,1,WVS_Wave_1
4068,Hungary,Male,,,Christianity,Urban,1982,1,WVS_Wave_1
4069,Hungary,Male,,,Christianity,,1982,1,WVS_Wave_1
4070,Hungary,Female,,,Christianity,Rural,1982,1,WVS_Wave_1
4071,Hungary,Female,,,Christianity,Rural,1982,1,WVS_Wave_1
4072,Hungary,Male,,,Christianity,Rural,1982,1,WVS_Wave_1
4073,Hungary,Male,,,Christianity,Rural,1982,1,WVS_Wave_1
4074,Hungary,Male,,,Christianity,Rural,1982,1,WVS_Wave_1
4075,Hungary,Female,,,Christianity,Rural,1982,1,WVS_Wave_1
4076,Hungary,Male,,,Christianity,Rural,1982,1,WVS_Wave_1
4077,Hungary,Female,,,Christianity,Rural,1982,1,WVS_Wave_1
4078,Hungary,Male,,,Christianity,Rural,1982,1,WVS_Wave_1
4079,Hungary,Female,,,Christianity,Rural,1982,1,WVS_Wave_1
4080,Hungary,Male,,,,Rural,1982,1,WVS_Wave_1
4081,Hungary,Female,,,Christianity,Rural,1982,1,WVS_Wave_1
4082,Hungary,Female,,,Christianity,Rural,1982,1,WVS_Wave_1
4083,Hungary,Female,,,Christianity,Rural,1982,1,WVS_Wave_1
4084,Hungary,Female,,,Christianity,Rural,1982,1,WVS_Wave_1
4085,Hungary,Female,,,Christianity,Rural,1982,1,WVS_Wave_1
4086,Hungary,Female,,,Christianity,Rural,1982,1,WVS_Wave_1
4087,Hungary,Female,,,Christianity,Rural,1982,1,WVS_Wave_1
4088,Hungary,Female,,,Christianity,Rural,1982,1,WVS_Wave_1
4089,Hungary,Male,,,Christianity,Rural,1982,1,WVS_Wave_1
4090,Hungary,Female,,,Christianity,Rural,1982,1,WVS_Wave_1
4091,Hungary,Female,,,Christianity,Rural,1982,1,WVS_Wave_1
4092,Hungary,Male,,,Christianity,Rural,1982,1,WVS_Wave_1
4093,Hungary,Male,,,Christianity,Rural,1982,1,WVS_Wave_1
4094,Hungary,Male,,,Christianity,Rural,1982,1,WVS_Wave_1
4095,Hungary,Male,,,Christianity,Rural,1982,1,WVS_Wave_1
4096,Hungary,Female,,,Christianity,Rural,1982,1,WVS_Wave_1
4097,Hungary,Female,,,Christianity,Rural,1982,1,WVS_Wave_1
4098,Hungary,Male,,,Christianity,Rural,1982,1,WVS_Wave_1
4099,Hungary,Female,,,Christianity,Rural,1982,1,WVS_Wave_1
4100,Hungary,Female,,,Christianity,Rural,1982,1,WVS_Wave_1
4101,Hungary,Male,,,Christianity,Rural,1982,1,WVS_Wave_1
4102,Hungary,Female,,,Christianity,Rural,1982,1,WVS_Wave_1
4103,Hungary,Male,,,,Rural,1982,1,WVS_Wave_1
4104,Hungary,Female,,,Christianity,Rural,1982,1,WVS_Wave_1
4105,Hungary,Female,,,,Rural,1982,1,WVS_Wave_1
4106,Hungary,Female,,,Christianity,Rural,1982,1,WVS_Wave_1
4107,Hungary,Female,,,,Rural,1982,1,WVS_Wave_1
4108,Hungary,Female,,,Christianity,Rural,1982,1,WVS_Wave_1
4109,Hungary,Male,,,Christianity,Urban,1982,1,WVS_Wave_1
4110,Hungary,Male,,,Christianity,Urban,1982,1,WVS_Wave_1
4111,Hungary,Male,,,Christianity,Urban,1982,1,WVS_Wave_1
4112,Hungary,Male,,,,Urban,1982,1,WVS_Wave_1
4113,Hungary,Male,,,Christianity,Urban,1982,1,WVS_Wave_1
4114,Hungary,Male,,,Christianity,Urban,1982,1,WVS_Wave_1
4115,Hungary,Female,,,Christianity,Urban,1982,1,WVS_Wave_1
4116,Hungary,Female,,,Christianity,Urban,1982,1,WVS_Wave_1
4117,Hungary,Male,,,Christianity,Urban,1982,1,WVS_Wave_1
4118,Hungary,Male,,,Christianity,Urban,1982,1,WVS_Wave_1
4119,Hungary,Male,,,Christianity,Urban,1982,1,WVS_Wave_1
4120,Hungary,Female,,,Christianity,Urban,1982,1,WVS_Wave_1
4121,Hungary,Male,,,Christianity,Urban,1982,1,WVS_Wave_1
4122,Hungary,Male,,,Christianity,Urban,1982,1,WVS_Wave_1
4123,Hungary,Female,,,Christianity,Urban,1982,1,WVS_Wave_1
4124,Hungary,Male,,,Christianity,Urban,1982,1,WVS_Wave_1
4125,Hungary,Female,,,Christianity,Rural,1982,1,WVS_Wave_1
4126,Hungary,Male,,,Christianity,Rural,1982,1,WVS_Wave_1
4127,Hungary,Female,,,Christianity,Rural,1982,1,WVS_Wave_1
4128,Hungary,Male,,,Christianity,Rural,1982,1,WVS_Wave_1
4129,Hungary,Male,,,Christianity,Rural,1982,1,WVS_Wave_1
4130,Hungary,Female,,,Christianity,Rural,1982,1,WVS_Wave_1
4131,Hungary,Male,,,Christianity,Rural,1982,1,WVS_Wave_1
4132,Hungary,Female,,,Christianity,Rural,1982,1,WVS_Wave_1
4133,Hungary,Female,,,Christianity,Rural,1982,1,WVS_Wave_1
4134,Hungary,Male,,,Christianity,Rural,1982,1,WVS_Wave_1
4135,Hungary,Male,,,Christianity,Rural,1982,1,WVS_Wave_1
4136,Hungary,Female,,,Christianity,Rural,1982,1,WVS_Wave_1
4137,Hungary,Female,,,Christianity,Rural,1982,1,WVS_Wave_1
4138,Hungary,Female,,,Christianity,Rural,1982,1,WVS_Wave_1
4139,Hungary,Female,,,Christianity,Rural,1982,1,WVS_Wave_1
4140,Hungary,Female,,,Christianity,Rural,1982,1,WVS_Wave_1
4141,Hungary,Female,,,Christianity,Rural,1982,1,WVS_Wave_1
4142,Hungary,Male,,,Christianity,Rural,1982,1,WVS_Wave_1
4143,Hungary,Female,,,Christianity,Rural,1982,1,WVS_Wave_1
4144,Hungary,Female,,,Christianity,Rural,1982,1,WVS_Wave_1
4145,Hungary,Female,,,Christianity,Rural,1982,1,WVS_Wave_1
4146,Hungary,Female,,,Christianity,Rural,1982,1,WVS_Wave_1
4147,Hungary,Female,,,Christianity,Rural,1982,1,WVS_Wave_1
4148,Hungary,Male,,,Christianity,Rural,1982,1,WVS_Wave_1
4149,Hungary,Female,,,Christianity,Rural,1982,1,WVS_Wave_1
4150,Hungary,Male,,,Christianity,Urban,1982,1,WVS_Wave_1
4151,Hungary,Female,,,Christianity,Urban,1982,1,WVS_Wave_1
4152,Hungary,Female,,,Christianity,Urban,1982,1,WVS_Wave_1
4153,Hungary,Female,,,Christianity,Urban,1982,1,WVS_Wave_1
4154,Hungary,Female,,,Christianity,Urban,1982,1,WVS_Wave_1
4155,Hungary,Female,,,Christianity,Urban,1982,1,WVS_Wave_1
4156,Hungary,Male,,,Christianity,Urban,1982,1,WVS_Wave_1
4157,Hungary,Female,,,Christianity,Urban,1982,1,WVS_Wave_1
4158,Hungary,Male,,,Christianity,Urban,1982,1,WVS_Wave_1
4159,Hungary,Female,,,Christianity,Urban,1982,1,WVS_Wave_1
4160,Hungary,Female,,,Christianity,Urban,1982,1,WVS_Wave_1
4161,Hungary,Female,,,Christianity,Urban,1982,1,WVS_Wave_1
4162,Hungary,Male,,,Christianity,Urban,1982,1,WVS_Wave_1
4163,Hungary,Male,,,Christianity,Urban,1982,1,WVS_Wave_1
4164,Hungary,Female,,,Christianity,Urban,1982,1,WVS_Wave_1
4165,Hungary,Female,,,Christianity,Rural,1982,1,WVS_Wave_1
4166,Hungary,Female,,,Christianity,Rural,1982,1,WVS_Wave_1
4167,Hungary,Male,,,Christianity,Rural,1982,1,WVS_Wave_1
4168,Hungary,Male,,,Christianity,Rural,1982,1,WVS_Wave_1
4169,Hungary,Female,,,Christianity,Rural,1982,1,WVS_Wave_1
4170,Hungary,Male,,,Christianity,Rural,1982,1,WVS_Wave_1
4171,Hungary,Male,,,Christianity,Rural,1982,1,WVS_Wave_1
4172,Hungary,Female,,,Christianity,Rural,1982,1,WVS_Wave_1
4173,Hungary,Female,,,Christianity,Rural,1982,1,WVS_Wave_1
4174,Hungary,Female,,,Christianity,Rural,1982,1,WVS_Wave_1
4176,Hungary,Female,,,Christianity,Rural,1982,1,WVS_Wave_1
4177,Hungary,Female,,,Christianity,Rural,1982,1,WVS_Wave_1
4178,Hungary,Male,,,Christianity,Rural,1982,1,WVS_Wave_1
4179,Hungary,Female,,,Christianity,Rural,1982,1,WVS_Wave_1
4180,Hungary,Female,,,Christianity,Rural,1982,1,WVS_Wave_1
4181,Hungary,Male,,,Christianity,Rural,1982,1,WVS_Wave_1
4182,Hungary,Male,,,Christianity,Rural,1982,1,WVS_Wave_1
4183,Hungary,Male,,,Christianity,Rural,1982,1,WVS_Wave_1
4184,Hungary,Female,,,Christianity,Rural,1982,1,WVS_Wave_1
4185,Hungary,Female,,,Christianity,Rural,1982,1,WVS_Wave_1
4186,Hungary,Male,,,Christianity,Rural,1982,1,WVS_Wave_1
4187,Hungary,Male,,,Christianity,Rural,1982,1,WVS_Wave_1
4188,Hungary,Male,,,Christianity,Urban,1982,1,WVS_Wave_1
4189,Hungary,Male,,,Christianity,Urban,1982,1,WVS_Wave_1
4190,Hungary,Male,,,,Urban,1982,1,WVS_Wave_1
4191,Hungary,Male,,,,Urban,1982,1,WVS_Wave_1
4192,Hungary,Female,,,Christianity,Urban,1982,1,WVS_Wave_1
4193,Hungary,Male,,,Christianity,Urban,1982,1,WVS_Wave_1
4194,Hungary,Male,,,Christianity,Urban,1982,1,WVS_Wave_1
4195,Hungary,Male,,,Christianity,Urban,1982,1,WVS_Wave_1
4196,Hungary,Male,,,Christianity,,1982,1,WVS_Wave_1
4197,Hungary,Female,,,Christianity,Rural,1982,1,WVS_Wave_1
4198,Hungary,Female,,,Christianity,Rural,1982,1,WVS_Wave_1
4199,Hungary,Male,,,Christianity,Rural,1982,1,WVS_Wave_1
4200,Hungary,Female,,,Christianity,Rural,1982,1,WVS_Wave_1
4201,Hungary,Male,,,Christianity,Rural,1982,1,WVS_Wave_1
4202,Hungary,Male,,,Christianity,Rural,1982,1,WVS_Wave_1
4203,Hungary,Female,,,Christianity,Rural,1982,1,WVS_Wave_1
4204,Hungary,Female,,,Christianity,Rural,1982,1,WVS_Wave_1
4205,Hungary,Female,,,Christianity,Rural,1982,1,WVS_Wave_1
4206,Hungary,Female,,,Christianity,Rural,1982,1,WVS_Wave_1
4207,Hungary,Female,,,Christianity,Rural,1982,1,WVS_Wave_1
4208,Hungary,Male,,,Christianity,Rural,1982,1,WVS_Wave_1
4209,Hungary,Female,,,Christianity,Rural,1982,1,WVS_Wave_1
4210,Hungary,Female,,,,Rural,1982,1,WVS_Wave_1
4211,Hungary,Female,,,Christianity,Rural,1982,1,WVS_Wave_1
4212,Hungary,Male,,,Christianity,Rural,1982,1,WVS_Wave_1
4213,Hungary,Female,,,Christianity,Rural,1982,1,WVS_Wave_1
4214,Hungary,Male,,,Christianity,Rural,1982,1,WVS_Wave_1
4215,Hungary,Female,,,Christianity,Rural,1982,1,WVS_Wave_1
4216,Hungary,Male,,,Christianity,Rural,1982,1,WVS_Wave_1
4217,Hungary,Male,,,Christianity,Rural,1982,1,WVS_Wave_1
4218,Hungary,Female,,,Christianity,Rural,1982,1,WVS_Wave_1
4219,Hungary,Male,,,Christianity,Rural,1982,1,WVS_Wave_1
4220,Hungary,Female,,,Christianity,Rural,1982,1,WVS_Wave_1
4221,Hungary,Male,,,Christianity,Rural,1982,1,WVS_Wave_1
4222,Hungary,Female,,,Christianity,Rural,1982,1,WVS_Wave_1
4223,Hungary,Male,,,Christianity,Rural,1982,1,WVS_Wave_1
4224,Hungary,Male,,,Christianity,Rural,1982,1,WVS_Wave_1
4225,Hungary,Female,,,Christianity,Rural,1982,1,WVS_Wave_1
4226,Hungary,Male,,,Christianity,Rural,1982,1,WVS_Wave_1
4227,Hungary,Female,,,Christianity,Rural,1982,1,WVS_Wave_1
4228,Hungary,Female,,,Christianity,Rural,1982,1,WVS_Wave_1
4229,Hungary,Female,,,Christianity,Rural,1982,1,WVS_Wave_1
4230,Hungary,Female,,,Christianity,Rural,1982,1,WVS_Wave_1
4231,Hungary,Female,,,Christianity,Rural,1982,1,WVS_Wave_1
4232,Hungary,Female,,,Christianity,Rural,1982,1,WVS_Wave_1
4233,Hungary,Male,,,Christianity,Rural,1982,1,WVS_Wave_1
4234,Hungary,Female,,,Christianity,Rural,1982,1,WVS_Wave_1
4235,Hungary,Female,,,Christianity,Rural,1982,1,WVS_Wave_1
4236,Hungary,Male,,,Christianity,Rural,1982,1,WVS_Wave_1
4237,Hungary,Male,,,Christianity,Rural,1982,1,WVS_Wave_1
4238,Hungary,Female,,,Christianity,Rural,1982,1,WVS_Wave_1
4239,Hungary,Male,,,Christianity,Rural,1982,1,WVS_Wave_1
4240,Hungary,Female,,,Christianity,Rural,1982,1,WVS_Wave_1
4241,Hungary,Female,,,Islam,Rural,1982,1,WVS_Wave_1
4242,Hungary,Female,,,Christianity,Rural,1982,1,WVS_Wave_1
4243,Hungary,Female,,,Christianity,Rural,1982,1,WVS_Wave_1
4244,Hungary,Male,,,Christianity,Rural,1982,1,WVS_Wave_1
4245,Hungary,Male,,,Christianity,Rural,1982,1,WVS_Wave_1
4246,Hungary,Female,,,Christianity,Rural,1982,1,WVS_Wave_1
4247,Hungary,Male,,,Christianity,Rural,1982,1,WVS_Wave_1
4248,Hungary,Female,,,Christianity,Rural,1982,1,WVS_Wave_1
4249,Hungary,Female,,,Christianity,Rural,1982,1,WVS_Wave_1
4250,Hungary,Male,,,Christianity,Rural,1982,1,WVS_Wave_1
4251,Hungary,Female,,,Christianity,Rural,1982,1,WVS_Wave_1
4252,Hungary,Male,,,Christianity,Rural,1982,1,WVS_Wave_1
4253,Hungary,Male,,,Christianity,Rural,1982,1,WVS_Wave_1
4254,Hungary,Female,,,Christianity,Rural,1982,1,WVS_Wave_1
4255,Hungary,Female,,,Christianity,Rural,1982,1,WVS_Wave_1
4256,Hungary,Male,,,Christianity,Rural,1982,1,WVS_Wave_1
4257,Hungary,Female,,,Christianity,Rural,1982,1,WVS_Wave_1
4258,Hungary,Female,,,Christianity,Rural,1982,1,WVS_Wave_1
4259,Hungary,Male,,,Christianity,Rural,1982,1,WVS_Wave_1
4260,Hungary,Female,,,Christianity,Rural,1982,1,WVS_Wave_1
4261,Hungary,Male,,,Christianity,Rural,1982,1,WVS_Wave_1
4262,Hungary,Male,,,Christianity,Rural,1982,1,WVS_Wave_1
4263,Hungary,Female,,,Christianity,Rural,1982,1,WVS_Wave_1
4264,Hungary,Female,,,Christianity,Rural,1982,1,WVS_Wave_1
4265,Hungary,Male,,,Christianity,Rural,1982,1,WVS_Wave_1
4266,Hungary,Male,,,Christianity,Rural,1982,1,WVS_Wave_1
4267,Hungary,Male,,,,Rural,1982,1,WVS_Wave_1
4268,Hungary,Male,,,Christianity,Rural,1982,1,WVS_Wave_1
4269,Hungary,Female,,,Christianity,Rural,1982,1,WVS_Wave_1
4270,Hungary,Male,,,Christianity,Rural,1982,1,WVS_Wave_1
4271,Hungary,Male,,,Christianity,Urban,1982,1,WVS_Wave_1
4272,Hungary,Female,,,Christianity,Urban,1982,1,WVS_Wave_1
4273,Hungary,Female,,,Christianity,Urban,1982,1,WVS_Wave_1
4274,Hungary,Female,,,Christianity,Urban,1982,1,WVS_Wave_1
4275,Hungary,Female,,,Christianity,Urban,1982,1,WVS_Wave_1
4276,Hungary,Female,,,Christianity,Urban,1982,1,WVS_Wave_1
4277,Hungary,Male,,,Christianity,Urban,1982,1,WVS_Wave_1
4278,Hungary,Male,,,Christianity,Urban,1982,1,WVS_Wave_1
4279,Hungary,Male,,,Unaffiliated,Urban,1982,1,WVS_Wave_1
4280,Hungary,Female,,,Christianity,Urban,1982,1,WVS_Wave_1
4281,Hungary,Male,,,Unaffiliated,Urban,1982,1,WVS_Wave_1
4282,Hungary,Male,,,Christianity,Urban,1982,1,WVS_Wave_1
4283,Hungary,Female,,,Christianity,Urban,1982,1,WVS_Wave_1
4284,Hungary,Female,,,Unaffiliated,Urban,1982,1,WVS_Wave_1
4285,Hungary,Male,,,Christianity,Urban,1982,1,WVS_Wave_1
4286,Hungary,Female,,,Christianity,Urban,1982,1,WVS_Wave_1
4287,Hungary,Female,,,Christianity,Urban,1982,1,WVS_Wave_1
4288,Hungary,Female,,,Christianity,Urban,1982,1,WVS_Wave_1
4289,Hungary,Female,,,Christianity,Urban,1982,1,WVS_Wave_1
4290,Hungary,Male,,,Christianity,Urban,1982,1,WVS_Wave_1
4291,Hungary,Male,,,Christianity,Urban,1982,1,WVS_Wave_1
4292,Hungary,Male,,,Christianity,Urban,1982,1,WVS_Wave_1
4293,Hungary,Female,,,Christianity,Urban,1982,1,WVS_Wave_1
4294,Hungary,Male,,,Christianity,Urban,1982,1,WVS_Wave_1
4295,Hungary,Female,,,Christianity,Urban,1982,1,WVS_Wave_1
4296,Hungary,Female,,,Christianity,Urban,1982,1,WVS_Wave_1
4297,Hungary,Male,,,Christianity,Urban,1982,1,WVS_Wave_1
4298,Hungary,Male,,,Christianity,Urban,1982,1,WVS_Wave_1
4299,Hungary,Female,,,Islam,Urban,1982,1,WVS_Wave_1
4300,Hungary,Male,,,Christianity,Urban,1982,1,WVS_Wave_1
4301,Hungary,Female,,,Christianity,Urban,1982,1,WVS_Wave_1
4302,Hungary,Male,,,Christianity,Urban,1982,1,WVS_Wave_1
4303,Hungary,Male,,,Christianity,Urban,1982,1,WVS_Wave_1
4304,Hungary,Female,,,Christianity,Urban,1982,1,WVS_Wave_1
4305,Hungary,Male,,,,Urban,1982,1,WVS_Wave_1
4306,Hungary,Female,,,Christianity,Urban,1982,1,WVS_Wave_1
4307,Hungary,Female,,,Christianity,Urban,1982,1,WVS_Wave_1
4308,Hungary,Male,,,Christianity,Rural,1982,1,WVS_Wave_1
4309,Hungary,Female,,,Christianity,Rural,1982,1,WVS_Wave_1
4310,Hungary,Male,,,Christianity,Rural,1982,1,WVS_Wave_1
4311,Hungary,Female,,,Christianity,Rural,1982,1,WVS_Wave_1
4312,Hungary,Female,,,Christianity,Rural,1982,1,WVS_Wave_1
4313,Hungary,Female,,,Christianity,Rural,1982,1,WVS_Wave_1
4314,Hungary,Female,,,Christianity,Rural,1982,1,WVS_Wave_1
4315,Hungary,Male,,,Christianity,Rural,1982,1,WVS_Wave_1
4316,Hungary,Female,,,Christianity,Rural,1982,1,WVS_Wave_1
4317,Hungary,Female,,,Christianity,Rural,1982,1,WVS_Wave_1
4318,Hungary,Female,,,Christianity,Rural,1982,1,WVS_Wave_1
4319,Hungary,Male,,,Christianity,Rural,1982,1,WVS_Wave_1
4320,Hungary,Female,,,Christianity,Rural,1982,1,WVS_Wave_1
4321,Hungary,Female,,,Christianity,Rural,1982,1,WVS_Wave_1
4322,Hungary,Male,,,Christianity,Rural,1982,1,WVS_Wave_1
4323,Hungary,Female,,,Christianity,Rural,1982,1,WVS_Wave_1
4324,Hungary,Male,,,Christianity,Rural,1982,1,WVS_Wave_1
4325,Hungary,Female,,,Christianity,Rural,1982,1,WVS_Wave_1
4326,Hungary,Male,,,Christianity,Rural,1982,1,WVS_Wave_1
4327,Hungary,Male,,,Christianity,Rural,1982,1,WVS_Wave_1
4328,Hungary,Male,,,Christianity,Rural,1982,1,WVS_Wave_1
4329,Hungary,Female,,,Christianity,Rural,1982,1,WVS_Wave_1
4330,Hungary,Male,,,Christianity,Rural,1982,1,WVS_Wave_1
4331,Hungary,Female,,,Christianity,Rural,1982,1,WVS_Wave_1
4332,Hungary,Female,,,Christianity,Rural,1982,1,WVS_Wave_1
4333,Hungary,Male,,,Christianity,Rural,1982,1,WVS_Wave_1
4334,Hungary,Male,,,Christianity,Rural,1982,1,WVS_Wave_1
4335,Hungary,Female,,,Christianity,Rural,1982,1,WVS_Wave_1
4336,Hungary,Male,,,Christianity,Rural,1982,1,WVS_Wave_1
4337,Hungary,Male,,,Christianity,Rural,1982,1,WVS_Wave_1
4338,Hungary,Male,,,Christianity,Rural,1982,1,WVS_Wave_1
4339,Hungary,Female,,,Christianity,Rural,1982,1,WVS_Wave_1
4340,Hungary,Female,,,Christianity,Rural,1982,1,WVS_Wave_1
4341,Hungary,Female,,,Christianity,Urban,1982,1,WVS_Wave_1
4342,Hungary,Male,,,,Urban,1982,1,WVS_Wave_1
4343,Hungary,Female,,,Christianity,Urban,1982,1,WVS_Wave_1
4344,Hungary,Male,,,,Urban,1982,1,WVS_Wave_1
4345,Hungary,Female,,,Christianity,Urban,1982,1,WVS_Wave_1
4346,Hungary,Male,,,Christianity,Urban,1982,1,WVS_Wave_1
4347,Hungary,Female,,,Christianity,Urban,1982,1,WVS_Wave_1
4348,Hungary,Male,,,Christianity,Urban,1982,1,WVS_Wave_1
4349,Hungary,Male,,,Christianity,Urban,1982,1,WVS_Wave_1
4350,Hungary,Female,,,Christianity,Urban,1982,1,WVS_Wave_1
4351,Hungary,Female,,,Christianity,Urban,1982,1,WVS_Wave_1
4352,Hungary,Male,,,Christianity,Urban,1982,1,WVS_Wave_1
4353,Hungary,Male,,,Christianity,Urban,1982,1,WVS_Wave_1
4354,Hungary,Male,,,Christianity,Urban,1982,1,WVS_Wave_1
4355,Hungary,Female,,,Christianity,Urban,1982,1,WVS_Wave_1
4356,Hungary,Male,,,Christianity,Urban,1982,1,WVS_Wave_1
4357,Hungary,Male,,,Christianity,Urban,1982,1,WVS_Wave_1
4358,Hungary,Male,,,Christianity,Rural,1982,1,WVS_Wave_1
4359,Hungary,Female,,,Christianity,Rural,1982,1,WVS_Wave_1
4360,Hungary,Male,,,Christianity,Rural,1982,1,WVS_Wave_1
4361,Hungary,Male,,,Christianity,Rural,1982,1,WVS_Wave_1
4362,Hungary,Female,,,Christianity,Rural,1982,1,WVS_Wave_1
4363,Hungary,Male,,,Christianity,Rural,1982,1,WVS_Wave_1
4364,Hungary,Male,,,Christianity,Rural,1982,1,WVS_Wave_1
4365,Hungary,Female,,,Christianity,Rural,1982,1,WVS_Wave_1
4366,Hungary,Male,,,Christianity,Rural,1982,1,WVS_Wave_1
4367,Hungary,Female,,,Christianity,Rural,1982,1,WVS_Wave_1
4368,Hungary,Female,,,Christianity,Rural,1982,1,WVS_Wave_1
4369,Hungary,Female,,,Christianity,Rural,1982,1,WVS_Wave_1
4370,Hungary,Male,,,Christianity,Rural,1982,1,WVS_Wave_1
4371,Hungary,Male,,,Christianity,Rural,1982,1,WVS_Wave_1
4372,Hungary,Male,,,Christianity,Rural,1982,1,WVS_Wave_1
4373,Hungary,Female,,,Christianity,Rural,1982,1,WVS_Wave_1
4374,Hungary,Female,,,Christianity,Rural,1982,1,WVS_Wave_1
4375,Hungary,Female,,,Christianity,Rural,1982,1,WVS_Wave_1
4376,Hungary,Female,,,Christianity,Rural,1982,1,WVS_Wave_1
4377,Hungary,Female,,,Christianity,Rural,1982,1,WVS_Wave_1
4378,Hungary,Female,,,Christianity,Rural,1982,1,WVS_Wave_1
4379,Hungary,Male,,,Christianity,Rural,1982,1,WVS_Wave_1
4380,Hungary,Male,,,Christianity,Rural,1982,1,WVS_Wave_1
4381,Hungary,Male,,,Christianity,Rural,1982,1,WVS_Wave_1
4382,Hungary,Female,,,Christianity,Rural,1982,1,WVS_Wave_1
4383,Hungary,Male,,,Christianity,Rural,1982,1,WVS_Wave_1
4384,Hungary,Female,,,Unaffiliated,Rural,1982,1,WVS_Wave_1
4385,Hungary,Male,,,Christianity,Rural,1982,1,WVS_Wave_1
4386,Hungary,Female,,,Christianity,Rural,1982,1,WVS_Wave_1
4387,Hungary,Male,,,Christianity,Rural,1982,1,WVS_Wave_1
4388,Hungary,Male,,,Christianity,Rural,1982,1,WVS_Wave_1
4389,Hungary,Male,,,Christianity,Rural,1982,1,WVS_Wave_1
4390,Hungary,Female,,,Christianity,Rural,1982,1,WVS_Wave_1
4391,Hungary,Male,,,Christianity,Rural,1982,1,WVS_Wave_1
4392,Hungary,Female,,,Islam,Rural,1982,1,WVS_Wave_1
4393,Hungary,Male,,,Christianity,Rural,1982,1,WVS_Wave_1
4394,Hungary,Male,,,Christianity,Rural,1982,1,WVS_Wave_1
4395,Hungary,Male,,,Christianity,Rural,1982,1,WVS_Wave_1
4396,Hungary,Female,,,Christianity,Rural,1982,1,WVS_Wave_1
4397,Hungary,Female,,,Christianity,Rural,1982,1,WVS_Wave_1
4398,Hungary,Female,,,,Rural,1982,1,WVS_Wave_1
4399,Hungary,Male,,,Christianity,Rural,1982,1,WVS_Wave_1
4400,Hungary,Male,,,Christianity,Rural,1982,1,WVS_Wave_1
4401,Hungary,Female,,,Christianity,Rural,1982,1,WVS_Wave_1
4402,Hungary,Male,,,Christianity,Rural,1982,1,WVS_Wave_1
4403,Hungary,Male,,,Christianity,Rural,1982,1,WVS_Wave_1
4404,Hungary,Female,,,Christianity,Rural,1982,1,WVS_Wave_1
4405,Hungary,Male,,,Christianity,Rural,1982,1,WVS_Wave_1
4406,Hungary,Male,,,Christianity,Rural,1982,1,WVS_Wave_1
4407,Hungary,Male,,,Christianity,Rural,1982,1,WVS_Wave_1
4408,Hungary,Female,,,Christianity,Rural,1982,1,WVS_Wave_1
4409,Hungary,Male,,,Christianity,Rural,1982,1,WVS_Wave_1
4410,Hungary,Female,,,Christianity,Rural,1982,1,WVS_Wave_1
4411,Hungary,Male,,,Christianity,Rural,1982,1,WVS_Wave_1
4412,Hungary,Male,,,Christianity,Rural,1982,1,WVS_Wave_1
4413,Hungary,Female,,,Christianity,Rural,1982,1,WVS_Wave_1
4414,Hungary,Female,,,Christianity,Rural,1982,1,WVS_Wave_1
4415,Hungary,Male,,,Christianity,Urban,1982,1,WVS_Wave_1
4416,Hungary,Male,,,Christianity,Urban,1982,1,WVS_Wave_1
4417,Hungary,Male,,,Christianity,Urban,1982,1,WVS_Wave_1
4418,Hungary,Male,,,Christianity,Urban,1982,1,WVS_Wave_1
4419,Hungary,Female,,,Christianity,Urban,1982,1,WVS_Wave_1
4420,Hungary,Female,,,Christianity,Urban,1982,1,WVS_Wave_1
4421,Hungary,Male,,,Christianity,Urban,1982,1,WVS_Wave_1
4422,Hungary,Male,,,Christianity,Urban,1982,1,WVS_Wave_1
4423,Hungary,Male,,,Unaffiliated,Urban,1982,1,WVS_Wave_1
4424,Hungary,Male,,,Christianity,Urban,1982,1,WVS_Wave_1
4425,Hungary,Male,,,Christianity,Urban,1982,1,WVS_Wave_1
4426,Hungary,Male,,,Christianity,Urban,1982,1,WVS_Wave_1
4427,Hungary,Female,,,Christianity,Urban,1982,1,WVS_Wave_1
4428,Hungary,Female,,,Christianity,Urban,1982,1,WVS_Wave_1
4429,Hungary,Female,,,Christianity,Urban,1982,1,WVS_Wave_1
4430,Hungary,Male,,,Christianity,Urban,1982,1,WVS_Wave_1
4431,Hungary,Female,,,Christianity,Urban,1982,1,WVS_Wave_1
4432,Hungary,Male,,,,Urban,1982,1,WVS_Wave_1
4433,Hungary,Female,,,Christianity,Urban,1982,1,WVS_Wave_1
4434,Hungary,Female,,,Christianity,Rural,1982,1,WVS_Wave_1
4435,Hungary,Female,,,Christianity,Rural,1982,1,WVS_Wave_1
4436,Hungary,Female,,,Christianity,Rural,1982,1,WVS_Wave_1
4437,Hungary,Male,,,Christianity,Rural,1982,1,WVS_Wave_1
4438,Hungary,Female,,,Christianity,Rural,1982,1,WVS_Wave_1
4439,Hungary,Female,,,Christianity,Rural,1982,1,WVS_Wave_1
4440,Hungary,Female,,,Christianity,Rural,1982,1,WVS_Wave_1
4441,Hungary,Female,,,Christianity,Rural,1982,1,WVS_Wave_1
4442,Hungary,Male,,,Christianity,Rural,1982,1,WVS_Wave_1
4443,Hungary,Male,,,Christianity,Rural,1982,1,WVS_Wave_1
4444,Hungary,Male,,,Christianity,Rural,1982,1,WVS_Wave_1
4445,Hungary,Male,,,Christianity,Rural,1982,1,WVS_Wave_1
4446,Hungary,Female,,,Christianity,Rural,1982,1,WVS_Wave_1
4447,Hungary,Female,,,Christianity,Rural,1982,1,WVS_Wave_1
4448,Hungary,Female,,,Christianity,Rural,1982,1,WVS_Wave_1
4449,Hungary,Female,,,Christianity,Rural,1982,1,WVS_Wave_1
4450,Hungary,Male,,,Christianity,Rural,1982,1,WVS_Wave_1
4451,Hungary,Female,,,Christianity,Rural,1982,1,WVS_Wave_1
4452,Hungary,Male,,,Christianity,Rural,1982,1,WVS_Wave_1
4453,Hungary,Male,,,,Rural,1982,1,WVS_Wave_1
4454,Hungary,Male,,,Christianity,Rural,1982,1,WVS_Wave_1
4455,Hungary,Female,,,Christianity,Rural,1982,1,WVS_Wave_1
4456,Hungary,Female,,,Christianity,Rural,1982,1,WVS_Wave_1
4457,Hungary,Female,,,Christianity,Rural,1982,1,WVS_Wave_1
4458,Hungary,Male,,,Christianity,Rural,1982,1,WVS_Wave_1
4459,Hungary,Male,,,Christianity,Rural,1982,1,WVS_Wave_1
4460,Hungary,Female,,,Christianity,Rural,1982,1,WVS_Wave_1
4461,Hungary,Male,,,Christianity,Rural,1982,1,WVS_Wave_1
4462,Hungary,Male,,,Unaffiliated,Rural,1982,1,WVS_Wave_1
4463,Hungary,Female,,,Christianity,Rural,1982,1,WVS_Wave_1
4464,Hungary,Male,,,Christianity,Rural,1982,1,WVS_Wave_1
4465,Hungary,Male,,,Christianity,Rural,1982,1,WVS_Wave_1
4466,Hungary,Female,,,Christianity,Rural,1982,1,WVS_Wave_1
4467,Hungary,Female,,,Christianity,Rural,1982,1,WVS_Wave_1
4468,Hungary,Male,,,Christianity,Rural,1982,1,WVS_Wave_1
4469,Hungary,Female,,,Christianity,Rural,1982,1,WVS_Wave_1
4470,Hungary,Female,,,Christianity,Rural,1982,1,WVS_Wave_1
4471,Hungary,Female,,,Christianity,Rural,1982,1,WVS_Wave_1
4472,Hungary,Female,,,Christianity,Rural,1982,1,WVS_Wave_1
4473,Hungary,Female,,,Christianity,Rural,1982,1,WVS_Wave_1
4474,Hungary,Male,,,Christianity,Rural,1982,1,WVS_Wave_1
4475,Hungary,Female,,,Christianity,Rural,1982,1,WVS_Wave_1
4476,Hungary,Male,,,Christianity,Rural,1982,1,WVS_Wave_1
4477,Hungary,Female,,,,Rural,1982,1,WVS_Wave_1
4478,Hungary,Male,,,Christianity,Rural,1982,1,WVS_Wave_1
4479,Hungary,Male,,,,Urban,1982,1,WVS_Wave_1
4480,Hungary,Female,,,Christianity,Urban,1982,1,WVS_Wave_1
4481,Hungary,Male,,,Christianity,Urban,1982,1,WVS_Wave_1
4482,Hungary,Male,,,Christianity,Urban,1982,1,WVS_Wave_1
4483,Hungary,Female,,,Christianity,Urban,1982,1,WVS_Wave_1
4484,Hungary,Male,,,Christianity,Urban,1982,1,WVS_Wave_1
4485,Hungary,Female,,,Christianity,Urban,1982,1,WVS_Wave_1
4486,Hungary,Male,,,,Urban,1982,1,WVS_Wave_1
4487,Hungary,Female,,,Christianity,Urban,1982,1,WVS_Wave_1
4488,Hungary,Male,,,Christianity,Urban,1982,1,WVS_Wave_1
4489,Hungary,Female,,,Christianity,Urban,1982,1,WVS_Wave_1
4490,Hungary,Female,,,Christianity,Urban,1982,1,WVS_Wave_1
4491,Hungary,Male,,,Christianity,Urban,1982,1,WVS_Wave_1
4492,Hungary,Male,,,Christianity,Urban,1982,1,WVS_Wave_1
4493,Hungary,Female,,,Christianity,Urban,1982,1,WVS_Wave_1
4494,Hungary,Female,,,Christianity,Urban,1982,1,WVS_Wave_1
4495,Hungary,Female,,,Christianity,Urban,1982,1,WVS_Wave_1
4496,Hungary,Female,,,,Urban,1982,1,WVS_Wave_1
4497,Hungary,Male,,,Christianity,Urban,1982,1,WVS_Wave_1
4498,Hungary,Female,,,Christianity,Urban,1982,1,WVS_Wave_1
4499,Hungary,Female,,,Christianity,Urban,1982,1,WVS_Wave_1
4500,Hungary,Female,,,Christianity,Urban,1982,1,WVS_Wave_1
4501,Hungary,Female,,,Christianity,Urban,1982,1,WVS_Wave_1
4502,Hungary,Male,,,Unaffiliated,Urban,1982,1,WVS_Wave_1
4503,Hungary,Male,,,,Urban,1982,1,WVS_Wave_1
4504,Hungary,Male,,,Christianity,Urban,1982,1,WVS_Wave_1
4505,Hungary,Male,,,,Urban,1982,1,WVS_Wave_1
4506,Hungary,Male,,,Christianity,Urban,1982,1,WVS_Wave_1
4507,Hungary,Male,,,Christianity,Urban,1982,1,WVS_Wave_1
4508,Hungary,Male,,,,Urban,1982,1,WVS_Wave_1
4509,Hungary,Male,,,Christianity,Urban,1982,1,WVS_Wave_1
4510,Hungary,Male,,,Christianity,Urban,1982,1,WVS_Wave_1
4511,Hungary,Male,,,Christianity,Urban,1982,1,WVS_Wave_1
4512,Hungary,Female,,,Christianity,Urban,1982,1,WVS_Wave_1
4513,Hungary,Female,,,Christianity,Rural,1982,1,WVS_Wave_1
4514,Hungary,Female,,,Christianity,Rural,1982,1,WVS_Wave_1
4515,Hungary,Male,,,Christianity,Rural,1982,1,WVS_Wave_1
4516,Hungary,Male,,,Christianity,Rural,1982,1,WVS_Wave_1
4517,Hungary,Female,,,Christianity,Rural,1982,1,WVS_Wave_1
4518,Hungary,Female,,,Christianity,Rural,1982,1,WVS_Wave_1
4519,Hungary,Male,,,Christianity,Rural,1982,1,WVS_Wave_1
4520,Hungary,Male,,,Christianity,Rural,1982,1,WVS_Wave_1
4521,Hungary,Female,,,Christianity,Rural,1982,1,WVS_Wave_1
4522,Hungary,Female,,,Christianity,Rural,1982,1,WVS_Wave_1
4523,Hungary,Female,,,Christianity,Rural,1982,1,WVS_Wave_1
4524,Hungary,Female,,,Christianity,Rural,1982,1,WVS_Wave_1
4525,Hungary,Female,,,Christianity,Rural,1982,1,WVS_Wave_1
4526,Hungary,Male,,,Christianity,Rural,1982,1,WVS_Wave_1
4527,Hungary,Female,,,Christianity,Rural,1982,1,WVS_Wave_1
4528,Hungary,Male,,,Christianity,Rural,1982,1,WVS_Wave_1
4529,Hungary,Female,,,Christianity,Rural,1982,1,WVS_Wave_1
4530,Hungary,Female,,,Christianity,Rural,1982,1,WVS_Wave_1
4531,Hungary,Male,,,Christianity,Rural,1982,1,WVS_Wave_1
4532,Hungary,Female,,,Christianity,Rural,1982,1,WVS_Wave_1
4533,Hungary,Female,,,Unaffiliated,Rural,1982,1,WVS_Wave_1
4534,Hungary,Female,,,Christianity,Rural,1982,1,WVS_Wave_1
4535,Hungary,Female,,,Christianity,Rural,1982,1,WVS_Wave_1
4536,Hungary,Female,,,Islam,Rural,1982,1,WVS_Wave_1
4537,Hungary,Male,,,Christianity,Rural,1982,1,WVS_Wave_1
4538,Hungary,Male,,,Christianity,Rural,1982,1,WVS_Wave_1
4539,Hungary,Female,,,Unaffiliated,Rural,1982,1,WVS_Wave_1
4540,Hungary,Male,,,Christianity,Rural,1982,1,WVS_Wave_1
4541,Hungary,Female,,,Christianity,Rural,1982,1,WVS_Wave_1
4542,Hungary,Female,,,Christianity,Rural,1982,1,WVS_Wave_1
4543,Hungary,Male,,,Christianity,Rural,1982,1,WVS_Wave_1
4544,Hungary,Female,,,,Rural,1982,1,WVS_Wave_1
4545,Hungary,Female,,,Christianity,Rural,1982,1,WVS_Wave_1
4546,Hungary,Female,,,Christianity,Rural,1982,1,WVS_Wave_1
4547,Hungary,Male,,,Christianity,Rural,1982,1,WVS_Wave_1
4548,Hungary,Male,,,Christianity,Urban,1982,1,WVS_Wave_1
4549,Hungary,Female,,,Christianity,Urban,1982,1,WVS_Wave_1
4550,Hungary,Male,,,Christianity,Urban,1982,1,WVS_Wave_1
4551,Hungary,Male,,,Christianity,Urban,1982,1,WVS_Wave_1
4552,Hungary,Male,,,Christianity,Urban,1982,1,WVS_Wave_1
4553,Hungary,Female,,,Christianity,Urban,1982,1,WVS_Wave_1
4554,Hungary,Male,,,Christianity,Urban,1982,1,WVS_Wave_1
4555,Hungary,Female,,,Christianity,Urban,1982,1,WVS_Wave_1
4556,Hungary,Female,,,Christianity,Urban,1982,1,WVS_Wave_1
4557,Hungary,Female,,,Christianity,Urban,1982,1,WVS_Wave_1
4558,Hungary,Female,,,Christianity,Urban,1982,1,WVS_Wave_1
4559,Hungary,Female,,,Christianity,Urban,1982,1,WVS_Wave_1
4560,Hungary,Female,,,Christianity,Urban,1982,1,WVS_Wave_1
4561,Hungary,Male,,,Unaffiliated,Urban,1982,1,WVS_Wave_1
4562,Hungary,Female,,,Christianity,Urban,1982,1,WVS_Wave_1
4563,Hungary,Male,,,,Urban,1982,1,WVS_Wave_1
4564,Hungary,Male,,,Christianity,Rural,1982,1,WVS_Wave_1
4565,Hungary,Male,,,Christianity,Rural,1982,1,WVS_Wave_1
4566,Hungary,Male,,,Christianity,Rural,1982,1,WVS_Wave_1
4567,Hungary,Male,,,Christianity,Rural,1982,1,WVS_Wave_1
4568,Hungary,Female,,,Christianity,Rural,1982,1,WVS_Wave_1
4569,Hungary,Male,,,Christianity,Rural,1982,1,WVS_Wave_1
4570,Hungary,Male,,,Christianity,Rural,1982,1,WVS_Wave_1
4571,Hungary,Male,,,Christianity,Rural,1982,1,WVS_Wave_1
4572,Hungary,Male,,,Christianity,Rural,1982,1,WVS_Wave_1
4573,Hungary,Female,,,Christianity,Rural,1982,1,WVS_Wave_1
4574,Hungary,Male,,,Christianity,Rural,1982,1,WVS_Wave_1
4575,Hungary,Male,,,Christianity,Rural,1982,1,WVS_Wave_1
4576,Hungary,Male,,,Christianity,Rural,1982,1,WVS_Wave_1
4577,Hungary,Female,,,Christianity,Rural,1982,1,WVS_Wave_1
4578,Hungary,Female,,,Christianity,Rural,1982,1,WVS_Wave_1
4579,Hungary,Female,,,Christianity,Rural,1982,1,WVS_Wave_1
4580,Hungary,Female,,,Christianity,Rural,1982,1,WVS_Wave_1
4581,Hungary,Female,,,Christianity,Rural,1982,1,WVS_Wave_1
4582,Hungary,Female,,,Christianity,Rural,1982,1,WVS_Wave_1
4583,Hungary,Female,,,Christianity,Rural,1982,1,WVS_Wave_1
4584,Hungary,Male,,,Christianity,Urban,1982,1,WVS_Wave_1
4585,Hungary,Female,,,Christianity,Urban,1982,1,WVS_Wave_1
4586,Hungary,Female,,,Christianity,Urban,1982,1,WVS_Wave_1
4587,Hungary,Female,,,Christianity,Urban,1982,1,WVS_Wave_1
4588,Hungary,Female,,,Christianity,Urban,1982,1,WVS_Wave_1
4589,Hungary,Male,,,Christianity,Urban,1982,1,WVS_Wave_1
4590,Hungary,Female,,,Christianity,Urban,1982,1,WVS_Wave_1
4591,Hungary,Female,,,Christianity,Urban,1982,1,WVS_Wave_1
4592,Hungary,Female,,,Christianity,Urban,1982,1,WVS_Wave_1
4593,Hungary,Male,,,Christianity,Urban,1982,1,WVS_Wave_1
4594,Hungary,Female,,,Christianity,Urban,1982,1,WVS_Wave_1
4595,Hungary,Male,,,Christianity,Urban,1982,1,WVS_Wave_1
4596,Hungary,Male,,,Christianity,Urban,1982,1,WVS_Wave_1
4597,Hungary,Female,,,Christianity,Urban,1982,1,WVS_Wave_1
4598,Hungary,Female,,,Christianity,Urban,1982,1,WVS_Wave_1
4599,Hungary,Male,,,Christianity,Urban,1982,1,WVS_Wave_1
4600,Hungary,Female,,,Christianity,Urban,1982,1,WVS_Wave_1
4601,Hungary,Female,,,Christianity,Urban,1982,1,WVS_Wave_1
4602,Hungary,Female,,,Christianity,Urban,1982,1,WVS_Wave_1
4604,Hungary,Female,,,Christianity,Rural,1982,1,WVS_Wave_1
4605,Hungary,Female,,,Christianity,Rural,1982,1,WVS_Wave_1
4606,Hungary,Female,,,Christianity,Rural,1982,1,WVS_Wave_1
4607,Hungary,Female,,,Unaffiliated,Rural,1982,1,WVS_Wave_1
4608,Hungary,Female,,,Christianity,Rural,1982,1,WVS_Wave_1
4609,Hungary,Female,,,Christianity,Rural,1982,1,WVS_Wave_1
4610,Hungary,Male,,,Christianity,Rural,1982,1,WVS_Wave_1
4611,Hungary,Male,,,Christianity,Rural,1982,1,WVS_Wave_1
4612,Hungary,Female,,,Christianity,Rural,1982,1,WVS_Wave_1
4613,Hungary,Male,,,Christianity,Rural,1982,1,WVS_Wave_1
4614,Hungary,Female,,,Christianity,Rural,1982,1,WVS_Wave_1
4615,Hungary,Male,,,Christianity,Rural,1982,1,WVS_Wave_1
4616,Hungary,Female,,,Christianity,Rural,1982,1,WVS_Wave_1
4617,Hungary,Female,,,Christianity,Rural,1982,1,WVS_Wave_1
4618,Hungary,Female,,,Christianity,Rural,1982,1,WVS_Wave_1
4619,Hungary,Male,,,Christianity,Rural,1982,1,WVS_Wave_1
4620,Hungary,Male,,,Christianity,Rural,1982,1,WVS_Wave_1
4621,Hungary,Female,,,Christianity,Rural,1982,1,WVS_Wave_1
4622,Hungary,Male,,,Christianity,Rural,1982,1,WVS_Wave_1
4623,Hungary,Female,,,Christianity,Rural,1982,1,WVS_Wave_1
4624,Hungary,Male,,,Christianity,Rural,1982,1,WVS_Wave_1
4625,Hungary,Male,,,Christianity,Rural,1982,1,WVS_Wave_1
4626,Hungary,Female,,,Christianity,Rural,1982,1,WVS_Wave_1
4627,Hungary,Female,,,Christianity,Rural,1982,1,WVS_Wave_1
4628,Hungary,Male,,,Christianity,Rural,1982,1,WVS_Wave_1
4629,Hungary,Male,,,Unaffiliated,Rural,1982,1,WVS_Wave_1
4630,Hungary,Male,,,Christianity,Rural,1982,1,WVS_Wave_1
4631,Hungary,Female,,,Christianity,Rural,1982,1,WVS_Wave_1
4632,Hungary,Female,,,Christianity,Rural,1982,1,WVS_Wave_1
4633,Hungary,Male,,,Judaism,Rural,1982,1,WVS_Wave_1
4634,Hungary,Female,,,Christianity,Rural,1982,1,WVS_Wave_1
4635,Hungary,Male,,,Christianity,Rural,1982,1,WVS_Wave_1
4636,Hungary,Female,,,Christianity,Rural,1982,1,WVS_Wave_1
4637,Hungary,Female,,,Christianity,Rural,1982,1,WVS_Wave_1
4638,Hungary,Female,,,Christianity,Rural,1982,1,WVS_Wave_1
4639,Hungary,Male,,,Christianity,Rural,1982,1,WVS_Wave_1
4640,Hungary,Female,,,Christianity,Urban,1982,1,WVS_Wave_1
4641,Hungary,Female,,,Christianity,Urban,1982,1,WVS_Wave_1
4642,Hungary,Female,,,Christianity,Urban,1982,1,WVS_Wave_1
4643,Hungary,Male,,,,Urban,1982,1,WVS_Wave_1
4644,Hungary,Male,,,Christianity,Urban,1982,1,WVS_Wave_1
4645,Hungary,Female,,,,Urban,1982,1,WVS_Wave_1
4646,Hungary,Male,,,Christianity,Urban,1982,1,WVS_Wave_1
4647,Hungary,Female,,,Christianity,Urban,1982,1,WVS_Wave_1
4648,Hungary,Female,,,Christianity,Urban,1982,1,WVS_Wave_1
4649,Hungary,Female,,,Christianity,Urban,1982,1,WVS_Wave_1
4650,Hungary,Female,,,Christianity,Urban,1982,1,WVS_Wave_1
4651,Hungary,Female,,,Christianity,Urban,1982,1,WVS_Wave_1
4652,Hungary,Male,,,,Urban,1982,1,WVS_Wave_1
4653,Hungary,Male,,,Christianity,Urban,1982,1,WVS_Wave_1
4654,Hungary,Male,,,Christianity,Urban,1982,1,WVS_Wave_1
4655,Hungary,Male,,,Unaffiliated,Urban,1982,1,WVS_Wave_1
4656,Hungary,Female,,,Christianity,Urban,1982,1,WVS_Wave_1
4657,Hungary,Male,,,Christianity,Urban,1982,1,WVS_Wave_1
4658,Hungary,Female,,,Christianity,Urban,1982,1,WVS_Wave_1
4659,Hungary,Male,,,Christianity,Rural,1982,1,WVS_Wave_1
4660,Hungary,Male,,,Christianity,Rural,1982,1,WVS_Wave_1
4661,Hungary,Female,,,Christianity,Rural,1982,1,WVS_Wave_1
4662,Hungary,Female,,,Christianity,Rural,1982,1,WVS_Wave_1
4663,Hungary,Female,,,Christianity,Rural,1982,1,WVS_Wave_1
4664,Hungary,Male,,,Christianity,Rural,1982,1,WVS_Wave_1
4665,Hungary,Female,,,Christianity,Rural,1982,1,WVS_Wave_1
4666,Hungary,Male,,,Christianity,Rural,1982,1,WVS_Wave_1
4667,Hungary,Female,,,Christianity,Rural,1982,1,WVS_Wave_1
4668,Hungary,Male,,,Christianity,Rural,1982,1,WVS_Wave_1
4669,Hungary,Male,,,Christianity,Rural,1982,1,WVS_Wave_1
4670,Hungary,Female,,,Christianity,Rural,1982,1,WVS_Wave_1
4671,Hungary,Male,,,Christianity,Rural,1982,1,WVS_Wave_1
4672,Hungary,Male,,,Christianity,Rural,1982,1,WVS_Wave_1
4673,Hungary,Male,,,Christianity,Rural,1982,1,WVS_Wave_1
4674,Hungary,Female,,,Christianity,Rural,1982,1,WVS_Wave_1
4675,Hungary,Female,,,Christianity,Rural,1982,1,WVS_Wave_1
4676,Hungary,Female,,,Christianity,Rural,1982,1,WVS_Wave_1
4677,Hungary,Male,,,Christianity,Rural,1982,1,WVS_Wave_1
4678,Hungary,Male,,,Christianity,Rural,1982,1,WVS_Wave_1
4679,Hungary,Male,,,Christianity,Rural,1982,1,WVS_Wave_1
4680,Hungary,Male,,,Christianity,Rural,1982,1,WVS_Wave_1
4681,Hungary,Female,,,Christianity,Rural,1982,1,WVS_Wave_1
4682,Hungary,Male,,,Christianity,Rural,1982,1,WVS_Wave_1
4683,Hungary,Female,,,Christianity,Urban,1982,1,WVS_Wave_1
4684,Hungary,Female,,,Islam,Urban,1982,1,WVS_Wave_1
4685,Hungary,Male,,,Christianity,Urban,1982,1,WVS_Wave_1
4686,Hungary,Male,,,Christianity,Urban,1982,1,WVS_Wave_1
4687,Hungary,Female,,,Christianity,Urban,1982,1,WVS_Wave_1
4688,Hungary,Male,,,Christianity,Urban,1982,1,WVS_Wave_1
4689,Hungary,Female,,,Judaism,Urban,1982,1,WVS_Wave_1
4690,Hungary,Male,,,Christianity,Urban,1982,1,WVS_Wave_1
4691,Hungary,Female,,,Christianity,Urban,1982,1,WVS_Wave_1
4692,Hungary,Male,,,Christianity,Urban,1982,1,WVS_Wave_1
4693,Hungary,Male,,,Christianity,Urban,1982,1,WVS_Wave_1
4694,Hungary,Male,,,Christianity,Urban,1982,1,WVS_Wave_1
4695,Hungary,Female,,,Christianity,Urban,1982,1,WVS_Wave_1
4696,Hungary,Female,,,Christianity,Urban,1982,1,WVS_Wave_1
4697,Hungary,Male,,,Christianity,Urban,1982,1,WVS_Wave_1
4698,Hungary,Female,,,Christianity,Urban,1982,1,WVS_Wave_1
4699,Hungary,Female,,,Christianity,Urban,1982,1,WVS_Wave_1
4700,Hungary,Female,,,Christianity,Rural,1982,1,WVS_Wave_1
4701,Japan,Male,49.0,46-55,,Rural,1981,1,WVS_Wave_1
4702,Japan,Female,49.0,46-55,Unaffiliated,Urban,1981,1,WVS_Wave_1
4703,Japan,Female,81.0,66+,Buddhism,Urban,1981,1,WVS_Wave_1
4704,Japan,Female,81.0,66+,Buddhism,Urban,1981,1,WVS_Wave_1
4705,Japan,Female,65.0,56-65,Buddhism,Rural,1981,1,WVS_Wave_1
4706,Japan,Female,65.0,56-65,Buddhism,Rural,1981,1,WVS_Wave_1
4707,Japan,Female,68.0,66+,Buddhism,Rural,1981,1,WVS_Wave_1
4708,Japan,Female,68.0,66+,Buddhism,Rural,1981,1,WVS_Wave_1
4709,Japan,Male,85.0,66+,Buddhism,Rural,1981,1,WVS_Wave_1
4710,Japan,Male,85.0,66+,Buddhism,Rural,1981,1,WVS_Wave_1
4711,Japan,Male,80.0,66+,Buddhism,Rural,1981,1,WVS_Wave_1
4712,Japan,Male,80.0,66+,Buddhism,Rural,1981,1,WVS_Wave_1
4713,Japan,Male,25.0,18-25,,Rural,1981,1,WVS_Wave_1
4714,Japan,Female,49.0,46-55,Buddhism,Urban,1981,1,WVS_Wave_1
4715,Japan,Female,48.0,46-55,Christianity,Urban,1981,1,WVS_Wave_1
4716,Japan,Female,61.0,56-65,Buddhism,Urban,1981,1,WVS_Wave_1
4717,Japan,Female,61.0,56-65,Buddhism,Urban,1981,1,WVS_Wave_1
4718,Japan,Female,46.0,46-55,,Urban,1981,1,WVS_Wave_1
4719,Japan,Male,83.0,66+,Buddhism,Urban,1981,1,WVS_Wave_1
4720,Japan,Male,83.0,66+,Buddhism,Urban,1981,1,WVS_Wave_1
4721,Japan,Male,70.0,66+,Christianity,Urban,1981,1,WVS_Wave_1
4722,Japan,Male,70.0,66+,Christianity,Urban,1981,1,WVS_Wave_1
4723,Japan,Male,54.0,46-55,Christianity,Urban,1981,1,WVS_Wave_1
4724,Japan,Female,56.0,56-65,Christianity,Urban,1981,1,WVS_Wave_1
4725,Japan,Male,55.0,46-55,Buddhism,Urban,1981,1,WVS_Wave_1
4726,Japan,Female,22.0,18-25,Buddhism,Urban,1981,1,WVS_Wave_1
4727,Japan,Male,35.0,26-35,,Urban,1981,1,WVS_Wave_1
4728,Japan,Male,39.0,36-45,,Urban,1981,1,WVS_Wave_1
4729,Japan,Female,33.0,26-35,Christianity,Urban,1981,1,WVS_Wave_1
4730,Japan,Male,52.0,46-55,,Urban,1981,1,WVS_Wave_1
4731,Japan,Male,39.0,36-45,Buddhism,Urban,1981,1,WVS_Wave_1
4732,Japan,Male,21.0,18-25,Buddhism,Urban,1981,1,WVS_Wave_1
4733,Japan,Female,37.0,36-45,Buddhism,Urban,1981,1,WVS_Wave_1
4734,Japan,Male,46.0,46-55,,Urban,1981,1,WVS_Wave_1
4735,Japan,Female,59.0,56-65,Buddhism,Urban,1981,1,WVS_Wave_1
4736,Japan,Female,20.0,18-25,Buddhism,Urban,1981,1,WVS_Wave_1
4737,Japan,Male,51.0,46-55,Buddhism,Urban,1981,1,WVS_Wave_1
4738,Japan,Female,52.0,46-55,Christianity,Urban,1981,1,WVS_Wave_1
4739,Japan,Male,20.0,18-25,Buddhism,Urban,1981,1,WVS_Wave_1
4740,Japan,Male,19.0,18-25,Buddhism,Urban,1981,1,WVS_Wave_1
4741,Japan,Male,25.0,18-25,Buddhism,Urban,1981,1,WVS_Wave_1
4742,Japan,Male,33.0,26-35,,Urban,1981,1,WVS_Wave_1
4743,Japan,Female,30.0,26-35,Buddhism,Rural,1981,1,WVS_Wave_1
4744,Japan,Female,28.0,26-35,,Rural,1981,1,WVS_Wave_1
4745,Japan,Male,40.0,36-45,,Rural,1981,1,WVS_Wave_1
4746,Japan,Female,34.0,26-35,Buddhism,Urban,1981,1,WVS_Wave_1
4747,Japan,Female,35.0,26-35,Buddhism,Rural,1981,1,WVS_Wave_1
4748,Japan,Male,41.0,36-45,Buddhism,Rural,1981,1,WVS_Wave_1
4749,Japan,Male,22.0,18-25,,Rural,1981,1,WVS_Wave_1
4750,Japan,Male,19.0,18-25,Buddhism,Rural,1981,1,WVS_Wave_1
4751,Japan,Male,46.0,46-55,Buddhism,Urban,1981,1,WVS_Wave_1
4752,Japan,Female,39.0,36-45,Buddhism,Urban,1981,1,WVS_Wave_1
4753,Japan,Female,41.0,36-45,,Urban,1981,1,WVS_Wave_1
4754,Japan,Male,55.0,46-55,Christianity,Rural,1981,1,WVS_Wave_1
4755,Japan,Male,55.0,46-55,Christianity,Rural,1981,1,WVS_Wave_1
4756,Japan,Male,52.0,46-55,Christianity,Urban,1981,1,WVS_Wave_1
4757,Japan,Female,71.0,66+,Buddhism,Urban,1981,1,WVS_Wave_1
4758,Japan,Female,71.0,66+,Buddhism,Urban,1981,1,WVS_Wave_1
4759,Japan,Male,31.0,26-35,,Urban,1981,1,WVS_Wave_1
4760,Japan,Male,31.0,26-35,,Urban,1981,1,WVS_Wave_1
4761,Japan,Male,40.0,36-45,,Urban,1981,1,WVS_Wave_1
4762,Japan,Female,48.0,46-55,Buddhism,Urban,1981,1,WVS_Wave_1
4763,Japan,Female,33.0,26-35,,Rural,1981,1,WVS_Wave_1
4764,Japan,Male,51.0,46-55,Christianity,Urban,1981,1,WVS_Wave_1
4765,Japan,Female,35.0,26-35,,Rural,1981,1,WVS_Wave_1
4766,Japan,Male,32.0,26-35,Buddhism,Urban,1981,1,WVS_Wave_1
4767,Japan,Female,24.0,18-25,,Urban,1981,1,WVS_Wave_1
4768,Japan,Female,20.0,18-25,Buddhism,Urban,1981,1,WVS_Wave_1
4769,Japan,Male,23.0,18-25,Buddhism,Urban,1981,1,WVS_Wave_1
4770,Japan,Male,66.0,66+,Buddhism,Urban,1981,1,WVS_Wave_1
4771,Japan,Male,66.0,66+,Buddhism,Urban,1981,1,WVS_Wave_1
4772,Japan,Female,43.0,36-45,Buddhism,Urban,1981,1,WVS_Wave_1
4773,Japan,Male,24.0,18-25,Buddhism,Urban,1981,1,WVS_Wave_1
4774,Japan,Female,60.0,56-65,Buddhism,Urban,1981,1,WVS_Wave_1
4775,Japan,Female,60.0,56-65,Buddhism,Urban,1981,1,WVS_Wave_1
4776,Japan,Female,23.0,18-25,Buddhism,Urban,1981,1,WVS_Wave_1
4777,Japan,Male,20.0,18-25,Buddhism,Urban,1981,1,WVS_Wave_1
4778,Japan,Female,23.0,18-25,,Urban,1981,1,WVS_Wave_1
4779,Japan,Male,21.0,18-25,Buddhism,Urban,1981,1,WVS_Wave_1
4780,Japan,Male,74.0,66+,Unaffiliated,Urban,1981,1,WVS_Wave_1
4781,Japan,Male,74.0,66+,Unaffiliated,Urban,1981,1,WVS_Wave_1
4782,Japan,Male,54.0,46-55,Christianity,Urban,1981,1,WVS_Wave_1
4783,Japan,Male,54.0,46-55,Christianity,Urban,1981,1,WVS_Wave_1
4784,Japan,Female,67.0,66+,Buddhism,Urban,1981,1,WVS_Wave_1
4785,Japan,Female,67.0,66+,Buddhism,Urban,1981,1,WVS_Wave_1
4786,Japan,Female,67.0,66+,Buddhism,Urban,1981,1,WVS_Wave_1
4787,Japan,Female,58.0,56-65,Buddhism,Urban,1981,1,WVS_Wave_1
4788,Japan,Female,58.0,56-65,Buddhism,Urban,1981,1,WVS_Wave_1
4789,Japan,Female,56.0,56-65,,Urban,1981,1,WVS_Wave_1
4790,Japan,Female,53.0,46-55,Christianity,Urban,1981,1,WVS_Wave_1
4791,Japan,Female,53.0,46-55,Christianity,Urban,1981,1,WVS_Wave_1
4792,Japan,Male,20.0,18-25,,Urban,1981,1,WVS_Wave_1
4793,Japan,Male,20.0,18-25,,Urban,1981,1,WVS_Wave_1
4794,Japan,Female,19.0,18-25,,Urban,1981,1,WVS_Wave_1
4795,Japan,Male,22.0,18-25,,Urban,1981,1,WVS_Wave_1
4796,Japan,Male,23.0,18-25,Christianity,Urban,1981,1,WVS_Wave_1
4797,Japan,Male,37.0,36-45,Buddhism,Urban,1981,1,WVS_Wave_1
4798,Japan,Male,29.0,26-35,Buddhism,Urban,1981,1,WVS_Wave_1
4799,Japan,Female,82.0,66+,Buddhism,Urban,1981,1,WVS_Wave_1
4800,Japan,Female,82.0,66+,Buddhism,Urban,1981,1,WVS_Wave_1
4801,Japan,Female,36.0,36-45,,Urban,1981,1,WVS_Wave_1
4802,Japan,Male,45.0,36-45,,Urban,1981,1,WVS_Wave_1
4803,Japan,Male,41.0,36-45,Christianity,Urban,1981,1,WVS_Wave_1
4804,Japan,Male,28.0,26-35,,Urban,1981,1,WVS_Wave_1
4805,Japan,Female,56.0,56-65,Buddhism,Urban,1981,1,WVS_Wave_1
4806,Japan,Male,40.0,36-45,,Urban,1981,1,WVS_Wave_1
4807,Japan,Female,45.0,36-45,Buddhism,Urban,1981,1,WVS_Wave_1
4808,Japan,Male,54.0,46-55,,Urban,1981,1,WVS_Wave_1
4809,Japan,Female,35.0,26-35,,Urban,1981,1,WVS_Wave_1
4810,Japan,Female,29.0,26-35,Buddhism,Urban,1981,1,WVS_Wave_1
4811,Japan,Female,35.0,26-35,,Urban,1981,1,WVS_Wave_1
4812,Japan,Female,22.0,18-25,Buddhism,Urban,1981,1,WVS_Wave_1
4813,Japan,Male,24.0,18-25,,Urban,1981,1,WVS_Wave_1
4814,Japan,Female,21.0,18-25,,Urban,1981,1,WVS_Wave_1
4815,Japan,Female,22.0,18-25,,Urban,1981,1,WVS_Wave_1
4816,Japan,Male,35.0,26-35,,Urban,1981,1,WVS_Wave_1
4817,Japan,Female,58.0,56-65,Buddhism,Urban,1981,1,WVS_Wave_1
4818,Japan,Male,20.0,18-25,Buddhism,Urban,1981,1,WVS_Wave_1
4819,Japan,Female,21.0,18-25,,Urban,1981,1,WVS_Wave_1
4820,Japan,Female,41.0,36-45,Buddhism,Urban,1981,1,WVS_Wave_1
4821,Japan,Male,49.0,46-55,,Urban,1981,1,WVS_Wave_1
4822,Japan,Male,37.0,36-45,Buddhism,Urban,1981,1,WVS_Wave_1
4823,Japan,Female,34.0,26-35,,Urban,1981,1,WVS_Wave_1
4824,Japan,Male,34.0,26-35,,Urban,1981,1,WVS_Wave_1
4825,Japan,Male,37.0,36-45,,Urban,1981,1,WVS_Wave_1
4826,Japan,Male,32.0,26-35,,Urban,1981,1,WVS_Wave_1
4827,Japan,Female,35.0,26-35,,Urban,1981,1,WVS_Wave_1
4828,Japan,Female,24.0,18-25,Christianity,Urban,1981,1,WVS_Wave_1
4829,Japan,Female,26.0,26-35,,Urban,1981,1,WVS_Wave_1
4830,Japan,Male,23.0,18-25,Buddhism,Urban,1981,1,WVS_Wave_1
4831,Japan,Female,20.0,18-25,,Urban,1981,1,WVS_Wave_1
4832,Japan,Female,23.0,18-25,,Urban,1981,1,WVS_Wave_1
4833,Japan,Male,28.0,26-35,Christianity,Urban,1981,1,WVS_Wave_1
4834,Japan,Female,45.0,36-45,Buddhism,Urban,1981,1,WVS_Wave_1
4835,Japan,Female,42.0,36-45,Buddhism,Urban,1981,1,WVS_Wave_1
4836,Japan,Male,52.0,46-55,Buddhism,Urban,1981,1,WVS_Wave_1
4837,Japan,Female,20.0,18-25,Buddhism,Urban,1981,1,WVS_Wave_1
4838,Japan,Male,53.0,46-55,Buddhism,Urban,1981,1,WVS_Wave_1
4839,Japan,Male,31.0,26-35,Buddhism,Urban,1981,1,WVS_Wave_1
4840,Japan,Female,38.0,36-45,Buddhism,Urban,1981,1,WVS_Wave_1
4841,Japan,Male,33.0,26-35,Buddhism,Urban,1981,1,WVS_Wave_1
4842,Japan,Female,29.0,26-35,Buddhism,Urban,1981,1,WVS_Wave_1
4843,Japan,Male,45.0,36-45,Buddhism,Urban,1981,1,WVS_Wave_1
4844,Japan,Male,51.0,46-55,Buddhism,Urban,1981,1,WVS_Wave_1
4845,Japan,Female,26.0,26-35,Buddhism,Urban,1981,1,WVS_Wave_1
4846,Japan,Female,22.0,18-25,,Urban,1981,1,WVS_Wave_1
4847,Japan,Female,45.0,36-45,Buddhism,Urban,1981,1,WVS_Wave_1
4848,Japan,Female,56.0,56-65,Buddhism,Urban,1981,1,WVS_Wave_1
4849,Japan,Male,46.0,46-55,Buddhism,Urban,1981,1,WVS_Wave_1
4850,Japan,Female,48.0,46-55,Buddhism,Urban,1981,1,WVS_Wave_1
4851,Japan,Male,22.0,18-25,Buddhism,Urban,1981,1,WVS_Wave_1
4852,Japan,Male,22.0,18-25,,Urban,1981,1,WVS_Wave_1
4853,Japan,Female,46.0,46-55,Buddhism,Urban,1981,1,WVS_Wave_1
4854,Japan,Female,34.0,26-35,,Urban,1981,1,WVS_Wave_1
4855,Japan,Male,66.0,66+,Christianity,Urban,1981,1,WVS_Wave_1
4856,Japan,Male,66.0,66+,Christianity,Urban,1981,1,WVS_Wave_1
4857,Japan,Female,39.0,36-45,Buddhism,Urban,1981,1,WVS_Wave_1
4858,Japan,Female,21.0,18-25,Buddhism,Urban,1981,1,WVS_Wave_1
4859,Japan,Female,36.0,36-45,Buddhism,Urban,1981,1,WVS_Wave_1
4860,Japan,Male,35.0,26-35,,Urban,1981,1,WVS_Wave_1
4861,Japan,Male,19.0,18-25,Buddhism,Urban,1981,1,WVS_Wave_1
4862,Japan,Female,24.0,18-25,Buddhism,Urban,1981,1,WVS_Wave_1
4863,Japan,Male,49.0,46-55,Unaffiliated,Urban,1981,1,WVS_Wave_1
4864,Japan,Female,45.0,36-45,Buddhism,Urban,1981,1,WVS_Wave_1
4865,Japan,Female,23.0,18-25,,Urban,1981,1,WVS_Wave_1
4866,Japan,Female,63.0,56-65,Buddhism,Urban,1981,1,WVS_Wave_1
4867,Japan,Female,63.0,56-65,Buddhism,Urban,1981,1,WVS_Wave_1
4868,Japan,Female,33.0,26-35,,Urban,1981,1,WVS_Wave_1
4869,Japan,Male,23.0,18-25,Buddhism,Urban,1981,1,WVS_Wave_1
4870,Japan,Female,23.0,18-25,Buddhism,Urban,1981,1,WVS_Wave_1
4871,Japan,Female,22.0,18-25,Christianity,Urban,1981,1,WVS_Wave_1
4872,Japan,Female,50.0,46-55,Buddhism,Urban,1981,1,WVS_Wave_1
4873,Japan,Female,50.0,46-55,Buddhism,Urban,1981,1,WVS_Wave_1
4874,Japan,Male,72.0,66+,,Urban,1981,1,WVS_Wave_1
4875,Japan,Male,72.0,66+,,Urban,1981,1,WVS_Wave_1
4876,Japan,Female,47.0,46-55,Buddhism,Urban,1981,1,WVS_Wave_1
4877,Japan,Male,67.0,66+,Buddhism,Urban,1981,1,WVS_Wave_1
4878,Japan,Female,85.0,66+,Buddhism,Urban,1981,1,WVS_Wave_1
4879,Japan,Female,30.0,26-35,,Urban,1981,1,WVS_Wave_1
4880,Japan,Female,21.0,18-25,,Urban,1981,1,WVS_Wave_1
4881,Japan,Male,52.0,46-55,Buddhism,Urban,1981,1,WVS_Wave_1
4882,Japan,Male,39.0,36-45,Buddhism,Urban,1981,1,WVS_Wave_1
4883,Japan,Female,22.0,18-25,,Urban,1981,1,WVS_Wave_1
4884,Japan,Female,22.0,18-25,,Urban,1981,1,WVS_Wave_1
4885,Japan,Male,20.0,18-25,,Urban,1981,1,WVS_Wave_1
4886,Japan,Male,42.0,36-45,Unaffiliated,Urban,1981,1,WVS_Wave_1
4887,Japan,Female,40.0,36-45,,Urban,1981,1,WVS_Wave_1
4888,Japan,Female,36.0,36-45,,Urban,1981,1,WVS_Wave_1
4889,Japan,Female,23.0,18-25,,Urban,1981,1,WVS_Wave_1
4890,Japan,Male,51.0,46-55,Buddhism,Urban,1981,1,WVS_Wave_1
4891,Japan,Male,21.0,18-25,Buddhism,Urban,1981,1,WVS_Wave_1
4892,Japan,Female,25.0,18-25,,Urban,1981,1,WVS_Wave_1
4893,Japan,Male,34.0,26-35,,Urban,1981,1,WVS_Wave_1
4894,Japan,Male,58.0,56-65,Buddhism,Urban,1981,1,WVS_Wave_1
4895,Japan,Female,62.0,56-65,,Urban,1981,1,WVS_Wave_1
4896,Japan,Female,62.0,56-65,,Urban,1981,1,WVS_Wave_1
4897,Japan,Female,62.0,56-65,,Urban,1981,1,WVS_Wave_1
4898,Japan,Male,37.0,36-45,,Urban,1981,1,WVS_Wave_1
4899,Japan,Male,48.0,46-55,,Urban,1981,1,WVS_Wave_1
4900,Japan,Female,51.0,46-55,Buddhism,Urban,1981,1,WVS_Wave_1
4901,Japan,Male,56.0,56-65,,Urban,1981,1,WVS_Wave_1
4902,Japan,Male,30.0,26-35,Buddhism,Urban,1981,1,WVS_Wave_1
4903,Japan,Male,20.0,18-25,Buddhism,Urban,1981,1,WVS_Wave_1
4904,Japan,Male,25.0,18-25,Christianity,Urban,1981,1,WVS_Wave_1
4905,Japan,Male,43.0,36-45,Buddhism,Urban,1981,1,WVS_Wave_1
4906,Japan,Female,69.0,66+,Buddhism,Rural,1981,1,WVS_Wave_1
4907,Japan,Female,27.0,26-35,Buddhism,Rural,1981,1,WVS_Wave_1
4908,Japan,Female,38.0,36-45,Buddhism,Urban,1981,1,WVS_Wave_1
4909,Japan,Male,49.0,46-55,Buddhism,Rural,1981,1,WVS_Wave_1
4910,Japan,Male,21.0,18-25,,Rural,1981,1,WVS_Wave_1
4911,Japan,Female,20.0,18-25,Buddhism,Rural,1981,1,WVS_Wave_1
4912,Japan,Female,22.0,18-25,Buddhism,Rural,1981,1,WVS_Wave_1
4913,Japan,Male,23.0,18-25,,Urban,1981,1,WVS_Wave_1
4914,Japan,Female,22.0,18-25,Buddhism,Rural,1981,1,WVS_Wave_1
4915,Japan,Male,50.0,46-55,Buddhism,Urban,1981,1,WVS_Wave_1
4916,Japan,Male,43.0,36-45,,Urban,1981,1,WVS_Wave_1
4917,Japan,Female,35.0,26-35,,Urban,1981,1,WVS_Wave_1
4918,Japan,Male,25.0,18-25,,Urban,1981,1,WVS_Wave_1
4919,Japan,Female,51.0,46-55,Christianity,Urban,1981,1,WVS_Wave_1
4920,Japan,Female,57.0,56-65,Christianity,Urban,1981,1,WVS_Wave_1
4921,Japan,Male,21.0,18-25,Buddhism,Urban,1981,1,WVS_Wave_1
4922,Japan,Female,58.0,56-65,Buddhism,Rural,1981,1,WVS_Wave_1
4923,Japan,Female,56.0,56-65,Buddhism,Rural,1981,1,WVS_Wave_1
4924,Japan,Male,30.0,26-35,Buddhism,Urban,1981,1,WVS_Wave_1
4925,Japan,Female,25.0,18-25,Buddhism,Rural,1981,1,WVS_Wave_1
4926,Japan,Male,23.0,18-25,,Rural,1981,1,WVS_Wave_1
4927,Japan,Female,75.0,66+,Buddhism,Rural,1981,1,WVS_Wave_1
4928,Japan,Male,32.0,26-35,Buddhism,Rural,1981,1,WVS_Wave_1
4929,Japan,Female,68.0,66+,Buddhism,Rural,1981,1,WVS_Wave_1
4930,Japan,Male,26.0,26-35,Buddhism,Urban,1981,1,WVS_Wave_1
4931,Japan,Female,55.0,46-55,,Rural,1981,1,WVS_Wave_1
4932,Japan,Female,55.0,46-55,,Rural,1981,1,WVS_Wave_1
4933,Japan,Male,43.0,36-45,Christianity,Urban,1981,1,WVS_Wave_1
4934,Japan,Female,59.0,56-65,Buddhism,Rural,1981,1,WVS_Wave_1
4935,Japan,Male,73.0,66+,Christianity,Rural,1981,1,WVS_Wave_1
4936,Japan,Male,75.0,66+,Buddhism,Rural,1981,1,WVS_Wave_1
4937,Japan,Male,51.0,46-55,Buddhism,Rural,1981,1,WVS_Wave_1
4938,Japan,Male,24.0,18-25,Buddhism,Urban,1981,1,WVS_Wave_1
4939,Japan,Male,23.0,18-25,,Rural,1981,1,WVS_Wave_1
4940,Japan,Female,20.0,18-25,Buddhism,Rural,1981,1,WVS_Wave_1
4941,Japan,Male,23.0,18-25,,Rural,1981,1,WVS_Wave_1
4942,Japan,Female,38.0,36-45,,Urban,1981,1,WVS_Wave_1
4943,Japan,Male,23.0,18-25,,Urban,1981,1,WVS_Wave_1
4944,Japan,Female,37.0,36-45,Buddhism,Urban,1981,1,WVS_Wave_1
4945,Japan,Male,35.0,26-35,Buddhism,Urban,1981,1,WVS_Wave_1
4946,Japan,Female,48.0,46-55,,Urban,1981,1,WVS_Wave_1
4947,Japan,Female,34.0,26-35,Buddhism,Urban,1981,1,WVS_Wave_1
4948,Japan,Female,22.0,18-25,Christianity,Urban,1981,1,WVS_Wave_1
4949,Japan,Male,19.0,18-25,,Urban,1981,1,WVS_Wave_1
4950,Japan,Male,58.0,56-65,Buddhism,Urban,1981,1,WVS_Wave_1
4951,Japan,Female,23.0,18-25,Buddhism,Urban,1981,1,WVS_Wave_1
4952,Japan,Male,23.0,18-25,,Urban,1981,1,WVS_Wave_1
4953,Japan,Female,20.0,18-25,,Urban,1981,1,WVS_Wave_1
4954,Japan,Male,47.0,46-55,Buddhism,Urban,1981,1,WVS_Wave_1
4955,Japan,Male,32.0,26-35,Buddhism,Urban,1981,1,WVS_Wave_1
4956,Japan,Female,22.0,18-25,Buddhism,Urban,1981,1,WVS_Wave_1
4957,Japan,Female,25.0,18-25,,Urban,1981,1,WVS_Wave_1
4958,Japan,Male,19.0,18-25,Buddhism,Urban,1981,1,WVS_Wave_1
4959,Japan,Female,48.0,46-55,,Urban,1981,1,WVS_Wave_1
4960,Japan,Female,28.0,26-35,,Urban,1981,1,WVS_Wave_1
4961,Japan,Male,33.0,26-35,,Urban,1981,1,WVS_Wave_1
4962,Japan,Male,47.0,46-55,,Urban,1981,1,WVS_Wave_1
4963,Japan,Female,71.0,66+,,Urban,1981,1,WVS_Wave_1
4964,Japan,Female,71.0,66+,,Urban,1981,1,WVS_Wave_1
4965,Japan,Female,71.0,66+,,Urban,1981,1,WVS_Wave_1
4966,Japan,Male,35.0,26-35,,Urban,1981,1,WVS_Wave_1
4967,Japan,Female,20.0,18-25,,Urban,1981,1,WVS_Wave_1
4968,Japan,Male,23.0,18-25,Buddhism,Urban,1981,1,WVS_Wave_1
4969,Japan,Female,38.0,36-45,Buddhism,Rural,1981,1,WVS_Wave_1
4970,Japan,Male,21.0,18-25,,Rural,1981,1,WVS_Wave_1
4971,Japan,Female,36.0,36-45,,Rural,1981,1,WVS_Wave_1
4972,Japan,Male,27.0,26-35,Christianity,Rural,1981,1,WVS_Wave_1
4973,Japan,Female,32.0,26-35,,Rural,1981,1,WVS_Wave_1
4974,Japan,Male,24.0,18-25,Buddhism,Rural,1981,1,WVS_Wave_1
4975,Japan,Female,26.0,26-35,,Rural,1981,1,WVS_Wave_1
4976,Japan,Female,37.0,36-45,,Rural,1981,1,WVS_Wave_1
4977,Japan,Male,30.0,26-35,,Urban,1981,1,WVS_Wave_1
4978,Japan,Female,65.0,56-65,Buddhism,Urban,1981,1,WVS_Wave_1
4979,Japan,Female,35.0,26-35,Buddhism,Urban,1981,1,WVS_Wave_1
4980,Japan,Male,58.0,56-65,Buddhism,Urban,1981,1,WVS_Wave_1
4981,Japan,Male,58.0,56-65,Buddhism,Urban,1981,1,WVS_Wave_1
4982,Japan,Female,39.0,36-45,,Urban,1981,1,WVS_Wave_1
4983,Japan,Male,29.0,26-35,,Urban,1981,1,WVS_Wave_1
4984,Japan,Male,23.0,18-25,Buddhism,Urban,1981,1,WVS_Wave_1
4985,Japan,Male,20.0,18-25,,Urban,1981,1,WVS_Wave_1
4986,Japan,Female,20.0,18-25,Buddhism,Rural,1981,1,WVS_Wave_1
4987,Japan,Male,60.0,56-65,Buddhism,Urban,1981,1,WVS_Wave_1
4988,Japan,Female,34.0,26-35,Buddhism,Urban,1981,1,WVS_Wave_1
4989,Japan,Male,43.0,36-45,Buddhism,Urban,1981,1,WVS_Wave_1
4990,Japan,Male,48.0,46-55,Buddhism,Urban,1981,1,WVS_Wave_1
4991,Japan,Female,38.0,36-45,Buddhism,Urban,1981,1,WVS_Wave_1
4992,Japan,Male,24.0,18-25,Buddhism,Urban,1981,1,WVS_Wave_1
4993,Japan,Male,49.0,46-55,Buddhism,Urban,1981,1,WVS_Wave_1
4994,Japan,Female,70.0,66+,Buddhism,Urban,1981,1,WVS_Wave_1
4995,Japan,Female,70.0,66+,Buddhism,Urban,1981,1,WVS_Wave_1
4996,Japan,Female,70.0,66+,Buddhism,Urban,1981,1,WVS_Wave_1
4997,Japan,Female,20.0,18-25,Buddhism,Urban,1981,1,WVS_Wave_1
4998,Japan,Female,22.0,18-25,,Urban,1981,1,WVS_Wave_1
4999,Japan,Male,22.0,18-25,Buddhism,Urban,1981,1,WVS_Wave_1
5000,Japan,Female,42.0,36-45,,Urban,1981,1,WVS_Wave_1
5001,Japan,Male,35.0,26-35,,Urban,1981,1,WVS_Wave_1
5002,Japan,Female,42.0,36-45,,Urban,1981,1,WVS_Wave_1
5003,Japan,Male,31.0,26-35,,Urban,1981,1,WVS_Wave_1
5004,Japan,Male,29.0,26-35,,Urban,1981,1,WVS_Wave_1
5005,Japan,Male,25.0,18-25,,Urban,1981,1,WVS_Wave_1
5006,Japan,Female,54.0,46-55,Buddhism,Urban,1981,1,WVS_Wave_1
5007,Japan,Female,54.0,46-55,Buddhism,Urban,1981,1,WVS_Wave_1
5008,Japan,Male,26.0,26-35,,Urban,1981,1,WVS_Wave_1
5009,Japan,Female,25.0,18-25,,Urban,1981,1,WVS_Wave_1
5010,Japan,Male,21.0,18-25,,Urban,1981,1,WVS_Wave_1
5011,Japan,Female,20.0,18-25,,Urban,1981,1,WVS_Wave_1
5012,Japan,Male,25.0,18-25,Buddhism,Urban,1981,1,WVS_Wave_1
5013,Japan,Female,19.0,18-25,,Urban,1981,1,WVS_Wave_1
5014,Japan,Female,54.0,46-55,Unaffiliated,Urban,1981,1,WVS_Wave_1
5015,Japan,Female,44.0,36-45,Buddhism,Urban,1981,1,WVS_Wave_1
5016,Japan,Female,23.0,18-25,,Urban,1981,1,WVS_Wave_1
5017,Japan,Female,25.0,18-25,,Urban,1981,1,WVS_Wave_1
5018,Japan,Female,76.0,66+,Buddhism,Urban,1981,1,WVS_Wave_1
5019,Japan,Female,51.0,46-55,Buddhism,Urban,1981,1,WVS_Wave_1
5020,Japan,Female,49.0,46-55,Buddhism,Urban,1981,1,WVS_Wave_1
5021,Japan,Male,30.0,26-35,,Urban,1981,1,WVS_Wave_1
5022,Japan,Male,34.0,26-35,Buddhism,Urban,1981,1,WVS_Wave_1
5023,Japan,Female,58.0,56-65,Buddhism,Urban,1981,1,WVS_Wave_1
5024,Japan,Male,20.0,18-25,Buddhism,Urban,1981,1,WVS_Wave_1
5025,Japan,Male,33.0,26-35,Buddhism,Urban,1981,1,WVS_Wave_1
5026,Japan,Male,67.0,66+,Buddhism,Urban,1981,1,WVS_Wave_1
5027,Japan,Female,49.0,46-55,Buddhism,Urban,1981,1,WVS_Wave_1
5028,Japan,Female,56.0,56-65,Buddhism,Urban,1981,1,WVS_Wave_1
5029,Japan,Female,26.0,26-35,Buddhism,Urban,1981,1,WVS_Wave_1
5030,Japan,Female,42.0,36-45,Buddhism,Urban,1981,1,WVS_Wave_1
5031,Japan,Male,36.0,36-45,,Urban,1981,1,WVS_Wave_1
5032,Japan,Male,65.0,56-65,,Urban,1981,1,WVS_Wave_1
5033,Japan,Male,65.0,56-65,,Urban,1981,1,WVS_Wave_1
5034,Japan,Female,25.0,18-25,,Urban,1981,1,WVS_Wave_1
5035,Japan,Female,31.0,26-35,,Urban,1981,1,WVS_Wave_1
5036,Japan,Male,55.0,46-55,Christianity,Urban,1981,1,WVS_Wave_1
5037,Japan,Male,55.0,46-55,Christianity,Urban,1981,1,WVS_Wave_1
5038,Japan,Male,20.0,18-25,Buddhism,Urban,1981,1,WVS_Wave_1
5039,Japan,Male,36.0,36-45,Christianity,Urban,1981,1,WVS_Wave_1
5040,Japan,Female,39.0,36-45,,Urban,1981,1,WVS_Wave_1
5041,Japan,Female,47.0,46-55,Buddhism,Urban,1981,1,WVS_Wave_1
5042,Japan,Male,45.0,36-45,Buddhism,Urban,1981,1,WVS_Wave_1
5043,Japan,Female,34.0,26-35,Buddhism,Urban,1981,1,WVS_Wave_1
5044,Japan,Male,41.0,36-45,,Urban,1981,1,WVS_Wave_1
5045,Japan,Male,45.0,36-45,Buddhism,Urban,1981,1,WVS_Wave_1
5046,Japan,Female,21.0,18-25,,Urban,1981,1,WVS_Wave_1
5047,Japan,Male,33.0,26-35,,Urban,1981,1,WVS_Wave_1
5048,Japan,Male,46.0,46-55,,Urban,1981,1,WVS_Wave_1
5049,Japan,Male,50.0,46-55,,Urban,1981,1,WVS_Wave_1
5050,Japan,Female,46.0,46-55,,Urban,1981,1,WVS_Wave_1
5051,Japan,Male,25.0,18-25,,Urban,1981,1,WVS_Wave_1
5052,Japan,Male,39.0,36-45,Buddhism,Urban,1981,1,WVS_Wave_1
5053,Japan,Female,31.0,26-35,Buddhism,Urban,1981,1,WVS_Wave_1
5054,Japan,Male,21.0,18-25,Buddhism,Urban,1981,1,WVS_Wave_1
5055,Japan,Male,36.0,36-45,Buddhism,Urban,1981,1,WVS_Wave_1
5056,Japan,Female,34.0,26-35,Buddhism,Urban,1981,1,WVS_Wave_1
5057,Japan,Male,36.0,36-45,,Urban,1981,1,WVS_Wave_1
5058,Japan,Male,44.0,36-45,,Urban,1981,1,WVS_Wave_1
5059,Japan,Female,41.0,36-45,Buddhism,Urban,1981,1,WVS_Wave_1
5060,Japan,Male,53.0,46-55,Unaffiliated,Urban,1981,1,WVS_Wave_1
5061,Japan,Female,36.0,36-45,,Urban,1981,1,WVS_Wave_1
5062,Japan,Female,44.0,36-45,Buddhism,Urban,1981,1,WVS_Wave_1
5063,Japan,Male,25.0,18-25,Buddhism,Urban,1981,1,WVS_Wave_1
5064,Japan,Female,23.0,18-25,Buddhism,Urban,1981,1,WVS_Wave_1
5065,Japan,Male,22.0,18-25,,Urban,1981,1,WVS_Wave_1
5066,Japan,Female,68.0,66+,Buddhism,Urban,1981,1,WVS_Wave_1
5067,Japan,Female,68.0,66+,Buddhism,Urban,1981,1,WVS_Wave_1
5068,Japan,Female,68.0,66+,Buddhism,Urban,1981,1,WVS_Wave_1
5069,Japan,Male,39.0,36-45,Buddhism,Urban,1981,1,WVS_Wave_1
5070,Japan,Male,24.0,18-25,Buddhism,Urban,1981,1,WVS_Wave_1
5071,Japan,Female,46.0,46-55,,Urban,1981,1,WVS_Wave_1
5072,Japan,Female,62.0,56-65,Buddhism,Urban,1981,1,WVS_Wave_1
5073,Japan,Female,62.0,56-65,Buddhism,Urban,1981,1,WVS_Wave_1
5074,Japan,Female,62.0,56-65,Buddhism,Urban,1981,1,WVS_Wave_1
5075,Japan,Male,27.0,26-35,Hinduism,Urban,1981,1,WVS_Wave_1
5076,Japan,Female,21.0,18-25,Buddhism,Urban,1981,1,WVS_Wave_1
5077,Japan,Female,53.0,46-55,Buddhism,Urban,1981,1,WVS_Wave_1
5078,Japan,Female,32.0,26-35,Buddhism,Urban,1981,1,WVS_Wave_1
5079,Japan,Male,37.0,36-45,Buddhism,Urban,1981,1,WVS_Wave_1
5080,Japan,Female,50.0,46-55,Christianity,Urban,1981,1,WVS_Wave_1
5081,Japan,Male,42.0,36-45,,Urban,1981,1,WVS_Wave_1
5082,Japan,Male,40.0,36-45,,Urban,1981,1,WVS_Wave_1
5083,Japan,Female,38.0,36-45,,Urban,1981,1,WVS_Wave_1
5084,Japan,Female,39.0,36-45,,Urban,1981,1,WVS_Wave_1
5085,Japan,Male,24.0,18-25,,Urban,1981,1,WVS_Wave_1
5086,Japan,Female,22.0,18-25,Buddhism,Urban,1981,1,WVS_Wave_1
5087,Japan,Female,25.0,18-25,,Urban,1981,1,WVS_Wave_1
5088,Japan,Male,56.0,56-65,Buddhism,Urban,1981,1,WVS_Wave_1
5089,Japan,Male,45.0,36-45,Buddhism,Urban,1981,1,WVS_Wave_1
5090,Japan,Male,31.0,26-35,Buddhism,Urban,1981,1,WVS_Wave_1
5091,Japan,Female,43.0,36-45,Buddhism,Urban,1981,1,WVS_Wave_1
5092,Japan,Male,41.0,36-45,Buddhism,Urban,1981,1,WVS_Wave_1
5093,Japan,Female,40.0,36-45,Buddhism,Urban,1981,1,WVS_Wave_1
5094,Japan,Male,20.0,18-25,,Urban,1981,1,WVS_Wave_1
5095,Japan,Male,26.0,26-35,Buddhism,Urban,1981,1,WVS_Wave_1
5096,Japan,Female,25.0,18-25,Buddhism,Urban,1981,1,WVS_Wave_1
5097,Japan,Male,44.0,36-45,Buddhism,Urban,1981,1,WVS_Wave_1
5098,Japan,Female,33.0,26-35,,Urban,1981,1,WVS_Wave_1
5099,Japan,Male,33.0,26-35,Buddhism,Urban,1981,1,WVS_Wave_1
5100,Japan,Female,60.0,56-65,,Urban,1981,1,WVS_Wave_1
5101,Japan,Female,60.0,56-65,,Urban,1981,1,WVS_Wave_1
5102,Japan,Female,53.0,46-55,Buddhism,Urban,1981,1,WVS_Wave_1
5103,Japan,Female,66.0,66+,,Urban,1981,1,WVS_Wave_1
5104,Japan,Female,66.0,66+,,Urban,1981,1,WVS_Wave_1
5105,Japan,Female,21.0,18-25,Christianity,Urban,1981,1,WVS_Wave_1
5106,Japan,Female,21.0,18-25,Buddhism,Urban,1981,1,WVS_Wave_1
5107,Japan,Male,37.0,36-45,Christianity,Rural,1981,1,WVS_Wave_1
5108,Japan,Male,58.0,56-65,Buddhism,Rural,1981,1,WVS_Wave_1
5109,Japan,Female,61.0,56-65,Buddhism,Rural,1981,1,WVS_Wave_1
5110,Japan,Male,53.0,46-55,Buddhism,Rural,1981,1,WVS_Wave_1
5111,Japan,Female,63.0,56-65,Unaffiliated,Rural,1981,1,WVS_Wave_1
5112,Japan,Female,63.0,56-65,Unaffiliated,Rural,1981,1,WVS_Wave_1
5113,Japan,Female,63.0,56-65,Unaffiliated,Rural,1981,1,WVS_Wave_1
5114,Japan,Female,57.0,56-65,Buddhism,Rural,1981,1,WVS_Wave_1
5115,Japan,Female,58.0,56-65,,Rural,1981,1,WVS_Wave_1
5116,Japan,Female,20.0,18-25,Christianity,Rural,1981,1,WVS_Wave_1
5117,Japan,Male,20.0,18-25,Buddhism,Rural,1981,1,WVS_Wave_1
5118,Japan,Female,21.0,18-25,Buddhism,Rural,1981,1,WVS_Wave_1
5119,Japan,Female,28.0,26-35,,Urban,1981,1,WVS_Wave_1
5120,Japan,Male,53.0,46-55,Buddhism,Urban,1981,1,WVS_Wave_1
5121,Japan,Female,53.0,46-55,,Urban,1981,1,WVS_Wave_1
5122,Japan,Female,53.0,46-55,,Urban,1981,1,WVS_Wave_1
5123,Japan,Female,46.0,46-55,,Urban,1981,1,WVS_Wave_1
5124,Japan,Male,20.0,18-25,Buddhism,Urban,1981,1,WVS_Wave_1
5125,Japan,Female,28.0,26-35,Christianity,Urban,1981,1,WVS_Wave_1
5126,Japan,Female,37.0,36-45,Buddhism,Urban,1981,1,WVS_Wave_1
5127,Japan,Male,53.0,46-55,,Urban,1981,1,WVS_Wave_1
5128,Japan,Male,75.0,66+,Buddhism,Urban,1981,1,WVS_Wave_1
5129,Japan,Male,75.0,66+,Buddhism,Urban,1981,1,WVS_Wave_1
5130,Japan,Male,29.0,26-35,Buddhism,Urban,1981,1,WVS_Wave_1
5131,Japan,Male,29.0,26-35,Buddhism,Urban,1981,1,WVS_Wave_1
5132,Japan,Male,19.0,18-25,,Urban,1981,1,WVS_Wave_1
5133,Japan,Male,24.0,18-25,Buddhism,Rural,1981,1,WVS_Wave_1
5134,Japan,Female,49.0,46-55,Buddhism,Rural,1981,1,WVS_Wave_1
5135,Japan,Female,49.0,46-55,Buddhism,Rural,1981,1,WVS_Wave_1
5136,Japan,Male,60.0,56-65,Buddhism,Rural,1981,1,WVS_Wave_1
5137,Japan,Female,26.0,26-35,,Rural,1981,1,WVS_Wave_1
5138,Japan,Male,57.0,56-65,Buddhism,Rural,1981,1,WVS_Wave_1
5139,Japan,Male,42.0,36-45,Buddhism,Rural,1981,1,WVS_Wave_1
5140,Japan,Male,40.0,36-45,,Rural,1981,1,WVS_Wave_1
5141,Japan,Female,22.0,18-25,Buddhism,Rural,1981,1,WVS_Wave_1
5142,Japan,Female,31.0,26-35,,Urban,1981,1,WVS_Wave_1
5143,Japan,Male,47.0,46-55,Buddhism,Urban,1981,1,WVS_Wave_1
5144,Japan,Female,33.0,26-35,Buddhism,Urban,1981,1,WVS_Wave_1
5145,Japan,Male,20.0,18-25,Buddhism,Urban,1981,1,WVS_Wave_1
5146,Japan,Female,54.0,46-55,Unaffiliated,Urban,1981,1,WVS_Wave_1
5147,Japan,Male,32.0,26-35,,Urban,1981,1,WVS_Wave_1
5148,Japan,Female,30.0,26-35,,Urban,1981,1,WVS_Wave_1
5149,Japan,Male,48.0,46-55,Buddhism,Urban,1981,1,WVS_Wave_1
5150,Japan,Male,23.0,18-25,,Rural,1981,1,WVS_Wave_1
5151,Japan,Female,21.0,18-25,,Urban,1981,1,WVS_Wave_1
5152,Japan,Female,39.0,36-45,,Urban,1981,1,WVS_Wave_1
5153,Japan,Male,69.0,66+,Buddhism,Urban,1981,1,WVS_Wave_1
5154,Japan,Male,52.0,46-55,Buddhism,Urban,1981,1,WVS_Wave_1
5155,Japan,Male,36.0,36-45,Buddhism,Urban,1981,1,WVS_Wave_1
5156,Japan,Male,29.0,26-35,Christianity,Urban,1981,1,WVS_Wave_1
5157,Japan,Male,29.0,26-35,Christianity,Urban,1981,1,WVS_Wave_1
5158,Japan,Male,35.0,26-35,Buddhism,Urban,1981,1,WVS_Wave_1
5159,Japan,Female,25.0,18-25,,Urban,1981,1,WVS_Wave_1
5160,Japan,Male,22.0,18-25,,Urban,1981,1,WVS_Wave_1
5161,Japan,Female,43.0,36-45,Buddhism,Urban,1981,1,WVS_Wave_1
5162,Japan,Female,26.0,26-35,,Urban,1981,1,WVS_Wave_1
5163,Japan,Male,50.0,46-55,Buddhism,Urban,1981,1,WVS_Wave_1
5164,Japan,Female,39.0,36-45,,Urban,1981,1,WVS_Wave_1
5165,Japan,Female,34.0,26-35,,Urban,1981,1,WVS_Wave_1
5166,Japan,Female,67.0,66+,Buddhism,Urban,1981,1,WVS_Wave_1
5167,Japan,Female,34.0,26-35,Buddhism,Urban,1981,1,WVS_Wave_1
5168,Japan,Male,69.0,66+,Christianity,Urban,1981,1,WVS_Wave_1
5169,Japan,Female,22.0,18-25,,Urban,1981,1,WVS_Wave_1
5170,Japan,Female,26.0,26-35,Christianity,Urban,1981,1,WVS_Wave_1
5171,Japan,Male,26.0,26-35,Buddhism,Urban,1981,1,WVS_Wave_1
5172,Japan,Female,29.0,26-35,Buddhism,Urban,1981,1,WVS_Wave_1
5173,Japan,Female,45.0,36-45,Unaffiliated,Urban,1981,1,WVS_Wave_1
5174,Japan,Male,39.0,36-45,,Urban,1981,1,WVS_Wave_1
5175,Japan,Female,36.0,36-45,,Urban,1981,1,WVS_Wave_1
5176,Japan,Female,35.0,26-35,Buddhism,Urban,1981,1,WVS_Wave_1
5177,Japan,Female,20.0,18-25,,Urban,1981,1,WVS_Wave_1
5178,Japan,Male,24.0,18-25,Christianity,Urban,1981,1,WVS_Wave_1
5179,Japan,Female,22.0,18-25,,Urban,1981,1,WVS_Wave_1
5180,Japan,Male,23.0,18-25,,Urban,1981,1,WVS_Wave_1
5181,Japan,Male,30.0,26-35,Buddhism,Urban,1981,1,WVS_Wave_1
5182,Japan,Male,47.0,46-55,,Urban,1981,1,WVS_Wave_1
5183,Japan,Female,29.0,26-35,Christianity,Urban,1981,1,WVS_Wave_1
5184,Japan,Male,40.0,36-45,,Urban,1981,1,WVS_Wave_1
5185,Japan,Female,35.0,26-35,Unaffiliated,Urban,1981,1,WVS_Wave_1
5186,Japan,Female,39.0,36-45,,Urban,1981,1,WVS_Wave_1
5187,Japan,Female,23.0,18-25,Buddhism,Urban,1981,1,WVS_Wave_1
5188,Japan,Female,26.0,26-35,,Urban,1981,1,WVS_Wave_1
5189,Japan,Female,26.0,26-35,,Urban,1981,1,WVS_Wave_1
5190,Japan,Female,43.0,36-45,Unaffiliated,Urban,1981,1,WVS_Wave_1
5191,Japan,Female,45.0,36-45,,Rural,1981,1,WVS_Wave_1
5192,Japan,Female,70.0,66+,Unaffiliated,Rural,1981,1,WVS_Wave_1
5193,Japan,Female,73.0,66+,Buddhism,Rural,1981,1,WVS_Wave_1
5194,Japan,Female,73.0,66+,Buddhism,Rural,1981,1,WVS_Wave_1
5195,Japan,Female,72.0,66+,,Urban,1981,1,WVS_Wave_1
5196,Japan,Male,31.0,26-35,Buddhism,Rural,1981,1,WVS_Wave_1
5197,Japan,Female,51.0,46-55,,Rural,1981,1,WVS_Wave_1
5198,Japan,Male,67.0,66+,Buddhism,Rural,1981,1,WVS_Wave_1
5199,Japan,Male,28.0,26-35,Buddhism,Urban,1981,1,WVS_Wave_1
5200,Japan,Female,26.0,26-35,Buddhism,Rural,1981,1,WVS_Wave_1
5201,Japan,Female,24.0,18-25,,Urban,1981,1,WVS_Wave_1
5202,Japan,Male,25.0,18-25,,Urban,1981,1,WVS_Wave_1
5203,Japan,Female,55.0,46-55,,Urban,1981,1,WVS_Wave_1
5204,Japan,Female,55.0,46-55,,Urban,1981,1,WVS_Wave_1
5205,Japan,Male,33.0,26-35,,Urban,1981,1,WVS_Wave_1
5206,Japan,Male,68.0,66+,,Urban,1981,1,WVS_Wave_1
5207,Japan,Male,68.0,66+,,Urban,1981,1,WVS_Wave_1
5208,Japan,Female,45.0,36-45,,Urban,1981,1,WVS_Wave_1
5209,Japan,Female,60.0,56-65,Buddhism,Urban,1981,1,WVS_Wave_1
5210,Japan,Female,57.0,56-65,Buddhism,Urban,1981,1,WVS_Wave_1
5211,Japan,Female,57.0,56-65,Buddhism,Urban,1981,1,WVS_Wave_1
5212,Japan,Male,35.0,26-35,,Urban,1981,1,WVS_Wave_1
5213,Japan,Male,50.0,46-55,Buddhism,Urban,1981,1,WVS_Wave_1
5214,Japan,Male,69.0,66+,Buddhism,Urban,1981,1,WVS_Wave_1
5215,Japan,Male,69.0,66+,Buddhism,Urban,1981,1,WVS_Wave_1
5216,Japan,Male,24.0,18-25,,Urban,1981,1,WVS_Wave_1
5217,Japan,Male,56.0,56-65,Buddhism,Rural,1981,1,WVS_Wave_1
5218,Japan,Female,39.0,36-45,Buddhism,Urban,1981,1,WVS_Wave_1
5219,Japan,Male,32.0,26-35,Buddhism,Rural,1981,1,WVS_Wave_1
5220,Japan,Female,40.0,36-45,Buddhism,Urban,1981,1,WVS_Wave_1
5221,Japan,Male,39.0,36-45,Buddhism,Urban,1981,1,WVS_Wave_1
5222,Japan,Female,27.0,26-35,,Urban,1981,1,WVS_Wave_1
5223,Japan,Male,54.0,46-55,Buddhism,Urban,1981,1,WVS_Wave_1
5224,Japan,Male,39.0,36-45,Buddhism,Urban,1981,1,WVS_Wave_1
5225,Japan,Female,36.0,36-45,,Urban,1981,1,WVS_Wave_1
5226,Japan,Male,20.0,18-25,,Urban,1981,1,WVS_Wave_1
5227,Japan,Female,23.0,18-25,,Urban,1981,1,WVS_Wave_1
5228,Japan,Male,53.0,46-55,,Urban,1981,1,WVS_Wave_1
5229,Japan,Female,60.0,56-65,Buddhism,Urban,1981,1,WVS_Wave_1
5230,Japan,Female,57.0,56-65,Buddhism,Urban,1981,1,WVS_Wave_1
5231,Japan,Female,57.0,56-65,Buddhism,Urban,1981,1,WVS_Wave_1
5232,Japan,Female,22.0,18-25,,Rural,1981,1,WVS_Wave_1
5233,Japan,Female,66.0,66+,Christianity,Urban,1981,1,WVS_Wave_1
5234,Japan,Female,66.0,66+,Christianity,Urban,1981,1,WVS_Wave_1
5235,Japan,Female,39.0,36-45,,Urban,1981,1,WVS_Wave_1
5236,Japan,Female,70.0,66+,Buddhism,Urban,1981,1,WVS_Wave_1
5237,Japan,Male,22.0,18-25,,Urban,1981,1,WVS_Wave_1
5238,Japan,Female,35.0,26-35,Christianity,Urban,1981,1,WVS_Wave_1
5239,Japan,Male,20.0,18-25,,Urban,1981,1,WVS_Wave_1
5240,Japan,Male,66.0,66+,Christianity,Urban,1981,1,WVS_Wave_1
5241,Japan,Male,66.0,66+,Christianity,Urban,1981,1,WVS_Wave_1
5242,Japan,Female,26.0,26-35,,Urban,1981,1,WVS_Wave_1
5243,Japan,Male,21.0,18-25,Buddhism,Urban,1981,1,WVS_Wave_1
5244,Japan,Male,23.0,18-25,,Urban,1981,1,WVS_Wave_1
5245,Japan,Female,40.0,36-45,,Urban,1981,1,WVS_Wave_1
5246,Japan,Male,55.0,46-55,Buddhism,Urban,1981,1,WVS_Wave_1
5247,Japan,Male,23.0,18-25,,Urban,1981,1,WVS_Wave_1
5248,Japan,Female,48.0,46-55,,Urban,1981,1,WVS_Wave_1
5249,Japan,Male,65.0,56-65,Buddhism,Urban,1981,1,WVS_Wave_1
5250,Japan,Male,65.0,56-65,Buddhism,Urban,1981,1,WVS_Wave_1
5251,Japan,Female,62.0,56-65,Christianity,Urban,1981,1,WVS_Wave_1
5252,Japan,Female,62.0,56-65,Christianity,Urban,1981,1,WVS_Wave_1
5253,Japan,Female,62.0,56-65,Christianity,Urban,1981,1,WVS_Wave_1
5254,Japan,Female,45.0,36-45,Buddhism,Urban,1981,1,WVS_Wave_1
5255,Japan,Male,42.0,36-45,Buddhism,Urban,1981,1,WVS_Wave_1
5256,Japan,Male,30.0,26-35,,Urban,1981,1,WVS_Wave_1
5257,Japan,Male,39.0,36-45,,Urban,1981,1,WVS_Wave_1
5258,Japan,Male,35.0,26-35,Buddhism,Urban,1981,1,WVS_Wave_1
5259,Japan,Female,37.0,36-45,Buddhism,Urban,1981,1,WVS_Wave_1
5260,Japan,Female,41.0,36-45,Buddhism,Urban,1981,1,WVS_Wave_1
5261,Japan,Female,46.0,46-55,Buddhism,Urban,1981,1,WVS_Wave_1
5262,Japan,Female,23.0,18-25,,Urban,1981,1,WVS_Wave_1
5263,Japan,Female,26.0,26-35,,Urban,1981,1,WVS_Wave_1
5264,Japan,Male,39.0,36-45,,Urban,1981,1,WVS_Wave_1
5265,Japan,Female,20.0,18-25,,Urban,1981,1,WVS_Wave_1
5266,Japan,Female,49.0,46-55,,Urban,1981,1,WVS_Wave_1
5267,Japan,Male,56.0,56-65,,Urban,1981,1,WVS_Wave_1
5268,Japan,Female,48.0,46-55,Buddhism,Urban,1981,1,WVS_Wave_1
5269,Japan,Female,55.0,46-55,Buddhism,Urban,1981,1,WVS_Wave_1
5270,Japan,Male,56.0,56-65,Buddhism,Urban,1981,1,WVS_Wave_1
5271,Japan,Male,56.0,56-65,Buddhism,Urban,1981,1,WVS_Wave_1
5272,Japan,Male,48.0,46-55,Buddhism,Urban,1981,1,WVS_Wave_1
5273,Japan,Male,38.0,36-45,Buddhism,Urban,1981,1,WVS_Wave_1
5274,Japan,Female,31.0,26-35,,Urban,1981,1,WVS_Wave_1
5275,Japan,Female,20.0,18-25,,Urban,1981,1,WVS_Wave_1
5276,Japan,Male,24.0,18-25,Buddhism,Urban,1981,1,WVS_Wave_1
5277,Japan,Male,26.0,26-35,Christianity,Urban,1981,1,WVS_Wave_1
5278,Japan,Female,44.0,36-45,,Urban,1981,1,WVS_Wave_1
5279,Japan,Male,41.0,36-45,,Urban,1981,1,WVS_Wave_1
5280,Japan,Male,33.0,26-35,,Urban,1981,1,WVS_Wave_1
5281,Japan,Female,21.0,18-25,Buddhism,Urban,1981,1,WVS_Wave_1
5282,Japan,Female,31.0,26-35,Buddhism,Urban,1981,1,WVS_Wave_1
5283,Japan,Female,21.0,18-25,Christianity,Urban,1981,1,WVS_Wave_1
5284,Japan,Male,21.0,18-25,Christianity,Urban,1981,1,WVS_Wave_1
5285,Japan,Male,44.0,36-45,Buddhism,Urban,1981,1,WVS_Wave_1
5286,Japan,Female,44.0,36-45,,Urban,1981,1,WVS_Wave_1
5287,Japan,Male,59.0,56-65,Buddhism,Urban,1981,1,WVS_Wave_1
5288,Japan,Male,20.0,18-25,,Urban,1981,1,WVS_Wave_1
5289,Japan,Female,53.0,46-55,,Urban,1981,1,WVS_Wave_1
5290,Japan,Female,29.0,26-35,Buddhism,Rural,1981,1,WVS_Wave_1
5291,Japan,Female,62.0,56-65,Buddhism,Rural,1981,1,WVS_Wave_1
5292,Japan,Male,45.0,36-45,Buddhism,Urban,1981,1,WVS_Wave_1
5293,Japan,Male,60.0,56-65,Buddhism,Rural,1981,1,WVS_Wave_1
5294,Japan,Female,43.0,36-45,,Rural,1981,1,WVS_Wave_1
5295,Japan,Male,46.0,46-55,Buddhism,Rural,1981,1,WVS_Wave_1
5296,Japan,Female,24.0,18-25,Buddhism,Urban,1981,1,WVS_Wave_1
5297,Japan,Female,27.0,26-35,Christianity,Urban,1981,1,WVS_Wave_1
5298,Japan,Male,67.0,66+,Buddhism,Urban,1981,1,WVS_Wave_1
5299,Japan,Male,67.0,66+,Buddhism,Urban,1981,1,WVS_Wave_1
5300,Japan,Male,25.0,18-25,Buddhism,Urban,1981,1,WVS_Wave_1
5301,Japan,Female,47.0,46-55,Buddhism,Urban,1981,1,WVS_Wave_1
5302,Japan,Female,20.0,18-25,,Urban,1981,1,WVS_Wave_1
5303,Japan,Female,23.0,18-25,Christianity,Urban,1981,1,WVS_Wave_1
5304,Japan,Female,29.0,26-35,,Rural,1981,1,WVS_Wave_1
5305,Japan,Male,68.0,66+,Christianity,Rural,1981,1,WVS_Wave_1
5306,Japan,Female,48.0,46-55,Christianity,Rural,1981,1,WVS_Wave_1
5307,Japan,Female,48.0,46-55,Christianity,Rural,1981,1,WVS_Wave_1
5308,Japan,Male,22.0,18-25,Buddhism,Rural,1981,1,WVS_Wave_1
5309,Japan,Male,32.0,26-35,,Rural,1981,1,WVS_Wave_1
5310,Japan,Female,75.0,66+,Unaffiliated,Rural,1981,1,WVS_Wave_1
5311,Japan,Female,75.0,66+,Unaffiliated,Rural,1981,1,WVS_Wave_1
5312,Japan,Female,52.0,46-55,Christianity,Rural,1981,1,WVS_Wave_1
5313,Japan,Female,41.0,36-45,Christianity,Rural,1981,1,WVS_Wave_1
5314,Japan,Female,22.0,18-25,Buddhism,Rural,1981,1,WVS_Wave_1
5315,Japan,Male,47.0,46-55,,Rural,1981,1,WVS_Wave_1
5316,Japan,Female,51.0,46-55,Christianity,Rural,1981,1,WVS_Wave_1
5317,Japan,Female,51.0,46-55,Christianity,Rural,1981,1,WVS_Wave_1
5318,Japan,Male,43.0,36-45,Buddhism,Rural,1981,1,WVS_Wave_1
5319,Japan,Female,27.0,26-35,Christianity,Rural,1981,1,WVS_Wave_1
5320,Japan,Male,20.0,18-25,,Rural,1981,1,WVS_Wave_1
5321,Japan,Male,64.0,56-65,Buddhism,Rural,1981,1,WVS_Wave_1
5322,Japan,Female,34.0,26-35,Buddhism,Rural,1981,1,WVS_Wave_1
5323,Japan,Female,25.0,18-25,,Rural,1981,1,WVS_Wave_1
5324,Japan,Male,75.0,66+,Buddhism,Rural,1981,1,WVS_Wave_1
5325,Japan,Male,75.0,66+,Buddhism,Rural,1981,1,WVS_Wave_1
5326,Japan,Female,47.0,46-55,Buddhism,Rural,1981,1,WVS_Wave_1
5327,Japan,Male,22.0,18-25,,Rural,1981,1,WVS_Wave_1
5328,Japan,Male,38.0,36-45,Buddhism,Rural,1981,1,WVS_Wave_1
5329,Japan,Male,46.0,46-55,Buddhism,Rural,1981,1,WVS_Wave_1
5330,Japan,Female,65.0,56-65,Buddhism,Urban,1981,1,WVS_Wave_1
5331,Japan,Female,65.0,56-65,Buddhism,Urban,1981,1,WVS_Wave_1
5332,Japan,Female,65.0,56-65,Buddhism,Urban,1981,1,WVS_Wave_1
5333,Japan,Female,45.0,36-45,Buddhism,Urban,1981,1,WVS_Wave_1
5334,Japan,Male,44.0,36-45,Christianity,Urban,1981,1,WVS_Wave_1
5335,Japan,Female,31.0,26-35,,Rural,1981,1,WVS_Wave_1
5336,Japan,Female,21.0,18-25,,Urban,1981,1,WVS_Wave_1
5337,Japan,Male,23.0,18-25,,Urban,1981,1,WVS_Wave_1
5338,Japan,Female,26.0,26-35,,Urban,1981,1,WVS_Wave_1
5339,Japan,Male,35.0,26-35,,Urban,1981,1,WVS_Wave_1
5340,Japan,Female,40.0,36-45,Buddhism,Urban,1981,1,WVS_Wave_1
5341,Japan,Male,46.0,46-55,Buddhism,Urban,1981,1,WVS_Wave_1
5342,Japan,Female,47.0,46-55,Buddhism,Urban,1981,1,WVS_Wave_1
5343,Japan,Female,34.0,26-35,Buddhism,Urban,1981,1,WVS_Wave_1
5344,Japan,Female,42.0,36-45,Buddhism,Urban,1981,1,WVS_Wave_1
5345,Japan,Male,24.0,18-25,Christianity,Urban,1981,1,WVS_Wave_1
5346,Japan,Male,21.0,18-25,Buddhism,Urban,1981,1,WVS_Wave_1
5347,Japan,Male,32.0,26-35,Buddhism,Urban,1981,1,WVS_Wave_1
5348,Japan,Female,26.0,26-35,,Urban,1981,1,WVS_Wave_1
5349,Japan,Male,37.0,36-45,Buddhism,Urban,1981,1,WVS_Wave_1
5350,Japan,Female,69.0,66+,,Urban,1981,1,WVS_Wave_1
5351,Japan,Male,63.0,56-65,Buddhism,Urban,1981,1,WVS_Wave_1
5352,Japan,Female,36.0,36-45,,Urban,1981,1,WVS_Wave_1
5353,Japan,Female,35.0,26-35,,Urban,1981,1,WVS_Wave_1
5354,Japan,Male,31.0,26-35,Buddhism,Urban,1981,1,WVS_Wave_1
5355,Japan,Male,31.0,26-35,Buddhism,Urban,1981,1,WVS_Wave_1
5356,Japan,Female,25.0,18-25,Buddhism,Urban,1981,1,WVS_Wave_1
5357,Japan,Female,25.0,18-25,Christianity,Urban,1981,1,WVS_Wave_1
5358,Japan,Male,44.0,36-45,Buddhism,Urban,1981,1,WVS_Wave_1
5359,Japan,Female,34.0,26-35,Unaffiliated,Urban,1981,1,WVS_Wave_1
5360,Japan,Male,38.0,36-45,Buddhism,Urban,1981,1,WVS_Wave_1
5361,Japan,Female,34.0,26-35,Buddhism,Urban,1981,1,WVS_Wave_1
5362,Japan,Male,43.0,36-45,Buddhism,Urban,1981,1,WVS_Wave_1
5363,Japan,Male,21.0,18-25,Buddhism,Urban,1981,1,WVS_Wave_1
5364,Japan,Female,42.0,36-45,Buddhism,Rural,1981,1,WVS_Wave_1
5365,Japan,Male,41.0,36-45,,Urban,1981,1,WVS_Wave_1
5366,Japan,Male,53.0,46-55,Christianity,Urban,1981,1,WVS_Wave_1
5367,Japan,Female,42.0,36-45,,Urban,1981,1,WVS_Wave_1
5368,Japan,Female,47.0,46-55,Buddhism,Urban,1981,1,WVS_Wave_1
5369,Japan,Female,19.0,18-25,Christianity,Urban,1981,1,WVS_Wave_1
5370,Japan,Male,22.0,18-25,Buddhism,Urban,1981,1,WVS_Wave_1
5371,Japan,Female,30.0,26-35,Christianity,Urban,1981,1,WVS_Wave_1
5372,Japan,Male,68.0,66+,Christianity,Urban,1981,1,WVS_Wave_1
5373,Japan,Male,68.0,66+,Christianity,Urban,1981,1,WVS_Wave_1
5374,Japan,Female,39.0,36-45,Buddhism,Urban,1981,1,WVS_Wave_1
5375,Japan,Female,25.0,18-25,,Urban,1981,1,WVS_Wave_1
5376,Japan,Female,40.0,36-45,Buddhism,Urban,1981,1,WVS_Wave_1
5377,Japan,Male,49.0,46-55,,Urban,1981,1,WVS_Wave_1
5378,Japan,Male,29.0,26-35,,Urban,1981,1,WVS_Wave_1
5379,Japan,Female,24.0,18-25,,Urban,1981,1,WVS_Wave_1
5380,Japan,Male,48.0,46-55,,Urban,1981,1,WVS_Wave_1
5381,Japan,Female,41.0,36-45,Buddhism,Rural,1981,1,WVS_Wave_1
5382,Japan,Male,46.0,46-55,Buddhism,Rural,1981,1,WVS_Wave_1
5383,Japan,Male,61.0,56-65,Buddhism,Rural,1981,1,WVS_Wave_1
5384,Japan,Male,55.0,46-55,Buddhism,Rural,1981,1,WVS_Wave_1
5385,Japan,Male,55.0,46-55,Buddhism,Rural,1981,1,WVS_Wave_1
5386,Japan,Male,22.0,18-25,,Rural,1981,1,WVS_Wave_1
5387,Japan,Male,44.0,36-45,,Urban,1981,1,WVS_Wave_1
5388,Japan,Female,38.0,36-45,Buddhism,Urban,1981,1,WVS_Wave_1
5389,Japan,Male,55.0,46-55,Buddhism,Urban,1981,1,WVS_Wave_1
5390,Japan,Male,49.0,46-55,Christianity,Urban,1981,1,WVS_Wave_1
5391,Japan,Male,23.0,18-25,,Urban,1981,1,WVS_Wave_1
5392,Japan,Female,21.0,18-25,Buddhism,Urban,1981,1,WVS_Wave_1
5393,Japan,Male,38.0,36-45,Christianity,Urban,1981,1,WVS_Wave_1
5394,Japan,Female,60.0,56-65,Buddhism,Urban,1981,1,WVS_Wave_1
5395,Japan,Female,60.0,56-65,Buddhism,Urban,1981,1,WVS_Wave_1
5396,Japan,Female,47.0,46-55,Buddhism,Urban,1981,1,WVS_Wave_1
5397,Japan,Male,39.0,36-45,Buddhism,Urban,1981,1,WVS_Wave_1
5398,Japan,Male,40.0,36-45,,Urban,1981,1,WVS_Wave_1
5399,Japan,Male,20.0,18-25,Buddhism,Urban,1981,1,WVS_Wave_1
5400,Japan,Female,20.0,18-25,Christianity,Urban,1981,1,WVS_Wave_1
5401,Japan,Male,43.0,36-45,Christianity,Urban,1981,1,WVS_Wave_1
5402,Japan,Male,62.0,56-65,Buddhism,Urban,1981,1,WVS_Wave_1
5403,Japan,Male,62.0,56-65,Buddhism,Urban,1981,1,WVS_Wave_1
5404,Japan,Female,29.0,26-35,,Urban,1981,1,WVS_Wave_1
5405,Japan,Male,43.0,36-45,,Urban,1981,1,WVS_Wave_1
5406,Japan,Female,35.0,26-35,Buddhism,Urban,1981,1,WVS_Wave_1
5407,Japan,Male,40.0,36-45,Buddhism,Urban,1981,1,WVS_Wave_1
5408,Japan,Female,23.0,18-25,Buddhism,Urban,1981,1,WVS_Wave_1
5409,Japan,Female,25.0,18-25,Buddhism,Urban,1981,1,WVS_Wave_1
5410,Japan,Female,32.0,26-35,,Rural,1981,1,WVS_Wave_1
5411,Japan,Female,43.0,36-45,,Urban,1981,1,WVS_Wave_1
5412,Japan,Male,36.0,36-45,,Rural,1981,1,WVS_Wave_1
5413,Japan,Female,38.0,36-45,,Urban,1981,1,WVS_Wave_1
5414,Japan,Male,28.0,26-35,,Urban,1981,1,WVS_Wave_1
5415,Japan,Female,21.0,18-25,Buddhism,Rural,1981,1,WVS_Wave_1
5416,Japan,Female,23.0,18-25,Buddhism,Rural,1981,1,WVS_Wave_1
5417,Japan,Male,65.0,56-65,Buddhism,Rural,1981,1,WVS_Wave_1
5418,Japan,Female,71.0,66+,Buddhism,Urban,1981,1,WVS_Wave_1
5419,Japan,Female,71.0,66+,Buddhism,Urban,1981,1,WVS_Wave_1
5420,Japan,Female,71.0,66+,Buddhism,Urban,1981,1,WVS_Wave_1
5421,Japan,Female,42.0,36-45,,Urban,1981,1,WVS_Wave_1
5422,Japan,Female,56.0,56-65,Christianity,Urban,1981,1,WVS_Wave_1
5423,Japan,Male,36.0,36-45,,Urban,1981,1,WVS_Wave_1
5424,Japan,Female,44.0,36-45,Buddhism,Urban,1981,1,WVS_Wave_1
5425,Japan,Female,23.0,18-25,Buddhism,Urban,1981,1,WVS_Wave_1
5426,Japan,Male,49.0,46-55,Christianity,Urban,1981,1,WVS_Wave_1
5427,Japan,Female,40.0,36-45,Buddhism,Urban,1981,1,WVS_Wave_1
5428,Japan,Female,32.0,26-35,,Urban,1981,1,WVS_Wave_1
5429,Japan,Female,30.0,26-35,Buddhism,Urban,1981,1,WVS_Wave_1
5430,Japan,Male,31.0,26-35,,Urban,1981,1,WVS_Wave_1
5431,Japan,Male,24.0,18-25,,Urban,1981,1,WVS_Wave_1
5432,Japan,Female,25.0,18-25,,Urban,1981,1,WVS_Wave_1
5433,Japan,Male,51.0,46-55,,Urban,1981,1,WVS_Wave_1
5434,Japan,Male,26.0,26-35,,Urban,1981,1,WVS_Wave_1
5435,Japan,Female,22.0,18-25,Buddhism,Urban,1981,1,WVS_Wave_1
5436,Japan,Female,25.0,18-25,Buddhism,Urban,1981,1,WVS_Wave_1
5437,Japan,Male,40.0,36-45,,Urban,1981,1,WVS_Wave_1
5438,Japan,Male,30.0,26-35,,Urban,1981,1,WVS_Wave_1
5439,Japan,Female,35.0,26-35,Buddhism,Urban,1981,1,WVS_Wave_1
5440,Japan,Female,50.0,46-55,,Urban,1981,1,WVS_Wave_1
5441,Japan,Male,27.0,26-35,,Urban,1981,1,WVS_Wave_1
5442,Japan,Female,24.0,18-25,,Urban,1981,1,WVS_Wave_1
5443,Japan,Female,24.0,18-25,Buddhism,Urban,1981,1,WVS_Wave_1
5444,Japan,Male,55.0,46-55,Buddhism,Urban,1981,1,WVS_Wave_1
5445,Japan,Female,49.0,46-55,Buddhism,Urban,1981,1,WVS_Wave_1
5446,Japan,Female,23.0,18-25,Buddhism,Urban,1981,1,WVS_Wave_1
5447,Japan,Male,49.0,46-55,Christianity,Urban,1981,1,WVS_Wave_1
5448,Japan,Female,51.0,46-55,Buddhism,Urban,1981,1,WVS_Wave_1
5449,Japan,Male,20.0,18-25,,Urban,1981,1,WVS_Wave_1
5450,Japan,Male,43.0,36-45,,Urban,1981,1,WVS_Wave_1
5451,Japan,Female,33.0,26-35,Buddhism,Urban,1981,1,WVS_Wave_1
5452,Japan,Male,35.0,26-35,,Urban,1981,1,WVS_Wave_1
5453,Japan,Female,33.0,26-35,,Urban,1981,1,WVS_Wave_1
5454,Japan,Male,34.0,26-35,,Urban,1981,1,WVS_Wave_1
5455,Japan,Male,40.0,36-45,,Urban,1981,1,WVS_Wave_1
5456,Japan,Female,31.0,26-35,,Urban,1981,1,WVS_Wave_1
5457,Japan,Female,28.0,26-35,,Urban,1981,1,WVS_Wave_1
5458,Japan,Male,20.0,18-25,,Urban,1981,1,WVS_Wave_1
5459,Japan,Female,22.0,18-25,Buddhism,Urban,1981,1,WVS_Wave_1
5460,Japan,Male,22.0,18-25,,Urban,1981,1,WVS_Wave_1
5461,Japan,Male,34.0,26-35,Buddhism,Urban,1981,1,WVS_Wave_1
5462,Japan,Male,53.0,46-55,Buddhism,Urban,1981,1,WVS_Wave_1
5463,Japan,Male,68.0,66+,Buddhism,Urban,1981,1,WVS_Wave_1
5464,Japan,Male,24.0,18-25,,Urban,1981,1,WVS_Wave_1
5465,Japan,Male,35.0,26-35,,Urban,1981,1,WVS_Wave_1
5466,Japan,Female,35.0,26-35,,Urban,1981,1,WVS_Wave_1
5467,Japan,Male,25.0,18-25,Buddhism,Urban,1981,1,WVS_Wave_1
5468,Japan,Female,22.0,18-25,Buddhism,Urban,1981,1,WVS_Wave_1
5469,Japan,Male,21.0,18-25,,Urban,1981,1,WVS_Wave_1
5470,Japan,Male,54.0,46-55,Unaffiliated,Urban,1981,1,WVS_Wave_1
5471,Japan,Male,22.0,18-25,,Urban,1981,1,WVS_Wave_1
5472,Japan,Male,50.0,46-55,,Urban,1981,1,WVS_Wave_1
5473,Japan,Male,55.0,46-55,,Urban,1981,1,WVS_Wave_1
5474,Japan,Female,32.0,26-35,,Urban,1981,1,WVS_Wave_1
5475,Japan,Female,29.0,26-35,Buddhism,Urban,1981,1,WVS_Wave_1
5476,Japan,Female,26.0,26-35,,Urban,1981,1,WVS_Wave_1
5477,Japan,Male,23.0,18-25,,Urban,1981,1,WVS_Wave_1
5478,Japan,Female,46.0,46-55,Buddhism,Urban,1981,1,WVS_Wave_1
5479,Japan,Female,58.0,56-65,Buddhism,Urban,1981,1,WVS_Wave_1
5480,Japan,Female,58.0,56-65,Buddhism,Urban,1981,1,WVS_Wave_1
5481,Japan,Female,40.0,36-45,,Urban,1981,1,WVS_Wave_1
5482,Japan,Male,41.0,36-45,,Urban,1981,1,WVS_Wave_1
5483,Japan,Male,56.0,56-65,,Urban,1981,1,WVS_Wave_1
5484,Japan,Male,56.0,56-65,,Urban,1981,1,WVS_Wave_1
5485,Japan,Female,25.0,18-25,,Urban,1981,1,WVS_Wave_1
5486,Japan,Male,63.0,56-65,Buddhism,Urban,1981,1,WVS_Wave_1
5487,Japan,Male,69.0,66+,Buddhism,Urban,1981,1,WVS_Wave_1
5488,Japan,Female,27.0,26-35,Buddhism,Urban,1981,1,WVS_Wave_1
5489,Japan,Female,41.0,36-45,,Urban,1981,1,WVS_Wave_1
5490,Japan,Male,38.0,36-45,Buddhism,Urban,1981,1,WVS_Wave_1
5491,Japan,Female,72.0,66+,Buddhism,Urban,1981,1,WVS_Wave_1
5492,Japan,Female,56.0,56-65,Buddhism,Urban,1981,1,WVS_Wave_1
5493,Japan,Female,22.0,18-25,Buddhism,Urban,1981,1,WVS_Wave_1
5494,Japan,Male,22.0,18-25,Buddhism,Urban,1981,1,WVS_Wave_1
5495,Japan,Female,25.0,18-25,,Urban,1981,1,WVS_Wave_1
5496,Japan,Female,36.0,36-45,Buddhism,Urban,1981,1,WVS_Wave_1
5497,Japan,Female,46.0,46-55,Buddhism,Urban,1981,1,WVS_Wave_1
5498,Japan,Female,21.0,18-25,Buddhism,Urban,1981,1,WVS_Wave_1
5499,Japan,Female,33.0,26-35,,Urban,1981,1,WVS_Wave_1
5500,Japan,Male,22.0,18-25,Buddhism,Urban,1981,1,WVS_Wave_1
5501,Japan,Male,20.0,18-25,Buddhism,Urban,1981,1,WVS_Wave_1
5502,Japan,Male,39.0,36-45,,Urban,1981,1,WVS_Wave_1
5503,Japan,Male,50.0,46-55,Buddhism,Urban,1981,1,WVS_Wave_1
5504,Japan,Female,35.0,26-35,Christianity,Urban,1981,1,WVS_Wave_1
5505,Japan,Male,22.0,18-25,,Urban,1981,1,WVS_Wave_1
5506,Japan,Male,60.0,56-65,,Urban,1981,1,WVS_Wave_1
5507,Japan,Female,28.0,26-35,,Urban,1981,1,WVS_Wave_1
5508,Japan,Female,26.0,26-35,,Urban,1981,1,WVS_Wave_1
5509,Japan,Male,22.0,18-25,,Urban,1981,1,WVS_Wave_1
5510,Japan,Female,22.0,18-25,Buddhism,Urban,1981,1,WVS_Wave_1
5511,Japan,Male,40.0,36-45,,Urban,1981,1,WVS_Wave_1
5512,Japan,Male,42.0,36-45,Buddhism,Urban,1981,1,WVS_Wave_1
5513,Japan,Female,44.0,36-45,,Urban,1981,1,WVS_Wave_1
5514,Japan,Male,43.0,36-45,Unaffiliated,Urban,1981,1,WVS_Wave_1
5515,Japan,Male,27.0,26-35,,Urban,1981,1,WVS_Wave_1
5516,Japan,Female,48.0,46-55,Buddhism,Urban,1981,1,WVS_Wave_1
5517,Japan,Male,49.0,46-55,,Urban,1981,1,WVS_Wave_1
5518,Japan,Female,20.0,18-25,Buddhism,Urban,1981,1,WVS_Wave_1
5519,Japan,Female,29.0,26-35,Buddhism,Urban,1981,1,WVS_Wave_1
5520,Japan,Male,55.0,46-55,Buddhism,Urban,1981,1,WVS_Wave_1
5521,Japan,Male,28.0,26-35,,Urban,1981,1,WVS_Wave_1
5522,Japan,Female,39.0,36-45,Buddhism,Urban,1981,1,WVS_Wave_1
5523,Japan,Male,45.0,36-45,Buddhism,Urban,1981,1,WVS_Wave_1
5524,Japan,Female,22.0,18-25,,Urban,1981,1,WVS_Wave_1
5525,Japan,Male,22.0,18-25,Buddhism,Urban,1981,1,WVS_Wave_1
5526,Japan,Female,35.0,26-35,Buddhism,Rural,1981,1,WVS_Wave_1
5527,Japan,Male,40.0,36-45,,Rural,1981,1,WVS_Wave_1
5528,Japan,Male,42.0,36-45,Buddhism,Urban,1981,1,WVS_Wave_1
5529,Japan,Male,28.0,26-35,Buddhism,Rural,1981,1,WVS_Wave_1
5530,Japan,Female,42.0,36-45,Unaffiliated,Rural,1981,1,WVS_Wave_1
5531,Japan,Male,74.0,66+,,Rural,1981,1,WVS_Wave_1
5532,Japan,Male,74.0,66+,,Rural,1981,1,WVS_Wave_1
5533,Japan,Male,27.0,26-35,,Urban,1981,1,WVS_Wave_1
5534,Japan,Male,42.0,36-45,Christianity,Rural,1981,1,WVS_Wave_1
5535,Japan,Male,21.0,18-25,,Rural,1981,1,WVS_Wave_1
5536,Japan,Male,45.0,36-45,Buddhism,Urban,1981,1,WVS_Wave_1
5537,Japan,Male,43.0,36-45,Buddhism,Urban,1981,1,WVS_Wave_1
5538,Japan,Female,30.0,26-35,Buddhism,Urban,1981,1,WVS_Wave_1
5539,Japan,Female,54.0,46-55,Buddhism,Urban,1981,1,WVS_Wave_1
5540,Japan,Male,24.0,18-25,,Urban,1981,1,WVS_Wave_1
5541,Japan,Female,46.0,46-55,Christianity,Urban,1981,1,WVS_Wave_1
5542,Japan,Male,34.0,26-35,,Urban,1981,1,WVS_Wave_1
5543,Japan,Male,30.0,26-35,Buddhism,Urban,1981,1,WVS_Wave_1
5544,Japan,Male,52.0,46-55,Buddhism,Urban,1981,1,WVS_Wave_1
5545,Japan,Male,20.0,18-25,Buddhism,Urban,1981,1,WVS_Wave_1
5546,Japan,Male,20.0,18-25,Buddhism,Urban,1981,1,WVS_Wave_1
5547,Japan,Female,24.0,18-25,,Urban,1981,1,WVS_Wave_1
5548,Japan,Female,42.0,36-45,,Urban,1981,1,WVS_Wave_1
5549,Japan,Female,42.0,36-45,,Urban,1981,1,WVS_Wave_1
5550,Japan,Male,35.0,26-35,,Urban,1981,1,WVS_Wave_1
5551,Japan,Female,62.0,56-65,,Urban,1981,1,WVS_Wave_1
5552,Japan,Female,62.0,56-65,,Urban,1981,1,WVS_Wave_1
5553,Japan,Female,44.0,36-45,Buddhism,Urban,1981,1,WVS_Wave_1
5554,Japan,Male,40.0,36-45,,Urban,1981,1,WVS_Wave_1
5555,Japan,Male,53.0,46-55,Buddhism,Urban,1981,1,WVS_Wave_1
5556,Japan,Female,37.0,36-45,,Urban,1981,1,WVS_Wave_1
5557,Japan,Female,54.0,46-55,Buddhism,Urban,1981,1,WVS_Wave_1
5558,Japan,Male,51.0,46-55,Buddhism,Urban,1981,1,WVS_Wave_1
5559,Japan,Female,22.0,18-25,Buddhism,Urban,1981,1,WVS_Wave_1
5560,Japan,Male,26.0,26-35,,Urban,1981,1,WVS_Wave_1
5561,Japan,Male,50.0,46-55,Buddhism,Urban,1981,1,WVS_Wave_1
5562,Japan,Female,20.0,18-25,,Urban,1981,1,WVS_Wave_1
5563,Japan,Male,43.0,36-45,,Urban,1981,1,WVS_Wave_1
5564,Japan,Female,54.0,46-55,,Urban,1981,1,WVS_Wave_1
5565,Japan,Female,54.0,46-55,,Urban,1981,1,WVS_Wave_1
5566,Japan,Male,22.0,18-25,Buddhism,Urban,1981,1,WVS_Wave_1
5567,Japan,Female,53.0,46-55,Buddhism,Urban,1981,1,WVS_Wave_1
5568,Japan,Male,22.0,18-25,Buddhism,Urban,1981,1,WVS_Wave_1
5569,Japan,Male,20.0,18-25,,Urban,1981,1,WVS_Wave_1
5570,Japan,Female,27.0,26-35,,Rural,1981,1,WVS_Wave_1
5571,Japan,Male,40.0,36-45,Buddhism,Rural,1981,1,WVS_Wave_1
5572,Japan,Female,26.0,26-35,,Urban,1981,1,WVS_Wave_1
5573,Japan,Female,26.0,26-35,,Urban,1981,1,WVS_Wave_1
5574,Japan,Male,21.0,18-25,,Rural,1981,1,WVS_Wave_1
5575,Japan,Male,55.0,46-55,,Rural,1981,1,WVS_Wave_1
5576,Japan,Male,55.0,46-55,,Rural,1981,1,WVS_Wave_1
5577,Japan,Male,32.0,26-35,,Urban,1981,1,WVS_Wave_1
5578,Japan,Male,30.0,26-35,,Rural,1981,1,WVS_Wave_1
5579,Japan,Female,24.0,18-25,Buddhism,Urban,1981,1,WVS_Wave_1
5580,Japan,Male,25.0,18-25,Buddhism,Rural,1981,1,WVS_Wave_1
5581,Japan,Female,21.0,18-25,Buddhism,Rural,1981,1,WVS_Wave_1
5582,Japan,Female,20.0,18-25,,Rural,1981,1,WVS_Wave_1
5583,Japan,Male,22.0,18-25,Buddhism,Urban,1981,1,WVS_Wave_1
5584,Japan,Female,24.0,18-25,,Urban,1981,1,WVS_Wave_1
5585,Japan,Female,22.0,18-25,Buddhism,Rural,1981,1,WVS_Wave_1
5586,Japan,Female,27.0,26-35,,Urban,1981,1,WVS_Wave_1
5587,Japan,Female,25.0,18-25,Buddhism,Urban,1981,1,WVS_Wave_1
5588,Japan,Female,22.0,18-25,Christianity,Urban,1981,1,WVS_Wave_1
5589,Japan,Male,23.0,18-25,Buddhism,Rural,1981,1,WVS_Wave_1
5590,Japan,Female,21.0,18-25,,Urban,1981,1,WVS_Wave_1
5591,Japan,Female,47.0,46-55,Buddhism,Urban,1981,1,WVS_Wave_1
5592,Japan,Female,42.0,36-45,,Urban,1981,1,WVS_Wave_1
5593,Japan,Male,27.0,26-35,Buddhism,Urban,1981,1,WVS_Wave_1
5594,Japan,Male,27.0,26-35,Buddhism,Urban,1981,1,WVS_Wave_1
5595,Japan,Female,19.0,18-25,,Urban,1981,1,WVS_Wave_1
5596,Japan,Female,23.0,18-25,Buddhism,Urban,1981,1,WVS_Wave_1
5597,Japan,Male,36.0,36-45,,Urban,1981,1,WVS_Wave_1
5598,Japan,Male,55.0,46-55,Buddhism,Urban,1981,1,WVS_Wave_1
5599,Japan,Male,55.0,46-55,Buddhism,Urban,1981,1,WVS_Wave_1
5600,Japan,Male,40.0,36-45,Buddhism,Urban,1981,1,WVS_Wave_1
5601,Japan,Female,56.0,56-65,Buddhism,Urban,1981,1,WVS_Wave_1
5602,Japan,Male,32.0,26-35,Buddhism,Urban,1981,1,WVS_Wave_1
5603,Japan,Female,25.0,18-25,Buddhism,Urban,1981,1,WVS_Wave_1
5604,Japan,Male,28.0,26-35,,Rural,1981,1,WVS_Wave_1
5605,Japan,Female,68.0,66+,Christianity,Urban,1981,1,WVS_Wave_1
5606,Japan,Female,68.0,66+,Christianity,Urban,1981,1,WVS_Wave_1
5607,Japan,Female,68.0,66+,Christianity,Urban,1981,1,WVS_Wave_1
5608,Japan,Female,38.0,36-45,Christianity,Rural,1981,1,WVS_Wave_1
5609,Japan,Male,34.0,26-35,Buddhism,Rural,1981,1,WVS_Wave_1
5610,Japan,Male,40.0,36-45,Buddhism,Rural,1981,1,WVS_Wave_1
5611,Japan,Male,32.0,26-35,Buddhism,Rural,1981,1,WVS_Wave_1
5612,Japan,Male,38.0,36-45,Buddhism,Rural,1981,1,WVS_Wave_1
5613,Japan,Male,26.0,26-35,Buddhism,Rural,1981,1,WVS_Wave_1
5614,Japan,Male,20.0,18-25,,Rural,1981,1,WVS_Wave_1
5615,Japan,Female,25.0,18-25,Unaffiliated,Urban,1981,1,WVS_Wave_1
5616,Japan,Female,22.0,18-25,,Urban,1981,1,WVS_Wave_1
5617,Japan,Male,33.0,26-35,Buddhism,Rural,1981,1,WVS_Wave_1
5618,Japan,Male,21.0,18-25,,Urban,1981,1,WVS_Wave_1
5619,Japan,Female,50.0,46-55,Buddhism,Rural,1981,1,WVS_Wave_1
5620,Japan,Female,30.0,26-35,Buddhism,Urban,1981,1,WVS_Wave_1
5621,Japan,Male,48.0,46-55,Christianity,Rural,1981,1,WVS_Wave_1
5622,Japan,Female,41.0,36-45,Buddhism,Rural,1981,1,WVS_Wave_1
5623,Japan,Female,61.0,56-65,Buddhism,Rural,1981,1,WVS_Wave_1
5624,Japan,Male,20.0,18-25,,Urban,1981,1,WVS_Wave_1
5625,Japan,Female,25.0,18-25,,Rural,1981,1,WVS_Wave_1
5626,Japan,Male,63.0,56-65,Buddhism,Urban,1981,1,WVS_Wave_1
5627,Japan,Male,25.0,18-25,,Urban,1981,1,WVS_Wave_1
5628,Japan,Female,53.0,46-55,,Urban,1981,1,WVS_Wave_1
5629,Japan,Female,53.0,46-55,,Urban,1981,1,WVS_Wave_1
5630,Japan,Female,40.0,36-45,Buddhism,Urban,1981,1,WVS_Wave_1
5631,Japan,Male,22.0,18-25,Unaffiliated,Urban,1981,1,WVS_Wave_1
5632,Japan,Male,49.0,46-55,Buddhism,Urban,1981,1,WVS_Wave_1
5633,Japan,Male,39.0,36-45,Buddhism,Urban,1981,1,WVS_Wave_1
5634,Japan,Male,26.0,26-35,,Urban,1981,1,WVS_Wave_1
5635,Japan,Female,24.0,18-25,,Urban,1981,1,WVS_Wave_1
5636,Japan,Female,22.0,18-25,Buddhism,Urban,1981,1,WVS_Wave_1
5637,Japan,Female,22.0,18-25,,Urban,1981,1,WVS_Wave_1
5638,Japan,Female,63.0,56-65,Buddhism,Urban,1981,1,WVS_Wave_1
5639,Japan,Male,45.0,36-45,Buddhism,Rural,1981,1,WVS_Wave_1
5640,Japan,Male,30.0,26-35,Buddhism,Rural,1981,1,WVS_Wave_1
5641,Japan,Female,61.0,56-65,Buddhism,Rural,1981,1,WVS_Wave_1
5642,Japan,Female,61.0,56-65,Buddhism,Rural,1981,1,WVS_Wave_1
5643,Japan,Female,22.0,18-25,Buddhism,Rural,1981,1,WVS_Wave_1
5644,Japan,Female,34.0,26-35,,Rural,1981,1,WVS_Wave_1
5645,Japan,Female,71.0,66+,Buddhism,Rural,1981,1,WVS_Wave_1
5646,Japan,Female,20.0,18-25,Buddhism,Rural,1981,1,WVS_Wave_1
5647,Japan,Male,20.0,18-25,Buddhism,Rural,1981,1,WVS_Wave_1
5648,Japan,Male,21.0,18-25,Buddhism,Rural,1981,1,WVS_Wave_1
5649,Japan,Female,29.0,26-35,Buddhism,Urban,1981,1,WVS_Wave_1
5650,Japan,Male,35.0,26-35,,Urban,1981,1,WVS_Wave_1
5651,Japan,Male,33.0,26-35,Buddhism,Urban,1981,1,WVS_Wave_1
5652,Japan,Female,67.0,66+,Buddhism,Urban,1981,1,WVS_Wave_1
5653,Japan,Female,67.0,66+,Buddhism,Urban,1981,1,WVS_Wave_1
5654,Japan,Female,67.0,66+,Buddhism,Urban,1981,1,WVS_Wave_1
5655,Japan,Female,43.0,36-45,,Urban,1981,1,WVS_Wave_1
5656,Japan,Male,32.0,26-35,,Urban,1981,1,WVS_Wave_1
5657,Japan,Female,33.0,26-35,,Urban,1981,1,WVS_Wave_1
5658,Japan,Female,26.0,26-35,Buddhism,Urban,1981,1,WVS_Wave_1
5659,Japan,Female,32.0,26-35,,Urban,1981,1,WVS_Wave_1
5660,Japan,Female,39.0,36-45,,Urban,1981,1,WVS_Wave_1
5661,Japan,Female,40.0,36-45,Buddhism,Urban,1981,1,WVS_Wave_1
5662,Japan,Male,43.0,36-45,Buddhism,Urban,1981,1,WVS_Wave_1
5663,Japan,Male,66.0,66+,Buddhism,Urban,1981,1,WVS_Wave_1
5664,Japan,Female,54.0,46-55,,Urban,1981,1,WVS_Wave_1
5665,Japan,Female,21.0,18-25,Christianity,Urban,1981,1,WVS_Wave_1
5666,Japan,Male,22.0,18-25,,Urban,1981,1,WVS_Wave_1
5667,Japan,Female,20.0,18-25,Buddhism,Urban,1981,1,WVS_Wave_1
5668,Japan,Male,31.0,26-35,Buddhism,Urban,1981,1,WVS_Wave_1
5669,Japan,Male,22.0,18-25,,Urban,1981,1,WVS_Wave_1
5670,Japan,Male,54.0,46-55,Buddhism,Urban,1981,1,WVS_Wave_1
5671,Japan,Female,38.0,36-45,,Urban,1981,1,WVS_Wave_1
5672,Japan,Male,62.0,56-65,Buddhism,Urban,1981,1,WVS_Wave_1
5673,Japan,Male,62.0,56-65,Buddhism,Urban,1981,1,WVS_Wave_1
5674,Japan,Female,46.0,46-55,Buddhism,Urban,1981,1,WVS_Wave_1
5675,Japan,Female,69.0,66+,Buddhism,Urban,1981,1,WVS_Wave_1
5676,Japan,Female,69.0,66+,Buddhism,Urban,1981,1,WVS_Wave_1
5677,Japan,Female,31.0,26-35,,Urban,1981,1,WVS_Wave_1
5678,Japan,Female,40.0,36-45,Buddhism,Urban,1981,1,WVS_Wave_1
5679,Japan,Female,26.0,26-35,Buddhism,Urban,1981,1,WVS_Wave_1
5680,Japan,Female,22.0,18-25,,Urban,1981,1,WVS_Wave_1
5681,Japan,Male,39.0,36-45,Buddhism,Urban,1981,1,WVS_Wave_1
5682,Japan,Male,27.0,26-35,,Urban,1981,1,WVS_Wave_1
5683,Japan,Male,53.0,46-55,Buddhism,Urban,1981,1,WVS_Wave_1
5684,Japan,Male,41.0,36-45,Buddhism,Urban,1981,1,WVS_Wave_1
5685,Japan,Male,25.0,18-25,,Rural,1981,1,WVS_Wave_1
5686,Japan,Female,38.0,36-45,,Urban,1981,1,WVS_Wave_1
5687,Japan,Female,41.0,36-45,Buddhism,Rural,1981,1,WVS_Wave_1
5688,Japan,Male,44.0,36-45,,Rural,1981,1,WVS_Wave_1
5689,Japan,Female,34.0,26-35,Buddhism,Rural,1981,1,WVS_Wave_1
5690,Japan,Female,50.0,46-55,Christianity,Rural,1981,1,WVS_Wave_1
5691,Japan,Male,19.0,18-25,,Rural,1981,1,WVS_Wave_1
5692,Japan,Female,26.0,26-35,,Urban,1981,1,WVS_Wave_1
5693,Japan,Female,30.0,26-35,,Urban,1981,1,WVS_Wave_1
5694,Japan,Male,27.0,26-35,,Urban,1981,1,WVS_Wave_1
5695,Japan,Female,38.0,36-45,Unaffiliated,Urban,1981,1,WVS_Wave_1
5696,Japan,Female,36.0,36-45,Christianity,Urban,1981,1,WVS_Wave_1
5697,Japan,Female,28.0,26-35,,Urban,1981,1,WVS_Wave_1
5698,Japan,Female,26.0,26-35,,Urban,1981,1,WVS_Wave_1
5699,Japan,Female,21.0,18-25,Christianity,Urban,1981,1,WVS_Wave_1
5700,Japan,Male,23.0,18-25,Buddhism,Urban,1981,1,WVS_Wave_1
5701,Japan,Female,59.0,56-65,Christianity,Urban,1981,1,WVS_Wave_1
5702,Japan,Male,39.0,36-45,,Urban,1981,1,WVS_Wave_1
5703,Japan,Female,34.0,26-35,Buddhism,Urban,1981,1,WVS_Wave_1
5704,Japan,Male,47.0,46-55,Buddhism,Urban,1981,1,WVS_Wave_1
5705,Japan,Male,53.0,46-55,Christianity,Urban,1981,1,WVS_Wave_1
5706,Japan,Female,44.0,36-45,Buddhism,Urban,1981,1,WVS_Wave_1
5707,Japan,Male,21.0,18-25,,Urban,1981,1,WVS_Wave_1
5708,Japan,Female,23.0,18-25,Christianity,Urban,1981,1,WVS_Wave_1
5709,Japan,Female,50.0,46-55,Buddhism,Urban,1981,1,WVS_Wave_1
5710,Japan,Male,20.0,18-25,Buddhism,Urban,1981,1,WVS_Wave_1
5711,Japan,Male,53.0,46-55,Buddhism,Urban,1981,1,WVS_Wave_1
5712,Japan,Female,33.0,26-35,,Urban,1981,1,WVS_Wave_1
5713,Japan,Male,21.0,18-25,,Urban,1981,1,WVS_Wave_1
5714,Japan,Female,23.0,18-25,Buddhism,Urban,1981,1,WVS_Wave_1
5715,Japan,Female,22.0,18-25,Buddhism,Urban,1981,1,WVS_Wave_1
5716,Japan,Male,62.0,56-65,Christianity,Urban,1981,1,WVS_Wave_1
5717,Japan,Female,46.0,46-55,Christianity,Urban,1981,1,WVS_Wave_1
5718,Japan,Female,46.0,46-55,Christianity,Urban,1981,1,WVS_Wave_1
5719,Japan,Male,39.0,36-45,Buddhism,Urban,1981,1,WVS_Wave_1
5720,Japan,Male,25.0,18-25,Buddhism,Urban,1981,1,WVS_Wave_1
5721,Japan,Female,43.0,36-45,Christianity,Urban,1981,1,WVS_Wave_1
5722,Japan,Female,20.0,18-25,Buddhism,Urban,1981,1,WVS_Wave_1
5723,Japan,Male,58.0,56-65,Buddhism,Urban,1981,1,WVS_Wave_1
5724,Japan,Male,33.0,26-35,Buddhism,Urban,1981,1,WVS_Wave_1
5725,Japan,Female,38.0,36-45,Buddhism,Urban,1981,1,WVS_Wave_1
5726,Japan,Male,21.0,18-25,Buddhism,Urban,1981,1,WVS_Wave_1
5727,Japan,Female,23.0,18-25,,Urban,1981,1,WVS_Wave_1
5728,Japan,Male,38.0,36-45,Buddhism,Urban,1981,1,WVS_Wave_1
5729,Japan,Female,40.0,36-45,Buddhism,Rural,1981,1,WVS_Wave_1
5730,Japan,Male,37.0,36-45,Buddhism,Rural,1981,1,WVS_Wave_1
5731,Japan,Female,36.0,36-45,Buddhism,Urban,1981,1,WVS_Wave_1
5732,Japan,Male,42.0,36-45,Buddhism,Urban,1981,1,WVS_Wave_1
5733,Japan,Male,62.0,56-65,Buddhism,Urban,1981,1,WVS_Wave_1
5734,Japan,Male,27.0,26-35,,Urban,1981,1,WVS_Wave_1
5735,Japan,Female,27.0,26-35,Buddhism,Urban,1981,1,WVS_Wave_1
5736,Japan,Male,54.0,46-55,Buddhism,Urban,1981,1,WVS_Wave_1
5737,Japan,Male,28.0,26-35,Buddhism,Urban,1981,1,WVS_Wave_1
5738,Japan,Male,36.0,36-45,Buddhism,Urban,1981,1,WVS_Wave_1
5739,Japan,Male,58.0,56-65,Christianity,Urban,1981,1,WVS_Wave_1
5740,Japan,Male,71.0,66+,Buddhism,Urban,1981,1,WVS_Wave_1
5741,Japan,Male,20.0,18-25,,Urban,1981,1,WVS_Wave_1
5742,Japan,Male,25.0,18-25,,Urban,1981,1,WVS_Wave_1
5743,Japan,Female,26.0,26-35,,Urban,1981,1,WVS_Wave_1
5744,Japan,Male,23.0,18-25,,Urban,1981,1,WVS_Wave_1
5745,Japan,Female,27.0,26-35,,Urban,1981,1,WVS_Wave_1
5746,Japan,Female,60.0,56-65,,Urban,1981,1,WVS_Wave_1
5747,Japan,Female,60.0,56-65,Christianity,Urban,1981,1,WVS_Wave_1
5748,Japan,Male,35.0,26-35,,Urban,1981,1,WVS_Wave_1
5749,Japan,Female,26.0,26-35,,Urban,1981,1,WVS_Wave_1
5750,Japan,Female,22.0,18-25,Buddhism,Urban,1981,1,WVS_Wave_1
5751,Japan,Female,39.0,36-45,Buddhism,Urban,1981,1,WVS_Wave_1
5752,Japan,Female,36.0,36-45,Buddhism,Urban,1981,1,WVS_Wave_1
5753,Japan,Male,33.0,26-35,,Urban,1981,1,WVS_Wave_1
5754,Japan,Female,32.0,26-35,,Urban,1981,1,WVS_Wave_1
5755,Japan,Female,55.0,46-55,Buddhism,Urban,1981,1,WVS_Wave_1
5756,Japan,Male,52.0,46-55,Buddhism,Urban,1981,1,WVS_Wave_1
5757,Japan,Female,35.0,26-35,Buddhism,Urban,1981,1,WVS_Wave_1
5758,Japan,Male,24.0,18-25,,Urban,1981,1,WVS_Wave_1
5759,Japan,Female,51.0,46-55,Buddhism,Urban,1981,1,WVS_Wave_1
5760,Japan,Female,31.0,26-35,,Rural,1981,1,WVS_Wave_1
5761,Japan,Male,68.0,66+,Buddhism,Rural,1981,1,WVS_Wave_1
5762,Japan,Female,63.0,56-65,Buddhism,Urban,1981,1,WVS_Wave_1
5763,Japan,Female,45.0,36-45,,Urban,1981,1,WVS_Wave_1
5764,Japan,Female,62.0,56-65,Buddhism,Rural,1981,1,WVS_Wave_1
5765,Japan,Male,22.0,18-25,,Urban,1981,1,WVS_Wave_1
5766,Japan,Male,42.0,36-45,Christianity,Urban,1981,1,WVS_Wave_1
5767,Japan,Male,42.0,36-45,,Urban,1981,1,WVS_Wave_1
5768,Japan,Male,23.0,18-25,,Rural,1981,1,WVS_Wave_1
5769,Japan,Female,70.0,66+,Buddhism,Urban,1981,1,WVS_Wave_1
5770,Japan,Female,70.0,66+,Buddhism,Urban,1981,1,WVS_Wave_1
5771,Japan,Female,70.0,66+,Buddhism,Urban,1981,1,WVS_Wave_1
5772,Japan,Female,20.0,18-25,,Urban,1981,1,WVS_Wave_1
5773,Japan,Female,21.0,18-25,Christianity,Urban,1981,1,WVS_Wave_1
5774,Japan,Male,26.0,26-35,,Urban,1981,1,WVS_Wave_1
5775,Japan,Female,52.0,46-55,Buddhism,Urban,1981,1,WVS_Wave_1
5776,Japan,Female,37.0,36-45,,Urban,1981,1,WVS_Wave_1
5777,Japan,Male,39.0,36-45,,Urban,1981,1,WVS_Wave_1
5778,Japan,Male,35.0,26-35,,Urban,1981,1,WVS_Wave_1
5779,Japan,Male,30.0,26-35,,Urban,1981,1,WVS_Wave_1
5780,Japan,Male,30.0,26-35,,Urban,1981,1,WVS_Wave_1
5781,Japan,Male,24.0,18-25,,Urban,1981,1,WVS_Wave_1
5782,Japan,Male,51.0,46-55,,Urban,1981,1,WVS_Wave_1
5783,Japan,Female,20.0,18-25,,Urban,1981,1,WVS_Wave_1
5784,Japan,Female,43.0,36-45,Buddhism,Urban,1981,1,WVS_Wave_1
5785,Japan,Male,46.0,46-55,,Urban,1981,1,WVS_Wave_1
5786,Japan,Female,35.0,26-35,,Urban,1981,1,WVS_Wave_1
5787,Japan,Male,36.0,36-45,,Urban,1981,1,WVS_Wave_1
5788,Japan,Female,24.0,18-25,,Urban,1981,1,WVS_Wave_1
5789,Japan,Male,21.0,18-25,,Urban,1981,1,WVS_Wave_1
5790,Japan,Male,22.0,18-25,Buddhism,Rural,1981,1,WVS_Wave_1
5791,Japan,Female,22.0,18-25,Buddhism,Urban,1981,1,WVS_Wave_1
5792,Japan,Female,51.0,46-55,Christianity,Rural,1981,1,WVS_Wave_1
5793,Japan,Male,29.0,26-35,Buddhism,Rural,1981,1,WVS_Wave_1
5794,Japan,Male,43.0,36-45,,Rural,1981,1,WVS_Wave_1
5795,Japan,Male,28.0,26-35,Buddhism,Urban,1981,1,WVS_Wave_1
5796,Japan,Female,21.0,18-25,,Urban,1981,1,WVS_Wave_1
5797,Japan,Male,23.0,18-25,Buddhism,Rural,1981,1,WVS_Wave_1
5798,Japan,Male,64.0,56-65,,Rural,1981,1,WVS_Wave_1
5799,Japan,Male,64.0,56-65,,Rural,1981,1,WVS_Wave_1
5800,Japan,Female,20.0,18-25,Christianity,Rural,1981,1,WVS_Wave_1
5801,Japan,Female,35.0,26-35,,Rural,1981,1,WVS_Wave_1
5802,Japan,Male,22.0,18-25,,Rural,1981,1,WVS_Wave_1
5803,Japan,Female,47.0,46-55,Buddhism,Rural,1981,1,WVS_Wave_1
5804,Japan,Male,43.0,36-45,Christianity,Rural,1981,1,WVS_Wave_1
5805,Japan,Male,28.0,26-35,,Rural,1981,1,WVS_Wave_1
5806,Japan,Male,45.0,36-45,,Rural,1981,1,WVS_Wave_1
5807,Japan,Female,32.0,26-35,Buddhism,Rural,1981,1,WVS_Wave_1
5808,Japan,Male,34.0,26-35,,Rural,1981,1,WVS_Wave_1
5809,Japan,Female,20.0,18-25,Buddhism,Rural,1981,1,WVS_Wave_1
5810,Japan,Male,20.0,18-25,,Rural,1981,1,WVS_Wave_1
5811,Japan,Male,22.0,18-25,,Rural,1981,1,WVS_Wave_1
5812,Japan,Female,62.0,56-65,Buddhism,Urban,1981,1,WVS_Wave_1
5813,Japan,Female,62.0,56-65,Buddhism,Urban,1981,1,WVS_Wave_1
5814,Japan,Female,62.0,56-65,Buddhism,Urban,1981,1,WVS_Wave_1
5815,Japan,Female,47.0,46-55,,Urban,1981,1,WVS_Wave_1
5816,Japan,Male,32.0,26-35,,Urban,1981,1,WVS_Wave_1
5817,Japan,Male,60.0,56-65,Christianity,Urban,1981,1,WVS_Wave_1
5818,Japan,Male,60.0,56-65,Christianity,Urban,1981,1,WVS_Wave_1
5819,Japan,Male,20.0,18-25,Buddhism,Urban,1981,1,WVS_Wave_1
5820,Japan,Female,28.0,26-35,Buddhism,Urban,1981,1,WVS_Wave_1
5821,Japan,Male,32.0,26-35,Buddhism,Urban,1981,1,WVS_Wave_1
5822,Japan,Female,46.0,46-55,,Urban,1981,1,WVS_Wave_1
5823,Japan,Female,25.0,18-25,,Urban,1981,1,WVS_Wave_1
5824,Japan,Male,26.0,26-35,,Urban,1981,1,WVS_Wave_1
5825,Japan,Male,40.0,36-45,Buddhism,Urban,1981,1,WVS_Wave_1
5826,Japan,Male,66.0,66+,Buddhism,Urban,1981,1,WVS_Wave_1
5827,Japan,Male,66.0,66+,Buddhism,Urban,1981,1,WVS_Wave_1
5828,Japan,Female,52.0,46-55,Buddhism,Urban,1981,1,WVS_Wave_1
5829,Japan,Female,26.0,26-35,Buddhism,Rural,1981,1,WVS_Wave_1
5830,Japan,Male,27.0,26-35,Buddhism,Urban,1981,1,WVS_Wave_1
5831,Japan,Female,44.0,36-45,Buddhism,Urban,1981,1,WVS_Wave_1
5832,Japan,Male,40.0,36-45,Buddhism,Rural,1981,1,WVS_Wave_1
5833,Japan,Male,56.0,56-65,Buddhism,Urban,1981,1,WVS_Wave_1
5834,Japan,Female,44.0,36-45,Buddhism,Urban,1981,1,WVS_Wave_1
5835,Japan,Male,31.0,26-35,Buddhism,Urban,1981,1,WVS_Wave_1
5836,Japan,Male,26.0,26-35,Buddhism,Rural,1981,1,WVS_Wave_1
5837,Japan,Male,22.0,18-25,,Urban,1981,1,WVS_Wave_1
5838,Japan,Female,25.0,18-25,Buddhism,Urban,1981,1,WVS_Wave_1
5839,Japan,Male,40.0,36-45,Christianity,Urban,1981,1,WVS_Wave_1
5840,Japan,Male,35.0,26-35,Buddhism,Urban,1981,1,WVS_Wave_1
5841,Japan,Female,67.0,66+,,Urban,1981,1,WVS_Wave_1
5842,Japan,Female,67.0,66+,,Urban,1981,1,WVS_Wave_1
5843,Japan,Female,46.0,46-55,,Urban,1981,1,WVS_Wave_1
5844,Japan,Male,23.0,18-25,,Urban,1981,1,WVS_Wave_1
5845,Japan,Female,22.0,18-25,Buddhism,Urban,1981,1,WVS_Wave_1
5846,Japan,Male,57.0,56-65,Buddhism,Urban,1981,1,WVS_Wave_1
5847,Japan,Male,66.0,66+,Buddhism,Urban,1981,1,WVS_Wave_1
5848,Japan,Male,66.0,66+,Buddhism,Urban,1981,1,WVS_Wave_1
5849,Japan,Male,43.0,36-45,Buddhism,Urban,1981,1,WVS_Wave_1
5850,Japan,Female,31.0,26-35,Buddhism,Urban,1981,1,WVS_Wave_1
5851,Japan,Male,25.0,18-25,,Urban,1981,1,WVS_Wave_1
5852,Japan,Male,22.0,18-25,Buddhism,Urban,1981,1,WVS_Wave_1
5853,Japan,Female,21.0,18-25,Buddhism,Urban,1981,1,WVS_Wave_1
5854,Japan,Female,32.0,26-35,Buddhism,Urban,1981,1,WVS_Wave_1
5855,Japan,Male,53.0,46-55,Christianity,Urban,1981,1,WVS_Wave_1
5856,Japan,Female,35.0,26-35,,Urban,1981,1,WVS_Wave_1
5857,Japan,Female,52.0,46-55,Buddhism,Urban,1981,1,WVS_Wave_1
5858,Japan,Female,31.0,26-35,,Urban,1981,1,WVS_Wave_1
5859,Japan,Male,65.0,56-65,Buddhism,Urban,1981,1,WVS_Wave_1
5860,Japan,Male,41.0,36-45,,Urban,1981,1,WVS_Wave_1
5861,Japan,Female,52.0,46-55,Buddhism,Urban,1981,1,WVS_Wave_1
5862,Japan,Male,34.0,26-35,Buddhism,Urban,1981,1,WVS_Wave_1
5863,Japan,Female,33.0,26-35,,Urban,1981,1,WVS_Wave_1
5864,Japan,Male,38.0,36-45,,Urban,1981,1,WVS_Wave_1
5865,Japan,Male,22.0,18-25,Buddhism,Urban,1981,1,WVS_Wave_1
5866,Japan,Female,39.0,36-45,Buddhism,Urban,1981,1,WVS_Wave_1
5867,Japan,Male,42.0,36-45,,Rural,1981,1,WVS_Wave_1
5868,Japan,Female,22.0,18-25,,Rural,1981,1,WVS_Wave_1
5869,Japan,Female,50.0,46-55,Buddhism,Urban,1981,1,WVS_Wave_1
5870,Japan,Female,30.0,26-35,Buddhism,Urban,1981,1,WVS_Wave_1
5871,Japan,Female,49.0,46-55,,Urban,1981,1,WVS_Wave_1
5872,Japan,Female,32.0,26-35,Buddhism,Urban,1981,1,WVS_Wave_1
5873,Japan,Female,26.0,26-35,Buddhism,Urban,1981,1,WVS_Wave_1
5874,Japan,Male,22.0,18-25,,Urban,1981,1,WVS_Wave_1
5875,Japan,Male,63.0,56-65,Buddhism,Urban,1981,1,WVS_Wave_1
5876,Japan,Male,63.0,56-65,Buddhism,Urban,1981,1,WVS_Wave_1
5877,Japan,Male,41.0,36-45,,Urban,1981,1,WVS_Wave_1
5878,Japan,Male,46.0,46-55,Buddhism,Urban,1981,1,WVS_Wave_1
5879,Japan,Male,64.0,56-65,Unaffiliated,Urban,1981,1,WVS_Wave_1
5880,Japan,Male,64.0,56-65,Unaffiliated,Urban,1981,1,WVS_Wave_1
5881,Japan,Female,46.0,46-55,Buddhism,Urban,1981,1,WVS_Wave_1
5882,Japan,Male,25.0,18-25,,Urban,1981,1,WVS_Wave_1
5883,Japan,Male,41.0,36-45,,Urban,1981,1,WVS_Wave_1
5884,Japan,Male,31.0,26-35,Buddhism,Urban,1981,1,WVS_Wave_1
5885,Japan,Female,30.0,26-35,,Urban,1981,1,WVS_Wave_1
5886,Japan,Female,35.0,26-35,,Urban,1981,1,WVS_Wave_1
5887,Japan,Female,42.0,36-45,Buddhism,Urban,1981,1,WVS_Wave_1
5888,Japan,Female,30.0,26-35,Christianity,Urban,1981,1,WVS_Wave_1
5889,Japan,Female,23.0,18-25,Unaffiliated,Urban,1981,1,WVS_Wave_1
5890,Japan,Female,52.0,46-55,Buddhism,Rural,1981,1,WVS_Wave_1
5891,Japan,Male,23.0,18-25,Christianity,Urban,1981,1,WVS_Wave_1
5892,Japan,Male,43.0,36-45,,Urban,1981,1,WVS_Wave_1
5893,Japan,Male,42.0,36-45,,Urban,1981,1,WVS_Wave_1
5894,Japan,Female,38.0,36-45,,Urban,1981,1,WVS_Wave_1
5895,Japan,Male,25.0,18-25,,Urban,1981,1,WVS_Wave_1
5896,Japan,Female,50.0,46-55,Buddhism,Urban,1981,1,WVS_Wave_1
5897,Japan,Female,61.0,56-65,Buddhism,Urban,1981,1,WVS_Wave_1
5898,Japan,Female,30.0,26-35,Buddhism,Urban,1981,1,WVS_Wave_1
5899,Japan,Male,32.0,26-35,Buddhism,Urban,1981,1,WVS_Wave_1
5900,Japan,Female,66.0,66+,Buddhism,Urban,1981,1,WVS_Wave_1
5901,Japan,Female,66.0,66+,Buddhism,Urban,1981,1,WVS_Wave_1
5902,Japan,Female,66.0,66+,Buddhism,Urban,1981,1,WVS_Wave_1
5903,Japan,Male,20.0,18-25,Buddhism,Urban,1981,1,WVS_Wave_1
5904,Japan,Male,25.0,18-25,Buddhism,Urban,1981,1,WVS_Wave_1
9338,Republic of Korea,Male,,,Unaffiliated,Urban,1982,1,WVS_Wave_1
9339,Republic of Korea,Female,,,Christianity,Urban,1982,1,WVS_Wave_1
9340,Republic of Korea,Male,,,Christianity,Urban,1982,1,WVS_Wave_1
9341,Republic of Korea,Male,,,Buddhism,Urban,1982,1,WVS_Wave_1
9342,Republic of Korea,Female,,,Buddhism,Urban,1982,1,WVS_Wave_1
9343,Republic of Korea,Male,,,Unaffiliated,Urban,1982,1,WVS_Wave_1
9344,Republic of Korea,Male,,,Christianity,Urban,1982,1,WVS_Wave_1
9345,Republic of Korea,Male,,,Unaffiliated,Urban,1982,1,WVS_Wave_1
9346,Republic of Korea,Female,,,Unaffiliated,Urban,1982,1,WVS_Wave_1
9347,Republic of Korea,Female,,,Christianity,Rural,1982,1,WVS_Wave_1
9348,Republic of Korea,Male,,,Unaffiliated,Urban,1982,1,WVS_Wave_1
9349,Republic of Korea,Male,,,Unaffiliated,Urban,1982,1,WVS_Wave_1
9350,Republic of Korea,Female,,,Christianity,Urban,1982,1,WVS_Wave_1
9351,Republic of Korea,Male,,,Christianity,Urban,1982,1,WVS_Wave_1
9352,Republic of Korea,Female,,,Unaffiliated,Urban,1982,1,WVS_Wave_1
9353,Republic of Korea,Female,,,Christianity,Urban,1982,1,WVS_Wave_1
9354,Republic of Korea,Male,,,Christianity,Urban,1982,1,WVS_Wave_1
9355,Republic of Korea,Female,,,Christianity,Urban,1982,1,WVS_Wave_1
9356,Republic of Korea,Male,,,Unaffiliated,Urban,1982,1,WVS_Wave_1
9357,Republic of Korea,Female,,,Christianity,Urban,1982,1,WVS_Wave_1
9358,Republic of Korea,Female,,,Unaffiliated,Urban,1982,1,WVS_Wave_1
9359,Republic of Korea,Female,,,Unaffiliated,Urban,1982,1,WVS_Wave_1
9360,Republic of Korea,Male,,,Unaffiliated,Urban,1982,1,WVS_Wave_1
9361,Republic of Korea,Female,,,Buddhism,,1982,1,WVS_Wave_1
9362,Republic of Korea,Male,,,Buddhism,Urban,1982,1,WVS_Wave_1
9363,Republic of Korea,Female,,,Christianity,Urban,1982,1,WVS_Wave_1
9364,Republic of Korea,Male,,,Unaffiliated,Urban,1982,1,WVS_Wave_1
9365,Republic of Korea,Male,,,Buddhism,Urban,1982,1,WVS_Wave_1
9366,Republic of Korea,Male,,,Unaffiliated,Urban,1982,1,WVS_Wave_1
9367,Republic of Korea,Female,,,Christianity,Urban,1982,1,WVS_Wave_1
9368,Republic of Korea,Female,,,Christianity,Urban,1982,1,WVS_Wave_1
9369,Republic of Korea,Female,,,Buddhism,Urban,1982,1,WVS_Wave_1
9370,Republic of Korea,Female,,,Christianity,Urban,1982,1,WVS_Wave_1
9371,Republic of Korea,Male,,,Unaffiliated,Urban,1982,1,WVS_Wave_1
9372,Republic of Korea,Male,,,Christianity,Urban,1982,1,WVS_Wave_1
9373,Republic of Korea,Male,,,Unaffiliated,Urban,1982,1,WVS_Wave_1
9374,Republic of Korea,Male,,,Unaffiliated,Urban,1982,1,WVS_Wave_1
9375,Republic of Korea,Female,,,Unaffiliated,Urban,1982,1,WVS_Wave_1
9376,Republic of Korea,Female,,,Christianity,Urban,1982,1,WVS_Wave_1
9377,Republic of Korea,Male,,,Buddhism,Urban,1982,1,WVS_Wave_1
9378,Republic of Korea,Male,,,Christianity,Urban,1982,1,WVS_Wave_1
9379,Republic of Korea,Male,,,Christianity,Urban,1982,1,WVS_Wave_1
9380,Republic of Korea,Female,,,Unaffiliated,Urban,1982,1,WVS_Wave_1
9381,Republic of Korea,Male,,,,Urban,1982,1,WVS_Wave_1
9382,Republic of Korea,Female,,,Christianity,Urban,1982,1,WVS_Wave_1
9383,Republic of Korea,Female,,,Buddhism,Urban,1982,1,WVS_Wave_1
9384,Republic of Korea,Male,,,Buddhism,Urban,1982,1,WVS_Wave_1
9385,Republic of Korea,Male,,,Buddhism,Urban,1982,1,WVS_Wave_1
9386,Republic of Korea,Male,,,Unaffiliated,Rural,1982,1,WVS_Wave_1
9387,Republic of Korea,Male,,,Unaffiliated,Urban,1982,1,WVS_Wave_1
9388,Republic of Korea,Male,,,Unaffiliated,,1982,1,WVS_Wave_1
9389,Republic of Korea,Female,,,,Urban,1982,1,WVS_Wave_1
9390,Republic of Korea,Female,,,,Urban,1982,1,WVS_Wave_1
9391,Republic of Korea,Female,,,Buddhism,Urban,1982,1,WVS_Wave_1
9392,Republic of Korea,Female,,,Unaffiliated,Rural,1982,1,WVS_Wave_1
9393,Republic of Korea,Female,,,Buddhism,Urban,1982,1,WVS_Wave_1
9394,Republic of Korea,Male,,,Christianity,Urban,1982,1,WVS_Wave_1
9395,Republic of Korea,Female,,,Christianity,Urban,1982,1,WVS_Wave_1
9396,Republic of Korea,Female,,,Unaffiliated,Urban,1982,1,WVS_Wave_1
9397,Republic of Korea,Male,,,Unaffiliated,Urban,1982,1,WVS_Wave_1
9398,Republic of Korea,Male,,,Unaffiliated,Urban,1982,1,WVS_Wave_1
9399,Republic of Korea,Male,,,Christianity,Urban,1982,1,WVS_Wave_1
9400,Republic of Korea,Female,,,Unaffiliated,Urban,1982,1,WVS_Wave_1
9401,Republic of Korea,Female,,,Unaffiliated,Urban,1982,1,WVS_Wave_1
9402,Republic of Korea,Female,,,Unaffiliated,Urban,1982,1,WVS_Wave_1
9403,Republic of Korea,Female,,,Unaffiliated,Urban,1982,1,WVS_Wave_1
9404,Republic of Korea,Male,,,Christianity,Urban,1982,1,WVS_Wave_1
9405,Republic of Korea,Male,,,Unaffiliated,Urban,1982,1,WVS_Wave_1
9406,Republic of Korea,Female,,,Christianity,Urban,1982,1,WVS_Wave_1
9407,Republic of Korea,Male,,,Unaffiliated,Urban,1982,1,WVS_Wave_1
9408,Republic of Korea,Male,,,Christianity,Urban,1982,1,WVS_Wave_1
9409,Republic of Korea,Female,,,Christianity,Urban,1982,1,WVS_Wave_1
9410,Republic of Korea,Female,,,Christianity,Urban,1982,1,WVS_Wave_1
9411,Republic of Korea,Male,,,Unaffiliated,Urban,1982,1,WVS_Wave_1
9412,Republic of Korea,Female,,,Christianity,Urban,1982,1,WVS_Wave_1
9413,Republic of Korea,Female,,,Unaffiliated,Urban,1982,1,WVS_Wave_1
9414,Republic of Korea,Female,,,Christianity,Urban,1982,1,WVS_Wave_1
9415,Republic of Korea,Female,,,Christianity,Urban,1982,1,WVS_Wave_1
9416,Republic of Korea,Male,,,Unaffiliated,Urban,1982,1,WVS_Wave_1
9417,Republic of Korea,Male,,,Unaffiliated,Urban,1982,1,WVS_Wave_1
9418,Republic of Korea,Male,,,Unaffiliated,Urban,1982,1,WVS_Wave_1
9419,Republic of Korea,Male,,,Christianity,Urban,1982,1,WVS_Wave_1
9420,Republic of Korea,Female,,,Buddhism,Urban,1982,1,WVS_Wave_1
9421,Republic of Korea,Female,,,Christianity,Urban,1982,1,WVS_Wave_1
9422,Republic of Korea,Female,,,Christianity,Urban,1982,1,WVS_Wave_1
9423,Republic of Korea,Male,,,Unaffiliated,Urban,1982,1,WVS_Wave_1
9424,Republic of Korea,Male,,,Unaffiliated,Urban,1982,1,WVS_Wave_1
9425,Republic of Korea,Female,,,Unaffiliated,Urban,1982,1,WVS_Wave_1
9426,Republic of Korea,Male,,,Unaffiliated,Urban,1982,1,WVS_Wave_1
9427,Republic of Korea,Male,,,Unaffiliated,Urban,1982,1,WVS_Wave_1
9428,Republic of Korea,Male,,,Unaffiliated,Urban,1982,1,WVS_Wave_1
9429,Republic of Korea,Male,,,Unaffiliated,Urban,1982,1,WVS_Wave_1
9430,Republic of Korea,Male,,,Unaffiliated,Urban,1982,1,WVS_Wave_1
9431,Republic of Korea,Male,,,Unaffiliated,Urban,1982,1,WVS_Wave_1
9432,Republic of Korea,Female,,,Unaffiliated,Urban,1982,1,WVS_Wave_1
9433,Republic of Korea,Female,,,Christianity,Urban,1982,1,WVS_Wave_1
9434,Republic of Korea,Female,,,Buddhism,Urban,1982,1,WVS_Wave_1
9435,Republic of Korea,Female,,,Unaffiliated,Urban,1982,1,WVS_Wave_1
9436,Republic of Korea,Female,,,Christianity,Urban,1982,1,WVS_Wave_1
9437,Republic of Korea,Male,,,Christianity,Urban,1982,1,WVS_Wave_1
9438,Republic of Korea,Male,,,Unaffiliated,Urban,1982,1,WVS_Wave_1
9439,Republic of Korea,Male,,,Unaffiliated,Urban,1982,1,WVS_Wave_1
9440,Republic of Korea,Male,,,Buddhism,Urban,1982,1,WVS_Wave_1
9441,Republic of Korea,Male,,,Unaffiliated,Urban,1982,1,WVS_Wave_1
9442,Republic of Korea,Male,,,Christianity,Urban,1982,1,WVS_Wave_1
9443,Republic of Korea,Female,,,Unaffiliated,Urban,1982,1,WVS_Wave_1
9444,Republic of Korea,Female,,,Buddhism,Urban,1982,1,WVS_Wave_1
9445,Republic of Korea,Female,,,Buddhism,Urban,1982,1,WVS_Wave_1
9446,Republic of Korea,Female,,,Unaffiliated,Urban,1982,1,WVS_Wave_1
9447,Republic of Korea,Female,,,Unaffiliated,Urban,1982,1,WVS_Wave_1
9448,Republic of Korea,Female,,,Unaffiliated,Urban,1982,1,WVS_Wave_1
9449,Republic of Korea,Female,,,Buddhism,Urban,1982,1,WVS_Wave_1
9450,Republic of Korea,Female,,,Buddhism,Urban,1982,1,WVS_Wave_1
9451,Republic of Korea,Female,,,Unaffiliated,Urban,1982,1,WVS_Wave_1
9452,Republic of Korea,Male,,,Unaffiliated,Urban,1982,1,WVS_Wave_1
9453,Republic of Korea,Male,,,Unaffiliated,Urban,1982,1,WVS_Wave_1
9454,Republic of Korea,Male,,,Unaffiliated,Urban,1982,1,WVS_Wave_1
9455,Republic of Korea,Female,,,Unaffiliated,Urban,1982,1,WVS_Wave_1
9456,Republic of Korea,Male,,,Christianity,Urban,1982,1,WVS_Wave_1
9457,Republic of Korea,Female,,,Buddhism,Urban,1982,1,WVS_Wave_1
9458,Republic of Korea,Female,,,Christianity,Urban,1982,1,WVS_Wave_1
9459,Republic of Korea,Female,,,Buddhism,Urban,1982,1,WVS_Wave_1
9460,Republic of Korea,Male,,,Unaffiliated,Rural,1982,1,WVS_Wave_1
9461,Republic of Korea,Male,,,Unaffiliated,Rural,1982,1,WVS_Wave_1
9462,Republic of Korea,Male,,,Christianity,Urban,1982,1,WVS_Wave_1
9463,Republic of Korea,Female,,,Buddhism,Urban,1982,1,WVS_Wave_1
9464,Republic of Korea,Female,,,Unaffiliated,Urban,1982,1,WVS_Wave_1
9465,Republic of Korea,Male,,,Buddhism,Urban,1982,1,WVS_Wave_1
9466,Republic of Korea,Male,,,Unaffiliated,Urban,1982,1,WVS_Wave_1
9467,Republic of Korea,Male,,,Buddhism,,1982,1,WVS_Wave_1
9468,Republic of Korea,Male,,,Unaffiliated,Urban,1982,1,WVS_Wave_1
9469,Republic of Korea,Female,,,Buddhism,Urban,1982,1,WVS_Wave_1
9470,Republic of Korea,Male,,,Christianity,Urban,1982,1,WVS_Wave_1
9471,Republic of Korea,Male,,,Buddhism,Urban,1982,1,WVS_Wave_1
9472,Republic of Korea,Female,,,Buddhism,Urban,1982,1,WVS_Wave_1
9473,Republic of Korea,Female,,,Buddhism,Urban,1982,1,WVS_Wave_1
9474,Republic of Korea,Male,,,Unaffiliated,Urban,1982,1,WVS_Wave_1
9475,Republic of Korea,Female,,,Unaffiliated,Urban,1982,1,WVS_Wave_1
9476,Republic of Korea,Male,,,Unaffiliated,Urban,1982,1,WVS_Wave_1
9477,Republic of Korea,Male,,,Unaffiliated,Urban,1982,1,WVS_Wave_1
9478,Republic of Korea,Male,,,Unaffiliated,Urban,1982,1,WVS_Wave_1
9479,Republic of Korea,Female,,,Christianity,Urban,1982,1,WVS_Wave_1
9480,Republic of Korea,Female,,,Unaffiliated,Urban,1982,1,WVS_Wave_1
9481,Republic of Korea,Female,,,Christianity,Urban,1982,1,WVS_Wave_1
9482,Republic of Korea,Male,,,Unaffiliated,Urban,1982,1,WVS_Wave_1
9483,Republic of Korea,Female,,,Unaffiliated,Urban,1982,1,WVS_Wave_1
9484,Republic of Korea,Female,,,Christianity,Urban,1982,1,WVS_Wave_1
9485,Republic of Korea,Female,,,Christianity,Urban,1982,1,WVS_Wave_1
9486,Republic of Korea,Female,,,Unaffiliated,Urban,1982,1,WVS_Wave_1
9487,Republic of Korea,Female,,,Christianity,Urban,1982,1,WVS_Wave_1
9488,Republic of Korea,Female,,,Christianity,Urban,1982,1,WVS_Wave_1
9489,Republic of Korea,Male,,,Christianity,Urban,1982,1,WVS_Wave_1
9490,Republic of Korea,Female,,,Christianity,Urban,1982,1,WVS_Wave_1
9491,Republic of Korea,Female,,,Christianity,Urban,1982,1,WVS_Wave_1
9492,Republic of Korea,Female,,,Christianity,Urban,1982,1,WVS_Wave_1
9493,Republic of Korea,Female,,,Christianity,Urban,1982,1,WVS_Wave_1
9494,Republic of Korea,Male,,,Buddhism,Urban,1982,1,WVS_Wave_1
9495,Republic of Korea,Female,,,Christianity,Urban,1982,1,WVS_Wave_1
9496,Republic of Korea,Male,,,Unaffiliated,Urban,1982,1,WVS_Wave_1
9497,Republic of Korea,Male,,,Unaffiliated,Urban,1982,1,WVS_Wave_1
9498,Republic of Korea,Male,,,Unaffiliated,Urban,1982,1,WVS_Wave_1
9499,Republic of Korea,Male,,,Unaffiliated,Urban,1982,1,WVS_Wave_1
9500,Republic of Korea,Female,,,Unaffiliated,Urban,1982,1,WVS_Wave_1
9501,Republic of Korea,Female,,,Christianity,Urban,1982,1,WVS_Wave_1
9502,Republic of Korea,Female,,,Christianity,Urban,1982,1,WVS_Wave_1
9503,Republic of Korea,Female,,,Unaffiliated,Urban,1982,1,WVS_Wave_1
9504,Republic of Korea,Female,,,Buddhism,Urban,1982,1,WVS_Wave_1
9505,Republic of Korea,Female,,,Christianity,Urban,1982,1,WVS_Wave_1
9506,Republic of Korea,Female,,,Unaffiliated,Urban,1982,1,WVS_Wave_1
9507,Republic of Korea,Male,,,Unaffiliated,Urban,1982,1,WVS_Wave_1
9508,Republic of Korea,Female,,,Buddhism,Urban,1982,1,WVS_Wave_1
9509,Republic of Korea,Male,,,Unaffiliated,Urban,1982,1,WVS_Wave_1
9510,Republic of Korea,Female,,,Buddhism,Urban,1982,1,WVS_Wave_1
9511,Republic of Korea,Male,,,Buddhism,Urban,1982,1,WVS_Wave_1
9512,Republic of Korea,Female,,,Unaffiliated,Urban,1982,1,WVS_Wave_1
9513,Republic of Korea,Female,,,Unaffiliated,Urban,1982,1,WVS_Wave_1
9514,Republic of Korea,Male,,,Unaffiliated,Urban,1982,1,WVS_Wave_1
9515,Republic of Korea,Male,,,Christianity,Urban,1982,1,WVS_Wave_1
9516,Republic of Korea,Male,,,Unaffiliated,Urban,1982,1,WVS_Wave_1
9517,Republic of Korea,Female,,,Unaffiliated,Urban,1982,1,WVS_Wave_1
9518,Republic of Korea,Male,,,Unaffiliated,Urban,1982,1,WVS_Wave_1
9519,Republic of Korea,Male,,,Christianity,Urban,1982,1,WVS_Wave_1
9520,Republic of Korea,Male,,,Christianity,Urban,1982,1,WVS_Wave_1
9521,Republic of Korea,Female,,,Buddhism,Urban,1982,1,WVS_Wave_1
9522,Republic of Korea,Male,,,Unaffiliated,Urban,1982,1,WVS_Wave_1
9523,Republic of Korea,Female,,,Buddhism,Urban,1982,1,WVS_Wave_1
9524,Republic of Korea,Female,,,Unaffiliated,Urban,1982,1,WVS_Wave_1
9525,Republic of Korea,Female,,,Buddhism,Urban,1982,1,WVS_Wave_1
9526,Republic of Korea,Female,,,Christianity,Urban,1982,1,WVS_Wave_1
9527,Republic of Korea,Male,,,Buddhism,Urban,1982,1,WVS_Wave_1
9528,Republic of Korea,Male,,,Unaffiliated,Urban,1982,1,WVS_Wave_1
9529,Republic of Korea,Female,,,Unaffiliated,Urban,1982,1,WVS_Wave_1
9530,Republic of Korea,Female,,,Buddhism,Urban,1982,1,WVS_Wave_1
9531,Republic of Korea,Female,,,Buddhism,Urban,1982,1,WVS_Wave_1
9532,Republic of Korea,Male,,,Christianity,Urban,1982,1,WVS_Wave_1
9533,Republic of Korea,Female,,,Unaffiliated,Urban,1982,1,WVS_Wave_1
9534,Republic of Korea,Female,,,Unaffiliated,Urban,1982,1,WVS_Wave_1
9535,Republic of Korea,Female,,,Unaffiliated,Urban,1982,1,WVS_Wave_1
9536,Republic of Korea,Female,,,Christianity,Urban,1982,1,WVS_Wave_1
9537,Republic of Korea,Female,,,Buddhism,Urban,1982,1,WVS_Wave_1
9538,Republic of Korea,Female,,,Christianity,Urban,1982,1,WVS_Wave_1
9539,Republic of Korea,Male,,,Unaffiliated,Urban,1982,1,WVS_Wave_1
9540,Republic of Korea,Male,,,Christianity,Urban,1982,1,WVS_Wave_1
9541,Republic of Korea,Male,,,Buddhism,Urban,1982,1,WVS_Wave_1
9542,Republic of Korea,Male,,,Christianity,Urban,1982,1,WVS_Wave_1
9543,Republic of Korea,Female,,,Unaffiliated,Urban,1982,1,WVS_Wave_1
9544,Republic of Korea,Male,,,Buddhism,Urban,1982,1,WVS_Wave_1
9545,Republic of Korea,Female,,,Christianity,Urban,1982,1,WVS_Wave_1
9546,Republic of Korea,Female,,,Christianity,Urban,1982,1,WVS_Wave_1
9547,Republic of Korea,Female,,,Christianity,Urban,1982,1,WVS_Wave_1
9548,Republic of Korea,Male,,,Unaffiliated,Urban,1982,1,WVS_Wave_1
9549,Republic of Korea,Male,,,Christianity,Urban,1982,1,WVS_Wave_1
9550,Republic of Korea,Female,,,,Urban,1982,1,WVS_Wave_1
9551,Republic of Korea,Female,,,,Urban,1982,1,WVS_Wave_1
9552,Republic of Korea,Male,,,Unaffiliated,Urban,1982,1,WVS_Wave_1
9553,Republic of Korea,Male,,,Christianity,Urban,1982,1,WVS_Wave_1
9554,Republic of Korea,Male,,,Christianity,Urban,1982,1,WVS_Wave_1
9555,Republic of Korea,Male,,,Unaffiliated,Urban,1982,1,WVS_Wave_1
9556,Republic of Korea,Male,,,Unaffiliated,Urban,1982,1,WVS_Wave_1
9557,Republic of Korea,Male,,,Buddhism,Urban,1982,1,WVS_Wave_1
9558,Republic of Korea,Female,,,Christianity,Urban,1982,1,WVS_Wave_1
9559,Republic of Korea,Male,,,Unaffiliated,Urban,1982,1,WVS_Wave_1
9560,Republic of Korea,Female,,,,Urban,1982,1,WVS_Wave_1
9561,Republic of Korea,Female,,,,Urban,1982,1,WVS_Wave_1
9562,Republic of Korea,Female,,,Christianity,Urban,1982,1,WVS_Wave_1
9563,Republic of Korea,Male,,,Unaffiliated,Urban,1982,1,WVS_Wave_1
9564,Republic of Korea,Female,,,Unaffiliated,Urban,1982,1,WVS_Wave_1
9565,Republic of Korea,Female,,,Buddhism,Urban,1982,1,WVS_Wave_1
9566,Republic of Korea,Female,,,Buddhism,Urban,1982,1,WVS_Wave_1
9567,Republic of Korea,Female,,,Buddhism,Urban,1982,1,WVS_Wave_1
9568,Republic of Korea,Female,,,Buddhism,Urban,1982,1,WVS_Wave_1
9569,Republic of Korea,Female,,,Buddhism,Urban,1982,1,WVS_Wave_1
9570,Republic of Korea,Female,,,Unaffiliated,Urban,1982,1,WVS_Wave_1
9571,Republic of Korea,Male,,,Unaffiliated,Urban,1982,1,WVS_Wave_1
9572,Republic of Korea,Male,,,Unaffiliated,Urban,1982,1,WVS_Wave_1
9573,Republic of Korea,Female,,,,Urban,1982,1,WVS_Wave_1
9574,Republic of Korea,Female,,,Unaffiliated,Urban,1982,1,WVS_Wave_1
9575,Republic of Korea,Female,,,Christianity,Urban,1982,1,WVS_Wave_1
9576,Republic of Korea,Male,,,Buddhism,Urban,1982,1,WVS_Wave_1
9577,Republic of Korea,Male,,,Buddhism,Urban,1982,1,WVS_Wave_1
9578,Republic of Korea,Female,,,Buddhism,Urban,1982,1,WVS_Wave_1
9579,Republic of Korea,Male,,,Buddhism,Urban,1982,1,WVS_Wave_1
9580,Republic of Korea,Male,,,Christianity,Urban,1982,1,WVS_Wave_1
9581,Republic of Korea,Female,,,,Urban,1982,1,WVS_Wave_1
9582,Republic of Korea,Female,,,Unaffiliated,Urban,1982,1,WVS_Wave_1
9583,Republic of Korea,Male,,,Buddhism,Urban,1982,1,WVS_Wave_1
9584,Republic of Korea,Male,,,Unaffiliated,Urban,1982,1,WVS_Wave_1
9585,Republic of Korea,Male,,,Unaffiliated,Urban,1982,1,WVS_Wave_1
9586,Republic of Korea,Female,,,Christianity,Urban,1982,1,WVS_Wave_1
9587,Republic of Korea,Male,,,Unaffiliated,Urban,1982,1,WVS_Wave_1
9588,Republic of Korea,Female,,,Unaffiliated,Urban,1982,1,WVS_Wave_1
9589,Republic of Korea,Female,,,Buddhism,Urban,1982,1,WVS_Wave_1
9590,Republic of Korea,Female,,,Christianity,Urban,1982,1,WVS_Wave_1
9591,Republic of Korea,Female,,,Unaffiliated,Urban,1982,1,WVS_Wave_1
9592,Republic of Korea,Female,,,Buddhism,Urban,1982,1,WVS_Wave_1
9593,Republic of Korea,Female,,,Unaffiliated,Urban,1982,1,WVS_Wave_1
9594,Republic of Korea,Male,,,Unaffiliated,Urban,1982,1,WVS_Wave_1
9595,Republic of Korea,Male,,,Unaffiliated,Urban,1982,1,WVS_Wave_1
9596,Republic of Korea,Male,,,Unaffiliated,Urban,1982,1,WVS_Wave_1
9597,Republic of Korea,Female,,,Unaffiliated,Urban,1982,1,WVS_Wave_1
9598,Republic of Korea,Male,,,Buddhism,Urban,1982,1,WVS_Wave_1
9599,Republic of Korea,Male,,,Unaffiliated,Urban,1982,1,WVS_Wave_1
9600,Republic of Korea,Female,,,Unaffiliated,Urban,1982,1,WVS_Wave_1
9601,Republic of Korea,Male,,,Unaffiliated,Urban,1982,1,WVS_Wave_1
9602,Republic of Korea,Male,,,Unaffiliated,Urban,1982,1,WVS_Wave_1
9603,Republic of Korea,Female,,,Unaffiliated,Urban,1982,1,WVS_Wave_1
9604,Republic of Korea,Male,,,Christianity,Urban,1982,1,WVS_Wave_1
9605,Republic of Korea,Male,,,Christianity,Urban,1982,1,WVS_Wave_1
9606,Republic of Korea,Male,,,Christianity,Urban,1982,1,WVS_Wave_1
9607,Republic of Korea,Male,,,Unaffiliated,Urban,1982,1,WVS_Wave_1
9608,Republic of Korea,Male,,,Unaffiliated,Urban,1982,1,WVS_Wave_1
9609,Republic of Korea,Male,,,Unaffiliated,Urban,1982,1,WVS_Wave_1
9610,Republic of Korea,Female,,,Unaffiliated,Urban,1982,1,WVS_Wave_1
9611,Republic of Korea,Male,,,Unaffiliated,Urban,1982,1,WVS_Wave_1
9612,Republic of Korea,Female,,,Christianity,Urban,1982,1,WVS_Wave_1
9613,Republic of Korea,Female,,,,Urban,1982,1,WVS_Wave_1
9614,Republic of Korea,Male,,,Unaffiliated,Urban,1982,1,WVS_Wave_1
9615,Republic of Korea,Female,,,Christianity,Urban,1982,1,WVS_Wave_1
9616,Republic of Korea,Male,,,Unaffiliated,Urban,1982,1,WVS_Wave_1
9617,Republic of Korea,Male,,,Christianity,Urban,1982,1,WVS_Wave_1
9618,Republic of Korea,Male,,,Unaffiliated,Urban,1982,1,WVS_Wave_1
9619,Republic of Korea,Male,,,Buddhism,Rural,1982,1,WVS_Wave_1
9620,Republic of Korea,Female,,,Christianity,Urban,1982,1,WVS_Wave_1
9621,Republic of Korea,Male,,,Unaffiliated,Urban,1982,1,WVS_Wave_1
9622,Republic of Korea,Male,,,Unaffiliated,Rural,1982,1,WVS_Wave_1
9623,Republic of Korea,Male,,,Unaffiliated,Urban,1982,1,WVS_Wave_1
9624,Republic of Korea,Male,,,,Urban,1982,1,WVS_Wave_1
9625,Republic of Korea,Female,,,Unaffiliated,Rural,1982,1,WVS_Wave_1
9626,Republic of Korea,Female,,,Unaffiliated,Urban,1982,1,WVS_Wave_1
9627,Republic of Korea,Male,,,Christianity,Urban,1982,1,WVS_Wave_1
9628,Republic of Korea,Female,,,Unaffiliated,Urban,1982,1,WVS_Wave_1
9629,Republic of Korea,Male,,,Christianity,Urban,1982,1,WVS_Wave_1
9630,Republic of Korea,Male,,,Unaffiliated,Urban,1982,1,WVS_Wave_1
9631,Republic of Korea,Male,,,Unaffiliated,Urban,1982,1,WVS_Wave_1
9632,Republic of Korea,Male,,,Unaffiliated,Urban,1982,1,WVS_Wave_1
9633,Republic of Korea,Female,,,Unaffiliated,Urban,1982,1,WVS_Wave_1
9634,Republic of Korea,Male,,,Buddhism,Urban,1982,1,WVS_Wave_1
9635,Republic of Korea,Female,,,Unaffiliated,Rural,1982,1,WVS_Wave_1
9636,Republic of Korea,Female,,,Unaffiliated,Rural,1982,1,WVS_Wave_1
9637,Republic of Korea,Male,,,Christianity,Rural,1982,1,WVS_Wave_1
9638,Republic of Korea,Female,,,Unaffiliated,Urban,1982,1,WVS_Wave_1
9639,Republic of Korea,Female,,,Christianity,Urban,1982,1,WVS_Wave_1
9640,Republic of Korea,Male,,,Buddhism,Urban,1982,1,WVS_Wave_1
9641,Republic of Korea,Female,,,Unaffiliated,Rural,1982,1,WVS_Wave_1
9642,Republic of Korea,Male,,,Unaffiliated,Rural,1982,1,WVS_Wave_1
9643,Republic of Korea,Male,,,Unaffiliated,Urban,1982,1,WVS_Wave_1
9644,Republic of Korea,Female,,,Buddhism,Rural,1982,1,WVS_Wave_1
9645,Republic of Korea,Female,,,Unaffiliated,Urban,1982,1,WVS_Wave_1
9646,Republic of Korea,Female,,,,Rural,1982,1,WVS_Wave_1
9647,Republic of Korea,Female,,,Unaffiliated,Rural,1982,1,WVS_Wave_1
9648,Republic of Korea,Female,,,Unaffiliated,Urban,1982,1,WVS_Wave_1
9649,Republic of Korea,Male,,,Christianity,Urban,1982,1,WVS_Wave_1
9650,Republic of Korea,Male,,,Buddhism,Urban,1982,1,WVS_Wave_1
9651,Republic of Korea,Male,,,Unaffiliated,Rural,1982,1,WVS_Wave_1
9652,Republic of Korea,Male,,,Christianity,Urban,1982,1,WVS_Wave_1
9653,Republic of Korea,Male,,,Unaffiliated,Urban,1982,1,WVS_Wave_1
9654,Republic of Korea,Male,,,Unaffiliated,Urban,1982,1,WVS_Wave_1
9655,Republic of Korea,Female,,,Buddhism,Urban,1982,1,WVS_Wave_1
9656,Republic of Korea,Female,,,Unaffiliated,Urban,1982,1,WVS_Wave_1
9657,Republic of Korea,Male,,,Unaffiliated,Urban,1982,1,WVS_Wave_1
9658,Republic of Korea,Female,,,Buddhism,Urban,1982,1,WVS_Wave_1
9659,Republic of Korea,Male,,,Unaffiliated,Urban,1982,1,WVS_Wave_1
9660,Republic of Korea,Female,,,Buddhism,Urban,1982,1,WVS_Wave_1
9661,Republic of Korea,Female,,,Buddhism,Urban,1982,1,WVS_Wave_1
9662,Republic of Korea,Female,,,Buddhism,Urban,1982,1,WVS_Wave_1
9663,Republic of Korea,Male,,,Buddhism,Urban,1982,1,WVS_Wave_1
9664,Republic of Korea,Female,,,Buddhism,Urban,1982,1,WVS_Wave_1
9665,Republic of Korea,Male,,,Unaffiliated,Urban,1982,1,WVS_Wave_1
9666,Republic of Korea,Female,,,Buddhism,Urban,1982,1,WVS_Wave_1
9667,Republic of Korea,Male,,,Unaffiliated,Urban,1982,1,WVS_Wave_1
9668,Republic of Korea,Male,,,Unaffiliated,Urban,1982,1,WVS_Wave_1
9669,Republic of Korea,Female,,,Unaffiliated,Urban,1982,1,WVS_Wave_1
9670,Republic of Korea,Female,,,Christianity,Urban,1982,1,WVS_Wave_1
9671,Republic of Korea,Female,,,Buddhism,Urban,1982,1,WVS_Wave_1
9672,Republic of Korea,Female,,,Unaffiliated,Urban,1982,1,WVS_Wave_1
9673,Republic of Korea,Female,,,Buddhism,Urban,1982,1,WVS_Wave_1
9674,Republic of Korea,Male,,,Unaffiliated,Urban,1982,1,WVS_Wave_1
9675,Republic of Korea,Female,,,Buddhism,Urban,1982,1,WVS_Wave_1
9676,Republic of Korea,Female,,,Buddhism,Urban,1982,1,WVS_Wave_1
9677,Republic of Korea,Male,,,Buddhism,Urban,1982,1,WVS_Wave_1
9678,Republic of Korea,Female,,,Buddhism,Urban,1982,1,WVS_Wave_1
9679,Republic of Korea,Male,,,Unaffiliated,Urban,1982,1,WVS_Wave_1
9680,Republic of Korea,Male,,,Unaffiliated,Urban,1982,1,WVS_Wave_1
9681,Republic of Korea,Male,,,Buddhism,Rural,1982,1,WVS_Wave_1
9682,Republic of Korea,Male,,,Buddhism,Rural,1982,1,WVS_Wave_1
9683,Republic of Korea,Female,,,Unaffiliated,Rural,1982,1,WVS_Wave_1
9684,Republic of Korea,Male,,,Buddhism,Rural,1982,1,WVS_Wave_1
9685,Republic of Korea,Female,,,Buddhism,Rural,1982,1,WVS_Wave_1
9686,Republic of Korea,Female,,,Christianity,Rural,1982,1,WVS_Wave_1
9687,Republic of Korea,Male,,,Buddhism,Rural,1982,1,WVS_Wave_1
9688,Republic of Korea,Female,,,Buddhism,Urban,1982,1,WVS_Wave_1
9689,Republic of Korea,Female,,,Buddhism,Urban,1982,1,WVS_Wave_1
9690,Republic of Korea,Female,,,Christianity,Rural,1982,1,WVS_Wave_1
9691,Republic of Korea,Female,,,Buddhism,Rural,1982,1,WVS_Wave_1
9692,Republic of Korea,Female,,,Buddhism,Rural,1982,1,WVS_Wave_1
9693,Republic of Korea,Male,,,Unaffiliated,Rural,1982,1,WVS_Wave_1
9694,Republic of Korea,Male,,,Unaffiliated,Urban,1982,1,WVS_Wave_1
9695,Republic of Korea,Male,,,Buddhism,Rural,1982,1,WVS_Wave_1
9696,Republic of Korea,Female,,,Unaffiliated,Rural,1982,1,WVS_Wave_1
9697,Republic of Korea,Female,,,Unaffiliated,Rural,1982,1,WVS_Wave_1
9698,Republic of Korea,Female,,,Unaffiliated,Rural,1982,1,WVS_Wave_1
9699,Republic of Korea,Male,,,Unaffiliated,Rural,1982,1,WVS_Wave_1
9700,Republic of Korea,Male,,,Christianity,Rural,1982,1,WVS_Wave_1
9701,Republic of Korea,Male,,,Unaffiliated,Rural,1982,1,WVS_Wave_1
9702,Republic of Korea,Female,,,Christianity,Rural,1982,1,WVS_Wave_1
9703,Republic of Korea,Female,,,Unaffiliated,Rural,1982,1,WVS_Wave_1
9704,Republic of Korea,Male,,,Christianity,Rural,1982,1,WVS_Wave_1
9705,Republic of Korea,Male,,,Christianity,Rural,1982,1,WVS_Wave_1
9706,Republic of Korea,Female,,,Christianity,Urban,1982,1,WVS_Wave_1
9707,Republic of Korea,Male,,,Unaffiliated,Urban,1982,1,WVS_Wave_1
9708,Republic of Korea,Female,,,Christianity,Urban,1982,1,WVS_Wave_1
9709,Republic of Korea,Female,,,Christianity,Urban,1982,1,WVS_Wave_1
9710,Republic of Korea,Male,,,Christianity,Urban,1982,1,WVS_Wave_1
9711,Republic of Korea,Male,,,Unaffiliated,Urban,1982,1,WVS_Wave_1
9712,Republic of Korea,Female,,,Christianity,Urban,1982,1,WVS_Wave_1
9713,Republic of Korea,Female,,,Christianity,,1982,1,WVS_Wave_1
9714,Republic of Korea,Female,,,Christianity,Urban,1982,1,WVS_Wave_1
9715,Republic of Korea,Female,,,Unaffiliated,Urban,1982,1,WVS_Wave_1
9716,Republic of Korea,Female,,,Christianity,Urban,1982,1,WVS_Wave_1
9717,Republic of Korea,Female,,,Christianity,Urban,1982,1,WVS_Wave_1
9718,Republic of Korea,Female,,,Buddhism,Urban,1982,1,WVS_Wave_1
9719,Republic of Korea,Male,,,Unaffiliated,Urban,1982,1,WVS_Wave_1
9720,Republic of Korea,Female,,,Christianity,Urban,1982,1,WVS_Wave_1
9721,Republic of Korea,Female,,,Unaffiliated,Urban,1982,1,WVS_Wave_1
9722,Republic of Korea,Female,,,Buddhism,Urban,1982,1,WVS_Wave_1
9723,Republic of Korea,Male,,,Christianity,Rural,1982,1,WVS_Wave_1
9724,Republic of Korea,Male,,,Buddhism,Rural,1982,1,WVS_Wave_1
9725,Republic of Korea,Male,,,Christianity,Rural,1982,1,WVS_Wave_1
9726,Republic of Korea,Female,,,Unaffiliated,Urban,1982,1,WVS_Wave_1
9727,Republic of Korea,Female,,,Unaffiliated,Urban,1982,1,WVS_Wave_1
9728,Republic of Korea,Female,,,Unaffiliated,Urban,1982,1,WVS_Wave_1
9729,Republic of Korea,Female,,,Buddhism,Urban,1982,1,WVS_Wave_1
9730,Republic of Korea,Female,,,Christianity,Urban,1982,1,WVS_Wave_1
9731,Republic of Korea,Female,,,Unaffiliated,Rural,1982,1,WVS_Wave_1
9732,Republic of Korea,Female,,,Christianity,Urban,1982,1,WVS_Wave_1
9733,Republic of Korea,Female,,,Christianity,Urban,1982,1,WVS_Wave_1
9734,Republic of Korea,Female,,,Unaffiliated,Urban,1982,1,WVS_Wave_1
9735,Republic of Korea,Female,,,Christianity,Urban,1982,1,WVS_Wave_1
9736,Republic of Korea,Female,,,Buddhism,Urban,1982,1,WVS_Wave_1
9737,Republic of Korea,Female,,,Unaffiliated,Rural,1982,1,WVS_Wave_1
9738,Republic of Korea,Female,,,Unaffiliated,Rural,1982,1,WVS_Wave_1
9739,Republic of Korea,Female,,,Buddhism,Rural,1982,1,WVS_Wave_1
9740,Republic of Korea,Female,,,Unaffiliated,Rural,1982,1,WVS_Wave_1
9741,Republic of Korea,Female,,,Buddhism,Rural,1982,1,WVS_Wave_1
9742,Republic of Korea,Female,,,Buddhism,Rural,1982,1,WVS_Wave_1
9743,Republic of Korea,Female,,,Christianity,Rural,1982,1,WVS_Wave_1
9744,Republic of Korea,Female,,,Buddhism,Urban,1982,1,WVS_Wave_1
9745,Republic of Korea,Female,,,Buddhism,Urban,1982,1,WVS_Wave_1
9746,Republic of Korea,Female,,,Unaffiliated,Rural,1982,1,WVS_Wave_1
9747,Republic of Korea,Female,,,Unaffiliated,Urban,1982,1,WVS_Wave_1
9748,Republic of Korea,Female,,,Unaffiliated,Rural,1982,1,WVS_Wave_1
9749,Republic of Korea,Female,,,Buddhism,Rural,1982,1,WVS_Wave_1
9750,Republic of Korea,Female,,,Buddhism,Rural,1982,1,WVS_Wave_1
9751,Republic of Korea,Female,,,Buddhism,Rural,1982,1,WVS_Wave_1
9752,Republic of Korea,Female,,,Buddhism,Rural,1982,1,WVS_Wave_1
9753,Republic of Korea,Female,,,Unaffiliated,Urban,1982,1,WVS_Wave_1
9754,Republic of Korea,Female,,,Christianity,Rural,1982,1,WVS_Wave_1
9755,Republic of Korea,Female,,,Unaffiliated,Rural,1982,1,WVS_Wave_1
9756,Republic of Korea,Female,,,Unaffiliated,Rural,1982,1,WVS_Wave_1
9757,Republic of Korea,Female,,,Christianity,Rural,1982,1,WVS_Wave_1
9758,Republic of Korea,Female,,,Buddhism,Rural,1982,1,WVS_Wave_1
9759,Republic of Korea,Female,,,Unaffiliated,Rural,1982,1,WVS_Wave_1
9760,Republic of Korea,Male,,,Unaffiliated,Rural,1982,1,WVS_Wave_1
9761,Republic of Korea,Male,,,Unaffiliated,Rural,1982,1,WVS_Wave_1
9762,Republic of Korea,Male,,,Unaffiliated,Urban,1982,1,WVS_Wave_1
9763,Republic of Korea,Male,,,Unaffiliated,Rural,1982,1,WVS_Wave_1
9764,Republic of Korea,Male,,,Christianity,Rural,1982,1,WVS_Wave_1
9765,Republic of Korea,Male,,,Christianity,Rural,1982,1,WVS_Wave_1
9766,Republic of Korea,Male,,,Buddhism,Urban,1982,1,WVS_Wave_1
9767,Republic of Korea,Male,,,Unaffiliated,Urban,1982,1,WVS_Wave_1
9768,Republic of Korea,Male,,,,Rural,1982,1,WVS_Wave_1
9769,Republic of Korea,Male,,,Buddhism,Rural,1982,1,WVS_Wave_1
9770,Republic of Korea,Male,,,Buddhism,Rural,1982,1,WVS_Wave_1
9771,Republic of Korea,Male,,,Unaffiliated,Rural,1982,1,WVS_Wave_1
9772,Republic of Korea,Male,,,Unaffiliated,Rural,1982,1,WVS_Wave_1
9773,Republic of Korea,Male,,,Unaffiliated,Rural,1982,1,WVS_Wave_1
9774,Republic of Korea,Male,,,Unaffiliated,Urban,1982,1,WVS_Wave_1
9775,Republic of Korea,Male,,,Unaffiliated,Rural,1982,1,WVS_Wave_1
9776,Republic of Korea,Male,,,Unaffiliated,Rural,1982,1,WVS_Wave_1
9777,Republic of Korea,Male,,,Unaffiliated,Rural,1982,1,WVS_Wave_1
9778,Republic of Korea,Male,,,Unaffiliated,Rural,1982,1,WVS_Wave_1
9779,Republic of Korea,Male,,,Buddhism,Rural,1982,1,WVS_Wave_1
9780,Republic of Korea,Male,,,Unaffiliated,Rural,1982,1,WVS_Wave_1
9781,Republic of Korea,Male,,,Unaffiliated,Rural,1982,1,WVS_Wave_1
9782,Republic of Korea,Male,,,Buddhism,Rural,1982,1,WVS_Wave_1
9783,Republic of Korea,Male,,,Unaffiliated,Rural,1982,1,WVS_Wave_1
9784,Republic of Korea,Male,,,Christianity,Rural,1982,1,WVS_Wave_1
9785,Republic of Korea,Male,,,Unaffiliated,Rural,1982,1,WVS_Wave_1
9786,Republic of Korea,Female,,,Christianity,Urban,1982,1,WVS_Wave_1
9787,Republic of Korea,Female,,,Buddhism,Urban,1982,1,WVS_Wave_1
9788,Republic of Korea,Female,,,Unaffiliated,Urban,1982,1,WVS_Wave_1
9789,Republic of Korea,Female,,,Unaffiliated,Urban,1982,1,WVS_Wave_1
9790,Republic of Korea,Female,,,Buddhism,Urban,1982,1,WVS_Wave_1
9791,Republic of Korea,Female,,,Islam,Urban,1982,1,WVS_Wave_1
9792,Republic of Korea,Female,,,Unaffiliated,Urban,1982,1,WVS_Wave_1
9793,Republic of Korea,Female,,,Buddhism,Urban,1982,1,WVS_Wave_1
9794,Republic of Korea,Male,,,Buddhism,Urban,1982,1,WVS_Wave_1
9795,Republic of Korea,Male,,,Unaffiliated,Urban,1982,1,WVS_Wave_1
9796,Republic of Korea,Male,,,Christianity,Urban,1982,1,WVS_Wave_1
9797,Republic of Korea,Male,,,Unaffiliated,Urban,1982,1,WVS_Wave_1
9798,Republic of Korea,Male,,,Unaffiliated,Urban,1982,1,WVS_Wave_1
9799,Republic of Korea,Male,,,Buddhism,Urban,1982,1,WVS_Wave_1
9800,Republic of Korea,Female,,,Buddhism,Urban,1982,1,WVS_Wave_1
9801,Republic of Korea,Male,,,Buddhism,Urban,1982,1,WVS_Wave_1
9802,Republic of Korea,Male,,,Buddhism,Urban,1982,1,WVS_Wave_1
9803,Republic of Korea,Male,,,Buddhism,Urban,1982,1,WVS_Wave_1
9804,Republic of Korea,Female,,,Buddhism,Urban,1982,1,WVS_Wave_1
9805,Republic of Korea,Female,,,Unaffiliated,Urban,1982,1,WVS_Wave_1
9806,Republic of Korea,Female,,,Buddhism,Rural,1982,1,WVS_Wave_1
9807,Republic of Korea,Female,,,Christianity,Urban,1982,1,WVS_Wave_1
9808,Republic of Korea,Female,,,Unaffiliated,Rural,1982,1,WVS_Wave_1
9809,Republic of Korea,Female,,,Buddhism,Rural,1982,1,WVS_Wave_1
9810,Republic of Korea,Female,,,Buddhism,Rural,1982,1,WVS_Wave_1
9811,Republic of Korea,Female,,,Buddhism,Urban,1982,1,WVS_Wave_1
9812,Republic of Korea,Female,,,Unaffiliated,Rural,1982,1,WVS_Wave_1
9813,Republic of Korea,Female,,,Unaffiliated,Rural,1982,1,WVS_Wave_1
9814,Republic of Korea,Female,,,Unaffiliated,Rural,1982,1,WVS_Wave_1
9815,Republic of Korea,Female,,,Unaffiliated,Rural,1982,1,WVS_Wave_1
9816,Republic of Korea,Male,,,Buddhism,Rural,1982,1,WVS_Wave_1
9817,Republic of Korea,Male,,,Unaffiliated,Urban,1982,1,WVS_Wave_1
9818,Republic of Korea,Male,,,Unaffiliated,Urban,1982,1,WVS_Wave_1
9819,Republic of Korea,Male,,,Unaffiliated,Urban,1982,1,WVS_Wave_1
9820,Republic of Korea,Male,,,Unaffiliated,Urban,1982,1,WVS_Wave_1
9821,Republic of Korea,Male,,,Unaffiliated,Rural,1982,1,WVS_Wave_1
9822,Republic of Korea,Male,,,Christianity,Urban,1982,1,WVS_Wave_1
9823,Republic of Korea,Male,,,Christianity,Rural,1982,1,WVS_Wave_1
9824,Republic of Korea,Male,,,Buddhism,Rural,1982,1,WVS_Wave_1
9825,Republic of Korea,Male,,,Unaffiliated,Rural,1982,1,WVS_Wave_1
9826,Republic of Korea,Male,,,Unaffiliated,Urban,1982,1,WVS_Wave_1
9827,Republic of Korea,Male,,,Unaffiliated,Rural,1982,1,WVS_Wave_1
9828,Republic of Korea,Female,,,Christianity,Urban,1982,1,WVS_Wave_1
9829,Republic of Korea,Female,,,Christianity,Urban,1982,1,WVS_Wave_1
9830,Republic of Korea,Female,,,Buddhism,Urban,1982,1,WVS_Wave_1
9831,Republic of Korea,Female,,,Unaffiliated,Urban,1982,1,WVS_Wave_1
9832,Republic of Korea,Female,,,Unaffiliated,Urban,1982,1,WVS_Wave_1
9833,Republic of Korea,Male,,,Buddhism,Urban,1982,1,WVS_Wave_1
9834,Republic of Korea,Male,,,Unaffiliated,Urban,1982,1,WVS_Wave_1
9835,Republic of Korea,Male,,,Christianity,Urban,1982,1,WVS_Wave_1
9836,Republic of Korea,Male,,,Unaffiliated,Urban,1982,1,WVS_Wave_1
9837,Republic of Korea,Male,,,Buddhism,Urban,1982,1,WVS_Wave_1
9838,Republic of Korea,Female,,,Christianity,,1982,1,WVS_Wave_1
9839,Republic of Korea,Female,,,Christianity,Urban,1982,1,WVS_Wave_1
9840,Republic of Korea,Male,,,Christianity,Urban,1982,1,WVS_Wave_1
9841,Republic of Korea,Male,,,Buddhism,Urban,1982,1,WVS_Wave_1
9842,Republic of Korea,Female,,,Christianity,Urban,1982,1,WVS_Wave_1
9843,Republic of Korea,Female,,,Buddhism,Urban,1982,1,WVS_Wave_1
9844,Republic of Korea,Male,,,Unaffiliated,Urban,1982,1,WVS_Wave_1
9845,Republic of Korea,Female,,,Christianity,Urban,1982,1,WVS_Wave_1
9846,Republic of Korea,Male,,,Unaffiliated,Urban,1982,1,WVS_Wave_1
9847,Republic of Korea,Male,,,Unaffiliated,Urban,1982,1,WVS_Wave_1
9848,Republic of Korea,Male,,,Buddhism,Urban,1982,1,WVS_Wave_1
9849,Republic of Korea,Female,,,Unaffiliated,Urban,1982,1,WVS_Wave_1
9850,Republic of Korea,Female,,,Unaffiliated,Urban,1982,1,WVS_Wave_1
9851,Republic of Korea,Female,,,Buddhism,Urban,1982,1,WVS_Wave_1
9852,Republic of Korea,Male,,,Unaffiliated,Urban,1982,1,WVS_Wave_1
9853,Republic of Korea,Male,,,Unaffiliated,Urban,1982,1,WVS_Wave_1
9854,Republic of Korea,Female,,,Christianity,Urban,1982,1,WVS_Wave_1
9855,Republic of Korea,Male,,,Unaffiliated,Urban,1982,1,WVS_Wave_1
9856,Republic of Korea,Male,,,Unaffiliated,Rural,1982,1,WVS_Wave_1
9857,Republic of Korea,Female,,,Unaffiliated,Rural,1982,1,WVS_Wave_1
9858,Republic of Korea,Male,,,Unaffiliated,Rural,1982,1,WVS_Wave_1
9859,Republic of Korea,Female,,,Unaffiliated,Rural,1982,1,WVS_Wave_1
9860,Republic of Korea,Male,,,Unaffiliated,Rural,1982,1,WVS_Wave_1
9861,Republic of Korea,Male,,,Unaffiliated,Rural,1982,1,WVS_Wave_1
9862,Republic of Korea,Female,,,Unaffiliated,,1982,1,WVS_Wave_1
9863,Republic of Korea,Male,,,Christianity,Rural,1982,1,WVS_Wave_1
9864,Republic of Korea,Male,,,Unaffiliated,Urban,1982,1,WVS_Wave_1
9865,Republic of Korea,Female,,,Christianity,Rural,1982,1,WVS_Wave_1
9866,Republic of Korea,Female,,,Buddhism,Rural,1982,1,WVS_Wave_1
9867,Republic of Korea,Female,,,Unaffiliated,Rural,1982,1,WVS_Wave_1
9868,Republic of Korea,Female,,,Christianity,Rural,1982,1,WVS_Wave_1
9869,Republic of Korea,Female,,,Hinduism,Rural,1982,1,WVS_Wave_1
9870,Republic of Korea,Female,,,Unaffiliated,Urban,1982,1,WVS_Wave_1
9871,Republic of Korea,Male,,,Unaffiliated,Rural,1982,1,WVS_Wave_1
9872,Republic of Korea,Male,,,Unaffiliated,Rural,1982,1,WVS_Wave_1
9873,Republic of Korea,Male,,,Unaffiliated,Rural,1982,1,WVS_Wave_1
9874,Republic of Korea,Female,,,Buddhism,Rural,1982,1,WVS_Wave_1
9875,Republic of Korea,Female,,,Unaffiliated,Urban,1982,1,WVS_Wave_1
9876,Republic of Korea,Female,,,Unaffiliated,Urban,1982,1,WVS_Wave_1
9877,Republic of Korea,Male,,,Unaffiliated,Urban,1982,1,WVS_Wave_1
9878,Republic of Korea,Male,,,Unaffiliated,Urban,1982,1,WVS_Wave_1
9879,Republic of Korea,Female,,,Unaffiliated,Urban,1982,1,WVS_Wave_1
9880,Republic of Korea,Female,,,Unaffiliated,Urban,1982,1,WVS_Wave_1
9881,Republic of Korea,Female,,,Unaffiliated,Urban,1982,1,WVS_Wave_1
9882,Republic of Korea,Female,,,Christianity,,1982,1,WVS_Wave_1
9883,Republic of Korea,Female,,,Christianity,,1982,1,WVS_Wave_1
9884,Republic of Korea,Female,,,Christianity,Urban,1982,1,WVS_Wave_1
9885,Republic of Korea,Female,,,Unaffiliated,Urban,1982,1,WVS_Wave_1
9886,Republic of Korea,Female,,,Christianity,Urban,1982,1,WVS_Wave_1
9887,Republic of Korea,Female,,,Unaffiliated,Urban,1982,1,WVS_Wave_1
9888,Republic of Korea,Female,,,Unaffiliated,Urban,1982,1,WVS_Wave_1
9889,Republic of Korea,Female,,,Unaffiliated,Urban,1982,1,WVS_Wave_1
9890,Republic of Korea,Female,,,Buddhism,Rural,1982,1,WVS_Wave_1
9891,Republic of Korea,Female,,,Christianity,Rural,1982,1,WVS_Wave_1
9892,Republic of Korea,Male,,,Christianity,Rural,1982,1,WVS_Wave_1
9893,Republic of Korea,Female,,,Buddhism,Urban,1982,1,WVS_Wave_1
9894,Republic of Korea,Male,,,Buddhism,Urban,1982,1,WVS_Wave_1
9895,Republic of Korea,Female,,,,Urban,1982,1,WVS_Wave_1
9896,Republic of Korea,Female,,,Buddhism,Urban,1982,1,WVS_Wave_1
9897,Republic of Korea,Female,,,Buddhism,Urban,1982,1,WVS_Wave_1
9898,Republic of Korea,Male,,,Unaffiliated,Urban,1982,1,WVS_Wave_1
9899,Republic of Korea,Male,,,Unaffiliated,Urban,1982,1,WVS_Wave_1
9900,Republic of Korea,Male,,,,Urban,1982,1,WVS_Wave_1
9901,Republic of Korea,Female,,,Buddhism,,1982,1,WVS_Wave_1
9902,Republic of Korea,Male,,,Buddhism,Urban,1982,1,WVS_Wave_1
9903,Republic of Korea,Male,,,Unaffiliated,Urban,1982,1,WVS_Wave_1
9904,Republic of Korea,Male,,,Unaffiliated,Urban,1982,1,WVS_Wave_1
9905,Republic of Korea,Male,,,Unaffiliated,Rural,1982,1,WVS_Wave_1
9906,Republic of Korea,Female,,,Unaffiliated,Rural,1982,1,WVS_Wave_1
9907,Republic of Korea,Female,,,Buddhism,,1982,1,WVS_Wave_1
9908,Republic of Korea,Male,,,Buddhism,Urban,1982,1,WVS_Wave_1
9909,Republic of Korea,Male,,,Unaffiliated,Urban,1982,1,WVS_Wave_1
9910,Republic of Korea,Female,,,Unaffiliated,Urban,1982,1,WVS_Wave_1
9911,Republic of Korea,Female,,,Unaffiliated,Urban,1982,1,WVS_Wave_1
9912,Republic of Korea,Male,,,Unaffiliated,Urban,1982,1,WVS_Wave_1
9913,Republic of Korea,Female,,,Unaffiliated,Urban,1982,1,WVS_Wave_1
9914,Republic of Korea,Female,,,Christianity,Urban,1982,1,WVS_Wave_1
9915,Republic of Korea,Female,,,Buddhism,Urban,1982,1,WVS_Wave_1
9916,Republic of Korea,Female,,,Christianity,Urban,1982,1,WVS_Wave_1
9917,Republic of Korea,Male,,,Unaffiliated,Urban,1982,1,WVS_Wave_1
9918,Republic of Korea,Male,,,Unaffiliated,Urban,1982,1,WVS_Wave_1
9919,Republic of Korea,Female,,,Buddhism,Urban,1982,1,WVS_Wave_1
9920,Republic of Korea,Male,,,Unaffiliated,Rural,1982,1,WVS_Wave_1
9921,Republic of Korea,Female,,,Unaffiliated,Rural,1982,1,WVS_Wave_1
9922,Republic of Korea,Male,,,Christianity,Rural,1982,1,WVS_Wave_1
9923,Republic of Korea,Female,,,Christianity,Rural,1982,1,WVS_Wave_1
9924,Republic of Korea,Male,,,Unaffiliated,Rural,1982,1,WVS_Wave_1
9925,Republic of Korea,Male,,,Unaffiliated,Rural,1982,1,WVS_Wave_1
9926,Republic of Korea,Female,,,Unaffiliated,Rural,1982,1,WVS_Wave_1
9927,Republic of Korea,Female,,,Buddhism,Rural,1982,1,WVS_Wave_1
9928,Republic of Korea,Male,,,Christianity,Rural,1982,1,WVS_Wave_1
9929,Republic of Korea,Female,,,Unaffiliated,Rural,1982,1,WVS_Wave_1
9930,Republic of Korea,Female,,,Unaffiliated,Rural,1982,1,WVS_Wave_1
9931,Republic of Korea,Male,,,Buddhism,Rural,1982,1,WVS_Wave_1
9932,Republic of Korea,Female,,,Unaffiliated,Rural,1982,1,WVS_Wave_1
9933,Republic of Korea,Female,,,Unaffiliated,Rural,1982,1,WVS_Wave_1
9934,Republic of Korea,Male,,,Buddhism,Rural,1982,1,WVS_Wave_1
9935,Republic of Korea,Male,,,Unaffiliated,Rural,1982,1,WVS_Wave_1
9936,Republic of Korea,Male,,,Unaffiliated,Rural,1982,1,WVS_Wave_1
9937,Republic of Korea,Female,,,Christianity,Urban,1982,1,WVS_Wave_1
9938,Republic of Korea,Male,,,Buddhism,Rural,1982,1,WVS_Wave_1
9939,Republic of Korea,Female,,,Buddhism,Rural,1982,1,WVS_Wave_1
9940,Republic of Korea,Male,,,Buddhism,Rural,1982,1,WVS_Wave_1
9941,Republic of Korea,Male,,,Unaffiliated,Rural,1982,1,WVS_Wave_1
9942,Republic of Korea,Male,,,Unaffiliated,Rural,1982,1,WVS_Wave_1
9943,Republic of Korea,Male,,,Unaffiliated,Urban,1982,1,WVS_Wave_1
9944,Republic of Korea,Female,,,Buddhism,Rural,1982,1,WVS_Wave_1
9945,Republic of Korea,Female,,,,Rural,1982,1,WVS_Wave_1
9946,Republic of Korea,Female,,,,Rural,1982,1,WVS_Wave_1
9947,Republic of Korea,Female,,,Unaffiliated,,1982,1,WVS_Wave_1
9948,Republic of Korea,Male,,,Buddhism,Rural,1982,1,WVS_Wave_1
9949,Republic of Korea,Male,,,Buddhism,Rural,1982,1,WVS_Wave_1
9950,Republic of Korea,Female,,,Unaffiliated,Rural,1982,1,WVS_Wave_1
9951,Republic of Korea,Female,,,Islam,Rural,1982,1,WVS_Wave_1
9952,Republic of Korea,Female,,,,Rural,1982,1,WVS_Wave_1
9953,Republic of Korea,Female,,,,Rural,1982,1,WVS_Wave_1
9954,Republic of Korea,Female,,,Buddhism,Rural,1982,1,WVS_Wave_1
9955,Republic of Korea,Male,,,Buddhism,Rural,1982,1,WVS_Wave_1
9956,Republic of Korea,Male,,,Buddhism,Rural,1982,1,WVS_Wave_1
9957,Republic of Korea,Male,,,Unaffiliated,Rural,1982,1,WVS_Wave_1
9958,Republic of Korea,Female,,,Unaffiliated,Rural,1982,1,WVS_Wave_1
9959,Republic of Korea,Female,,,Christianity,Rural,1982,1,WVS_Wave_1
9960,Republic of Korea,Male,,,Buddhism,Urban,1982,1,WVS_Wave_1
9961,Republic of Korea,Female,,,Buddhism,,1982,1,WVS_Wave_1
9962,Republic of Korea,Male,,,Buddhism,Rural,1982,1,WVS_Wave_1
9963,Republic of Korea,Female,,,,Rural,1982,1,WVS_Wave_1
9964,Republic of Korea,Female,,,Unaffiliated,Rural,1982,1,WVS_Wave_1
9965,Republic of Korea,Female,,,Unaffiliated,Rural,1982,1,WVS_Wave_1
9966,Republic of Korea,Female,,,Unaffiliated,Rural,1982,1,WVS_Wave_1
9967,Republic of Korea,Male,,,Unaffiliated,Urban,1982,1,WVS_Wave_1
9968,Republic of Korea,Male,,,Christianity,Urban,1982,1,WVS_Wave_1
9969,Republic of Korea,Male,,,Christianity,Urban,1982,1,WVS_Wave_1
9970,Republic of Korea,Male,,,Christianity,Urban,1982,1,WVS_Wave_1
9971,Republic of Korea,Male,,,Unaffiliated,Urban,1982,1,WVS_Wave_1
9972,Republic of Korea,Male,,,Unaffiliated,Urban,1982,1,WVS_Wave_1
9973,Republic of Korea,Female,,,Christianity,Urban,1982,1,WVS_Wave_1
9974,Republic of Korea,Female,,,Unaffiliated,Urban,1982,1,WVS_Wave_1
9975,Republic of Korea,Male,,,Christianity,Urban,1982,1,WVS_Wave_1
9976,Republic of Korea,Male,,,Buddhism,Urban,1982,1,WVS_Wave_1
9977,Republic of Korea,Male,,,Unaffiliated,Urban,1982,1,WVS_Wave_1
9978,Republic of Korea,Female,,,Unaffiliated,Urban,1982,1,WVS_Wave_1
9979,Republic of Korea,Female,,,Christianity,Urban,1982,1,WVS_Wave_1
9980,Republic of Korea,Female,,,Unaffiliated,Urban,1982,1,WVS_Wave_1
9981,Republic of Korea,Male,,,Buddhism,Urban,1982,1,WVS_Wave_1
9982,Republic of Korea,Male,,,Buddhism,Urban,1982,1,WVS_Wave_1
9983,Republic of Korea,Male,,,Unaffiliated,Urban,1982,1,WVS_Wave_1
9984,Republic of Korea,Male,,,Unaffiliated,Urban,1982,1,WVS_Wave_1
9985,Republic of Korea,Female,,,Buddhism,Urban,1982,1,WVS_Wave_1
9986,Republic of Korea,Female,,,Christianity,Urban,1982,1,WVS_Wave_1
9987,Republic of Korea,Female,,,Christianity,Urban,1982,1,WVS_Wave_1
9988,Republic of Korea,Female,,,Christianity,Urban,1982,1,WVS_Wave_1
9989,Republic of Korea,Female,,,Christianity,Urban,1982,1,WVS_Wave_1
9990,Republic of Korea,Male,,,Unaffiliated,Urban,1982,1,WVS_Wave_1
9991,Republic of Korea,Female,,,Buddhism,Urban,1982,1,WVS_Wave_1
9992,Republic of Korea,Female,,,Christianity,Urban,1982,1,WVS_Wave_1
9993,Republic of Korea,Female,,,Christianity,Urban,1982,1,WVS_Wave_1
9994,Republic of Korea,Male,,,Unaffiliated,Urban,1982,1,WVS_Wave_1
9995,Republic of Korea,Male,,,Unaffiliated,Urban,1982,1,WVS_Wave_1
9996,Republic of Korea,Male,,,Buddhism,Rural,1982,1,WVS_Wave_1
9997,Republic of Korea,Male,,,Christianity,Urban,1982,1,WVS_Wave_1
9998,Republic of Korea,Male,,,Buddhism,Urban,1982,1,WVS_Wave_1
9999,Republic of Korea,Male,,,Unaffiliated,Urban,1982,1,WVS_Wave_1
10000,Republic of Korea,Female,,,Christianity,Urban,1982,1,WVS_Wave_1
10001,Republic of Korea,Male,,,Unaffiliated,Urban,1982,1,WVS_Wave_1
10002,Republic of Korea,Female,,,Buddhism,Urban,1982,1,WVS_Wave_1
10003,Republic of Korea,Male,,,,Urban,1982,1,WVS_Wave_1
10004,Republic of Korea,Female,,,Unaffiliated,Urban,1982,1,WVS_Wave_1
10005,Republic of Korea,Female,,,Christianity,Urban,1982,1,WVS_Wave_1
10006,Republic of Korea,Male,,,Unaffiliated,Urban,1982,1,WVS_Wave_1
10007,Republic of Korea,Female,,,Unaffiliated,Urban,1982,1,WVS_Wave_1
10008,Republic of Korea,Female,,,Buddhism,Urban,1982,1,WVS_Wave_1
10009,Republic of Korea,Male,,,Unaffiliated,Urban,1982,1,WVS_Wave_1
10010,Republic of Korea,Male,,,Unaffiliated,Urban,1982,1,WVS_Wave_1
10011,Republic of Korea,Male,,,Unaffiliated,Urban,1982,1,WVS_Wave_1
10012,Republic of Korea,Female,,,Buddhism,Urban,1982,1,WVS_Wave_1
10013,Republic of Korea,Female,,,Buddhism,Urban,1982,1,WVS_Wave_1
10014,Republic of Korea,Female,,,Christianity,Urban,1982,1,WVS_Wave_1
10015,Republic of Korea,Female,,,Unaffiliated,Urban,1982,1,WVS_Wave_1
10016,Republic of Korea,Male,,,Buddhism,Urban,1982,1,WVS_Wave_1
10017,Republic of Korea,Male,,,Buddhism,Urban,1982,1,WVS_Wave_1
10018,Republic of Korea,Female,,,Unaffiliated,Urban,1982,1,WVS_Wave_1
10019,Republic of Korea,Male,,,Buddhism,Urban,1982,1,WVS_Wave_1
10020,Republic of Korea,Male,,,Unaffiliated,Urban,1982,1,WVS_Wave_1
10021,Republic of Korea,Female,,,Unaffiliated,Urban,1982,1,WVS_Wave_1
10022,Republic of Korea,Female,,,Unaffiliated,Urban,1982,1,WVS_Wave_1
10023,Republic of Korea,Male,,,Unaffiliated,Urban,1982,1,WVS_Wave_1
10024,Republic of Korea,Female,,,,Urban,1982,1,WVS_Wave_1
10025,Republic of Korea,Male,,,Christianity,Urban,1982,1,WVS_Wave_1
10026,Republic of Korea,Male,,,,Urban,1982,1,WVS_Wave_1
10027,Republic of Korea,Female,,,Buddhism,Urban,1982,1,WVS_Wave_1
10028,Republic of Korea,Male,,,Buddhism,Urban,1982,1,WVS_Wave_1
10029,Republic of Korea,Male,,,Unaffiliated,Urban,1982,1,WVS_Wave_1
10030,Republic of Korea,Male,,,Unaffiliated,Urban,1982,1,WVS_Wave_1
10031,Republic of Korea,Male,,,Unaffiliated,Urban,1982,1,WVS_Wave_1
10032,Republic of Korea,Male,,,Unaffiliated,Urban,1982,1,WVS_Wave_1
10033,Republic of Korea,Male,,,Unaffiliated,Rural,1982,1,WVS_Wave_1
10034,Republic of Korea,Male,,,Unaffiliated,Rural,1982,1,WVS_Wave_1
10035,Republic of Korea,Male,,,Buddhism,Rural,1982,1,WVS_Wave_1
10036,Republic of Korea,Male,,,Unaffiliated,Rural,1982,1,WVS_Wave_1
10037,Republic of Korea,Female,,,Buddhism,Rural,1982,1,WVS_Wave_1
10038,Republic of Korea,Male,,,Christianity,Rural,1982,1,WVS_Wave_1
10039,Republic of Korea,Female,,,Buddhism,Rural,1982,1,WVS_Wave_1
10040,Republic of Korea,Female,,,Buddhism,Rural,1982,1,WVS_Wave_1
10041,Republic of Korea,Female,,,Unaffiliated,Urban,1982,1,WVS_Wave_1
10042,Republic of Korea,Male,,,Unaffiliated,Rural,1982,1,WVS_Wave_1
10043,Republic of Korea,Female,,,Buddhism,Rural,1982,1,WVS_Wave_1
10044,Republic of Korea,Female,,,Christianity,Rural,1982,1,WVS_Wave_1
10045,Republic of Korea,Female,,,Unaffiliated,Rural,1982,1,WVS_Wave_1
10046,Republic of Korea,Female,,,Christianity,,1982,1,WVS_Wave_1
10047,Republic of Korea,Male,,,Buddhism,Rural,1982,1,WVS_Wave_1
10048,Republic of Korea,Male,,,Buddhism,Rural,1982,1,WVS_Wave_1
10049,Republic of Korea,Male,,,Buddhism,Rural,1982,1,WVS_Wave_1
10050,Republic of Korea,Female,,,Buddhism,Rural,1982,1,WVS_Wave_1
10051,Republic of Korea,Female,,,Buddhism,Rural,1982,1,WVS_Wave_1
10052,Republic of Korea,Female,,,Christianity,Rural,1982,1,WVS_Wave_1
10053,Republic of Korea,Female,,,Unaffiliated,Rural,1982,1,WVS_Wave_1
10054,Republic of Korea,Male,,,Unaffiliated,Rural,1982,1,WVS_Wave_1
10055,Republic of Korea,Female,,,Christianity,Rural,1982,1,WVS_Wave_1
10056,Republic of Korea,Female,,,Buddhism,Urban,1982,1,WVS_Wave_1
10057,Republic of Korea,Female,,,Unaffiliated,Urban,1982,1,WVS_Wave_1
10058,Republic of Korea,Female,,,Buddhism,Urban,1982,1,WVS_Wave_1
10059,Republic of Korea,Female,,,Buddhism,Urban,1982,1,WVS_Wave_1
10060,Republic of Korea,Male,,,Buddhism,Rural,1982,1,WVS_Wave_1
10061,Republic of Korea,Male,,,,Rural,1982,1,WVS_Wave_1
10062,Republic of Korea,Male,,,Unaffiliated,Rural,1982,1,WVS_Wave_1
10063,Republic of Korea,Male,,,Unaffiliated,Rural,1982,1,WVS_Wave_1
10064,Republic of Korea,Female,,,Unaffiliated,Rural,1982,1,WVS_Wave_1
10065,Republic of Korea,Male,,,Buddhism,Urban,1982,1,WVS_Wave_1
10066,Republic of Korea,Male,,,Unaffiliated,Urban,1982,1,WVS_Wave_1
10067,Republic of Korea,Female,,,Christianity,Urban,1982,1,WVS_Wave_1
10068,Republic of Korea,Male,,,Buddhism,Urban,1982,1,WVS_Wave_1
10069,Republic of Korea,Male,,,Christianity,Urban,1982,1,WVS_Wave_1
10070,Republic of Korea,Female,,,Christianity,Urban,1982,1,WVS_Wave_1
10071,Republic of Korea,Female,,,Buddhism,Urban,1982,1,WVS_Wave_1
10072,Republic of Korea,Female,,,Buddhism,Urban,1982,1,WVS_Wave_1
10073,Republic of Korea,Male,,,Unaffiliated,Urban,1982,1,WVS_Wave_1
10074,Republic of Korea,Male,,,Buddhism,Urban,1982,1,WVS_Wave_1
10075,Republic of Korea,Male,,,Buddhism,Urban,1982,1,WVS_Wave_1
10076,Republic of Korea,Male,,,Buddhism,Urban,1982,1,WVS_Wave_1
10077,Republic of Korea,Female,,,Unaffiliated,Urban,1982,1,WVS_Wave_1
10078,Republic of Korea,Female,,,Unaffiliated,Urban,1982,1,WVS_Wave_1
10079,Republic of Korea,Female,,,Unaffiliated,Urban,1982,1,WVS_Wave_1
10080,Republic of Korea,Female,,,Unaffiliated,Urban,1982,1,WVS_Wave_1
10081,Republic of Korea,Female,,,Unaffiliated,Urban,1982,1,WVS_Wave_1
10082,Republic of Korea,Male,,,Unaffiliated,Urban,1982,1,WVS_Wave_1
10083,Republic of Korea,Female,,,Christianity,Urban,1982,1,WVS_Wave_1
10084,Republic of Korea,Female,,,Christianity,Urban,1982,1,WVS_Wave_1
10085,Republic of Korea,Female,,,Unaffiliated,Urban,1982,1,WVS_Wave_1
10086,Republic of Korea,Female,,,,Urban,1982,1,WVS_Wave_1
10087,Republic of Korea,Female,,,Unaffiliated,Rural,1982,1,WVS_Wave_1
10088,Republic of Korea,Male,,,Unaffiliated,,1982,1,WVS_Wave_1
10089,Republic of Korea,Male,,,Unaffiliated,Rural,1982,1,WVS_Wave_1
10090,Republic of Korea,Male,,,Buddhism,Rural,1982,1,WVS_Wave_1
10091,Republic of Korea,Female,,,Buddhism,Rural,1982,1,WVS_Wave_1
10092,Republic of Korea,Male,,,Unaffiliated,Rural,1982,1,WVS_Wave_1
10093,Republic of Korea,Female,,,Unaffiliated,Rural,1982,1,WVS_Wave_1
10094,Republic of Korea,Male,,,Unaffiliated,Rural,1982,1,WVS_Wave_1
10095,Republic of Korea,Male,,,Christianity,Urban,1982,1,WVS_Wave_1
10096,Republic of Korea,Male,,,Buddhism,Urban,1982,1,WVS_Wave_1
10097,Republic of Korea,Female,,,Unaffiliated,Urban,1982,1,WVS_Wave_1
10098,Republic of Korea,Female,,,Buddhism,Urban,1982,1,WVS_Wave_1
10099,Republic of Korea,Male,,,Unaffiliated,Urban,1982,1,WVS_Wave_1
10100,Republic of Korea,Male,,,Unaffiliated,Urban,1982,1,WVS_Wave_1
10101,Republic of Korea,Female,,,Unaffiliated,Urban,1982,1,WVS_Wave_1
10102,Republic of Korea,Female,,,Buddhism,Urban,1982,1,WVS_Wave_1
10103,Republic of Korea,Female,,,Buddhism,Urban,1982,1,WVS_Wave_1
10104,Republic of Korea,Female,,,Buddhism,Urban,1982,1,WVS_Wave_1
10105,Republic of Korea,Female,,,Unaffiliated,Urban,1982,1,WVS_Wave_1
10106,Republic of Korea,Female,,,Buddhism,Rural,1982,1,WVS_Wave_1
10107,Republic of Korea,Male,,,Buddhism,Urban,1982,1,WVS_Wave_1
10108,Republic of Korea,Male,,,Buddhism,Urban,1982,1,WVS_Wave_1
10109,Republic of Korea,Female,,,Buddhism,Urban,1982,1,WVS_Wave_1
10110,Republic of Korea,Male,,,Unaffiliated,Urban,1982,1,WVS_Wave_1
10111,Republic of Korea,Male,,,Unaffiliated,Urban,1982,1,WVS_Wave_1
10112,Republic of Korea,Male,,,Unaffiliated,Urban,1982,1,WVS_Wave_1
10113,Republic of Korea,Male,,,Buddhism,Urban,1982,1,WVS_Wave_1
10114,Republic of Korea,Female,,,Christianity,Urban,1982,1,WVS_Wave_1
10115,Republic of Korea,Female,,,Christianity,Urban,1982,1,WVS_Wave_1
10116,Republic of Korea,Male,,,Buddhism,Urban,1982,1,WVS_Wave_1
10117,Republic of Korea,Female,,,Unaffiliated,Urban,1982,1,WVS_Wave_1
10118,Republic of Korea,Female,,,Christianity,Urban,1982,1,WVS_Wave_1
10119,Republic of Korea,Female,,,Buddhism,Urban,1982,1,WVS_Wave_1
10120,Republic of Korea,Male,,,Buddhism,Urban,1982,1,WVS_Wave_1
10121,Republic of Korea,Female,,,Unaffiliated,Urban,1982,1,WVS_Wave_1
10122,Republic of Korea,Female,,,Unaffiliated,Urban,1982,1,WVS_Wave_1
10123,Republic of Korea,Female,,,Buddhism,Urban,1982,1,WVS_Wave_1
10124,Republic of Korea,Female,,,Unaffiliated,Urban,1982,1,WVS_Wave_1
10125,Republic of Korea,Male,,,Unaffiliated,Urban,1982,1,WVS_Wave_1
10126,Republic of Korea,Male,,,Buddhism,Rural,1982,1,WVS_Wave_1
10127,Republic of Korea,Female,,,Unaffiliated,Rural,1982,1,WVS_Wave_1
10128,Republic of Korea,Female,,,Unaffiliated,Urban,1982,1,WVS_Wave_1
10129,Republic of Korea,Female,,,Unaffiliated,Urban,1982,1,WVS_Wave_1
10130,Republic of Korea,Male,,,Buddhism,Urban,1982,1,WVS_Wave_1
10131,Republic of Korea,Male,,,Unaffiliated,Urban,1982,1,WVS_Wave_1
10132,Republic of Korea,Male,,,Buddhism,Urban,1982,1,WVS_Wave_1
10133,Republic of Korea,Female,,,Buddhism,Urban,1982,1,WVS_Wave_1
10134,Republic of Korea,Female,,,Unaffiliated,Urban,1982,1,WVS_Wave_1
10135,Republic of Korea,Female,,,Buddhism,Urban,1982,1,WVS_Wave_1
10136,Republic of Korea,Male,,,Unaffiliated,Urban,1982,1,WVS_Wave_1
10137,Republic of Korea,Male,,,Buddhism,Urban,1982,1,WVS_Wave_1
10138,Republic of Korea,Female,,,Buddhism,Urban,1982,1,WVS_Wave_1
10139,Republic of Korea,Female,,,Buddhism,Urban,1982,1,WVS_Wave_1
10140,Republic of Korea,Female,,,Unaffiliated,Urban,1982,1,WVS_Wave_1
10141,Republic of Korea,Male,,,Unaffiliated,Urban,1982,1,WVS_Wave_1
10142,Republic of Korea,Female,,,Buddhism,Urban,1982,1,WVS_Wave_1
10143,Republic of Korea,Female,,,Buddhism,Urban,1982,1,WVS_Wave_1
10144,Republic of Korea,Male,,,Christianity,Urban,1982,1,WVS_Wave_1
10145,Republic of Korea,Male,,,,Urban,1982,1,WVS_Wave_1
10146,Republic of Korea,Female,,,Buddhism,Urban,1982,1,WVS_Wave_1
10147,Republic of Korea,Female,,,Unaffiliated,Urban,1982,1,WVS_Wave_1
10148,Republic of Korea,Female,,,Unaffiliated,Urban,1982,1,WVS_Wave_1
10149,Republic of Korea,Male,,,,Urban,1982,1,WVS_Wave_1
10150,Republic of Korea,Female,,,Unaffiliated,Urban,1982,1,WVS_Wave_1
10151,Republic of Korea,Female,,,,Urban,1982,1,WVS_Wave_1
10152,Republic of Korea,Male,,,Buddhism,Urban,1982,1,WVS_Wave_1
10153,Republic of Korea,Male,,,Buddhism,Urban,1982,1,WVS_Wave_1
10154,Republic of Korea,Male,,,Unaffiliated,Urban,1982,1,WVS_Wave_1
10155,Republic of Korea,Male,,,Christianity,Urban,1982,1,WVS_Wave_1
10156,Republic of Korea,Female,,,Buddhism,Urban,1982,1,WVS_Wave_1
10157,Republic of Korea,Female,,,Buddhism,Urban,1982,1,WVS_Wave_1
10158,Republic of Korea,Male,,,Buddhism,Urban,1982,1,WVS_Wave_1
10159,Republic of Korea,Female,,,Unaffiliated,Urban,1982,1,WVS_Wave_1
10160,Republic of Korea,Female,,,Buddhism,Urban,1982,1,WVS_Wave_1
10161,Republic of Korea,Female,,,Christianity,Urban,1982,1,WVS_Wave_1
10162,Republic of Korea,Female,,,Unaffiliated,Urban,1982,1,WVS_Wave_1
10163,Republic of Korea,Male,,,Buddhism,Urban,1982,1,WVS_Wave_1
10164,Republic of Korea,Male,,,Unaffiliated,Urban,1982,1,WVS_Wave_1
10165,Republic of Korea,Female,,,Christianity,Urban,1982,1,WVS_Wave_1
10166,Republic of Korea,Male,,,Buddhism,Urban,1982,1,WVS_Wave_1
10167,Republic of Korea,Female,,,Unaffiliated,Urban,1982,1,WVS_Wave_1
10168,Republic of Korea,Male,,,Unaffiliated,Urban,1982,1,WVS_Wave_1
10169,Republic of Korea,Male,,,Buddhism,Urban,1982,1,WVS_Wave_1
10170,Republic of Korea,Male,,,Unaffiliated,Urban,1982,1,WVS_Wave_1
10171,Republic of Korea,Male,,,Christianity,Urban,1982,1,WVS_Wave_1
10172,Republic of Korea,Female,,,Unaffiliated,Urban,1982,1,WVS_Wave_1
10173,Republic of Korea,Female,,,Christianity,Urban,1982,1,WVS_Wave_1
10174,Republic of Korea,Female,,,Buddhism,Urban,1982,1,WVS_Wave_1
10175,Republic of Korea,Male,,,Buddhism,Urban,1982,1,WVS_Wave_1
10176,Republic of Korea,Male,,,Buddhism,Urban,1982,1,WVS_Wave_1
10177,Republic of Korea,Male,,,Christianity,Urban,1982,1,WVS_Wave_1
10178,Republic of Korea,Male,,,Christianity,Urban,1982,1,WVS_Wave_1
10179,Republic of Korea,Male,,,Christianity,Urban,1982,1,WVS_Wave_1
10180,Republic of Korea,Male,,,Christianity,Rural,1982,1,WVS_Wave_1
10181,Republic of Korea,Male,,,Christianity,Urban,1982,1,WVS_Wave_1
10182,Republic of Korea,Male,,,Buddhism,Rural,1982,1,WVS_Wave_1
10183,Republic of Korea,Male,,,Unaffiliated,Urban,1982,1,WVS_Wave_1
10184,Republic of Korea,Male,,,Buddhism,Urban,1982,1,WVS_Wave_1
10185,Republic of Korea,Male,,,Unaffiliated,Urban,1982,1,WVS_Wave_1
10186,Republic of Korea,Male,,,Christianity,Urban,1982,1,WVS_Wave_1
10187,Republic of Korea,Male,,,Unaffiliated,Urban,1982,1,WVS_Wave_1
10188,Republic of Korea,Male,,,Christianity,Urban,1982,1,WVS_Wave_1
10189,Republic of Korea,Male,,,Christianity,Urban,1982,1,WVS_Wave_1
10190,Republic of Korea,Male,,,Buddhism,Rural,1982,1,WVS_Wave_1
10191,Republic of Korea,Male,,,Buddhism,Rural,1982,1,WVS_Wave_1
10192,Republic of Korea,Male,,,Unaffiliated,Urban,1982,1,WVS_Wave_1
10193,Republic of Korea,Male,,,Unaffiliated,Urban,1982,1,WVS_Wave_1
10194,Republic of Korea,Male,,,Christianity,Rural,1982,1,WVS_Wave_1
10195,Republic of Korea,Male,,,Buddhism,Urban,1982,1,WVS_Wave_1
10196,Republic of Korea,Male,,,Buddhism,Urban,1982,1,WVS_Wave_1
10197,Republic of Korea,Female,,,Christianity,Rural,1982,1,WVS_Wave_1
10198,Republic of Korea,Female,,,Unaffiliated,Urban,1982,1,WVS_Wave_1
10199,Republic of Korea,Female,,,Buddhism,Rural,1982,1,WVS_Wave_1
10200,Republic of Korea,Female,,,Unaffiliated,Urban,1982,1,WVS_Wave_1
10201,Republic of Korea,Female,,,Unaffiliated,Rural,1982,1,WVS_Wave_1
10202,Republic of Korea,Female,,,Christianity,Rural,1982,1,WVS_Wave_1
10203,Republic of Korea,Female,,,Christianity,Urban,1982,1,WVS_Wave_1
10204,Republic of Korea,Female,,,Buddhism,Rural,1982,1,WVS_Wave_1
10205,Republic of Korea,Female,,,Buddhism,Rural,1982,1,WVS_Wave_1
10206,Republic of Korea,Female,,,Christianity,Urban,1982,1,WVS_Wave_1
10207,Republic of Korea,Female,,,Buddhism,Urban,1982,1,WVS_Wave_1
10208,Republic of Korea,Female,,,Christianity,Urban,1982,1,WVS_Wave_1
10209,Republic of Korea,Female,,,Christianity,Rural,1982,1,WVS_Wave_1
10210,Republic of Korea,Female,,,Unaffiliated,Rural,1982,1,WVS_Wave_1
10211,Republic of Korea,Female,,,Buddhism,Rural,1982,1,WVS_Wave_1
10212,Republic of Korea,Female,,,Unaffiliated,Urban,1982,1,WVS_Wave_1
10213,Republic of Korea,Female,,,Unaffiliated,Urban,1982,1,WVS_Wave_1
10214,Republic of Korea,Female,,,Christianity,Rural,1982,1,WVS_Wave_1
10215,Republic of Korea,Female,,,Unaffiliated,Urban,1982,1,WVS_Wave_1
10216,Republic of Korea,Female,,,Christianity,Urban,1982,1,WVS_Wave_1
10217,Republic of Korea,Female,,,Unaffiliated,Urban,1982,1,WVS_Wave_1
10218,Republic of Korea,Female,,,Buddhism,Urban,1982,1,WVS_Wave_1
10219,Republic of Korea,Female,,,Christianity,Rural,1982,1,WVS_Wave_1
10220,Republic of Korea,Female,,,Christianity,Rural,1982,1,WVS_Wave_1
10221,Republic of Korea,Female,,,Unaffiliated,Urban,1982,1,WVS_Wave_1
10222,Republic of Korea,Female,,,Christianity,Rural,1982,1,WVS_Wave_1
10223,Republic of Korea,Female,,,Buddhism,Rural,1982,1,WVS_Wave_1
10224,Republic of Korea,Female,,,Unaffiliated,Urban,1982,1,WVS_Wave_1
10225,Republic of Korea,Female,,,Buddhism,Urban,1982,1,WVS_Wave_1
10226,Republic of Korea,Female,,,Unaffiliated,Urban,1982,1,WVS_Wave_1
10227,Republic of Korea,Female,,,Christianity,Urban,1982,1,WVS_Wave_1
10228,Republic of Korea,Female,,,Unaffiliated,Urban,1982,1,WVS_Wave_1
10229,Republic of Korea,Male,,,Unaffiliated,Rural,1982,1,WVS_Wave_1
10230,Republic of Korea,Male,,,Unaffiliated,Rural,1982,1,WVS_Wave_1
10231,Republic of Korea,Male,,,Christianity,Urban,1982,1,WVS_Wave_1
10232,Republic of Korea,Male,,,Christianity,Urban,1982,1,WVS_Wave_1
10233,Republic of Korea,Male,,,Unaffiliated,Rural,1982,1,WVS_Wave_1
10234,Republic of Korea,Male,,,Christianity,Rural,1982,1,WVS_Wave_1
10235,Republic of Korea,Male,,,Christianity,Rural,1982,1,WVS_Wave_1
10236,Republic of Korea,Male,,,Unaffiliated,Urban,1982,1,WVS_Wave_1
10237,Republic of Korea,Male,,,Unaffiliated,Rural,1982,1,WVS_Wave_1
10238,Republic of Korea,Male,,,Christianity,Rural,1982,1,WVS_Wave_1
10239,Republic of Korea,Male,,,Unaffiliated,Urban,1982,1,WVS_Wave_1
10240,Republic of Korea,Male,,,Unaffiliated,Urban,1982,1,WVS_Wave_1
10241,Republic of Korea,Male,,,Unaffiliated,Urban,1982,1,WVS_Wave_1
10242,Republic of Korea,Male,,,Buddhism,Urban,1982,1,WVS_Wave_1
10243,Republic of Korea,Female,,,Buddhism,Rural,1982,1,WVS_Wave_1
10244,Republic of Korea,Male,,,Buddhism,Urban,1982,1,WVS_Wave_1
10245,Republic of Korea,Male,,,Unaffiliated,Urban,1982,1,WVS_Wave_1
10246,Republic of Korea,Female,,,Buddhism,Urban,1982,1,WVS_Wave_1
10247,Republic of Korea,Female,,,Buddhism,Urban,1982,1,WVS_Wave_1
10248,Republic of Korea,Female,,,Buddhism,Urban,1982,1,WVS_Wave_1
10249,Republic of Korea,Female,,,Buddhism,Urban,1982,1,WVS_Wave_1
10250,Republic of Korea,Female,,,Unaffiliated,Urban,1982,1,WVS_Wave_1
10251,Republic of Korea,Female,,,Christianity,Urban,1982,1,WVS_Wave_1
10252,Republic of Korea,Female,,,Christianity,,1982,1,WVS_Wave_1
10253,Republic of Korea,Female,,,Buddhism,Urban,1982,1,WVS_Wave_1
10254,Republic of Korea,Female,,,Buddhism,Urban,1982,1,WVS_Wave_1
10255,Republic of Korea,Female,,,Unaffiliated,Urban,1982,1,WVS_Wave_1
10256,Republic of Korea,Female,,,Buddhism,Urban,1982,1,WVS_Wave_1
10257,Republic of Korea,Female,,,Christianity,Urban,1982,1,WVS_Wave_1
10258,Republic of Korea,Female,,,Christianity,Urban,1982,1,WVS_Wave_1
10259,Republic of Korea,Female,,,Buddhism,Urban,1982,1,WVS_Wave_1
10260,Republic of Korea,Female,,,Christianity,Urban,1982,1,WVS_Wave_1
10261,Republic of Korea,Female,,,Buddhism,Urban,1982,1,WVS_Wave_1
10262,Republic of Korea,Female,,,Buddhism,Urban,1982,1,WVS_Wave_1
10263,Republic of Korea,Female,,,Unaffiliated,Urban,1982,1,WVS_Wave_1
10264,Republic of Korea,Female,,,Buddhism,Urban,1982,1,WVS_Wave_1
10265,Republic of Korea,Female,,,Christianity,Urban,1982,1,WVS_Wave_1
10266,Republic of Korea,Female,,,Unaffiliated,Urban,1982,1,WVS_Wave_1
10267,Republic of Korea,Male,,,Christianity,Urban,1982,1,WVS_Wave_1
10268,Republic of Korea,Male,,,Buddhism,Urban,1982,1,WVS_Wave_1
10269,Republic of Korea,Male,,,Buddhism,Rural,1982,1,WVS_Wave_1
10270,Republic of Korea,Male,,,Buddhism,Urban,1982,1,WVS_Wave_1
10271,Republic of Korea,Male,,,Christianity,Urban,1982,1,WVS_Wave_1
10272,Republic of Korea,Male,,,Unaffiliated,Urban,1982,1,WVS_Wave_1
10273,Republic of Korea,Male,,,Christianity,Urban,1982,1,WVS_Wave_1
10274,Republic of Korea,Male,,,Unaffiliated,Urban,1982,1,WVS_Wave_1
10275,Republic of Korea,Male,,,Buddhism,Urban,1982,1,WVS_Wave_1
10276,Republic of Korea,Male,,,Unaffiliated,Urban,1982,1,WVS_Wave_1
10277,Republic of Korea,Male,,,Unaffiliated,Urban,1982,1,WVS_Wave_1
10278,Republic of Korea,Male,,,Unaffiliated,Urban,1982,1,WVS_Wave_1
10279,Republic of Korea,Male,,,Buddhism,Urban,1982,1,WVS_Wave_1
10280,Republic of Korea,Male,,,Unaffiliated,Urban,1982,1,WVS_Wave_1
10281,Republic of Korea,Male,,,Unaffiliated,Urban,1982,1,WVS_Wave_1
10282,Republic of Korea,Male,,,Christianity,Urban,1982,1,WVS_Wave_1
10283,Republic of Korea,Male,,,Unaffiliated,Urban,1982,1,WVS_Wave_1
10284,Republic of Korea,Male,,,Unaffiliated,Urban,1982,1,WVS_Wave_1
10285,Republic of Korea,Male,,,Christianity,Urban,1982,1,WVS_Wave_1
10286,Republic of Korea,Male,,,Christianity,Urban,1982,1,WVS_Wave_1
10287,Republic of Korea,Male,,,Unaffiliated,Urban,1982,1,WVS_Wave_1
10288,Republic of Korea,Male,,,Unaffiliated,Urban,1982,1,WVS_Wave_1
10289,Republic of Korea,Male,,,Buddhism,Urban,1982,1,WVS_Wave_1
10290,Republic of Korea,Female,,,Unaffiliated,Urban,1982,1,WVS_Wave_1
10291,Republic of Korea,Female,,,Buddhism,Urban,1982,1,WVS_Wave_1
10292,Republic of Korea,Female,,,Christianity,Urban,1982,1,WVS_Wave_1
10293,Republic of Korea,Female,,,Buddhism,Urban,1982,1,WVS_Wave_1
10294,Republic of Korea,Female,,,Buddhism,Urban,1982,1,WVS_Wave_1
10295,Republic of Korea,Female,,,Unaffiliated,Urban,1982,1,WVS_Wave_1
10296,Republic of Korea,Female,,,Christianity,Urban,1982,1,WVS_Wave_1
10297,Republic of Korea,Female,,,Christianity,Urban,1982,1,WVS_Wave_1
10298,Republic of Korea,Female,,,Christianity,Urban,1982,1,WVS_Wave_1
10299,Republic of Korea,Female,,,Unaffiliated,Urban,1982,1,WVS_Wave_1
10300,Republic of Korea,Female,,,Buddhism,Urban,1982,1,WVS_Wave_1
10301,Republic of Korea,Male,,,Buddhism,Urban,1982,1,WVS_Wave_1
10302,Republic of Korea,Male,,,Unaffiliated,Urban,1982,1,WVS_Wave_1
10303,Republic of Korea,Male,,,Unaffiliated,Urban,1982,1,WVS_Wave_1
10304,Republic of Korea,Female,,,Unaffiliated,Rural,1982,1,WVS_Wave_1
10305,Republic of Korea,Female,,,Unaffiliated,,1982,1,WVS_Wave_1
10306,Republic of Korea,Male,,,Unaffiliated,Urban,1982,1,WVS_Wave_1
10307,Republic of Korea,Male,,,Unaffiliated,Urban,1982,1,WVS_Wave_1
10308,Sweden,Male,51.0,46-55,Christianity,Urban,1981,1,WVS_Wave_1
10309,Sweden,Female,18.0,18-25,Christianity,Urban,1981,1,WVS_Wave_1
10310,Sweden,Male,48.0,46-55,Christianity,Urban,1981,1,WVS_Wave_1
10311,Sweden,Female,20.0,18-25,Christianity,Urban,1981,1,WVS_Wave_1
10312,Sweden,Female,56.0,56-65,Christianity,Urban,1981,1,WVS_Wave_1
10313,Sweden,Female,21.0,18-25,Unaffiliated,Urban,1981,1,WVS_Wave_1
10314,Sweden,Female,22.0,18-25,Christianity,Urban,1981,1,WVS_Wave_1
10315,Sweden,Female,45.0,36-45,Christianity,Urban,1981,1,WVS_Wave_1
10316,Sweden,Female,65.0,56-65,Christianity,Urban,1981,1,WVS_Wave_1
10317,Sweden,Female,51.0,46-55,Christianity,Urban,1981,1,WVS_Wave_1
10318,Sweden,Female,27.0,26-35,Other,Urban,1981,1,WVS_Wave_1
10319,Sweden,Male,48.0,46-55,Christianity,Urban,1981,1,WVS_Wave_1
10320,Sweden,Male,22.0,18-25,Christianity,Urban,1981,1,WVS_Wave_1
10321,Sweden,Female,70.0,66+,Christianity,Urban,1981,1,WVS_Wave_1
10322,Sweden,Female,31.0,26-35,Christianity,Urban,1981,1,WVS_Wave_1
10323,Sweden,Male,40.0,36-45,Christianity,Urban,1981,1,WVS_Wave_1
10324,Sweden,Male,51.0,46-55,Unaffiliated,Urban,1981,1,WVS_Wave_1
10325,Sweden,Female,22.0,18-25,Christianity,Urban,1981,1,WVS_Wave_1
10326,Sweden,Male,39.0,36-45,Christianity,Urban,1981,1,WVS_Wave_1
10327,Sweden,Female,51.0,46-55,Christianity,Urban,1981,1,WVS_Wave_1
10328,Sweden,Male,44.0,36-45,Other,Urban,1981,1,WVS_Wave_1
10329,Sweden,Male,32.0,26-35,Christianity,Urban,1981,1,WVS_Wave_1
10330,Sweden,Female,25.0,18-25,Christianity,Urban,1981,1,WVS_Wave_1
10331,Sweden,Female,36.0,36-45,Christianity,Urban,1981,1,WVS_Wave_1
10332,Sweden,Female,62.0,56-65,Christianity,Urban,1981,1,WVS_Wave_1
10333,Sweden,Female,58.0,56-65,Unaffiliated,Urban,1981,1,WVS_Wave_1
10334,Sweden,Female,69.0,66+,Christianity,Urban,1981,1,WVS_Wave_1
10335,Sweden,Female,51.0,46-55,Christianity,Urban,1981,1,WVS_Wave_1
10336,Sweden,Female,26.0,26-35,Unaffiliated,Urban,1981,1,WVS_Wave_1
10337,Sweden,Female,22.0,18-25,Christianity,Urban,1981,1,WVS_Wave_1
10338,Sweden,Female,41.0,36-45,Christianity,Urban,1981,1,WVS_Wave_1
10339,Sweden,Male,38.0,36-45,Christianity,Urban,1981,1,WVS_Wave_1
10340,Sweden,Female,55.0,46-55,Christianity,,1981,1,WVS_Wave_1
10341,Sweden,Male,47.0,46-55,Christianity,Urban,1981,1,WVS_Wave_1
10342,Sweden,Male,53.0,46-55,Christianity,Urban,1981,1,WVS_Wave_1
10343,Sweden,Male,57.0,56-65,Christianity,Urban,1981,1,WVS_Wave_1
10344,Sweden,Female,47.0,46-55,Christianity,Urban,1981,1,WVS_Wave_1
10345,Sweden,Male,33.0,26-35,Christianity,Urban,1981,1,WVS_Wave_1
10346,Sweden,Female,66.0,66+,Christianity,Urban,1981,1,WVS_Wave_1
10347,Sweden,Male,56.0,56-65,Christianity,Urban,1981,1,WVS_Wave_1
10348,Sweden,Male,66.0,66+,Christianity,Urban,1981,1,WVS_Wave_1
10349,Sweden,Male,18.0,18-25,Christianity,Urban,1981,1,WVS_Wave_1
10350,Sweden,Male,50.0,46-55,Christianity,Urban,1981,1,WVS_Wave_1
10351,Sweden,Female,37.0,36-45,Christianity,Urban,1981,1,WVS_Wave_1
10352,Sweden,Female,25.0,18-25,Christianity,Urban,1981,1,WVS_Wave_1
10353,Sweden,Female,39.0,36-45,Christianity,Urban,1981,1,WVS_Wave_1
10354,Sweden,Male,24.0,18-25,Christianity,Urban,1981,1,WVS_Wave_1
10355,Sweden,Male,31.0,26-35,Christianity,Urban,1981,1,WVS_Wave_1
10356,Sweden,Female,18.0,18-25,Christianity,Urban,1981,1,WVS_Wave_1
10357,Sweden,Male,31.0,26-35,Christianity,Urban,1981,1,WVS_Wave_1
10358,Sweden,Male,68.0,66+,Unaffiliated,Urban,1981,1,WVS_Wave_1
10359,Sweden,Female,61.0,56-65,Christianity,Urban,1981,1,WVS_Wave_1
10360,Sweden,Female,49.0,46-55,Christianity,Urban,1981,1,WVS_Wave_1
10361,Sweden,Male,61.0,56-65,Christianity,Urban,1981,1,WVS_Wave_1
10362,Sweden,Female,38.0,36-45,Christianity,Urban,1981,1,WVS_Wave_1
10363,Sweden,Male,63.0,56-65,Christianity,Urban,1981,1,WVS_Wave_1
10364,Sweden,Female,68.0,66+,Christianity,Urban,1981,1,WVS_Wave_1
10365,Sweden,Male,27.0,26-35,Islam,Rural,1981,1,WVS_Wave_1
10366,Sweden,Female,68.0,66+,Christianity,Urban,1981,1,WVS_Wave_1
10367,Sweden,Male,35.0,26-35,Christianity,Urban,1981,1,WVS_Wave_1
10368,Sweden,Female,62.0,56-65,Christianity,Urban,1981,1,WVS_Wave_1
10369,Sweden,Female,32.0,26-35,Christianity,Urban,1981,1,WVS_Wave_1
10370,Sweden,Female,35.0,26-35,Christianity,Urban,1981,1,WVS_Wave_1
10371,Sweden,Female,35.0,26-35,Christianity,Urban,1981,1,WVS_Wave_1
10372,Sweden,Female,40.0,36-45,Christianity,Urban,1981,1,WVS_Wave_1
10373,Sweden,Female,38.0,36-45,Christianity,Urban,1981,1,WVS_Wave_1
10374,Sweden,Female,38.0,36-45,Christianity,Urban,1981,1,WVS_Wave_1
10375,Sweden,Male,25.0,18-25,Christianity,Urban,1981,1,WVS_Wave_1
10376,Sweden,Female,48.0,46-55,Christianity,Urban,1981,1,WVS_Wave_1
10377,Sweden,Female,26.0,26-35,Christianity,Urban,1981,1,WVS_Wave_1
10378,Sweden,Male,37.0,36-45,Christianity,Urban,1981,1,WVS_Wave_1
10379,Sweden,Female,64.0,56-65,Christianity,Urban,1981,1,WVS_Wave_1
10380,Sweden,Male,23.0,18-25,Christianity,Urban,1981,1,WVS_Wave_1
10381,Sweden,Female,69.0,66+,Christianity,Urban,1981,1,WVS_Wave_1
10382,Sweden,Male,40.0,36-45,Christianity,Urban,1981,1,WVS_Wave_1
10383,Sweden,Female,64.0,56-65,Christianity,Urban,1981,1,WVS_Wave_1
10384,Sweden,Male,67.0,66+,Christianity,Urban,1981,1,WVS_Wave_1
10385,Sweden,Female,46.0,46-55,Christianity,Urban,1981,1,WVS_Wave_1
10386,Sweden,Male,59.0,56-65,Christianity,Urban,1981,1,WVS_Wave_1
10387,Sweden,Female,61.0,56-65,Christianity,Rural,1981,1,WVS_Wave_1
10388,Sweden,Female,32.0,26-35,Christianity,Urban,1981,1,WVS_Wave_1
10389,Sweden,Female,55.0,46-55,Christianity,Urban,1981,1,WVS_Wave_1
10390,Sweden,Male,60.0,56-65,Christianity,Urban,1981,1,WVS_Wave_1
10391,Sweden,Female,50.0,46-55,Christianity,Urban,1981,1,WVS_Wave_1
10392,Sweden,Male,33.0,26-35,Christianity,Urban,1981,1,WVS_Wave_1
10393,Sweden,Male,37.0,36-45,Christianity,Urban,1981,1,WVS_Wave_1
10394,Sweden,Male,69.0,66+,Christianity,Rural,1981,1,WVS_Wave_1
10395,Sweden,Male,68.0,66+,Christianity,Urban,1981,1,WVS_Wave_1
10396,Sweden,Female,56.0,56-65,Christianity,Urban,1981,1,WVS_Wave_1
10397,Sweden,Female,40.0,36-45,Christianity,Urban,1981,1,WVS_Wave_1
10398,Sweden,Male,18.0,18-25,Unaffiliated,Urban,1981,1,WVS_Wave_1
10399,Sweden,Male,45.0,36-45,Christianity,Urban,1981,1,WVS_Wave_1
10400,Sweden,Female,28.0,26-35,Christianity,Urban,1981,1,WVS_Wave_1
10401,Sweden,Female,20.0,18-25,Christianity,Urban,1981,1,WVS_Wave_1
10402,Sweden,Male,51.0,46-55,Christianity,Urban,1981,1,WVS_Wave_1
10403,Sweden,Male,63.0,56-65,Other,Rural,1981,1,WVS_Wave_1
10404,Sweden,Male,45.0,36-45,Christianity,Urban,1981,1,WVS_Wave_1
10405,Sweden,Male,59.0,56-65,Christianity,Urban,1981,1,WVS_Wave_1
10406,Sweden,Male,42.0,36-45,Unaffiliated,Urban,1981,1,WVS_Wave_1
10407,Sweden,Female,26.0,26-35,Christianity,Urban,1981,1,WVS_Wave_1
10408,Sweden,Male,58.0,56-65,Christianity,Urban,1981,1,WVS_Wave_1
10409,Sweden,Female,23.0,18-25,Christianity,Urban,1981,1,WVS_Wave_1
10410,Sweden,Male,35.0,26-35,Christianity,Urban,1981,1,WVS_Wave_1
10411,Sweden,Male,62.0,56-65,Christianity,Urban,1981,1,WVS_Wave_1
10412,Sweden,Female,50.0,46-55,Christianity,Urban,1981,1,WVS_Wave_1
10413,Sweden,Male,39.0,36-45,Christianity,Urban,1981,1,WVS_Wave_1
10414,Sweden,Male,65.0,56-65,Christianity,Urban,1981,1,WVS_Wave_1
10415,Sweden,Female,64.0,56-65,Unaffiliated,Urban,1981,1,WVS_Wave_1
10416,Sweden,Male,57.0,56-65,Christianity,Urban,1981,1,WVS_Wave_1
10417,Sweden,Female,23.0,18-25,Christianity,Urban,1981,1,WVS_Wave_1
10418,Sweden,Male,37.0,36-45,Christianity,Urban,1981,1,WVS_Wave_1
10419,Sweden,Female,56.0,56-65,Christianity,Urban,1981,1,WVS_Wave_1
10420,Sweden,Male,26.0,26-35,Christianity,Urban,1981,1,WVS_Wave_1
10421,Sweden,Female,65.0,56-65,Christianity,Urban,1981,1,WVS_Wave_1
10422,Sweden,Male,49.0,46-55,Christianity,Urban,1981,1,WVS_Wave_1
10423,Sweden,Male,22.0,18-25,Christianity,Urban,1981,1,WVS_Wave_1
10424,Sweden,Male,51.0,46-55,Christianity,Urban,1981,1,WVS_Wave_1
10425,Sweden,Male,33.0,26-35,Christianity,Urban,1981,1,WVS_Wave_1
10426,Sweden,Female,62.0,56-65,Christianity,Urban,1981,1,WVS_Wave_1
10427,Sweden,Female,31.0,26-35,Christianity,Urban,1981,1,WVS_Wave_1
10428,Sweden,Male,24.0,18-25,Unaffiliated,Urban,1981,1,WVS_Wave_1
10429,Sweden,Male,45.0,36-45,Christianity,Urban,1981,1,WVS_Wave_1
10430,Sweden,Female,24.0,18-25,Christianity,Urban,1981,1,WVS_Wave_1
10431,Sweden,Male,57.0,56-65,Christianity,Rural,1981,1,WVS_Wave_1
10432,Sweden,Male,52.0,46-55,Christianity,Urban,1981,1,WVS_Wave_1
10433,Sweden,Male,23.0,18-25,Christianity,Urban,1981,1,WVS_Wave_1
10434,Sweden,Female,46.0,46-55,Christianity,Urban,1981,1,WVS_Wave_1
10435,Sweden,Female,28.0,26-35,Christianity,Urban,1981,1,WVS_Wave_1
10436,Sweden,Female,46.0,46-55,Christianity,Urban,1981,1,WVS_Wave_1
10437,Sweden,Male,23.0,18-25,Christianity,Urban,1981,1,WVS_Wave_1
10438,Sweden,Male,54.0,46-55,Christianity,Urban,1981,1,WVS_Wave_1
10439,Sweden,Male,19.0,18-25,Christianity,Urban,1981,1,WVS_Wave_1
10440,Sweden,Female,32.0,26-35,Unaffiliated,Urban,1981,1,WVS_Wave_1
10441,Sweden,Female,19.0,18-25,Christianity,Urban,1981,1,WVS_Wave_1
10442,Sweden,Female,55.0,46-55,Unaffiliated,Urban,1981,1,WVS_Wave_1
10443,Sweden,Male,35.0,26-35,Christianity,Urban,1981,1,WVS_Wave_1
10444,Sweden,Female,45.0,36-45,Christianity,Urban,1981,1,WVS_Wave_1
10445,Sweden,Female,54.0,46-55,Christianity,Urban,1981,1,WVS_Wave_1
10446,Sweden,Male,41.0,36-45,Christianity,Urban,1981,1,WVS_Wave_1
10447,Sweden,Male,37.0,36-45,Christianity,Urban,1981,1,WVS_Wave_1
10448,Sweden,Female,25.0,18-25,Christianity,Rural,1981,1,WVS_Wave_1
10449,Sweden,Female,48.0,46-55,Christianity,Rural,1981,1,WVS_Wave_1
10450,Sweden,Female,64.0,56-65,Christianity,Urban,1981,1,WVS_Wave_1
10451,Sweden,Female,69.0,66+,Unaffiliated,Rural,1981,1,WVS_Wave_1
10452,Sweden,Female,59.0,56-65,Christianity,Urban,1981,1,WVS_Wave_1
10453,Sweden,Female,44.0,36-45,Christianity,Urban,1981,1,WVS_Wave_1
10454,Sweden,Female,47.0,46-55,Christianity,Rural,1981,1,WVS_Wave_1
10455,Sweden,Male,54.0,46-55,Unaffiliated,Urban,1981,1,WVS_Wave_1
10456,Sweden,Female,36.0,36-45,Christianity,Urban,1981,1,WVS_Wave_1
10457,Sweden,Female,27.0,26-35,Christianity,Urban,1981,1,WVS_Wave_1
10458,Sweden,Male,29.0,26-35,Christianity,Urban,1981,1,WVS_Wave_1
10459,Sweden,Female,41.0,36-45,Christianity,Urban,1981,1,WVS_Wave_1
10460,Sweden,Female,44.0,36-45,Christianity,Urban,1981,1,WVS_Wave_1
10461,Sweden,Male,31.0,26-35,Christianity,Urban,1981,1,WVS_Wave_1
10462,Sweden,Male,64.0,56-65,Christianity,Urban,1981,1,WVS_Wave_1
10463,Sweden,Male,64.0,56-65,Christianity,Rural,1981,1,WVS_Wave_1
10464,Sweden,Female,46.0,46-55,Christianity,Urban,1981,1,WVS_Wave_1
10465,Sweden,Male,62.0,56-65,Unaffiliated,Rural,1981,1,WVS_Wave_1
10466,Sweden,Female,45.0,36-45,Christianity,Urban,1981,1,WVS_Wave_1
10467,Sweden,Female,27.0,26-35,Christianity,Urban,1981,1,WVS_Wave_1
10468,Sweden,Male,18.0,18-25,Christianity,Rural,1981,1,WVS_Wave_1
10469,Sweden,Female,49.0,46-55,Christianity,Rural,1981,1,WVS_Wave_1
10470,Sweden,Female,52.0,46-55,Christianity,Rural,1981,1,WVS_Wave_1
10471,Sweden,Female,59.0,56-65,Christianity,Urban,1981,1,WVS_Wave_1
10472,Sweden,Female,64.0,56-65,Christianity,Urban,1981,1,WVS_Wave_1
10473,Sweden,Female,64.0,56-65,Christianity,Urban,1981,1,WVS_Wave_1
10474,Sweden,Male,52.0,46-55,Christianity,Urban,1981,1,WVS_Wave_1
10475,Sweden,Female,90.0,66+,Christianity,Urban,1981,1,WVS_Wave_1
10476,Sweden,Male,66.0,66+,Christianity,Urban,1981,1,WVS_Wave_1
10477,Sweden,Male,64.0,56-65,Christianity,Urban,1981,1,WVS_Wave_1
10478,Sweden,Male,47.0,46-55,Christianity,Urban,1981,1,WVS_Wave_1
10479,Sweden,Female,20.0,18-25,Christianity,Urban,1981,1,WVS_Wave_1
10480,Sweden,Male,41.0,36-45,Buddhism,Urban,1981,1,WVS_Wave_1
10481,Sweden,Male,70.0,66+,Christianity,Urban,1981,1,WVS_Wave_1
10482,Sweden,Female,46.0,46-55,Christianity,Urban,1981,1,WVS_Wave_1
10483,Sweden,Female,33.0,26-35,Christianity,Urban,1981,1,WVS_Wave_1
10484,Sweden,Female,58.0,56-65,Christianity,Urban,1981,1,WVS_Wave_1
10485,Sweden,Male,27.0,26-35,Christianity,Urban,1981,1,WVS_Wave_1
10486,Sweden,Female,66.0,66+,Christianity,Urban,1981,1,WVS_Wave_1
10487,Sweden,Male,33.0,26-35,Christianity,Urban,1981,1,WVS_Wave_1
10488,Sweden,Male,27.0,26-35,Christianity,Rural,1981,1,WVS_Wave_1
10489,Sweden,Male,53.0,46-55,Christianity,Urban,1981,1,WVS_Wave_1
10490,Sweden,Female,54.0,46-55,Christianity,Urban,1981,1,WVS_Wave_1
10491,Sweden,Male,40.0,36-45,Christianity,Urban,1981,1,WVS_Wave_1
10492,Sweden,Male,28.0,26-35,Christianity,Urban,1981,1,WVS_Wave_1
10493,Sweden,Female,27.0,26-35,Christianity,Urban,1981,1,WVS_Wave_1
10494,Sweden,Male,28.0,26-35,Christianity,Urban,1981,1,WVS_Wave_1
10495,Sweden,Male,59.0,56-65,Christianity,Urban,1981,1,WVS_Wave_1
10496,Sweden,Male,68.0,66+,Christianity,Rural,1981,1,WVS_Wave_1
10497,Sweden,Male,32.0,26-35,Christianity,Rural,1981,1,WVS_Wave_1
10498,Sweden,Male,18.0,18-25,Christianity,Rural,1981,1,WVS_Wave_1
10499,Sweden,Male,33.0,26-35,Christianity,Rural,1981,1,WVS_Wave_1
10500,Sweden,Female,70.0,66+,Christianity,Urban,1981,1,WVS_Wave_1
10501,Sweden,Male,34.0,26-35,Christianity,Urban,1981,1,WVS_Wave_1
10502,Sweden,Female,26.0,26-35,Unaffiliated,Urban,1981,1,WVS_Wave_1
10503,Sweden,Male,40.0,36-45,Christianity,Urban,1981,1,WVS_Wave_1
10504,Sweden,Male,43.0,36-45,Christianity,Urban,1981,1,WVS_Wave_1
10505,Sweden,Male,32.0,26-35,Christianity,Urban,1981,1,WVS_Wave_1
10506,Sweden,Female,48.0,46-55,Christianity,Urban,1981,1,WVS_Wave_1
10507,Sweden,Male,39.0,36-45,Christianity,Urban,1981,1,WVS_Wave_1
10508,Sweden,Female,33.0,26-35,Christianity,Urban,1981,1,WVS_Wave_1
10509,Sweden,Male,22.0,18-25,Christianity,Urban,1981,1,WVS_Wave_1
10510,Sweden,Female,55.0,46-55,Christianity,Urban,1981,1,WVS_Wave_1
10511,Sweden,Male,22.0,18-25,Christianity,Urban,1981,1,WVS_Wave_1
10512,Sweden,Male,40.0,36-45,Christianity,Urban,1981,1,WVS_Wave_1
10513,Sweden,Female,24.0,18-25,Christianity,Urban,1981,1,WVS_Wave_1
10514,Sweden,Male,33.0,26-35,Christianity,Urban,1981,1,WVS_Wave_1
10515,Sweden,Female,58.0,56-65,Christianity,Urban,1981,1,WVS_Wave_1
10516,Sweden,Female,29.0,26-35,Christianity,Urban,1981,1,WVS_Wave_1
10517,Sweden,Female,62.0,56-65,Christianity,Urban,1981,1,WVS_Wave_1
10518,Sweden,Male,52.0,46-55,Christianity,Urban,1981,1,WVS_Wave_1
10519,Sweden,Female,21.0,18-25,Christianity,Urban,1981,1,WVS_Wave_1
10520,Sweden,Male,61.0,56-65,Christianity,Urban,1981,1,WVS_Wave_1
10521,Sweden,Male,25.0,18-25,Christianity,Urban,1981,1,WVS_Wave_1
10522,Sweden,Male,29.0,26-35,Christianity,Urban,1981,1,WVS_Wave_1
10523,Sweden,Female,55.0,46-55,Christianity,Urban,1981,1,WVS_Wave_1
10524,Sweden,Female,44.0,36-45,Christianity,Urban,1981,1,WVS_Wave_1
10525,Sweden,Male,32.0,26-35,Christianity,Urban,1981,1,WVS_Wave_1
10526,Sweden,Female,46.0,46-55,Christianity,Urban,1981,1,WVS_Wave_1
10527,Sweden,Male,36.0,36-45,Christianity,Urban,1981,1,WVS_Wave_1
10528,Sweden,Female,70.0,66+,Christianity,Urban,1981,1,WVS_Wave_1
10529,Sweden,Male,44.0,36-45,Other,Urban,1981,1,WVS_Wave_1
10530,Sweden,Male,21.0,18-25,Christianity,Urban,1981,1,WVS_Wave_1
10531,Sweden,Female,43.0,36-45,Christianity,Urban,1981,1,WVS_Wave_1
10532,Sweden,Male,33.0,26-35,Christianity,Urban,1981,1,WVS_Wave_1
10533,Sweden,Male,22.0,18-25,Christianity,Urban,1981,1,WVS_Wave_1
10534,Sweden,Male,58.0,56-65,Christianity,Urban,1981,1,WVS_Wave_1
10535,Sweden,Female,68.0,66+,Christianity,Urban,1981,1,WVS_Wave_1
10536,Sweden,Female,45.0,36-45,Christianity,Urban,1981,1,WVS_Wave_1
10537,Sweden,Female,50.0,46-55,Christianity,Urban,1981,1,WVS_Wave_1
10538,Sweden,Male,35.0,26-35,Christianity,Urban,1981,1,WVS_Wave_1
10539,Sweden,Male,38.0,36-45,Christianity,Urban,1981,1,WVS_Wave_1
10540,Sweden,Female,44.0,36-45,Christianity,Urban,1981,1,WVS_Wave_1
10541,Sweden,Female,30.0,26-35,Christianity,Urban,1981,1,WVS_Wave_1
10542,Sweden,Male,18.0,18-25,Christianity,Urban,1981,1,WVS_Wave_1
10543,Sweden,Male,21.0,18-25,Christianity,Urban,1981,1,WVS_Wave_1
10544,Sweden,Female,44.0,36-45,Christianity,Urban,1981,1,WVS_Wave_1
10545,Sweden,Female,55.0,46-55,Christianity,Urban,1981,1,WVS_Wave_1
10546,Sweden,Male,59.0,56-65,Christianity,Urban,1981,1,WVS_Wave_1
10547,Sweden,Female,47.0,46-55,Christianity,Urban,1981,1,WVS_Wave_1
10548,Sweden,Female,47.0,46-55,Christianity,Urban,1981,1,WVS_Wave_1
10549,Sweden,Male,24.0,18-25,Christianity,Urban,1981,1,WVS_Wave_1
10550,Sweden,Male,24.0,18-25,Christianity,Urban,1981,1,WVS_Wave_1
10551,Sweden,Female,35.0,26-35,Christianity,Urban,1981,1,WVS_Wave_1
10552,Sweden,Female,25.0,18-25,Christianity,Urban,1981,1,WVS_Wave_1
10553,Sweden,Male,31.0,26-35,Judaism,Urban,1981,1,WVS_Wave_1
10554,Sweden,Female,28.0,26-35,Christianity,Urban,1981,1,WVS_Wave_1
10555,Sweden,Male,36.0,36-45,Christianity,Urban,1981,1,WVS_Wave_1
10556,Sweden,Male,35.0,26-35,Christianity,Urban,1981,1,WVS_Wave_1
10557,Sweden,Male,43.0,36-45,Christianity,Urban,1981,1,WVS_Wave_1
10558,Sweden,Female,22.0,18-25,Christianity,Urban,1981,1,WVS_Wave_1
10559,Sweden,Male,23.0,18-25,Christianity,Urban,1981,1,WVS_Wave_1
10560,Sweden,Male,29.0,26-35,Unaffiliated,Urban,1981,1,WVS_Wave_1
10561,Sweden,Female,37.0,36-45,Christianity,Urban,1981,1,WVS_Wave_1
10562,Sweden,Male,51.0,46-55,Christianity,Urban,1981,1,WVS_Wave_1
10563,Sweden,Female,32.0,26-35,Unaffiliated,Urban,1981,1,WVS_Wave_1
10564,Sweden,Female,62.0,56-65,Christianity,Urban,1981,1,WVS_Wave_1
10565,Sweden,Male,35.0,26-35,Christianity,Urban,1981,1,WVS_Wave_1
10566,Sweden,Male,44.0,36-45,Christianity,Urban,1981,1,WVS_Wave_1
10567,Sweden,Female,39.0,36-45,Christianity,Urban,1981,1,WVS_Wave_1
10568,Sweden,Male,68.0,66+,Christianity,Urban,1981,1,WVS_Wave_1
10569,Sweden,Male,68.0,66+,Christianity,Urban,1981,1,WVS_Wave_1
10570,Sweden,Female,65.0,56-65,Christianity,Urban,1981,1,WVS_Wave_1
10571,Sweden,Female,43.0,36-45,Christianity,Urban,1981,1,WVS_Wave_1
10572,Sweden,Female,22.0,18-25,Christianity,Urban,1981,1,WVS_Wave_1
10573,Sweden,Female,32.0,26-35,Christianity,Urban,1981,1,WVS_Wave_1
10574,Sweden,Female,24.0,18-25,Christianity,,1981,1,WVS_Wave_1
10575,Sweden,Female,34.0,26-35,Christianity,Urban,1981,1,WVS_Wave_1
10576,Sweden,Male,64.0,56-65,Christianity,Urban,1981,1,WVS_Wave_1
10577,Sweden,Male,28.0,26-35,Christianity,Urban,1981,1,WVS_Wave_1
10578,Sweden,Male,22.0,18-25,Christianity,Urban,1981,1,WVS_Wave_1
10579,Sweden,Male,25.0,18-25,Christianity,Urban,1981,1,WVS_Wave_1
10580,Sweden,Female,67.0,66+,Christianity,Urban,1981,1,WVS_Wave_1
10581,Sweden,Male,29.0,26-35,Unaffiliated,Urban,1981,1,WVS_Wave_1
10582,Sweden,Male,60.0,56-65,Unaffiliated,Urban,1981,1,WVS_Wave_1
10583,Sweden,Male,27.0,26-35,Christianity,Urban,1981,1,WVS_Wave_1
10584,Sweden,Male,60.0,56-65,Christianity,Urban,1981,1,WVS_Wave_1
10585,Sweden,Male,68.0,66+,Christianity,Urban,1981,1,WVS_Wave_1
10586,Sweden,Female,65.0,56-65,Christianity,Urban,1981,1,WVS_Wave_1
10587,Sweden,Male,69.0,66+,Christianity,Urban,1981,1,WVS_Wave_1
10588,Sweden,Male,52.0,46-55,Christianity,Urban,1981,1,WVS_Wave_1
10589,Sweden,Male,39.0,36-45,Christianity,Urban,1981,1,WVS_Wave_1
10590,Sweden,Male,34.0,26-35,Christianity,Urban,1981,1,WVS_Wave_1
10591,Sweden,Female,51.0,46-55,Christianity,Urban,1981,1,WVS_Wave_1
10592,Sweden,Female,59.0,56-65,Christianity,Urban,1981,1,WVS_Wave_1
10593,Sweden,Male,27.0,26-35,Unaffiliated,Urban,1981,1,WVS_Wave_1
10594,Sweden,Female,30.0,26-35,Christianity,Urban,1981,1,WVS_Wave_1
10595,Sweden,Female,29.0,26-35,Christianity,Urban,1981,1,WVS_Wave_1
10596,Sweden,Male,23.0,18-25,Christianity,Urban,1981,1,WVS_Wave_1
10597,Sweden,Female,63.0,56-65,Christianity,Urban,1981,1,WVS_Wave_1
10598,Sweden,Female,37.0,36-45,Christianity,Urban,1981,1,WVS_Wave_1
10599,Sweden,Female,20.0,18-25,Christianity,Urban,1981,1,WVS_Wave_1
10600,Sweden,Male,31.0,26-35,Christianity,Urban,1981,1,WVS_Wave_1
10601,Sweden,Female,33.0,26-35,Christianity,Urban,1981,1,WVS_Wave_1
10602,Sweden,Female,62.0,56-65,Christianity,Urban,1981,1,WVS_Wave_1
10603,Sweden,Male,35.0,26-35,Christianity,Urban,1981,1,WVS_Wave_1
10604,Sweden,Female,29.0,26-35,Unaffiliated,Urban,1981,1,WVS_Wave_1
10605,Sweden,Male,33.0,26-35,Christianity,Urban,1981,1,WVS_Wave_1
10606,Sweden,Male,43.0,36-45,Christianity,Urban,1981,1,WVS_Wave_1
10607,Sweden,Male,44.0,36-45,Christianity,Urban,1981,1,WVS_Wave_1
10608,Sweden,Female,58.0,56-65,Christianity,Urban,1981,1,WVS_Wave_1
10609,Sweden,Female,45.0,36-45,Christianity,Urban,1981,1,WVS_Wave_1
10610,Sweden,Female,34.0,26-35,Christianity,Urban,1981,1,WVS_Wave_1
10611,Sweden,Female,33.0,26-35,Christianity,Urban,1981,1,WVS_Wave_1
10612,Sweden,Female,56.0,56-65,Christianity,Urban,1981,1,WVS_Wave_1
10613,Sweden,Male,60.0,56-65,Christianity,Urban,1981,1,WVS_Wave_1
10614,Sweden,Female,44.0,36-45,Christianity,Urban,1981,1,WVS_Wave_1
10615,Sweden,Male,41.0,36-45,Christianity,Urban,1981,1,WVS_Wave_1
10616,Sweden,Male,43.0,36-45,Unaffiliated,Urban,1981,1,WVS_Wave_1
10617,Sweden,Female,30.0,26-35,Christianity,Urban,1981,1,WVS_Wave_1
10618,Sweden,Female,44.0,36-45,Christianity,Rural,1981,1,WVS_Wave_1
10619,Sweden,Female,66.0,66+,Christianity,Urban,1981,1,WVS_Wave_1
10620,Sweden,Female,32.0,26-35,Christianity,Urban,1981,1,WVS_Wave_1
10621,Sweden,Female,30.0,26-35,Christianity,Urban,1981,1,WVS_Wave_1
10622,Sweden,Male,55.0,46-55,Christianity,Urban,1981,1,WVS_Wave_1
10623,Sweden,Female,25.0,18-25,Christianity,Urban,1981,1,WVS_Wave_1
10624,Sweden,Male,64.0,56-65,Christianity,Urban,1981,1,WVS_Wave_1
10625,Sweden,Male,39.0,36-45,Christianity,Urban,1981,1,WVS_Wave_1
10626,Sweden,Female,52.0,46-55,Christianity,Urban,1981,1,WVS_Wave_1
10627,Sweden,Female,59.0,56-65,Christianity,Urban,1981,1,WVS_Wave_1
10628,Sweden,Male,36.0,36-45,Christianity,Urban,1981,1,WVS_Wave_1
10629,Sweden,Male,40.0,36-45,Christianity,Urban,1981,1,WVS_Wave_1
10630,Sweden,Male,62.0,56-65,Christianity,Urban,1981,1,WVS_Wave_1
10631,Sweden,Male,50.0,46-55,Christianity,Urban,1981,1,WVS_Wave_1
10632,Sweden,Male,43.0,36-45,Christianity,Urban,1981,1,WVS_Wave_1
10633,Sweden,Male,46.0,46-55,Christianity,Urban,1981,1,WVS_Wave_1
10634,Sweden,Male,26.0,26-35,Christianity,Urban,1981,1,WVS_Wave_1
10635,Sweden,Male,57.0,56-65,Christianity,Urban,1981,1,WVS_Wave_1
10636,Sweden,Male,29.0,26-35,Christianity,Urban,1981,1,WVS_Wave_1
10637,Sweden,Female,53.0,46-55,Christianity,Urban,1981,1,WVS_Wave_1
10638,Sweden,Female,42.0,36-45,Christianity,Urban,1981,1,WVS_Wave_1
10639,Sweden,Female,56.0,56-65,Unaffiliated,Urban,1981,1,WVS_Wave_1
10640,Sweden,Male,32.0,26-35,Christianity,Urban,1981,1,WVS_Wave_1
10641,Sweden,Female,51.0,46-55,Unaffiliated,Urban,1981,1,WVS_Wave_1
10642,Sweden,Male,69.0,66+,Christianity,Rural,1981,1,WVS_Wave_1
10643,Sweden,Male,28.0,26-35,Christianity,Urban,1981,1,WVS_Wave_1
10644,Sweden,Male,50.0,46-55,Christianity,Rural,1981,1,WVS_Wave_1
10645,Sweden,Female,66.0,66+,Christianity,Urban,1981,1,WVS_Wave_1
10646,Sweden,Female,36.0,36-45,Christianity,Urban,1981,1,WVS_Wave_1
10647,Sweden,Male,34.0,26-35,Christianity,Urban,1981,1,WVS_Wave_1
10648,Sweden,Female,19.0,18-25,Christianity,Urban,1981,1,WVS_Wave_1
10649,Sweden,Female,33.0,26-35,Christianity,Urban,1981,1,WVS_Wave_1
10650,Sweden,Female,55.0,46-55,Christianity,Urban,1981,1,WVS_Wave_1
10651,Sweden,Male,29.0,26-35,Christianity,Urban,1981,1,WVS_Wave_1
10652,Sweden,Male,63.0,56-65,Christianity,Urban,1981,1,WVS_Wave_1
10653,Sweden,Female,36.0,36-45,Christianity,Urban,1981,1,WVS_Wave_1
10654,Sweden,Male,64.0,56-65,Christianity,Urban,1981,1,WVS_Wave_1
10655,Sweden,Female,55.0,46-55,Christianity,Urban,1981,1,WVS_Wave_1
10656,Sweden,Male,28.0,26-35,Other,Urban,1981,1,WVS_Wave_1
10657,Sweden,Male,36.0,36-45,Unaffiliated,Urban,1981,1,WVS_Wave_1
10658,Sweden,Female,70.0,66+,Christianity,Urban,1981,1,WVS_Wave_1
10659,Sweden,Female,23.0,18-25,Christianity,Urban,1981,1,WVS_Wave_1
10660,Sweden,Female,21.0,18-25,Christianity,Urban,1981,1,WVS_Wave_1
10661,Sweden,Male,36.0,36-45,Unaffiliated,Urban,1981,1,WVS_Wave_1
10662,Sweden,Female,29.0,26-35,Christianity,Urban,1981,1,WVS_Wave_1
10663,Sweden,Male,21.0,18-25,Christianity,Urban,1981,1,WVS_Wave_1
10664,Sweden,Male,70.0,66+,Christianity,Urban,1981,1,WVS_Wave_1
10665,Sweden,Female,63.0,56-65,Christianity,Urban,1981,1,WVS_Wave_1
10666,Sweden,Male,64.0,56-65,Christianity,Urban,1981,1,WVS_Wave_1
10667,Sweden,Male,49.0,46-55,Christianity,Urban,1981,1,WVS_Wave_1
10668,Sweden,Male,31.0,26-35,Christianity,Urban,1981,1,WVS_Wave_1
10669,Sweden,Female,46.0,46-55,Christianity,Urban,1981,1,WVS_Wave_1
10670,Sweden,Male,32.0,26-35,Christianity,Urban,1981,1,WVS_Wave_1
10671,Sweden,Female,58.0,56-65,Christianity,Urban,1981,1,WVS_Wave_1
10672,Sweden,Male,34.0,26-35,Unaffiliated,Urban,1981,1,WVS_Wave_1
10673,Sweden,Male,26.0,26-35,Christianity,Urban,1981,1,WVS_Wave_1
10674,Sweden,Male,36.0,36-45,Christianity,Urban,1981,1,WVS_Wave_1
10675,Sweden,Female,53.0,46-55,Christianity,Urban,1981,1,WVS_Wave_1
10676,Sweden,Male,34.0,26-35,Christianity,Urban,1981,1,WVS_Wave_1
10677,Sweden,Female,69.0,66+,Christianity,Urban,1981,1,WVS_Wave_1
10678,Sweden,Female,21.0,18-25,Unaffiliated,Urban,1981,1,WVS_Wave_1
10679,Sweden,Female,43.0,36-45,Unaffiliated,Urban,1981,1,WVS_Wave_1
10680,Sweden,Female,63.0,56-65,Christianity,Urban,1981,1,WVS_Wave_1
10681,Sweden,Male,59.0,56-65,Christianity,Urban,1981,1,WVS_Wave_1
10682,Sweden,Female,43.0,36-45,Christianity,Urban,1981,1,WVS_Wave_1
10683,Sweden,Female,27.0,26-35,Unaffiliated,Urban,1981,1,WVS_Wave_1
10684,Sweden,Male,40.0,36-45,Christianity,Urban,1981,1,WVS_Wave_1
10685,Sweden,Male,63.0,56-65,Christianity,Urban,1981,1,WVS_Wave_1
10686,Sweden,Male,34.0,26-35,Christianity,Urban,1981,1,WVS_Wave_1
10687,Sweden,Male,61.0,56-65,Christianity,Urban,1981,1,WVS_Wave_1
10688,Sweden,Male,43.0,36-45,Christianity,Urban,1981,1,WVS_Wave_1
10689,Sweden,Male,30.0,26-35,Christianity,Urban,1981,1,WVS_Wave_1
10690,Sweden,Male,33.0,26-35,Christianity,Urban,1981,1,WVS_Wave_1
10691,Sweden,Female,57.0,56-65,Christianity,Urban,1981,1,WVS_Wave_1
10692,Sweden,Male,31.0,26-35,Christianity,Urban,1981,1,WVS_Wave_1
10693,Sweden,Female,69.0,66+,Other,Urban,1981,1,WVS_Wave_1
10694,Sweden,Male,60.0,56-65,Christianity,Urban,1981,1,WVS_Wave_1
10695,Sweden,Male,59.0,56-65,Christianity,Urban,1981,1,WVS_Wave_1
10696,Sweden,Male,45.0,36-45,Christianity,Urban,1981,1,WVS_Wave_1
10697,Sweden,Male,35.0,26-35,Christianity,Urban,1981,1,WVS_Wave_1
10698,Sweden,Male,38.0,36-45,Christianity,Urban,1981,1,WVS_Wave_1
10699,Sweden,Male,35.0,26-35,Christianity,Urban,1981,1,WVS_Wave_1
10700,Sweden,Female,55.0,46-55,Christianity,Urban,1981,1,WVS_Wave_1
10701,Sweden,Female,46.0,46-55,Christianity,Urban,1981,1,WVS_Wave_1
10702,Sweden,Male,29.0,26-35,Unaffiliated,Urban,1981,1,WVS_Wave_1
10703,Sweden,Male,37.0,36-45,Christianity,Urban,1981,1,WVS_Wave_1
10704,Sweden,Female,24.0,18-25,Unaffiliated,Urban,1981,1,WVS_Wave_1
10705,Sweden,Male,40.0,36-45,Christianity,Urban,1981,1,WVS_Wave_1
10706,Sweden,Male,33.0,26-35,Christianity,Urban,1981,1,WVS_Wave_1
10707,Sweden,Female,65.0,56-65,Christianity,Urban,1981,1,WVS_Wave_1
10708,Sweden,Female,31.0,26-35,Christianity,Urban,1981,1,WVS_Wave_1
10709,Sweden,Male,32.0,26-35,Unaffiliated,Urban,1981,1,WVS_Wave_1
10710,Sweden,Female,53.0,46-55,Christianity,Urban,1981,1,WVS_Wave_1
10711,Sweden,Male,52.0,46-55,Other,Urban,1981,1,WVS_Wave_1
10712,Sweden,Male,40.0,36-45,Christianity,Urban,1981,1,WVS_Wave_1
10713,Sweden,Male,20.0,18-25,Christianity,Urban,1981,1,WVS_Wave_1
10714,Sweden,Female,32.0,26-35,Christianity,Urban,1981,1,WVS_Wave_1
10715,Sweden,Female,21.0,18-25,Christianity,Urban,1981,1,WVS_Wave_1
10716,Sweden,Female,49.0,46-55,Christianity,Urban,1981,1,WVS_Wave_1
10717,Sweden,Female,43.0,36-45,Christianity,Urban,1981,1,WVS_Wave_1
10718,Sweden,Female,61.0,56-65,Other,Urban,1981,1,WVS_Wave_1
10719,Sweden,Male,21.0,18-25,Christianity,Urban,1981,1,WVS_Wave_1
10720,Sweden,Female,35.0,26-35,Unaffiliated,Urban,1981,1,WVS_Wave_1
10721,Sweden,Male,55.0,46-55,Christianity,Urban,1981,1,WVS_Wave_1
10722,Sweden,Male,38.0,36-45,Christianity,Urban,1981,1,WVS_Wave_1
10723,Sweden,Female,32.0,26-35,Christianity,Urban,1981,1,WVS_Wave_1
10724,Sweden,Female,46.0,46-55,Christianity,Urban,1981,1,WVS_Wave_1
10725,Sweden,Female,53.0,46-55,Christianity,Urban,1981,1,WVS_Wave_1
10726,Sweden,Female,31.0,26-35,Christianity,Urban,1981,1,WVS_Wave_1
10727,Sweden,Male,42.0,36-45,Christianity,Urban,1981,1,WVS_Wave_1
10728,Sweden,Male,35.0,26-35,Christianity,Urban,1981,1,WVS_Wave_1
10729,Sweden,Female,53.0,46-55,Christianity,Urban,1981,1,WVS_Wave_1
10730,Sweden,Male,39.0,36-45,Christianity,Urban,1981,1,WVS_Wave_1
10731,Sweden,Male,32.0,26-35,Christianity,Urban,1981,1,WVS_Wave_1
10732,Sweden,Female,56.0,56-65,Christianity,Urban,1981,1,WVS_Wave_1
10733,Sweden,Female,37.0,36-45,Christianity,Urban,1981,1,WVS_Wave_1
10734,Sweden,Male,34.0,26-35,Christianity,Urban,1981,1,WVS_Wave_1
10735,Sweden,Male,22.0,18-25,Christianity,Urban,1981,1,WVS_Wave_1
10736,Sweden,Female,29.0,26-35,Christianity,Urban,1981,1,WVS_Wave_1
10737,Sweden,Female,57.0,56-65,Christianity,Urban,1981,1,WVS_Wave_1
10738,Sweden,Female,53.0,46-55,Christianity,Urban,1981,1,WVS_Wave_1
10739,Sweden,Male,65.0,56-65,Unaffiliated,Urban,1981,1,WVS_Wave_1
10740,Sweden,Male,53.0,46-55,Christianity,Urban,1981,1,WVS_Wave_1
10741,Sweden,Male,65.0,56-65,Christianity,Urban,1981,1,WVS_Wave_1
10742,Sweden,Female,59.0,56-65,Christianity,Urban,1981,1,WVS_Wave_1
10743,Sweden,Male,56.0,56-65,Christianity,Urban,1981,1,WVS_Wave_1
10744,Sweden,Female,39.0,36-45,Other,Urban,1981,1,WVS_Wave_1
10745,Sweden,Female,57.0,56-65,Christianity,Urban,1981,1,WVS_Wave_1
10746,Sweden,Female,49.0,46-55,Christianity,Urban,1981,1,WVS_Wave_1
10747,Sweden,Male,31.0,26-35,Unaffiliated,Urban,1981,1,WVS_Wave_1
10748,Sweden,Female,18.0,18-25,Christianity,Urban,1981,1,WVS_Wave_1
10749,Sweden,Female,40.0,36-45,Christianity,Urban,1981,1,WVS_Wave_1
10750,Sweden,Female,49.0,46-55,Christianity,Urban,1981,1,WVS_Wave_1
10751,Sweden,Male,38.0,36-45,Christianity,Urban,1981,1,WVS_Wave_1
10752,Sweden,Male,46.0,46-55,Christianity,Urban,1981,1,WVS_Wave_1
10753,Sweden,Male,48.0,46-55,Christianity,Urban,1981,1,WVS_Wave_1
10754,Sweden,Male,46.0,46-55,Christianity,Urban,1981,1,WVS_Wave_1
10755,Sweden,Male,47.0,46-55,Christianity,Urban,1981,1,WVS_Wave_1
10756,Sweden,Female,63.0,56-65,Christianity,Urban,1981,1,WVS_Wave_1
10757,Sweden,Male,64.0,56-65,Christianity,Urban,1981,1,WVS_Wave_1
10758,Sweden,Female,61.0,56-65,Christianity,Urban,1981,1,WVS_Wave_1
10759,Sweden,Male,19.0,18-25,Christianity,Urban,1981,1,WVS_Wave_1
10760,Sweden,Female,46.0,46-55,Christianity,Urban,1981,1,WVS_Wave_1
10761,Sweden,Female,47.0,46-55,Christianity,Urban,1981,1,WVS_Wave_1
10762,Sweden,Female,20.0,18-25,Christianity,Urban,1981,1,WVS_Wave_1
10763,Sweden,Female,39.0,36-45,Christianity,Urban,1981,1,WVS_Wave_1
10764,Sweden,Male,41.0,36-45,Christianity,Urban,1981,1,WVS_Wave_1
10765,Sweden,Male,41.0,36-45,Christianity,Urban,1981,1,WVS_Wave_1
10766,Sweden,Male,35.0,26-35,Christianity,Urban,1981,1,WVS_Wave_1
10767,Sweden,Female,25.0,18-25,Christianity,Urban,1981,1,WVS_Wave_1
10768,Sweden,Female,48.0,46-55,Christianity,Urban,1981,1,WVS_Wave_1
10769,Sweden,Male,60.0,56-65,Christianity,Urban,1981,1,WVS_Wave_1
10770,Sweden,Female,47.0,46-55,Christianity,Urban,1981,1,WVS_Wave_1
10771,Sweden,Female,33.0,26-35,Christianity,Rural,1981,1,WVS_Wave_1
10772,Sweden,Male,61.0,56-65,Christianity,Urban,1981,1,WVS_Wave_1
10773,Sweden,Male,38.0,36-45,Christianity,Urban,1981,1,WVS_Wave_1
10774,Sweden,Female,42.0,36-45,Other,Urban,1981,1,WVS_Wave_1
10775,Sweden,Male,19.0,18-25,Christianity,Urban,1981,1,WVS_Wave_1
10776,Sweden,Male,39.0,36-45,Christianity,Urban,1981,1,WVS_Wave_1
10777,Sweden,Female,18.0,18-25,Christianity,Urban,1981,1,WVS_Wave_1
10778,Sweden,Male,36.0,36-45,Unaffiliated,Urban,1981,1,WVS_Wave_1
10779,Sweden,Male,70.0,66+,Christianity,Urban,1981,1,WVS_Wave_1
10780,Sweden,Female,42.0,36-45,Christianity,Urban,1981,1,WVS_Wave_1
10781,Sweden,Female,57.0,56-65,Christianity,Urban,1981,1,WVS_Wave_1
10782,Sweden,Male,29.0,26-35,Christianity,Urban,1981,1,WVS_Wave_1
10783,Sweden,Female,46.0,46-55,Christianity,Urban,1981,1,WVS_Wave_1
10784,Sweden,Male,53.0,46-55,Christianity,Urban,1981,1,WVS_Wave_1
10785,Sweden,Female,38.0,36-45,Christianity,Urban,1981,1,WVS_Wave_1
10786,Sweden,Female,67.0,66+,Christianity,Urban,1981,1,WVS_Wave_1
10787,Sweden,Male,37.0,36-45,Christianity,Urban,1981,1,WVS_Wave_1
10788,Sweden,Male,19.0,18-25,Christianity,Urban,1981,1,WVS_Wave_1
10789,Sweden,Female,47.0,46-55,Christianity,Urban,1981,1,WVS_Wave_1
10790,Sweden,Male,26.0,26-35,Christianity,Urban,1981,1,WVS_Wave_1
10791,Sweden,Male,42.0,36-45,Christianity,Urban,1981,1,WVS_Wave_1
10792,Sweden,Female,37.0,36-45,Christianity,Urban,1981,1,WVS_Wave_1
10793,Sweden,Male,59.0,56-65,Christianity,Urban,1981,1,WVS_Wave_1
10794,Sweden,Female,35.0,26-35,Christianity,Urban,1981,1,WVS_Wave_1
10795,Sweden,Female,40.0,36-45,Christianity,Urban,1981,1,WVS_Wave_1
10796,Sweden,Female,38.0,36-45,Christianity,Urban,1981,1,WVS_Wave_1
10797,Sweden,Male,35.0,26-35,Christianity,Urban,1981,1,WVS_Wave_1
10798,Sweden,Male,30.0,26-35,Christianity,Urban,1981,1,WVS_Wave_1
10799,Sweden,Male,24.0,18-25,Unaffiliated,Urban,1981,1,WVS_Wave_1
10800,Sweden,Female,29.0,26-35,Christianity,Urban,1981,1,WVS_Wave_1
10801,Sweden,Male,35.0,26-35,Christianity,Urban,1981,1,WVS_Wave_1
10802,Sweden,Male,66.0,66+,Christianity,Urban,1981,1,WVS_Wave_1
10803,Sweden,Female,19.0,18-25,Christianity,Urban,1981,1,WVS_Wave_1
10804,Sweden,Male,33.0,26-35,Christianity,Urban,1981,1,WVS_Wave_1
10805,Sweden,Male,26.0,26-35,Christianity,,1981,1,WVS_Wave_1
10806,Sweden,Male,54.0,46-55,Christianity,Urban,1981,1,WVS_Wave_1
10807,Sweden,Male,23.0,18-25,Christianity,Urban,1981,1,WVS_Wave_1
10808,Sweden,Male,39.0,36-45,Christianity,Urban,1981,1,WVS_Wave_1
10809,Sweden,Female,37.0,36-45,Christianity,Urban,1981,1,WVS_Wave_1
10810,Sweden,Male,27.0,26-35,Christianity,Urban,1981,1,WVS_Wave_1
10811,Sweden,Female,23.0,18-25,Other,Urban,1981,1,WVS_Wave_1
10812,Sweden,Female,28.0,26-35,Christianity,Urban,1981,1,WVS_Wave_1
10813,Sweden,Male,29.0,26-35,Unaffiliated,Urban,1981,1,WVS_Wave_1
10814,Sweden,Female,54.0,46-55,Christianity,Urban,1981,1,WVS_Wave_1
10815,Sweden,Female,25.0,18-25,Christianity,Urban,1981,1,WVS_Wave_1
10816,Sweden,Female,52.0,46-55,Christianity,Urban,1981,1,WVS_Wave_1
10817,Sweden,Female,51.0,46-55,Christianity,Urban,1981,1,WVS_Wave_1
10818,Sweden,Male,43.0,36-45,Christianity,Urban,1981,1,WVS_Wave_1
10819,Sweden,Male,70.0,66+,Christianity,Urban,1981,1,WVS_Wave_1
10820,Sweden,Male,39.0,36-45,Christianity,Urban,1981,1,WVS_Wave_1
10821,Sweden,Female,63.0,56-65,Christianity,Urban,1981,1,WVS_Wave_1
10822,Sweden,Male,45.0,36-45,Christianity,Urban,1981,1,WVS_Wave_1
10823,Sweden,Male,29.0,26-35,Christianity,Urban,1981,1,WVS_Wave_1
10824,Sweden,Male,61.0,56-65,Christianity,Urban,1981,1,WVS_Wave_1
10825,Sweden,Female,45.0,36-45,Christianity,Urban,1981,1,WVS_Wave_1
10826,Sweden,Male,30.0,26-35,Unaffiliated,Urban,1981,1,WVS_Wave_1
10827,Sweden,Female,69.0,66+,Christianity,Urban,1981,1,WVS_Wave_1
10828,Sweden,Male,44.0,36-45,Unaffiliated,Urban,1981,1,WVS_Wave_1
10829,Sweden,Male,49.0,46-55,Christianity,Rural,1981,1,WVS_Wave_1
10830,Sweden,Male,47.0,46-55,Christianity,Rural,1981,1,WVS_Wave_1
10831,Sweden,Male,44.0,36-45,Christianity,Rural,1981,1,WVS_Wave_1
10832,Sweden,Female,51.0,46-55,Christianity,Urban,1981,1,WVS_Wave_1
10833,Sweden,Female,39.0,36-45,Christianity,Urban,1981,1,WVS_Wave_1
10834,Sweden,Female,29.0,26-35,Christianity,Urban,1981,1,WVS_Wave_1
10835,Sweden,Male,49.0,46-55,Christianity,Urban,1981,1,WVS_Wave_1
10836,Sweden,Female,69.0,66+,Christianity,Rural,1981,1,WVS_Wave_1
10837,Sweden,Male,19.0,18-25,Christianity,Urban,1981,1,WVS_Wave_1
10838,Sweden,Female,69.0,66+,Christianity,Rural,1981,1,WVS_Wave_1
10839,Sweden,Female,29.0,26-35,Christianity,Rural,1981,1,WVS_Wave_1
10840,Sweden,Male,38.0,36-45,Christianity,Urban,1981,1,WVS_Wave_1
10841,Sweden,Female,63.0,56-65,Christianity,Urban,1981,1,WVS_Wave_1
10842,Sweden,Female,30.0,26-35,Christianity,Urban,1981,1,WVS_Wave_1
10843,Sweden,Male,35.0,26-35,Christianity,Urban,1981,1,WVS_Wave_1
10844,Sweden,Female,69.0,66+,Christianity,Urban,1981,1,WVS_Wave_1
10845,Sweden,Female,69.0,66+,Christianity,Urban,1981,1,WVS_Wave_1
10846,Sweden,Female,39.0,36-45,Christianity,Urban,1981,1,WVS_Wave_1
10847,Sweden,Male,44.0,36-45,Other,Urban,1981,1,WVS_Wave_1
10848,Sweden,Male,43.0,36-45,Christianity,Urban,1981,1,WVS_Wave_1
10849,Sweden,Male,18.0,18-25,Christianity,Urban,1981,1,WVS_Wave_1
10850,Sweden,Male,55.0,46-55,Unaffiliated,Urban,1981,1,WVS_Wave_1
10851,Sweden,Male,39.0,36-45,Christianity,Urban,1981,1,WVS_Wave_1
10852,Sweden,Male,56.0,56-65,Christianity,Urban,1981,1,WVS_Wave_1
10853,Sweden,Female,40.0,36-45,Christianity,Urban,1981,1,WVS_Wave_1
10854,Sweden,Female,27.0,26-35,Christianity,Urban,1981,1,WVS_Wave_1
10855,Sweden,Female,18.0,18-25,Christianity,Urban,1981,1,WVS_Wave_1
10856,Sweden,Female,25.0,18-25,Christianity,Urban,1981,1,WVS_Wave_1
10857,Sweden,Male,59.0,56-65,Christianity,Urban,1981,1,WVS_Wave_1
10858,Sweden,Male,61.0,56-65,Christianity,Urban,1981,1,WVS_Wave_1
10859,Sweden,Female,62.0,56-65,Christianity,Urban,1981,1,WVS_Wave_1
10860,Sweden,Female,25.0,18-25,Christianity,Urban,1981,1,WVS_Wave_1
10861,Sweden,Male,34.0,26-35,Christianity,Urban,1981,1,WVS_Wave_1
10862,Sweden,Male,32.0,26-35,Unaffiliated,Urban,1981,1,WVS_Wave_1
10863,Sweden,Female,69.0,66+,Christianity,Urban,1981,1,WVS_Wave_1
10864,Sweden,Female,63.0,56-65,Christianity,Urban,1981,1,WVS_Wave_1
10865,Sweden,Male,62.0,56-65,Christianity,Urban,1981,1,WVS_Wave_1
10866,Sweden,Female,67.0,66+,Christianity,Rural,1981,1,WVS_Wave_1
10867,Sweden,Female,23.0,18-25,Christianity,Urban,1981,1,WVS_Wave_1
10868,Sweden,Male,65.0,56-65,Christianity,Rural,1981,1,WVS_Wave_1
10869,Sweden,Male,50.0,46-55,Christianity,Urban,1981,1,WVS_Wave_1
10870,Sweden,Male,70.0,66+,Christianity,Rural,1981,1,WVS_Wave_1
10871,Sweden,Male,35.0,26-35,Christianity,Urban,1981,1,WVS_Wave_1
10872,Sweden,Female,58.0,56-65,Unaffiliated,Urban,1981,1,WVS_Wave_1
10873,Sweden,Female,36.0,36-45,Christianity,Urban,1981,1,WVS_Wave_1
10874,Sweden,Male,19.0,18-25,Christianity,Urban,1981,1,WVS_Wave_1
10875,Sweden,Female,35.0,26-35,Christianity,Urban,1981,1,WVS_Wave_1
10876,Sweden,Male,40.0,36-45,Christianity,Urban,1981,1,WVS_Wave_1
10877,Sweden,Female,51.0,46-55,Christianity,Urban,1981,1,WVS_Wave_1
10878,Sweden,Female,42.0,36-45,Christianity,Urban,1981,1,WVS_Wave_1
10879,Sweden,Female,49.0,46-55,Christianity,Urban,1981,1,WVS_Wave_1
10880,Sweden,Female,32.0,26-35,Christianity,Urban,1981,1,WVS_Wave_1
10881,Sweden,Male,67.0,66+,Christianity,Urban,1981,1,WVS_Wave_1
10882,Sweden,Male,42.0,36-45,Christianity,Urban,1981,1,WVS_Wave_1
10883,Sweden,Female,48.0,46-55,Christianity,Urban,1981,1,WVS_Wave_1
10884,Sweden,Male,69.0,66+,Christianity,Urban,1981,1,WVS_Wave_1
10885,Sweden,Male,28.0,26-35,Christianity,Rural,1981,1,WVS_Wave_1
10886,Sweden,Female,26.0,26-35,Christianity,Rural,1981,1,WVS_Wave_1
10887,Sweden,Male,42.0,36-45,Christianity,Rural,1981,1,WVS_Wave_1
10888,Sweden,Female,43.0,36-45,Christianity,Rural,1981,1,WVS_Wave_1
10889,Sweden,Male,54.0,46-55,Christianity,Rural,1981,1,WVS_Wave_1
10890,Sweden,Female,67.0,66+,Christianity,Rural,1981,1,WVS_Wave_1
10891,Sweden,Male,37.0,36-45,Christianity,Rural,1981,1,WVS_Wave_1
10892,Sweden,Male,50.0,46-55,Christianity,Rural,1981,1,WVS_Wave_1
10893,Sweden,Male,57.0,56-65,Christianity,Rural,1981,1,WVS_Wave_1
10894,Sweden,Male,28.0,26-35,Christianity,Rural,1981,1,WVS_Wave_1
10895,Sweden,Female,37.0,36-45,Unaffiliated,Urban,1981,1,WVS_Wave_1
10896,Sweden,Female,29.0,26-35,Other,Urban,1981,1,WVS_Wave_1
10897,Sweden,Male,49.0,46-55,Christianity,Urban,1981,1,WVS_Wave_1
10898,Sweden,Female,33.0,26-35,Christianity,Urban,1981,1,WVS_Wave_1
10899,Sweden,Male,43.0,36-45,Christianity,Urban,1981,1,WVS_Wave_1
10900,Sweden,Male,19.0,18-25,Unaffiliated,Urban,1981,1,WVS_Wave_1
10901,Sweden,Female,35.0,26-35,Christianity,Urban,1981,1,WVS_Wave_1
10902,Sweden,Male,62.0,56-65,Christianity,Urban,1981,1,WVS_Wave_1
10903,Sweden,Female,48.0,46-55,Christianity,Urban,1981,1,WVS_Wave_1
10904,Sweden,Male,54.0,46-55,Christianity,Urban,1981,1,WVS_Wave_1
10905,Sweden,Female,25.0,18-25,Christianity,Urban,1981,1,WVS_Wave_1
10906,Sweden,Female,32.0,26-35,Christianity,Urban,1981,1,WVS_Wave_1
10907,Sweden,Male,18.0,18-25,Christianity,Urban,1981,1,WVS_Wave_1
10908,Sweden,Male,69.0,66+,Unaffiliated,Urban,1981,1,WVS_Wave_1
10909,Sweden,Female,55.0,46-55,Christianity,Urban,1981,1,WVS_Wave_1
10910,Sweden,Female,37.0,36-45,Christianity,Urban,1981,1,WVS_Wave_1
10911,Sweden,Male,18.0,18-25,Christianity,Urban,1981,1,WVS_Wave_1
10912,Sweden,Female,23.0,18-25,Christianity,Urban,1981,1,WVS_Wave_1
10913,Sweden,Male,49.0,46-55,Christianity,Urban,1981,1,WVS_Wave_1
10914,Sweden,Female,30.0,26-35,Christianity,Urban,1981,1,WVS_Wave_1
10915,Sweden,Male,48.0,46-55,Christianity,Urban,1981,1,WVS_Wave_1
10916,Sweden,Female,70.0,66+,Christianity,Urban,1981,1,WVS_Wave_1
10917,Sweden,Female,61.0,56-65,Christianity,Urban,1981,1,WVS_Wave_1
10918,Sweden,Female,62.0,56-65,Christianity,Urban,1981,1,WVS_Wave_1
10919,Sweden,Male,31.0,26-35,Other,Urban,1981,1,WVS_Wave_1
10920,Sweden,Female,59.0,56-65,Christianity,Urban,1981,1,WVS_Wave_1
10921,Sweden,Female,20.0,18-25,Christianity,Urban,1981,1,WVS_Wave_1
10922,Sweden,Female,18.0,18-25,Christianity,Urban,1981,1,WVS_Wave_1
10923,Sweden,Female,26.0,26-35,Christianity,Urban,1981,1,WVS_Wave_1
10924,Sweden,Female,24.0,18-25,Christianity,Urban,1981,1,WVS_Wave_1
10925,Sweden,Male,25.0,18-25,Christianity,Urban,1981,1,WVS_Wave_1
10926,Sweden,Female,63.0,56-65,Christianity,Urban,1981,1,WVS_Wave_1
10927,Sweden,Female,36.0,36-45,Unaffiliated,Urban,1981,1,WVS_Wave_1
10928,Sweden,Female,36.0,36-45,Other,Urban,1981,1,WVS_Wave_1
10929,Sweden,Male,42.0,36-45,Unaffiliated,Urban,1981,1,WVS_Wave_1
10930,Sweden,Male,39.0,36-45,Christianity,Urban,1981,1,WVS_Wave_1
10931,Sweden,Female,52.0,46-55,Christianity,Urban,1981,1,WVS_Wave_1
10932,Sweden,Male,39.0,36-45,Christianity,Urban,1981,1,WVS_Wave_1
10933,Sweden,Male,37.0,36-45,Christianity,Urban,1981,1,WVS_Wave_1
10934,Sweden,Female,61.0,56-65,Christianity,Urban,1981,1,WVS_Wave_1
10935,Sweden,Male,30.0,26-35,Christianity,Urban,1981,1,WVS_Wave_1
10936,Sweden,Male,34.0,26-35,Unaffiliated,Urban,1981,1,WVS_Wave_1
10937,Sweden,Male,35.0,26-35,Christianity,Urban,1981,1,WVS_Wave_1
10938,Sweden,Male,30.0,26-35,Other,Urban,1981,1,WVS_Wave_1
10939,Sweden,Male,19.0,18-25,Christianity,Urban,1981,1,WVS_Wave_1
10940,Sweden,Male,18.0,18-25,Christianity,Urban,1981,1,WVS_Wave_1
10941,Sweden,Male,51.0,46-55,Christianity,Urban,1981,1,WVS_Wave_1
10942,Sweden,Female,58.0,56-65,Christianity,Urban,1981,1,WVS_Wave_1
10943,Sweden,Female,18.0,18-25,Christianity,Urban,1981,1,WVS_Wave_1
10944,Sweden,Male,60.0,56-65,Christianity,Urban,1981,1,WVS_Wave_1
10945,Sweden,Male,59.0,56-65,Christianity,Urban,1981,1,WVS_Wave_1
10946,Sweden,Female,56.0,56-65,Christianity,Urban,1981,1,WVS_Wave_1
10947,Sweden,Female,43.0,36-45,Christianity,Urban,1981,1,WVS_Wave_1
10948,Sweden,Male,25.0,18-25,Christianity,Urban,1981,1,WVS_Wave_1
10949,Sweden,Female,43.0,36-45,Christianity,Urban,1981,1,WVS_Wave_1
10950,Sweden,Female,18.0,18-25,Unaffiliated,Urban,1981,1,WVS_Wave_1
10951,Sweden,Female,43.0,36-45,Christianity,Urban,1981,1,WVS_Wave_1
10952,Sweden,Male,35.0,26-35,Christianity,Urban,1981,1,WVS_Wave_1
10953,Sweden,Male,37.0,36-45,Christianity,Urban,1981,1,WVS_Wave_1
10954,Sweden,Male,21.0,18-25,Christianity,Urban,1981,1,WVS_Wave_1
10955,Sweden,Male,34.0,26-35,Christianity,Urban,1981,1,WVS_Wave_1
10956,Sweden,Female,45.0,36-45,Christianity,Urban,1981,1,WVS_Wave_1
10957,Sweden,Female,49.0,46-55,Other,Urban,1981,1,WVS_Wave_1
10958,Sweden,Female,57.0,56-65,Christianity,Urban,1981,1,WVS_Wave_1
10959,Sweden,Male,38.0,36-45,Christianity,Urban,1981,1,WVS_Wave_1
10960,Sweden,Male,46.0,46-55,Christianity,Urban,1981,1,WVS_Wave_1
10961,Sweden,Female,60.0,56-65,Christianity,Urban,1981,1,WVS_Wave_1
10962,Sweden,Female,52.0,46-55,Christianity,Urban,1981,1,WVS_Wave_1
10963,Sweden,Male,39.0,36-45,Christianity,Urban,1981,1,WVS_Wave_1
10964,Sweden,Male,54.0,46-55,Christianity,Urban,1981,1,WVS_Wave_1
10965,Sweden,Female,35.0,26-35,Christianity,Urban,1981,1,WVS_Wave_1
10966,Sweden,Male,49.0,46-55,Christianity,Urban,1981,1,WVS_Wave_1
10967,Sweden,Female,51.0,46-55,Christianity,Urban,1981,1,WVS_Wave_1
10968,Sweden,Female,37.0,36-45,Christianity,Urban,1981,1,WVS_Wave_1
10969,Sweden,Male,55.0,46-55,Christianity,Urban,1981,1,WVS_Wave_1
10970,Sweden,Male,32.0,26-35,Christianity,Urban,1981,1,WVS_Wave_1
10971,Sweden,Female,41.0,36-45,Christianity,Urban,1981,1,WVS_Wave_1
10972,Sweden,Male,38.0,36-45,Christianity,,1981,1,WVS_Wave_1
10973,Sweden,Male,19.0,18-25,Christianity,Urban,1981,1,WVS_Wave_1
10974,Sweden,Female,18.0,18-25,Christianity,Urban,1981,1,WVS_Wave_1
10975,Sweden,Female,54.0,46-55,Christianity,Urban,1981,1,WVS_Wave_1
10976,Sweden,Male,53.0,46-55,Christianity,Urban,1981,1,WVS_Wave_1
10977,Sweden,Male,47.0,46-55,Christianity,Urban,1981,1,WVS_Wave_1
10978,Sweden,Female,39.0,36-45,Christianity,Urban,1981,1,WVS_Wave_1
10979,Sweden,Female,21.0,18-25,Christianity,Urban,1981,1,WVS_Wave_1
10980,Sweden,Male,47.0,46-55,Christianity,Urban,1981,1,WVS_Wave_1
10981,Sweden,Female,35.0,26-35,Christianity,Urban,1981,1,WVS_Wave_1
10982,Sweden,Female,33.0,26-35,Christianity,Urban,1981,1,WVS_Wave_1
10983,Sweden,Male,41.0,36-45,Christianity,Urban,1981,1,WVS_Wave_1
10984,Sweden,Female,63.0,56-65,Christianity,Urban,1981,1,WVS_Wave_1
10985,Sweden,Male,39.0,36-45,Christianity,Urban,1981,1,WVS_Wave_1
10986,Sweden,Female,47.0,46-55,Unaffiliated,Urban,1981,1,WVS_Wave_1
10987,Sweden,Female,31.0,26-35,Christianity,Urban,1981,1,WVS_Wave_1
10988,Sweden,Female,66.0,66+,Christianity,Urban,1981,1,WVS_Wave_1
10989,Sweden,Male,35.0,26-35,Christianity,Urban,1981,1,WVS_Wave_1
10990,Sweden,Female,23.0,18-25,Christianity,Urban,1981,1,WVS_Wave_1
10991,Sweden,Female,21.0,18-25,Other,Urban,1981,1,WVS_Wave_1
10992,Sweden,Female,36.0,36-45,Christianity,Urban,1981,1,WVS_Wave_1
10993,Sweden,Female,55.0,46-55,Christianity,Urban,1981,1,WVS_Wave_1
10994,Sweden,Female,32.0,26-35,Unaffiliated,Urban,1981,1,WVS_Wave_1
10995,Sweden,Female,63.0,56-65,Christianity,Urban,1981,1,WVS_Wave_1
10996,Sweden,Male,52.0,46-55,Christianity,Urban,1981,1,WVS_Wave_1
10997,Sweden,Male,61.0,56-65,Christianity,Urban,1981,1,WVS_Wave_1
10998,Sweden,Female,40.0,36-45,Christianity,Urban,1981,1,WVS_Wave_1
10999,Sweden,Female,29.0,26-35,Other,Urban,1981,1,WVS_Wave_1
11000,Sweden,Female,22.0,18-25,Christianity,Rural,1981,1,WVS_Wave_1
11001,Sweden,Male,38.0,36-45,Christianity,Urban,1981,1,WVS_Wave_1
11002,Sweden,Female,55.0,46-55,Christianity,Urban,1981,1,WVS_Wave_1
11003,Sweden,Female,56.0,56-65,Christianity,Urban,1981,1,WVS_Wave_1
11004,Sweden,Female,59.0,56-65,Christianity,Urban,1981,1,WVS_Wave_1
11005,Sweden,Male,52.0,46-55,Christianity,Urban,1981,1,WVS_Wave_1
11006,Sweden,Female,63.0,56-65,Christianity,Urban,1981,1,WVS_Wave_1
11007,Sweden,Male,38.0,36-45,Hinduism,Urban,1981,1,WVS_Wave_1
11008,Sweden,Male,65.0,56-65,Christianity,Urban,1981,1,WVS_Wave_1
11009,Sweden,Male,66.0,66+,Christianity,Urban,1981,1,WVS_Wave_1
11010,Sweden,Male,70.0,66+,Christianity,Urban,1981,1,WVS_Wave_1
11011,Sweden,Female,53.0,46-55,Christianity,Urban,1981,1,WVS_Wave_1
11012,Sweden,Male,61.0,56-65,Christianity,Urban,1981,1,WVS_Wave_1
11013,Sweden,Male,47.0,46-55,Christianity,Urban,1981,1,WVS_Wave_1
11014,Sweden,Male,25.0,18-25,Christianity,Urban,1981,1,WVS_Wave_1
11015,Sweden,Male,54.0,46-55,Christianity,Urban,1981,1,WVS_Wave_1
11016,Sweden,Female,57.0,56-65,Christianity,Urban,1981,1,WVS_Wave_1
11017,Sweden,Male,24.0,18-25,Christianity,Urban,1981,1,WVS_Wave_1
11018,Sweden,Male,34.0,26-35,Christianity,Urban,1981,1,WVS_Wave_1
11019,Sweden,Male,27.0,26-35,Christianity,Urban,1981,1,WVS_Wave_1
11020,Sweden,Female,40.0,36-45,Christianity,Urban,1981,1,WVS_Wave_1
11021,Sweden,Female,50.0,46-55,Christianity,Rural,1981,1,WVS_Wave_1
11022,Sweden,Female,31.0,26-35,Christianity,Rural,1981,1,WVS_Wave_1
11023,Sweden,Male,40.0,36-45,Christianity,Urban,1981,1,WVS_Wave_1
11024,Sweden,Male,35.0,26-35,Christianity,Urban,1981,1,WVS_Wave_1
11025,Sweden,Female,69.0,66+,Christianity,Urban,1981,1,WVS_Wave_1
11026,Sweden,Male,32.0,26-35,Unaffiliated,Urban,1981,1,WVS_Wave_1
11027,Sweden,Male,43.0,36-45,Christianity,Urban,1981,1,WVS_Wave_1
11028,Sweden,Female,32.0,26-35,Christianity,Urban,1981,1,WVS_Wave_1
11029,Sweden,Female,33.0,26-35,Christianity,Urban,1981,1,WVS_Wave_1
11030,Sweden,Male,19.0,18-25,Christianity,Urban,1981,1,WVS_Wave_1
11031,Sweden,Male,66.0,66+,Christianity,Urban,1981,1,WVS_Wave_1
11032,Sweden,Female,22.0,18-25,Christianity,Rural,1981,1,WVS_Wave_1
11033,Sweden,Female,46.0,46-55,Christianity,Urban,1981,1,WVS_Wave_1
11034,Sweden,Female,55.0,46-55,Christianity,Urban,1981,1,WVS_Wave_1
11035,Sweden,Male,57.0,56-65,Christianity,Urban,1981,1,WVS_Wave_1
11036,Sweden,Female,30.0,26-35,Other,Urban,1981,1,WVS_Wave_1
11037,Sweden,Female,49.0,46-55,Christianity,Rural,1981,1,WVS_Wave_1
11038,Sweden,Male,32.0,26-35,Christianity,Urban,1981,1,WVS_Wave_1
11039,Sweden,Male,29.0,26-35,Christianity,Urban,1981,1,WVS_Wave_1
11040,Sweden,Male,36.0,36-45,Christianity,Urban,1981,1,WVS_Wave_1
11041,Sweden,Male,45.0,36-45,Christianity,Urban,1981,1,WVS_Wave_1
11042,Sweden,Male,64.0,56-65,Unaffiliated,Urban,1981,1,WVS_Wave_1
11043,Sweden,Female,36.0,36-45,Christianity,Urban,1981,1,WVS_Wave_1
11044,Sweden,Male,51.0,46-55,Christianity,Urban,1981,1,WVS_Wave_1
11045,Sweden,Male,41.0,36-45,Christianity,Urban,1981,1,WVS_Wave_1
11046,Sweden,Male,42.0,36-45,Christianity,Urban,1981,1,WVS_Wave_1
11047,Sweden,Male,65.0,56-65,Christianity,Urban,1981,1,WVS_Wave_1
11048,Sweden,Male,50.0,46-55,Christianity,Urban,1981,1,WVS_Wave_1
11049,Sweden,Female,29.0,26-35,Christianity,Urban,1981,1,WVS_Wave_1
11050,Sweden,Male,32.0,26-35,Christianity,Rural,1981,1,WVS_Wave_1
11051,Sweden,Female,60.0,56-65,Christianity,Urban,1981,1,WVS_Wave_1
11052,Sweden,Male,51.0,46-55,Christianity,Rural,1981,1,WVS_Wave_1
11053,Sweden,Male,23.0,18-25,Christianity,Rural,1981,1,WVS_Wave_1
11054,Sweden,Male,70.0,66+,Unaffiliated,Urban,1981,1,WVS_Wave_1
11055,Sweden,Male,44.0,36-45,Other,Urban,1981,1,WVS_Wave_1
11056,Sweden,Male,18.0,18-25,Christianity,Rural,1981,1,WVS_Wave_1
11057,Sweden,Female,34.0,26-35,Christianity,Urban,1981,1,WVS_Wave_1
11058,Sweden,Female,26.0,26-35,Christianity,,1981,1,WVS_Wave_1
11059,Sweden,Female,43.0,36-45,Unaffiliated,,1981,1,WVS_Wave_1
11060,Sweden,Male,63.0,56-65,Christianity,Urban,1981,1,WVS_Wave_1
11061,Sweden,Male,34.0,26-35,Christianity,Urban,1981,1,WVS_Wave_1
11062,Sweden,Male,57.0,56-65,Christianity,Urban,1981,1,WVS_Wave_1
11063,Sweden,Female,60.0,56-65,Christianity,Rural,1981,1,WVS_Wave_1
11064,Sweden,Male,62.0,56-65,Christianity,Rural,1981,1,WVS_Wave_1
11065,Sweden,Male,45.0,36-45,Christianity,Rural,1981,1,WVS_Wave_1
11066,Sweden,Male,27.0,26-35,Unaffiliated,Urban,1981,1,WVS_Wave_1
11067,Sweden,Male,30.0,26-35,Christianity,Urban,1981,1,WVS_Wave_1
11068,Sweden,Male,31.0,26-35,Christianity,,1981,1,WVS_Wave_1
11069,Sweden,Male,33.0,26-35,Christianity,Rural,1981,1,WVS_Wave_1
11070,Sweden,Male,66.0,66+,Christianity,Urban,1981,1,WVS_Wave_1
11071,Sweden,Male,64.0,56-65,Christianity,Urban,1981,1,WVS_Wave_1
11072,Sweden,Female,43.0,36-45,Christianity,Urban,1981,1,WVS_Wave_1
11073,Sweden,Female,19.0,18-25,Christianity,Urban,1981,1,WVS_Wave_1
11074,Sweden,Female,47.0,46-55,Christianity,Urban,1981,1,WVS_Wave_1
11075,Sweden,Female,18.0,18-25,Christianity,Urban,1981,1,WVS_Wave_1
11076,Sweden,Male,19.0,18-25,Christianity,Urban,1981,1,WVS_Wave_1
11077,Sweden,Female,65.0,56-65,Christianity,Urban,1981,1,WVS_Wave_1
11078,Sweden,Male,42.0,36-45,Christianity,Urban,1981,1,WVS_Wave_1
11079,Sweden,Female,29.0,26-35,Christianity,Urban,1981,1,WVS_Wave_1
11080,Sweden,Male,19.0,18-25,Christianity,Urban,1981,1,WVS_Wave_1
11081,Sweden,Male,41.0,36-45,Christianity,Urban,1981,1,WVS_Wave_1
11082,Sweden,Female,63.0,56-65,Christianity,Urban,1981,1,WVS_Wave_1
11083,Sweden,Female,58.0,56-65,Christianity,Urban,1981,1,WVS_Wave_1
11084,Sweden,Female,36.0,36-45,Christianity,Urban,1981,1,WVS_Wave_1
11085,Sweden,Male,44.0,36-45,Christianity,Urban,1981,1,WVS_Wave_1
11086,Sweden,Female,43.0,36-45,Christianity,Urban,1981,1,WVS_Wave_1
11087,Sweden,Male,41.0,36-45,Christianity,Urban,1981,1,WVS_Wave_1
11088,Sweden,Female,27.0,26-35,Christianity,Urban,1981,1,WVS_Wave_1
11089,Sweden,Female,66.0,66+,Christianity,Urban,1981,1,WVS_Wave_1
11090,Sweden,Female,59.0,56-65,Christianity,Urban,1981,1,WVS_Wave_1
11091,Sweden,Male,25.0,18-25,Christianity,Urban,1981,1,WVS_Wave_1
11092,Sweden,Male,46.0,46-55,Christianity,Urban,1981,1,WVS_Wave_1
11093,Sweden,Female,47.0,46-55,Christianity,Urban,1981,1,WVS_Wave_1
11094,Sweden,Female,50.0,46-55,Christianity,Urban,1981,1,WVS_Wave_1
11095,Sweden,Male,66.0,66+,Christianity,Urban,1981,1,WVS_Wave_1
11096,Sweden,Female,31.0,26-35,Christianity,Rural,1981,1,WVS_Wave_1
11097,Sweden,Male,19.0,18-25,Christianity,Urban,1981,1,WVS_Wave_1
11098,Sweden,Male,52.0,46-55,Christianity,Urban,1981,1,WVS_Wave_1
11099,Sweden,Male,70.0,66+,Christianity,Rural,1981,1,WVS_Wave_1
11100,Sweden,Male,59.0,56-65,Christianity,Urban,1981,1,WVS_Wave_1
11101,Sweden,Male,49.0,46-55,Christianity,Urban,1981,1,WVS_Wave_1
11102,Sweden,Female,27.0,26-35,Christianity,Urban,1981,1,WVS_Wave_1
11103,Sweden,Female,62.0,56-65,Christianity,Urban,1981,1,WVS_Wave_1
11104,Sweden,Male,60.0,56-65,Christianity,Urban,1981,1,WVS_Wave_1
11105,Sweden,Female,19.0,18-25,Christianity,Urban,1981,1,WVS_Wave_1
11106,Sweden,Female,59.0,56-65,Christianity,Urban,1981,1,WVS_Wave_1
11107,Sweden,Female,22.0,18-25,Unaffiliated,Urban,1981,1,WVS_Wave_1
11108,Sweden,Male,56.0,56-65,Christianity,Urban,1981,1,WVS_Wave_1
11109,Sweden,Female,69.0,66+,Christianity,Rural,1981,1,WVS_Wave_1
11110,Sweden,Female,31.0,26-35,Christianity,Urban,1981,1,WVS_Wave_1
11111,Sweden,Male,51.0,46-55,Christianity,Urban,1981,1,WVS_Wave_1
11112,Sweden,Male,21.0,18-25,Christianity,Urban,1981,1,WVS_Wave_1
11113,Sweden,Female,38.0,36-45,Christianity,Urban,1981,1,WVS_Wave_1
11114,Sweden,Female,20.0,18-25,Christianity,Urban,1981,1,WVS_Wave_1
11115,Sweden,Male,28.0,26-35,Christianity,Urban,1981,1,WVS_Wave_1
11116,Sweden,Female,61.0,56-65,Christianity,Urban,1981,1,WVS_Wave_1
11117,Sweden,Male,53.0,46-55,Christianity,Urban,1981,1,WVS_Wave_1
11118,Sweden,Male,30.0,26-35,Christianity,Urban,1981,1,WVS_Wave_1
11119,Sweden,Female,27.0,26-35,Christianity,Urban,1981,1,WVS_Wave_1
11120,Sweden,Male,52.0,46-55,Christianity,Urban,1981,1,WVS_Wave_1
11121,Sweden,Male,51.0,46-55,Christianity,Urban,1981,1,WVS_Wave_1
11122,Sweden,Male,34.0,26-35,Christianity,Urban,1981,1,WVS_Wave_1
11123,Sweden,Male,36.0,36-45,Christianity,Urban,1981,1,WVS_Wave_1
11124,Sweden,Male,67.0,66+,Christianity,Urban,1981,1,WVS_Wave_1
11125,Sweden,Male,69.0,66+,Christianity,Urban,1981,1,WVS_Wave_1
11126,Sweden,Female,60.0,56-65,Christianity,Urban,1981,1,WVS_Wave_1
11127,Sweden,Female,43.0,36-45,Christianity,Urban,1981,1,WVS_Wave_1
11128,Sweden,Male,31.0,26-35,Christianity,Urban,1981,1,WVS_Wave_1
11129,Sweden,Male,32.0,26-35,Christianity,Urban,1981,1,WVS_Wave_1
11130,Sweden,Male,44.0,36-45,Christianity,Urban,1981,1,WVS_Wave_1
11131,Sweden,Male,39.0,36-45,Christianity,Urban,1981,1,WVS_Wave_1
11132,Sweden,Male,65.0,56-65,Christianity,Urban,1981,1,WVS_Wave_1
11133,Sweden,Male,33.0,26-35,Christianity,Urban,1981,1,WVS_Wave_1
11134,Sweden,Female,34.0,26-35,Christianity,Rural,1981,1,WVS_Wave_1
11135,Sweden,Male,58.0,56-65,Christianity,Urban,1981,1,WVS_Wave_1
11136,Sweden,Male,38.0,36-45,Christianity,Urban,1981,1,WVS_Wave_1
11137,Sweden,Male,37.0,36-45,Christianity,Urban,1981,1,WVS_Wave_1
11138,Sweden,Female,38.0,36-45,Christianity,Urban,1981,1,WVS_Wave_1
11139,Sweden,Female,36.0,36-45,Christianity,Urban,1981,1,WVS_Wave_1
11140,Sweden,Male,66.0,66+,Christianity,Urban,1981,1,WVS_Wave_1
11141,Sweden,Male,53.0,46-55,Christianity,Urban,1981,1,WVS_Wave_1
11142,Sweden,Female,55.0,46-55,Christianity,Urban,1981,1,WVS_Wave_1
11143,Sweden,Male,35.0,26-35,Christianity,Urban,1981,1,WVS_Wave_1
11144,Sweden,Female,56.0,56-65,Christianity,Urban,1981,1,WVS_Wave_1
11145,Sweden,Male,25.0,18-25,Christianity,Urban,1981,1,WVS_Wave_1
11146,Sweden,Male,19.0,18-25,Christianity,Urban,1981,1,WVS_Wave_1
11147,Sweden,Male,28.0,26-35,Christianity,Urban,1981,1,WVS_Wave_1
11148,Sweden,Male,39.0,36-45,Christianity,Urban,1981,1,WVS_Wave_1
11149,Sweden,Male,30.0,26-35,Christianity,Urban,1981,1,WVS_Wave_1
11150,Sweden,Male,28.0,26-35,Unaffiliated,Urban,1981,1,WVS_Wave_1
11151,Sweden,Male,46.0,46-55,Christianity,Urban,1981,1,WVS_Wave_1
11152,Sweden,Male,41.0,36-45,Christianity,Urban,1981,1,WVS_Wave_1
11153,Sweden,Male,41.0,36-45,Christianity,Urban,1981,1,WVS_Wave_1
11154,Sweden,Female,45.0,36-45,Unaffiliated,Urban,1981,1,WVS_Wave_1
11155,Sweden,Male,24.0,18-25,Other,Urban,1981,1,WVS_Wave_1
11156,Sweden,Female,21.0,18-25,Christianity,Urban,1981,1,WVS_Wave_1
11157,Sweden,Male,30.0,26-35,Christianity,Urban,1981,1,WVS_Wave_1
11158,Sweden,Female,40.0,36-45,Christianity,Urban,1981,1,WVS_Wave_1
11159,Sweden,Female,35.0,26-35,Christianity,Urban,1981,1,WVS_Wave_1
11160,Sweden,Female,57.0,56-65,Christianity,Urban,1981,1,WVS_Wave_1
11161,Sweden,Female,41.0,36-45,Christianity,Urban,1981,1,WVS_Wave_1
11162,Sweden,Female,20.0,18-25,Christianity,Urban,1981,1,WVS_Wave_1
11163,Sweden,Male,36.0,36-45,Christianity,Urban,1981,1,WVS_Wave_1
11164,Sweden,Female,39.0,36-45,Christianity,Urban,1981,1,WVS_Wave_1
11165,Sweden,Female,62.0,56-65,Christianity,Rural,1981,1,WVS_Wave_1
11166,Sweden,Male,36.0,36-45,Christianity,Urban,1981,1,WVS_Wave_1
11167,Sweden,Male,66.0,66+,Christianity,Rural,1981,1,WVS_Wave_1
11168,Sweden,Female,42.0,36-45,Christianity,Urban,1981,1,WVS_Wave_1
11169,Sweden,Male,44.0,36-45,Christianity,Urban,1981,1,WVS_Wave_1
11170,Sweden,Female,42.0,36-45,Christianity,Urban,1981,1,WVS_Wave_1
11171,Sweden,Male,61.0,56-65,Christianity,Urban,1981,1,WVS_Wave_1
11172,Sweden,Male,57.0,56-65,Christianity,Urban,1981,1,WVS_Wave_1
11173,Sweden,Male,59.0,56-65,Unaffiliated,Urban,1981,1,WVS_Wave_1
11174,Sweden,Female,69.0,66+,Christianity,Urban,1981,1,WVS_Wave_1
11175,Sweden,Male,39.0,36-45,Christianity,Urban,1981,1,WVS_Wave_1
11176,Sweden,Female,36.0,36-45,Other,Urban,1981,1,WVS_Wave_1
11177,Sweden,Female,41.0,36-45,Christianity,Urban,1981,1,WVS_Wave_1
11178,Sweden,Male,39.0,36-45,Christianity,Urban,1981,1,WVS_Wave_1
11179,Sweden,Male,25.0,18-25,Christianity,Urban,1981,1,WVS_Wave_1
11180,Sweden,Female,33.0,26-35,Christianity,Urban,1981,1,WVS_Wave_1
11181,Sweden,Male,63.0,56-65,Christianity,Urban,1981,1,WVS_Wave_1
11182,Sweden,Female,32.0,26-35,Christianity,Urban,1981,1,WVS_Wave_1
11183,Sweden,Male,33.0,26-35,Christianity,Urban,1981,1,WVS_Wave_1
11184,Sweden,Female,42.0,36-45,Christianity,Urban,1981,1,WVS_Wave_1
11185,Sweden,Female,28.0,26-35,Christianity,Urban,1981,1,WVS_Wave_1
11186,Sweden,Male,70.0,66+,Christianity,Urban,1981,1,WVS_Wave_1
11187,Sweden,Male,31.0,26-35,Christianity,Urban,1981,1,WVS_Wave_1
11188,Sweden,Female,29.0,26-35,Christianity,Urban,1981,1,WVS_Wave_1
11189,Sweden,Female,38.0,36-45,Christianity,Urban,1981,1,WVS_Wave_1
11190,Sweden,Female,30.0,26-35,Unaffiliated,Urban,1981,1,WVS_Wave_1
11191,Sweden,Male,20.0,18-25,Christianity,Urban,1981,1,WVS_Wave_1
11192,Sweden,Male,54.0,46-55,Christianity,Urban,1981,1,WVS_Wave_1
11193,Sweden,Male,66.0,66+,Christianity,Urban,1981,1,WVS_Wave_1
11194,Sweden,Female,87.0,66+,Christianity,Urban,1981,1,WVS_Wave_1
11195,Sweden,Male,72.0,66+,Christianity,Rural,1981,1,WVS_Wave_1
11196,Sweden,Male,76.0,66+,Christianity,Urban,1981,1,WVS_Wave_1
11197,Sweden,Male,77.0,66+,Christianity,Urban,1981,1,WVS_Wave_1
11198,Sweden,Male,71.0,66+,Christianity,Urban,1981,1,WVS_Wave_1
11199,Sweden,Male,84.0,66+,Christianity,Urban,1981,1,WVS_Wave_1
11200,Sweden,Male,80.0,66+,Christianity,Urban,1981,1,WVS_Wave_1
11201,Sweden,Female,81.0,66+,Christianity,Urban,1981,1,WVS_Wave_1
11202,Sweden,Male,74.0,66+,Christianity,Rural,1981,1,WVS_Wave_1
11203,Sweden,Male,74.0,66+,Christianity,Urban,1981,1,WVS_Wave_1
11204,Sweden,Male,75.0,66+,Christianity,Urban,1981,1,WVS_Wave_1
11205,Sweden,Male,81.0,66+,Christianity,Urban,1981,1,WVS_Wave_1
11206,Sweden,Male,70.0,66+,Christianity,Urban,1981,1,WVS_Wave_1
11207,Sweden,Male,71.0,66+,Christianity,Urban,1981,1,WVS_Wave_1
11208,Sweden,Female,75.0,66+,Christianity,Urban,1981,1,WVS_Wave_1
11209,Sweden,Male,76.0,66+,Christianity,Urban,1981,1,WVS_Wave_1
11210,Sweden,Female,71.0,66+,Christianity,Urban,1981,1,WVS_Wave_1
11211,Sweden,Female,86.0,66+,Christianity,Urban,1981,1,WVS_Wave_1
11212,Sweden,Male,75.0,66+,Christianity,Rural,1981,1,WVS_Wave_1
11213,Sweden,Male,78.0,66+,Christianity,Urban,1981,1,WVS_Wave_1
11214,Sweden,Male,72.0,66+,Christianity,Rural,1981,1,WVS_Wave_1
11215,Sweden,Male,73.0,66+,Christianity,Urban,1981,1,WVS_Wave_1
11216,Sweden,Female,79.0,66+,Christianity,Urban,1981,1,WVS_Wave_1
11217,Sweden,Male,75.0,66+,Christianity,Urban,1981,1,WVS_Wave_1
11218,Sweden,Male,72.0,66+,Christianity,Urban,1981,1,WVS_Wave_1
11219,Sweden,Male,78.0,66+,Christianity,Urban,1981,1,WVS_Wave_1
11220,Sweden,Female,76.0,66+,Other,Urban,1981,1,WVS_Wave_1
11221,Sweden,Female,80.0,66+,Other,Rural,1981,1,WVS_Wave_1
11222,Sweden,Female,72.0,66+,Christianity,Urban,1981,1,WVS_Wave_1
11223,Sweden,Female,74.0,66+,Christianity,Urban,1981,1,WVS_Wave_1
11224,Sweden,Male,76.0,66+,Christianity,Urban,1981,1,WVS_Wave_1
11225,Sweden,Female,71.0,66+,Christianity,Urban,1981,1,WVS_Wave_1
11226,Sweden,Female,73.0,66+,Christianity,Urban,1981,1,WVS_Wave_1
11227,Sweden,Female,70.0,66+,Christianity,Urban,1981,1,WVS_Wave_1
11228,Sweden,Male,78.0,66+,Christianity,Rural,1981,1,WVS_Wave_1
11229,Sweden,Male,80.0,66+,Unaffiliated,Urban,1981,1,WVS_Wave_1
11230,Sweden,Male,75.0,66+,Christianity,Urban,1981,1,WVS_Wave_1
11231,Sweden,Female,71.0,66+,Christianity,Urban,1981,1,WVS_Wave_1
11232,Sweden,Female,73.0,66+,Christianity,Urban,1981,1,WVS_Wave_1
11233,Sweden,Male,70.0,66+,Christianity,Urban,1981,1,WVS_Wave_1
11234,Sweden,Male,81.0,66+,Christianity,Urban,1981,1,WVS_Wave_1
11235,Sweden,Female,75.0,66+,Christianity,Urban,1981,1,WVS_Wave_1
11236,Sweden,Male,71.0,66+,Christianity,Urban,1981,1,WVS_Wave_1
11237,Sweden,Female,75.0,66+,Christianity,Urban,1981,1,WVS_Wave_1
11238,Sweden,Female,79.0,66+,Christianity,,1981,1,WVS_Wave_1
11239,Sweden,Male,72.0,66+,Unaffiliated,Urban,1981,1,WVS_Wave_1
11240,Sweden,Male,76.0,66+,Christianity,Urban,1981,1,WVS_Wave_1
11241,Sweden,Female,73.0,66+,Christianity,Urban,1981,1,WVS_Wave_1
11242,Sweden,Male,74.0,66+,Christianity,Urban,1981,1,WVS_Wave_1
11243,Sweden,Female,71.0,66+,Christianity,Urban,1981,1,WVS_Wave_1
11244,Sweden,Male,70.0,66+,Christianity,Urban,1981,1,WVS_Wave_1
11245,Sweden,Female,75.0,66+,Christianity,Urban,1981,1,WVS_Wave_1
11246,Sweden,Male,71.0,66+,Christianity,Urban,1981,1,WVS_Wave_1
11247,Sweden,Female,75.0,66+,Other,Urban,1981,1,WVS_Wave_1
11248,Sweden,Male,88.0,66+,Christianity,Urban,1981,1,WVS_Wave_1
11249,Sweden,Male,72.0,66+,Christianity,Urban,1981,1,WVS_Wave_1
11250,Sweden,Female,73.0,66+,Christianity,Urban,1981,1,WVS_Wave_1
11251,Sweden,Female,72.0,66+,Christianity,Urban,1981,1,WVS_Wave_1
11252,Sweden,Male,73.0,66+,Unaffiliated,Urban,1981,1,WVS_Wave_1
11253,Sweden,Male,81.0,66+,Christianity,Urban,1981,1,WVS_Wave_1
11254,Sweden,Male,73.0,66+,Christianity,Urban,1981,1,WVS_Wave_1
11255,Sweden,Female,79.0,66+,Christianity,Urban,1981,1,WVS_Wave_1
11256,Sweden,Female,84.0,66+,Other,Urban,1981,1,WVS_Wave_1
11257,Sweden,Female,75.0,66+,Christianity,Urban,1981,1,WVS_Wave_1
11258,Sweden,Female,75.0,66+,Christianity,Urban,1981,1,WVS_Wave_1
11259,Sweden,Female,72.0,66+,Christianity,Urban,1981,1,WVS_Wave_1
11260,Sweden,Female,71.0,66+,Other,Urban,1981,1,WVS_Wave_1
11261,Sweden,Female,77.0,66+,Christianity,Urban,1981,1,WVS_Wave_1
11262,United States of America,Male,40.0,36-45,Christianity,Urban,1981,1,WVS_Wave_1
11263,United States of America,Female,43.0,36-45,Christianity,Urban,1981,1,WVS_Wave_1
11264,United States of America,Male,18.0,18-25,Christianity,Urban,1981,1,WVS_Wave_1
11265,United States of America,Female,18.0,18-25,Christianity,Urban,1981,1,WVS_Wave_1
11266,United States of America,Male,22.0,18-25,Christianity,Urban,1981,1,WVS_Wave_1
11267,United States of America,Male,21.0,18-25,Christianity,Urban,1981,1,WVS_Wave_1
11268,United States of America,Male,37.0,36-45,Christianity,Urban,1981,1,WVS_Wave_1
11269,United States of America,Female,45.0,36-45,Christianity,Rural,1981,1,WVS_Wave_1
11270,United States of America,Female,30.0,26-35,Christianity,Urban,1981,1,WVS_Wave_1
11271,United States of America,Female,72.0,66+,Christianity,Urban,1981,1,WVS_Wave_1
11272,United States of America,Male,22.0,18-25,Christianity,Urban,1981,1,WVS_Wave_1
11273,United States of America,Female,47.0,46-55,Christianity,Urban,1981,1,WVS_Wave_1
11274,United States of America,Female,56.0,56-65,Christianity,Urban,1981,1,WVS_Wave_1
11275,United States of America,Male,56.0,56-65,Christianity,Urban,1981,1,WVS_Wave_1
11276,United States of America,Male,72.0,66+,Christianity,Urban,1981,1,WVS_Wave_1
11277,United States of America,Female,25.0,18-25,Christianity,Urban,1981,1,WVS_Wave_1
11278,United States of America,Female,60.0,56-65,Christianity,Urban,1981,1,WVS_Wave_1
11279,United States of America,Male,57.0,56-65,Unaffiliated,Urban,1981,1,WVS_Wave_1
11280,United States of America,Male,34.0,26-35,Christianity,Urban,1981,1,WVS_Wave_1
11281,United States of America,Male,28.0,26-35,Christianity,Urban,1981,1,WVS_Wave_1
11282,United States of America,Male,34.0,26-35,Christianity,,1981,1,WVS_Wave_1
11283,United States of America,Female,23.0,18-25,Christianity,Urban,1981,1,WVS_Wave_1
11284,United States of America,Male,53.0,46-55,Christianity,Urban,1981,1,WVS_Wave_1
11285,United States of America,Male,22.0,18-25,Christianity,Urban,1981,1,WVS_Wave_1
11286,United States of America,Male,30.0,26-35,Christianity,Urban,1981,1,WVS_Wave_1
11287,United States of America,Female,30.0,26-35,Christianity,Urban,1981,1,WVS_Wave_1
11288,United States of America,Female,21.0,18-25,Christianity,Urban,1981,1,WVS_Wave_1
11289,United States of America,Male,66.0,66+,Christianity,Urban,1981,1,WVS_Wave_1
11290,United States of America,Female,40.0,36-45,Christianity,Urban,1981,1,WVS_Wave_1
11291,United States of America,Female,39.0,36-45,Christianity,Urban,1981,1,WVS_Wave_1
11292,United States of America,Male,26.0,26-35,Christianity,Urban,1981,1,WVS_Wave_1
11293,United States of America,Female,26.0,26-35,Christianity,Urban,1981,1,WVS_Wave_1
11294,United States of America,Female,58.0,56-65,Christianity,Urban,1981,1,WVS_Wave_1
11295,United States of America,Male,81.0,66+,Christianity,,1981,1,WVS_Wave_1
11296,United States of America,Male,20.0,18-25,Christianity,Urban,1981,1,WVS_Wave_1
11297,United States of America,Female,46.0,46-55,Christianity,Urban,1981,1,WVS_Wave_1
11298,United States of America,Female,42.0,36-45,Christianity,Urban,1981,1,WVS_Wave_1
11299,United States of America,Male,21.0,18-25,Christianity,Urban,1981,1,WVS_Wave_1
11300,United States of America,Male,19.0,18-25,Christianity,Urban,1981,1,WVS_Wave_1
11301,United States of America,Female,20.0,18-25,Christianity,Urban,1981,1,WVS_Wave_1
11302,United States of America,Male,55.0,46-55,Christianity,Urban,1981,1,WVS_Wave_1
11303,United States of America,Female,27.0,26-35,Christianity,Urban,1981,1,WVS_Wave_1
11304,United States of America,Male,52.0,46-55,Christianity,Urban,1981,1,WVS_Wave_1
11305,United States of America,Male,60.0,56-65,Christianity,Urban,1981,1,WVS_Wave_1
11306,United States of America,Female,36.0,36-45,Christianity,Urban,1981,1,WVS_Wave_1
11307,United States of America,Male,61.0,56-65,Unaffiliated,Urban,1981,1,WVS_Wave_1
11308,United States of America,Female,30.0,26-35,Other,Urban,1981,1,WVS_Wave_1
11309,United States of America,Male,26.0,26-35,Christianity,Urban,1981,1,WVS_Wave_1
11310,United States of America,Male,56.0,56-65,Christianity,Urban,1981,1,WVS_Wave_1
11311,United States of America,Male,21.0,18-25,Christianity,Urban,1981,1,WVS_Wave_1
11312,United States of America,Female,21.0,18-25,Christianity,Urban,1981,1,WVS_Wave_1
11313,United States of America,Female,32.0,26-35,Christianity,Urban,1981,1,WVS_Wave_1
11314,United States of America,Female,59.0,56-65,Christianity,Urban,1981,1,WVS_Wave_1
11315,United States of America,Female,48.0,46-55,Christianity,Urban,1981,1,WVS_Wave_1
11316,United States of America,Female,30.0,26-35,Christianity,Urban,1981,1,WVS_Wave_1
11317,United States of America,Female,55.0,46-55,Christianity,,1981,1,WVS_Wave_1
11318,United States of America,Male,60.0,56-65,Christianity,Urban,1981,1,WVS_Wave_1
11319,United States of America,Male,70.0,66+,Christianity,Urban,1981,1,WVS_Wave_1
11320,United States of America,Male,19.0,18-25,Christianity,Urban,1981,1,WVS_Wave_1
11321,United States of America,Male,50.0,46-55,Christianity,Urban,1981,1,WVS_Wave_1
11322,United States of America,Female,40.0,36-45,Christianity,Urban,1981,1,WVS_Wave_1
11323,United States of America,Female,26.0,26-35,Christianity,Urban,1981,1,WVS_Wave_1
11324,United States of America,Female,73.0,66+,Christianity,Urban,1981,1,WVS_Wave_1
11325,United States of America,Female,53.0,46-55,Christianity,Urban,1981,1,WVS_Wave_1
11326,United States of America,Female,21.0,18-25,Christianity,Urban,1981,1,WVS_Wave_1
11327,United States of America,Male,20.0,18-25,Christianity,Urban,1981,1,WVS_Wave_1
11328,United States of America,Male,27.0,26-35,Christianity,Urban,1981,1,WVS_Wave_1
11329,United States of America,Female,29.0,26-35,Christianity,Urban,1981,1,WVS_Wave_1
11330,United States of America,Female,60.0,56-65,Christianity,Urban,1981,1,WVS_Wave_1
11331,United States of America,Male,37.0,36-45,Christianity,Urban,1981,1,WVS_Wave_1
11332,United States of America,Male,21.0,18-25,Unaffiliated,Urban,1981,1,WVS_Wave_1
11333,United States of America,Female,22.0,18-25,Christianity,Urban,1981,1,WVS_Wave_1
11334,United States of America,Female,23.0,18-25,Christianity,Urban,1981,1,WVS_Wave_1
11335,United States of America,Female,20.0,18-25,Christianity,Urban,1981,1,WVS_Wave_1
11336,United States of America,Female,48.0,46-55,Christianity,Urban,1981,1,WVS_Wave_1
11337,United States of America,Male,40.0,36-45,Christianity,Urban,1981,1,WVS_Wave_1
11338,United States of America,Male,54.0,46-55,Christianity,Urban,1981,1,WVS_Wave_1
11339,United States of America,Female,28.0,26-35,Christianity,Urban,1981,1,WVS_Wave_1
11340,United States of America,Female,37.0,36-45,Christianity,Urban,1981,1,WVS_Wave_1
11341,United States of America,Female,27.0,26-35,Christianity,Urban,1981,1,WVS_Wave_1
11342,United States of America,Female,35.0,26-35,Christianity,Urban,1981,1,WVS_Wave_1
11343,United States of America,Male,40.0,36-45,Christianity,Rural,1981,1,WVS_Wave_1
11344,United States of America,Female,50.0,46-55,Christianity,Urban,1981,1,WVS_Wave_1
11345,United States of America,Female,20.0,18-25,Unaffiliated,Urban,1981,1,WVS_Wave_1
11346,United States of America,Female,24.0,18-25,Christianity,Urban,1981,1,WVS_Wave_1
11347,United States of America,Female,71.0,66+,Christianity,Urban,1981,1,WVS_Wave_1
11348,United States of America,Male,53.0,46-55,Christianity,Urban,1981,1,WVS_Wave_1
11349,United States of America,Male,19.0,18-25,Unaffiliated,Urban,1981,1,WVS_Wave_1
11350,United States of America,Male,26.0,26-35,Christianity,Urban,1981,1,WVS_Wave_1
11351,United States of America,Male,27.0,26-35,Christianity,Urban,1981,1,WVS_Wave_1
11352,United States of America,Male,26.0,26-35,Christianity,Urban,1981,1,WVS_Wave_1
11353,United States of America,Male,33.0,26-35,Christianity,Urban,1981,1,WVS_Wave_1
11354,United States of America,Male,35.0,26-35,Christianity,Urban,1981,1,WVS_Wave_1
11355,United States of America,Female,67.0,66+,Christianity,Urban,1981,1,WVS_Wave_1
11356,United States of America,Male,61.0,56-65,Christianity,,1981,1,WVS_Wave_1
11357,United States of America,Male,60.0,56-65,Christianity,Urban,1981,1,WVS_Wave_1
11358,United States of America,Male,29.0,26-35,Christianity,Urban,1981,1,WVS_Wave_1
11359,United States of America,Male,59.0,56-65,Christianity,Urban,1981,1,WVS_Wave_1
11360,United States of America,Female,27.0,26-35,Christianity,Urban,1981,1,WVS_Wave_1
11361,United States of America,Female,25.0,18-25,Christianity,Urban,1981,1,WVS_Wave_1
11362,United States of America,Male,50.0,46-55,Christianity,Urban,1981,1,WVS_Wave_1
11363,United States of America,Male,59.0,56-65,Christianity,Urban,1981,1,WVS_Wave_1
11364,United States of America,Female,60.0,56-65,Christianity,Urban,1981,1,WVS_Wave_1
11365,United States of America,Male,18.0,18-25,Christianity,Urban,1981,1,WVS_Wave_1
11366,United States of America,Male,18.0,18-25,Christianity,Urban,1981,1,WVS_Wave_1
11367,United States of America,Female,26.0,26-35,Christianity,Urban,1981,1,WVS_Wave_1
11368,United States of America,Female,65.0,56-65,Christianity,Urban,1981,1,WVS_Wave_1
11369,United States of America,Male,32.0,26-35,Christianity,Urban,1981,1,WVS_Wave_1
11370,United States of America,Male,53.0,46-55,Christianity,Urban,1981,1,WVS_Wave_1
11371,United States of America,Female,25.0,18-25,Christianity,Urban,1981,1,WVS_Wave_1
11372,United States of America,Female,28.0,26-35,Christianity,Urban,1981,1,WVS_Wave_1
11373,United States of America,Male,36.0,36-45,Christianity,Urban,1981,1,WVS_Wave_1
11374,United States of America,Male,45.0,36-45,Christianity,Urban,1981,1,WVS_Wave_1
11375,United States of America,Female,26.0,26-35,Christianity,Rural,1981,1,WVS_Wave_1
11376,United States of America,Female,46.0,46-55,Christianity,Urban,1981,1,WVS_Wave_1
11377,United States of America,Female,49.0,46-55,Christianity,Urban,1981,1,WVS_Wave_1
11378,United States of America,Female,24.0,18-25,Christianity,Urban,1981,1,WVS_Wave_1
11379,United States of America,Female,62.0,56-65,Christianity,Urban,1981,1,WVS_Wave_1
11380,United States of America,Male,42.0,36-45,Christianity,Urban,1981,1,WVS_Wave_1
11381,United States of America,Male,28.0,26-35,Christianity,Urban,1981,1,WVS_Wave_1
11382,United States of America,Female,76.0,66+,Christianity,,1981,1,WVS_Wave_1
11383,United States of America,Male,21.0,18-25,Christianity,Urban,1981,1,WVS_Wave_1
11384,United States of America,Female,42.0,36-45,Christianity,Urban,1981,1,WVS_Wave_1
11385,United States of America,Male,42.0,36-45,Christianity,Urban,1981,1,WVS_Wave_1
11386,United States of America,Male,25.0,18-25,Christianity,Urban,1981,1,WVS_Wave_1
11387,United States of America,Female,56.0,56-65,Christianity,Urban,1981,1,WVS_Wave_1
11388,United States of America,Female,29.0,26-35,Christianity,Urban,1981,1,WVS_Wave_1
11389,United States of America,Female,20.0,18-25,Christianity,Urban,1981,1,WVS_Wave_1
11390,United States of America,Female,29.0,26-35,Christianity,Urban,1981,1,WVS_Wave_1
11391,United States of America,Female,43.0,36-45,Christianity,Urban,1981,1,WVS_Wave_1
11392,United States of America,Female,18.0,18-25,Christianity,Urban,1981,1,WVS_Wave_1
11393,United States of America,Male,19.0,18-25,Christianity,Urban,1981,1,WVS_Wave_1
11394,United States of America,Male,54.0,46-55,Christianity,,1981,1,WVS_Wave_1
11395,United States of America,Male,23.0,18-25,Christianity,Urban,1981,1,WVS_Wave_1
11396,United States of America,Male,53.0,46-55,Christianity,Urban,1981,1,WVS_Wave_1
11397,United States of America,Male,,,Christianity,Urban,1981,1,WVS_Wave_1
11398,United States of America,Female,46.0,46-55,Christianity,Urban,1981,1,WVS_Wave_1
11399,United States of America,Female,63.0,56-65,Other,Urban,1981,1,WVS_Wave_1
11400,United States of America,Female,34.0,26-35,Unaffiliated,Urban,1981,1,WVS_Wave_1
11401,United States of America,Female,56.0,56-65,Christianity,Urban,1981,1,WVS_Wave_1
11402,United States of America,Male,26.0,26-35,Christianity,Urban,1981,1,WVS_Wave_1
11403,United States of America,Male,29.0,26-35,Christianity,Urban,1981,1,WVS_Wave_1
11404,United States of America,Male,43.0,36-45,Christianity,Urban,1981,1,WVS_Wave_1
11405,United States of America,Female,29.0,26-35,Christianity,Urban,1981,1,WVS_Wave_1
11406,United States of America,Female,34.0,26-35,Christianity,Urban,1981,1,WVS_Wave_1
11407,United States of America,Male,50.0,46-55,Christianity,Urban,1981,1,WVS_Wave_1
11408,United States of America,Male,34.0,26-35,Christianity,Urban,1981,1,WVS_Wave_1
11409,United States of America,Female,63.0,56-65,Christianity,Urban,1981,1,WVS_Wave_1
11410,United States of America,Male,33.0,26-35,Christianity,Urban,1981,1,WVS_Wave_1
11411,United States of America,Male,20.0,18-25,Christianity,Urban,1981,1,WVS_Wave_1
11412,United States of America,Male,31.0,26-35,Christianity,Urban,1981,1,WVS_Wave_1
11413,United States of America,Male,18.0,18-25,Christianity,Urban,1981,1,WVS_Wave_1
11414,United States of America,Female,25.0,18-25,Christianity,Urban,1981,1,WVS_Wave_1
11415,United States of America,Male,42.0,36-45,Christianity,Urban,1981,1,WVS_Wave_1
11416,United States of America,Male,38.0,36-45,Christianity,Urban,1981,1,WVS_Wave_1
11417,United States of America,Male,28.0,26-35,Unaffiliated,Urban,1981,1,WVS_Wave_1
11418,United States of America,Male,24.0,18-25,Christianity,Urban,1981,1,WVS_Wave_1
11419,United States of America,Male,53.0,46-55,Christianity,Urban,1981,1,WVS_Wave_1
11420,United States of America,Male,39.0,36-45,Christianity,Urban,1981,1,WVS_Wave_1
11421,United States of America,Male,49.0,46-55,Christianity,Urban,1981,1,WVS_Wave_1
11422,United States of America,Male,37.0,36-45,Christianity,Urban,1981,1,WVS_Wave_1
11423,United States of America,Male,33.0,26-35,Christianity,Urban,1981,1,WVS_Wave_1
11424,United States of America,Male,39.0,36-45,Christianity,Urban,1981,1,WVS_Wave_1
11425,United States of America,Female,19.0,18-25,Christianity,Urban,1981,1,WVS_Wave_1
11426,United States of America,Male,28.0,26-35,Christianity,Urban,1981,1,WVS_Wave_1
11427,United States of America,Male,30.0,26-35,Christianity,Rural,1981,1,WVS_Wave_1
11428,United States of America,Male,26.0,26-35,Other,Urban,1981,1,WVS_Wave_1
11429,United States of America,Female,21.0,18-25,Christianity,Urban,1981,1,WVS_Wave_1
11430,United States of America,Male,18.0,18-25,Christianity,Urban,1981,1,WVS_Wave_1
11431,United States of America,Male,18.0,18-25,Unaffiliated,Urban,1981,1,WVS_Wave_1
11432,United States of America,Female,25.0,18-25,Christianity,Urban,1981,1,WVS_Wave_1
11433,United States of America,Male,63.0,56-65,Christianity,Urban,1981,1,WVS_Wave_1
11434,United States of America,Female,37.0,36-45,Christianity,Urban,1981,1,WVS_Wave_1
11435,United States of America,Female,30.0,26-35,Other,Urban,1981,1,WVS_Wave_1
11436,United States of America,Female,27.0,26-35,Christianity,Urban,1981,1,WVS_Wave_1
11437,United States of America,Female,25.0,18-25,Christianity,Urban,1981,1,WVS_Wave_1
11438,United States of America,Male,67.0,66+,Christianity,Urban,1981,1,WVS_Wave_1
11439,United States of America,Female,53.0,46-55,Christianity,Urban,1981,1,WVS_Wave_1
11440,United States of America,Female,24.0,18-25,Christianity,Urban,1981,1,WVS_Wave_1
11441,United States of America,Male,31.0,26-35,Christianity,Urban,1981,1,WVS_Wave_1
11442,United States of America,Female,23.0,18-25,Christianity,Rural,1981,1,WVS_Wave_1
11443,United States of America,Female,53.0,46-55,Christianity,Urban,1981,1,WVS_Wave_1
11444,United States of America,Female,32.0,26-35,Christianity,Urban,1981,1,WVS_Wave_1
11445,United States of America,Male,42.0,36-45,Christianity,Urban,1981,1,WVS_Wave_1
11446,United States of America,Female,21.0,18-25,Christianity,Urban,1981,1,WVS_Wave_1
11447,United States of America,Male,20.0,18-25,Other,Urban,1981,1,WVS_Wave_1
11448,United States of America,Female,66.0,66+,Christianity,Urban,1981,1,WVS_Wave_1
11449,United States of America,Female,18.0,18-25,Christianity,Urban,1981,1,WVS_Wave_1
11450,United States of America,Male,41.0,36-45,Christianity,Urban,1981,1,WVS_Wave_1
11451,United States of America,Male,45.0,36-45,Christianity,Urban,1981,1,WVS_Wave_1
11452,United States of America,Female,69.0,66+,Christianity,Urban,1981,1,WVS_Wave_1
11453,United States of America,Female,22.0,18-25,Christianity,Urban,1981,1,WVS_Wave_1
11454,United States of America,Female,21.0,18-25,Christianity,Urban,1981,1,WVS_Wave_1
11455,United States of America,Female,28.0,26-35,Christianity,Urban,1981,1,WVS_Wave_1
11456,United States of America,Female,22.0,18-25,Unaffiliated,Rural,1981,1,WVS_Wave_1
11457,United States of America,Male,24.0,18-25,Christianity,Urban,1981,1,WVS_Wave_1
11458,United States of America,Male,22.0,18-25,Christianity,Urban,1981,1,WVS_Wave_1
11459,United States of America,Female,60.0,56-65,Christianity,Urban,1981,1,WVS_Wave_1
11460,United States of America,Female,25.0,18-25,Christianity,Urban,1981,1,WVS_Wave_1
11461,United States of America,Female,20.0,18-25,Christianity,Rural,1981,1,WVS_Wave_1
11462,United States of America,Male,65.0,56-65,Christianity,Urban,1981,1,WVS_Wave_1
11463,United States of America,Female,20.0,18-25,Christianity,Urban,1981,1,WVS_Wave_1
11464,United States of America,Female,41.0,36-45,Christianity,Urban,1981,1,WVS_Wave_1
11465,United States of America,Female,21.0,18-25,Christianity,Urban,1981,1,WVS_Wave_1
11466,United States of America,Female,75.0,66+,Christianity,Urban,1981,1,WVS_Wave_1
11467,United States of America,Male,24.0,18-25,Christianity,Urban,1981,1,WVS_Wave_1
11468,United States of America,Male,50.0,46-55,Christianity,Urban,1981,1,WVS_Wave_1
11469,United States of America,Male,24.0,18-25,Christianity,Urban,1981,1,WVS_Wave_1
11470,United States of America,Female,62.0,56-65,Christianity,Urban,1981,1,WVS_Wave_1
11471,United States of America,Male,41.0,36-45,Christianity,Urban,1981,1,WVS_Wave_1
11472,United States of America,Female,21.0,18-25,Christianity,Urban,1981,1,WVS_Wave_1
11473,United States of America,Male,23.0,18-25,Christianity,Urban,1981,1,WVS_Wave_1
11474,United States of America,Female,24.0,18-25,Christianity,Urban,1981,1,WVS_Wave_1
11475,United States of America,Female,24.0,18-25,Christianity,Rural,1981,1,WVS_Wave_1
11476,United States of America,Male,19.0,18-25,Buddhism,Urban,1981,1,WVS_Wave_1
11477,United States of America,Female,24.0,18-25,Christianity,Urban,1981,1,WVS_Wave_1
11478,United States of America,Male,20.0,18-25,Christianity,Urban,1981,1,WVS_Wave_1
11479,United States of America,Male,51.0,46-55,Christianity,Urban,1981,1,WVS_Wave_1
11480,United States of America,Male,41.0,36-45,Unaffiliated,Rural,1981,1,WVS_Wave_1
11481,United States of America,Male,90.0,66+,Christianity,Rural,1981,1,WVS_Wave_1
11482,United States of America,Female,29.0,26-35,Christianity,Urban,1981,1,WVS_Wave_1
11483,United States of America,Female,19.0,18-25,Christianity,Urban,1981,1,WVS_Wave_1
11484,United States of America,Female,36.0,36-45,Christianity,Urban,1981,1,WVS_Wave_1
11485,United States of America,Female,33.0,26-35,Christianity,Urban,1981,1,WVS_Wave_1
11486,United States of America,Male,24.0,18-25,Unaffiliated,Urban,1981,1,WVS_Wave_1
11487,United States of America,Male,20.0,18-25,Christianity,Urban,1981,1,WVS_Wave_1
11488,United States of America,Female,64.0,56-65,Christianity,Urban,1981,1,WVS_Wave_1
11489,United States of America,Female,68.0,66+,Christianity,Urban,1981,1,WVS_Wave_1
11490,United States of America,Female,35.0,26-35,Other,Urban,1981,1,WVS_Wave_1
11491,United States of America,Female,23.0,18-25,Christianity,Urban,1981,1,WVS_Wave_1
11492,United States of America,Female,51.0,46-55,Unaffiliated,Urban,1981,1,WVS_Wave_1
11493,United States of America,Male,24.0,18-25,Christianity,Urban,1981,1,WVS_Wave_1
11494,United States of America,Female,44.0,36-45,Christianity,Urban,1981,1,WVS_Wave_1
11495,United States of America,Female,29.0,26-35,Christianity,Urban,1981,1,WVS_Wave_1
11496,United States of America,Female,21.0,18-25,Christianity,Rural,1981,1,WVS_Wave_1
11497,United States of America,Female,39.0,36-45,Christianity,Urban,1981,1,WVS_Wave_1
11498,United States of America,Female,28.0,26-35,Other,Urban,1981,1,WVS_Wave_1
11499,United States of America,Female,20.0,18-25,Christianity,Urban,1981,1,WVS_Wave_1
11500,United States of America,Female,69.0,66+,Christianity,Urban,1981,1,WVS_Wave_1
11501,United States of America,Female,23.0,18-25,Christianity,Urban,1981,1,WVS_Wave_1
11502,United States of America,Female,52.0,46-55,Christianity,Urban,1981,1,WVS_Wave_1
11503,United States of America,Female,20.0,18-25,Christianity,Urban,1981,1,WVS_Wave_1
11504,United States of America,Female,21.0,18-25,Christianity,Rural,1981,1,WVS_Wave_1
11505,United States of America,Female,18.0,18-25,Christianity,Urban,1981,1,WVS_Wave_1
11506,United States of America,Male,29.0,26-35,Christianity,Urban,1981,1,WVS_Wave_1
11507,United States of America,Female,21.0,18-25,Islam,Urban,1981,1,WVS_Wave_1
11508,United States of America,Female,61.0,56-65,Christianity,Urban,1981,1,WVS_Wave_1
11509,United States of America,Male,34.0,26-35,Other,Urban,1981,1,WVS_Wave_1
11510,United States of America,Female,35.0,26-35,Christianity,Urban,1981,1,WVS_Wave_1
11511,United States of America,Female,21.0,18-25,Christianity,Urban,1981,1,WVS_Wave_1
11512,United States of America,Female,36.0,36-45,Christianity,Urban,1981,1,WVS_Wave_1
11513,United States of America,Male,71.0,66+,Other,Urban,1981,1,WVS_Wave_1
11514,United States of America,Male,66.0,66+,Christianity,Urban,1981,1,WVS_Wave_1
11515,United States of America,Female,55.0,46-55,Christianity,Urban,1981,1,WVS_Wave_1
11516,United States of America,Male,57.0,56-65,Christianity,Urban,1981,1,WVS_Wave_1
11517,United States of America,Male,18.0,18-25,Christianity,Urban,1981,1,WVS_Wave_1
11518,United States of America,Male,21.0,18-25,Christianity,Rural,1981,1,WVS_Wave_1
11519,United States of America,Male,45.0,36-45,Christianity,Urban,1981,1,WVS_Wave_1
11520,United States of America,Female,40.0,36-45,Christianity,Urban,1981,1,WVS_Wave_1
11521,United States of America,Female,18.0,18-25,Christianity,Rural,1981,1,WVS_Wave_1
11522,United States of America,Male,23.0,18-25,Christianity,Urban,1981,1,WVS_Wave_1
11523,United States of America,Female,70.0,66+,Christianity,Urban,1981,1,WVS_Wave_1
11524,United States of America,Female,26.0,26-35,Unaffiliated,Urban,1981,1,WVS_Wave_1
11525,United States of America,Male,26.0,26-35,Christianity,Urban,1981,1,WVS_Wave_1
11526,United States of America,Male,30.0,26-35,Other,Urban,1981,1,WVS_Wave_1
11527,United States of America,Male,76.0,66+,Christianity,Urban,1981,1,WVS_Wave_1
11528,United States of America,Female,21.0,18-25,Islam,Urban,1981,1,WVS_Wave_1
11529,United States of America,Female,31.0,26-35,Christianity,Urban,1981,1,WVS_Wave_1
11530,United States of America,Female,51.0,46-55,Christianity,Urban,1981,1,WVS_Wave_1
11531,United States of America,Male,33.0,26-35,Christianity,Urban,1981,1,WVS_Wave_1
11532,United States of America,Female,43.0,36-45,Christianity,Urban,1981,1,WVS_Wave_1
11533,United States of America,Male,69.0,66+,Christianity,Urban,1981,1,WVS_Wave_1
11534,United States of America,Male,19.0,18-25,Christianity,Urban,1981,1,WVS_Wave_1
11535,United States of America,Female,,,Christianity,Urban,1981,1,WVS_Wave_1
11536,United States of America,Female,36.0,36-45,Christianity,Urban,1981,1,WVS_Wave_1
11537,United States of America,Female,20.0,18-25,Christianity,Urban,1981,1,WVS_Wave_1
11538,United States of America,Female,18.0,18-25,Christianity,Urban,1981,1,WVS_Wave_1
11539,United States of America,Female,31.0,26-35,Christianity,Urban,1981,1,WVS_Wave_1
11540,United States of America,Female,70.0,66+,Christianity,Rural,1981,1,WVS_Wave_1
11541,United States of America,Male,74.0,66+,Christianity,Rural,1981,1,WVS_Wave_1
11542,United States of America,Female,62.0,56-65,Christianity,Urban,1981,1,WVS_Wave_1
11543,United States of America,Female,21.0,18-25,Unaffiliated,Urban,1981,1,WVS_Wave_1
11544,United States of America,Female,72.0,66+,Christianity,Urban,1981,1,WVS_Wave_1
11545,United States of America,Female,18.0,18-25,Christianity,Urban,1981,1,WVS_Wave_1
11546,United States of America,Male,76.0,66+,Christianity,Urban,1981,1,WVS_Wave_1
11547,United States of America,Female,53.0,46-55,Christianity,Urban,1981,1,WVS_Wave_1
11548,United States of America,Female,55.0,46-55,Christianity,Urban,1981,1,WVS_Wave_1
11549,United States of America,Female,77.0,66+,Christianity,Rural,1981,1,WVS_Wave_1
11550,United States of America,Female,58.0,56-65,Christianity,Rural,1981,1,WVS_Wave_1
11551,United States of America,Male,56.0,56-65,Christianity,Urban,1981,1,WVS_Wave_1
11552,United States of America,Male,23.0,18-25,Christianity,Urban,1981,1,WVS_Wave_1
11553,United States of America,Male,37.0,36-45,Christianity,Urban,1981,1,WVS_Wave_1
11554,United States of America,Male,28.0,26-35,Other,Urban,1981,1,WVS_Wave_1
11555,United States of America,Female,38.0,36-45,Christianity,Urban,1981,1,WVS_Wave_1
11556,United States of America,Male,21.0,18-25,Christianity,Urban,1981,1,WVS_Wave_1
11557,United States of America,Female,19.0,18-25,Christianity,Rural,1981,1,WVS_Wave_1
11558,United States of America,Male,54.0,46-55,Christianity,Urban,1981,1,WVS_Wave_1
11559,United States of America,Male,32.0,26-35,Christianity,Urban,1981,1,WVS_Wave_1
11560,United States of America,Female,58.0,56-65,Christianity,Urban,1981,1,WVS_Wave_1
11561,United States of America,Male,19.0,18-25,Unaffiliated,Urban,1981,1,WVS_Wave_1
11562,United States of America,Female,68.0,66+,Christianity,Urban,1981,1,WVS_Wave_1
11563,United States of America,Female,34.0,26-35,Christianity,Urban,1981,1,WVS_Wave_1
11564,United States of America,Female,72.0,66+,Christianity,Urban,1981,1,WVS_Wave_1
11565,United States of America,Female,29.0,26-35,Christianity,Urban,1981,1,WVS_Wave_1
11566,United States of America,Male,74.0,66+,Christianity,Urban,1981,1,WVS_Wave_1
11567,United States of America,Female,30.0,26-35,Christianity,Urban,1981,1,WVS_Wave_1
11568,United States of America,Female,60.0,56-65,Christianity,Rural,1981,1,WVS_Wave_1
11569,United States of America,Male,70.0,66+,Christianity,Rural,1981,1,WVS_Wave_1
11570,United States of America,Female,74.0,66+,Christianity,Urban,1981,1,WVS_Wave_1
11571,United States of America,Female,46.0,46-55,Christianity,Rural,1981,1,WVS_Wave_1
11572,United States of America,Male,35.0,26-35,Christianity,Urban,1981,1,WVS_Wave_1
11573,United States of America,Female,25.0,18-25,Christianity,Urban,1981,1,WVS_Wave_1
11574,United States of America,Male,63.0,56-65,Christianity,Urban,1981,1,WVS_Wave_1
11575,United States of America,Female,29.0,26-35,Christianity,Urban,1981,1,WVS_Wave_1
11576,United States of America,Female,21.0,18-25,Christianity,Urban,1981,1,WVS_Wave_1
11577,United States of America,Male,19.0,18-25,Christianity,Rural,1981,1,WVS_Wave_1
11578,United States of America,Male,38.0,36-45,Christianity,Rural,1981,1,WVS_Wave_1
11579,United States of America,Female,34.0,26-35,Christianity,Urban,1981,1,WVS_Wave_1
11580,United States of America,Male,56.0,56-65,Christianity,Urban,1981,1,WVS_Wave_1
11581,United States of America,Female,48.0,46-55,Christianity,Urban,1981,1,WVS_Wave_1
11582,United States of America,Male,26.0,26-35,Christianity,Urban,1981,1,WVS_Wave_1
11583,United States of America,Female,52.0,46-55,Christianity,Urban,1981,1,WVS_Wave_1
11584,United States of America,Male,18.0,18-25,Christianity,Urban,1981,1,WVS_Wave_1
11585,United States of America,Male,18.0,18-25,Unaffiliated,Urban,1981,1,WVS_Wave_1
11586,United States of America,Female,24.0,18-25,Christianity,Urban,1981,1,WVS_Wave_1
11587,United States of America,Male,29.0,26-35,Christianity,Urban,1981,1,WVS_Wave_1
11588,United States of America,Male,27.0,26-35,Christianity,Urban,1981,1,WVS_Wave_1
11589,United States of America,Male,45.0,36-45,Christianity,Urban,1981,1,WVS_Wave_1
11590,United States of America,Female,18.0,18-25,Christianity,Urban,1981,1,WVS_Wave_1
11591,United States of America,Male,30.0,26-35,Christianity,Urban,1981,1,WVS_Wave_1
11592,United States of America,Female,69.0,66+,Christianity,Rural,1981,1,WVS_Wave_1
11593,United States of America,Male,24.0,18-25,Christianity,Urban,1981,1,WVS_Wave_1
11594,United States of America,Male,76.0,66+,Christianity,Rural,1981,1,WVS_Wave_1
11595,United States of America,Female,23.0,18-25,Christianity,Urban,1981,1,WVS_Wave_1
11596,United States of America,Female,60.0,56-65,Christianity,Rural,1981,1,WVS_Wave_1
11597,United States of America,Female,23.0,18-25,Christianity,Urban,1981,1,WVS_Wave_1
11598,United States of America,Male,28.0,26-35,Christianity,Urban,1981,1,WVS_Wave_1
11599,United States of America,Male,60.0,56-65,Christianity,Urban,1981,1,WVS_Wave_1
11600,United States of America,Male,49.0,46-55,Christianity,Urban,1981,1,WVS_Wave_1
11601,United States of America,Female,51.0,46-55,Christianity,Urban,1981,1,WVS_Wave_1
11602,United States of America,Female,34.0,26-35,Christianity,Urban,1981,1,WVS_Wave_1
11603,United States of America,Male,18.0,18-25,Christianity,Urban,1981,1,WVS_Wave_1
11604,United States of America,Male,22.0,18-25,Christianity,Rural,1981,1,WVS_Wave_1
11605,United States of America,Male,81.0,66+,Christianity,Rural,1981,1,WVS_Wave_1
11606,United States of America,Male,63.0,56-65,Christianity,Urban,1981,1,WVS_Wave_1
11607,United States of America,Male,96.0,66+,Christianity,Rural,1981,1,WVS_Wave_1
11608,United States of America,Male,52.0,46-55,Christianity,Urban,1981,1,WVS_Wave_1
11609,United States of America,Female,50.0,46-55,Christianity,Urban,1981,1,WVS_Wave_1
11610,United States of America,Male,57.0,56-65,Christianity,Urban,1981,1,WVS_Wave_1
11611,United States of America,Male,23.0,18-25,Christianity,Urban,1981,1,WVS_Wave_1
11612,United States of America,Male,28.0,26-35,Buddhism,Urban,1981,1,WVS_Wave_1
11613,United States of America,Male,54.0,46-55,Unaffiliated,Urban,1981,1,WVS_Wave_1
11614,United States of America,Female,22.0,18-25,Christianity,Urban,1981,1,WVS_Wave_1
11615,United States of America,Male,64.0,56-65,Christianity,Rural,1981,1,WVS_Wave_1
11616,United States of America,Male,18.0,18-25,Other,Urban,1981,1,WVS_Wave_1
11617,United States of America,Male,37.0,36-45,Christianity,Urban,1981,1,WVS_Wave_1
11618,United States of America,Female,42.0,36-45,Christianity,Urban,1981,1,WVS_Wave_1
11619,United States of America,Male,59.0,56-65,Other,Urban,1981,1,WVS_Wave_1
11620,United States of America,Female,22.0,18-25,Christianity,Urban,1981,1,WVS_Wave_1
11621,United States of America,Female,23.0,18-25,Christianity,Urban,1981,1,WVS_Wave_1
11622,United States of America,Male,18.0,18-25,Christianity,Urban,1981,1,WVS_Wave_1
11623,United States of America,Male,19.0,18-25,Christianity,Urban,1981,1,WVS_Wave_1
11624,United States of America,Female,18.0,18-25,Christianity,Urban,1981,1,WVS_Wave_1
11625,United States of America,Male,45.0,36-45,Christianity,Urban,1981,1,WVS_Wave_1
11626,United States of America,Male,24.0,18-25,Christianity,Urban,1981,1,WVS_Wave_1
11627,United States of America,Female,19.0,18-25,Christianity,Urban,1981,1,WVS_Wave_1
11628,United States of America,Female,25.0,18-25,Christianity,Urban,1981,1,WVS_Wave_1
11629,United States of America,Female,20.0,18-25,Christianity,Rural,1981,1,WVS_Wave_1
11630,United States of America,Female,58.0,56-65,Christianity,Urban,1981,1,WVS_Wave_1
11631,United States of America,Female,77.0,66+,Christianity,Rural,1981,1,WVS_Wave_1
11632,United States of America,Male,41.0,36-45,Christianity,Urban,1981,1,WVS_Wave_1
11633,United States of America,Female,53.0,46-55,Christianity,Urban,1981,1,WVS_Wave_1
11634,United States of America,Male,24.0,18-25,Buddhism,Urban,1981,1,WVS_Wave_1
11635,United States of America,Female,39.0,36-45,Christianity,Urban,1981,1,WVS_Wave_1
11636,United States of America,Female,42.0,36-45,Christianity,Urban,1981,1,WVS_Wave_1
11637,United States of America,Male,77.0,66+,Christianity,Urban,1981,1,WVS_Wave_1
11638,United States of America,Female,32.0,26-35,Christianity,Rural,1981,1,WVS_Wave_1
11639,United States of America,Female,58.0,56-65,Christianity,Urban,1981,1,WVS_Wave_1
11640,United States of America,Male,23.0,18-25,Christianity,Urban,1981,1,WVS_Wave_1
11641,United States of America,Female,46.0,46-55,Christianity,Rural,1981,1,WVS_Wave_1
11642,United States of America,Female,20.0,18-25,Christianity,Urban,1981,1,WVS_Wave_1
11643,United States of America,Male,32.0,26-35,Christianity,Urban,1981,1,WVS_Wave_1
11644,United States of America,Male,72.0,66+,Christianity,Urban,1981,1,WVS_Wave_1
11645,United States of America,Female,19.0,18-25,Christianity,Urban,1981,1,WVS_Wave_1
11646,United States of America,Male,66.0,66+,Christianity,Urban,1981,1,WVS_Wave_1
11647,United States of America,Female,42.0,36-45,Christianity,Urban,1981,1,WVS_Wave_1
11648,United States of America,Female,42.0,36-45,Christianity,Rural,1981,1,WVS_Wave_1
11649,United States of America,Male,35.0,26-35,Christianity,Urban,1981,1,WVS_Wave_1
11650,United States of America,Female,19.0,18-25,Christianity,Rural,1981,1,WVS_Wave_1
11651,United States of America,Male,58.0,56-65,Christianity,Urban,1981,1,WVS_Wave_1
11652,United States of America,Male,23.0,18-25,Christianity,Urban,1981,1,WVS_Wave_1
11653,United States of America,Female,22.0,18-25,Unaffiliated,Urban,1981,1,WVS_Wave_1
11654,United States of America,Male,62.0,56-65,Christianity,Urban,1981,1,WVS_Wave_1
11655,United States of America,Male,31.0,26-35,Christianity,Urban,1981,1,WVS_Wave_1
11656,United States of America,Female,31.0,26-35,Christianity,Urban,1981,1,WVS_Wave_1
11657,United States of America,Male,42.0,36-45,Other,Urban,1981,1,WVS_Wave_1
11658,United States of America,Female,19.0,18-25,Other,Urban,1981,1,WVS_Wave_1
11659,United States of America,Female,24.0,18-25,Christianity,Urban,1981,1,WVS_Wave_1
11660,United States of America,Male,26.0,26-35,Christianity,Urban,1981,1,WVS_Wave_1
11661,United States of America,Female,75.0,66+,Christianity,Urban,1981,1,WVS_Wave_1
11662,United States of America,Male,35.0,26-35,Christianity,Rural,1981,1,WVS_Wave_1
11663,United States of America,Female,20.0,18-25,Christianity,Urban,1981,1,WVS_Wave_1
11664,United States of America,Female,20.0,18-25,Unaffiliated,Urban,1981,1,WVS_Wave_1
11665,United States of America,Male,36.0,36-45,Christianity,Urban,1981,1,WVS_Wave_1
11666,United States of America,Female,44.0,36-45,Christianity,Urban,1981,1,WVS_Wave_1
11667,United States of America,Male,38.0,36-45,Christianity,Urban,1981,1,WVS_Wave_1
11668,United States of America,Female,18.0,18-25,Christianity,Urban,1981,1,WVS_Wave_1
11669,United States of America,Male,23.0,18-25,Christianity,Urban,1981,1,WVS_Wave_1
11670,United States of America,Female,22.0,18-25,Christianity,Rural,1981,1,WVS_Wave_1
11671,United States of America,Female,35.0,26-35,Christianity,Urban,1981,1,WVS_Wave_1
11672,United States of America,Female,20.0,18-25,Christianity,Urban,1981,1,WVS_Wave_1
11673,United States of America,Male,25.0,18-25,Christianity,Urban,1981,1,WVS_Wave_1
11674,United States of America,Female,21.0,18-25,Christianity,,1981,1,WVS_Wave_1
11675,United States of America,Female,22.0,18-25,Christianity,Urban,1981,1,WVS_Wave_1
11676,United States of America,Female,63.0,56-65,Christianity,Urban,1981,1,WVS_Wave_1
11677,United States of America,Female,19.0,18-25,Other,Urban,1981,1,WVS_Wave_1
11678,United States of America,Female,34.0,26-35,Other,Urban,1981,1,WVS_Wave_1
11679,United States of America,Female,26.0,26-35,Other,Urban,1981,1,WVS_Wave_1
11680,United States of America,Female,24.0,18-25,Christianity,Urban,1981,1,WVS_Wave_1
11681,United States of America,Female,21.0,18-25,Christianity,Rural,1981,1,WVS_Wave_1
11682,United States of America,Female,27.0,26-35,Buddhism,Urban,1981,1,WVS_Wave_1
11683,United States of America,Female,23.0,18-25,Christianity,Urban,1981,1,WVS_Wave_1
11684,United States of America,Female,62.0,56-65,Christianity,Urban,1981,1,WVS_Wave_1
11685,United States of America,Female,36.0,36-45,Christianity,Rural,1981,1,WVS_Wave_1
11686,United States of America,Male,30.0,26-35,Islam,Urban,1981,1,WVS_Wave_1
11687,United States of America,Female,,,Christianity,Urban,1981,1,WVS_Wave_1
11688,United States of America,Male,18.0,18-25,Christianity,Urban,1981,1,WVS_Wave_1
11689,United States of America,Male,23.0,18-25,Unaffiliated,Urban,1981,1,WVS_Wave_1
11690,United States of America,Male,32.0,26-35,Other,Urban,1981,1,WVS_Wave_1
11691,United States of America,Male,45.0,36-45,Christianity,Urban,1981,1,WVS_Wave_1
11692,United States of America,Female,30.0,26-35,Christianity,Urban,1981,1,WVS_Wave_1
11693,United States of America,Female,42.0,36-45,Christianity,Urban,1981,1,WVS_Wave_1
11694,United States of America,Female,25.0,18-25,Christianity,Urban,1981,1,WVS_Wave_1
11695,United States of America,Male,26.0,26-35,Christianity,Urban,1981,1,WVS_Wave_1
11696,United States of America,Male,35.0,26-35,Christianity,Urban,1981,1,WVS_Wave_1
11697,United States of America,Female,49.0,46-55,Christianity,Urban,1981,1,WVS_Wave_1
11698,United States of America,Male,48.0,46-55,Christianity,Urban,1981,1,WVS_Wave_1
11699,United States of America,Male,43.0,36-45,Christianity,Urban,1981,1,WVS_Wave_1
11700,United States of America,Male,19.0,18-25,Unaffiliated,Urban,1981,1,WVS_Wave_1
11701,United States of America,Female,20.0,18-25,Christianity,Urban,1981,1,WVS_Wave_1
11702,United States of America,Female,53.0,46-55,Christianity,Urban,1981,1,WVS_Wave_1
11703,United States of America,Male,22.0,18-25,Christianity,Urban,1981,1,WVS_Wave_1
11704,United States of America,Male,34.0,26-35,Christianity,Urban,1981,1,WVS_Wave_1
11705,United States of America,Female,29.0,26-35,Christianity,Urban,1981,1,WVS_Wave_1
11706,United States of America,Female,35.0,26-35,Unaffiliated,Urban,1981,1,WVS_Wave_1
11707,United States of America,Female,,,Christianity,Urban,1981,1,WVS_Wave_1
11708,United States of America,Male,29.0,26-35,Christianity,Urban,1981,1,WVS_Wave_1
11709,United States of America,Female,60.0,56-65,Christianity,Urban,1981,1,WVS_Wave_1
11710,United States of America,Male,69.0,66+,Christianity,Urban,1981,1,WVS_Wave_1
11711,United States of America,Female,68.0,66+,Christianity,Urban,1981,1,WVS_Wave_1
11712,United States of America,Male,52.0,46-55,Christianity,Urban,1981,1,WVS_Wave_1
11713,United States of America,Female,29.0,26-35,Christianity,Urban,1981,1,WVS_Wave_1
11714,United States of America,Female,29.0,26-35,Christianity,Urban,1981,1,WVS_Wave_1
11715,United States of America,Male,22.0,18-25,Christianity,Urban,1981,1,WVS_Wave_1
11716,United States of America,Female,46.0,46-55,Christianity,Urban,1981,1,WVS_Wave_1
11717,United States of America,Male,65.0,56-65,Christianity,Urban,1981,1,WVS_Wave_1
11718,United States of America,Female,44.0,36-45,Christianity,Urban,1981,1,WVS_Wave_1
11719,United States of America,Male,62.0,56-65,Christianity,Rural,1981,1,WVS_Wave_1
11720,United States of America,Male,39.0,36-45,Christianity,Urban,1981,1,WVS_Wave_1
11721,United States of America,Female,33.0,26-35,Christianity,Urban,1981,1,WVS_Wave_1
11722,United States of America,Male,18.0,18-25,Christianity,Urban,1981,1,WVS_Wave_1
11723,United States of America,Female,67.0,66+,Christianity,Urban,1981,1,WVS_Wave_1
11724,United States of America,Male,70.0,66+,Christianity,Urban,1981,1,WVS_Wave_1
11725,United States of America,Female,74.0,66+,Christianity,Urban,1981,1,WVS_Wave_1
11726,United States of America,Female,53.0,46-55,Christianity,Rural,1981,1,WVS_Wave_1
11727,United States of America,Female,45.0,36-45,Christianity,Rural,1981,1,WVS_Wave_1
11728,United States of America,Female,21.0,18-25,Christianity,Urban,1981,1,WVS_Wave_1
11729,United States of America,Male,42.0,36-45,Christianity,Urban,1981,1,WVS_Wave_1
11730,United States of America,Female,18.0,18-25,Christianity,Urban,1981,1,WVS_Wave_1
11731,United States of America,Female,70.0,66+,Christianity,Urban,1981,1,WVS_Wave_1
11732,United States of America,Male,40.0,36-45,Christianity,Urban,1981,1,WVS_Wave_1
11733,United States of America,Female,43.0,36-45,Christianity,Urban,1981,1,WVS_Wave_1
11734,United States of America,Female,52.0,46-55,Christianity,Urban,1981,1,WVS_Wave_1
11735,United States of America,Male,65.0,56-65,Christianity,Urban,1981,1,WVS_Wave_1
11736,United States of America,Female,28.0,26-35,Christianity,Urban,1981,1,WVS_Wave_1
11737,United States of America,Male,66.0,66+,Christianity,Urban,1981,1,WVS_Wave_1
11738,United States of America,Female,30.0,26-35,Christianity,Urban,1981,1,WVS_Wave_1
11739,United States of America,Male,54.0,46-55,Christianity,Urban,1981,1,WVS_Wave_1
11740,United States of America,Female,35.0,26-35,Christianity,Urban,1981,1,WVS_Wave_1
11741,United States of America,Female,27.0,26-35,Christianity,Urban,1981,1,WVS_Wave_1
11742,United States of America,Female,32.0,26-35,Christianity,Urban,1981,1,WVS_Wave_1
11743,United States of America,Male,79.0,66+,Christianity,Urban,1981,1,WVS_Wave_1
11744,United States of America,Female,21.0,18-25,Christianity,Urban,1981,1,WVS_Wave_1
11745,United States of America,Female,26.0,26-35,Christianity,,1981,1,WVS_Wave_1
11746,United States of America,Female,46.0,46-55,Christianity,Urban,1981,1,WVS_Wave_1
11747,United States of America,Female,61.0,56-65,Christianity,Urban,1981,1,WVS_Wave_1
11748,United States of America,Female,65.0,56-65,Christianity,Urban,1981,1,WVS_Wave_1
11749,United States of America,Male,59.0,56-65,Christianity,Urban,1981,1,WVS_Wave_1
11750,United States of America,Male,18.0,18-25,Christianity,Urban,1981,1,WVS_Wave_1
11751,United States of America,Male,42.0,36-45,Christianity,Urban,1981,1,WVS_Wave_1
11752,United States of America,Male,26.0,26-35,Unaffiliated,Urban,1981,1,WVS_Wave_1
11753,United States of America,Female,31.0,26-35,Christianity,Urban,1981,1,WVS_Wave_1
11754,United States of America,Female,41.0,36-45,Christianity,Urban,1981,1,WVS_Wave_1
11755,United States of America,Male,46.0,46-55,Other,Urban,1981,1,WVS_Wave_1
11756,United States of America,Female,26.0,26-35,Christianity,Urban,1981,1,WVS_Wave_1
11757,United States of America,Female,70.0,66+,Christianity,Urban,1981,1,WVS_Wave_1
11758,United States of America,Female,55.0,46-55,Christianity,Urban,1981,1,WVS_Wave_1
11759,United States of America,Male,22.0,18-25,Christianity,Urban,1981,1,WVS_Wave_1
11760,United States of America,Male,52.0,46-55,Christianity,Urban,1981,1,WVS_Wave_1
11761,United States of America,Male,30.0,26-35,Christianity,Urban,1981,1,WVS_Wave_1
11762,United States of America,Female,63.0,56-65,Christianity,,1981,1,WVS_Wave_1
11763,United States of America,Male,44.0,36-45,Christianity,Urban,1981,1,WVS_Wave_1
11764,United States of America,Female,38.0,36-45,Unaffiliated,Urban,1981,1,WVS_Wave_1
11765,United States of America,Male,79.0,66+,Christianity,Urban,1981,1,WVS_Wave_1
11766,United States of America,Female,42.0,36-45,Christianity,Urban,1981,1,WVS_Wave_1
11767,United States of America,Male,29.0,26-35,Christianity,Rural,1981,1,WVS_Wave_1
11768,United States of America,Female,48.0,46-55,Christianity,Urban,1981,1,WVS_Wave_1
11769,United States of America,Female,55.0,46-55,Christianity,Urban,1981,1,WVS_Wave_1
11770,United States of America,Female,52.0,46-55,Christianity,Urban,1981,1,WVS_Wave_1
11771,United States of America,Male,18.0,18-25,Unaffiliated,Urban,1981,1,WVS_Wave_1
11772,United States of America,Male,40.0,36-45,Christianity,Rural,1981,1,WVS_Wave_1
11773,United States of America,Female,36.0,36-45,Christianity,Urban,1981,1,WVS_Wave_1
11774,United States of America,Male,35.0,26-35,Christianity,Urban,1981,1,WVS_Wave_1
11775,United States of America,Female,22.0,18-25,Islam,Urban,1981,1,WVS_Wave_1
11776,United States of America,Female,70.0,66+,Christianity,Urban,1981,1,WVS_Wave_1
11777,United States of America,Female,34.0,26-35,Christianity,Urban,1981,1,WVS_Wave_1
11778,United States of America,Female,18.0,18-25,Christianity,Urban,1981,1,WVS_Wave_1
11779,United States of America,Female,41.0,36-45,Christianity,Urban,1981,1,WVS_Wave_1
11780,United States of America,Male,,,Unaffiliated,Urban,1981,1,WVS_Wave_1
11781,United States of America,Male,21.0,18-25,Christianity,Urban,1981,1,WVS_Wave_1
11782,United States of America,Male,46.0,46-55,Christianity,Urban,1981,1,WVS_Wave_1
11783,United States of America,Male,22.0,18-25,Christianity,Urban,1981,1,WVS_Wave_1
11784,United States of America,Female,57.0,56-65,Christianity,Urban,1981,1,WVS_Wave_1
11785,United States of America,Male,50.0,46-55,Christianity,Urban,1981,1,WVS_Wave_1
11786,United States of America,Male,33.0,26-35,Unaffiliated,Urban,1981,1,WVS_Wave_1
11787,United States of America,Female,66.0,66+,Christianity,Urban,1981,1,WVS_Wave_1
11788,United States of America,Female,24.0,18-25,Other,Urban,1981,1,WVS_Wave_1
11789,United States of America,Male,40.0,36-45,Christianity,Urban,1981,1,WVS_Wave_1
11790,United States of America,Female,52.0,46-55,Christianity,Urban,1981,1,WVS_Wave_1
11791,United States of America,Male,50.0,46-55,Unaffiliated,Urban,1981,1,WVS_Wave_1
11792,United States of America,Female,19.0,18-25,Christianity,Urban,1981,1,WVS_Wave_1
11793,United States of America,Male,72.0,66+,Christianity,Rural,1981,1,WVS_Wave_1
11794,United States of America,Female,36.0,36-45,Christianity,Urban,1981,1,WVS_Wave_1
11795,United States of America,Female,22.0,18-25,Unaffiliated,Urban,1981,1,WVS_Wave_1
11796,United States of America,Female,40.0,36-45,Christianity,Urban,1981,1,WVS_Wave_1
11797,United States of America,Male,37.0,36-45,Christianity,Urban,1981,1,WVS_Wave_1
11798,United States of America,Male,28.0,26-35,Christianity,Urban,1981,1,WVS_Wave_1
11799,United States of America,Male,18.0,18-25,Christianity,Urban,1981,1,WVS_Wave_1
11800,United States of America,Female,24.0,18-25,Christianity,Urban,1981,1,WVS_Wave_1
11801,United States of America,Male,30.0,26-35,Christianity,Urban,1981,1,WVS_Wave_1
11802,United States of America,Male,30.0,26-35,Christianity,Urban,1981,1,WVS_Wave_1
11803,United States of America,Female,26.0,26-35,Christianity,Urban,1981,1,WVS_Wave_1
11804,United States of America,Male,31.0,26-35,Christianity,Urban,1981,1,WVS_Wave_1
11805,United States of America,Female,27.0,26-35,Other,Urban,1981,1,WVS_Wave_1
11806,United States of America,Female,69.0,66+,Christianity,Urban,1981,1,WVS_Wave_1
11807,United States of America,Female,69.0,66+,Christianity,Urban,1981,1,WVS_Wave_1
11808,United States of America,Male,36.0,36-45,Christianity,Urban,1981,1,WVS_Wave_1
11809,United States of America,Female,20.0,18-25,Christianity,Urban,1981,1,WVS_Wave_1
11810,United States of America,Female,20.0,18-25,Judaism,Urban,1981,1,WVS_Wave_1
11811,United States of America,Male,44.0,36-45,Christianity,Rural,1981,1,WVS_Wave_1
11812,United States of America,Female,32.0,26-35,Christianity,Rural,1981,1,WVS_Wave_1
11813,United States of America,Female,64.0,56-65,Christianity,Urban,1981,1,WVS_Wave_1
11814,United States of America,Male,51.0,46-55,Christianity,Urban,1981,1,WVS_Wave_1
11815,United States of America,Female,55.0,46-55,Christianity,Urban,1981,1,WVS_Wave_1
11816,United States of America,Female,18.0,18-25,Christianity,Urban,1981,1,WVS_Wave_1
11817,United States of America,Male,32.0,26-35,Christianity,Urban,1981,1,WVS_Wave_1
11818,United States of America,Female,54.0,46-55,Other,Urban,1981,1,WVS_Wave_1
11819,United States of America,Female,62.0,56-65,Christianity,,1981,1,WVS_Wave_1
11820,United States of America,Male,27.0,26-35,Christianity,Urban,1981,1,WVS_Wave_1
11821,United States of America,Male,24.0,18-25,Unaffiliated,Urban,1981,1,WVS_Wave_1
11822,United States of America,Female,48.0,46-55,Christianity,Urban,1981,1,WVS_Wave_1
11823,United States of America,Male,37.0,36-45,Christianity,Urban,1981,1,WVS_Wave_1
11824,United States of America,Male,34.0,26-35,Christianity,Urban,1981,1,WVS_Wave_1
11825,United States of America,Male,52.0,46-55,Christianity,Urban,1981,1,WVS_Wave_1
11826,United States of America,Male,48.0,46-55,Christianity,Rural,1981,1,WVS_Wave_1
11827,United States of America,Female,22.0,18-25,Christianity,Urban,1981,1,WVS_Wave_1
11828,United States of America,Male,66.0,66+,Christianity,Urban,1981,1,WVS_Wave_1
11829,United States of America,Female,63.0,56-65,Christianity,Urban,1981,1,WVS_Wave_1
11830,United States of America,Female,71.0,66+,Christianity,Urban,1981,1,WVS_Wave_1
11831,United States of America,Male,44.0,36-45,Christianity,Urban,1981,1,WVS_Wave_1
11832,United States of America,Female,56.0,56-65,Christianity,Urban,1981,1,WVS_Wave_1
11833,United States of America,Female,56.0,56-65,Christianity,Rural,1981,1,WVS_Wave_1
11834,United States of America,Female,34.0,26-35,Christianity,Urban,1981,1,WVS_Wave_1
11835,United States of America,Male,56.0,56-65,Christianity,Urban,1981,1,WVS_Wave_1
11836,United States of America,Male,44.0,36-45,Christianity,Urban,1981,1,WVS_Wave_1
11837,United States of America,Male,26.0,26-35,Christianity,,1981,1,WVS_Wave_1
11838,United States of America,Female,,,Other,Urban,1981,1,WVS_Wave_1
11839,United States of America,Female,23.0,18-25,Christianity,Urban,1981,1,WVS_Wave_1
11840,United States of America,Female,41.0,36-45,Christianity,Urban,1981,1,WVS_Wave_1
11841,United States of America,Female,39.0,36-45,Christianity,Urban,1981,1,WVS_Wave_1
11842,United States of America,Female,35.0,26-35,Christianity,Urban,1981,1,WVS_Wave_1
11843,United States of America,Female,24.0,18-25,Christianity,Urban,1981,1,WVS_Wave_1
11844,United States of America,Male,18.0,18-25,Christianity,Urban,1981,1,WVS_Wave_1
11845,United States of America,Male,18.0,18-25,Christianity,Urban,1981,1,WVS_Wave_1
11846,United States of America,Male,65.0,56-65,Christianity,Urban,1981,1,WVS_Wave_1
11847,United States of America,Female,51.0,46-55,Christianity,Urban,1981,1,WVS_Wave_1
11848,United States of America,Female,33.0,26-35,Christianity,Urban,1981,1,WVS_Wave_1
11849,United States of America,Female,67.0,66+,Christianity,Urban,1981,1,WVS_Wave_1
11850,United States of America,Female,39.0,36-45,Christianity,Urban,1981,1,WVS_Wave_1
11851,United States of America,Male,48.0,46-55,Christianity,Urban,1981,1,WVS_Wave_1
11852,United States of America,Male,28.0,26-35,Christianity,Urban,1981,1,WVS_Wave_1
11853,United States of America,Female,19.0,18-25,Christianity,Urban,1981,1,WVS_Wave_1
11854,United States of America,Male,21.0,18-25,Unaffiliated,Urban,1981,1,WVS_Wave_1
11855,United States of America,Female,23.0,18-25,Christianity,Urban,1981,1,WVS_Wave_1
11856,United States of America,Female,23.0,18-25,Christianity,Urban,1981,1,WVS_Wave_1
11857,United States of America,Male,50.0,46-55,Christianity,Urban,1981,1,WVS_Wave_1
11858,United States of America,Female,30.0,26-35,Christianity,Urban,1981,1,WVS_Wave_1
11859,United States of America,Male,65.0,56-65,Christianity,Urban,1981,1,WVS_Wave_1
11860,United States of America,Female,22.0,18-25,Christianity,Urban,1981,1,WVS_Wave_1
11861,United States of America,Female,22.0,18-25,Christianity,Urban,1981,1,WVS_Wave_1
11862,United States of America,Female,82.0,66+,Christianity,Rural,1981,1,WVS_Wave_1
11863,United States of America,Male,75.0,66+,Christianity,Urban,1981,1,WVS_Wave_1
11864,United States of America,Male,23.0,18-25,Unaffiliated,Urban,1981,1,WVS_Wave_1
11865,United States of America,Female,62.0,56-65,Christianity,Urban,1981,1,WVS_Wave_1
11866,United States of America,Male,34.0,26-35,Unaffiliated,Urban,1981,1,WVS_Wave_1
11867,United States of America,Female,78.0,66+,Christianity,Urban,1981,1,WVS_Wave_1
11868,United States of America,Female,65.0,56-65,Christianity,Urban,1981,1,WVS_Wave_1
11869,United States of America,Female,70.0,66+,Christianity,Urban,1981,1,WVS_Wave_1
11870,United States of America,Female,78.0,66+,Unaffiliated,Urban,1981,1,WVS_Wave_1
11871,United States of America,Male,21.0,18-25,Christianity,Urban,1981,1,WVS_Wave_1
11872,United States of America,Female,23.0,18-25,Christianity,Urban,1981,1,WVS_Wave_1
11873,United States of America,Male,18.0,18-25,Christianity,Urban,1981,1,WVS_Wave_1
11874,United States of America,Female,40.0,36-45,Other,Urban,1981,1,WVS_Wave_1
11875,United States of America,Male,31.0,26-35,Christianity,Urban,1981,1,WVS_Wave_1
11876,United States of America,Female,18.0,18-25,Christianity,Urban,1981,1,WVS_Wave_1
11877,United States of America,Male,29.0,26-35,Christianity,Urban,1981,1,WVS_Wave_1
11878,United States of America,Female,44.0,36-45,Christianity,Rural,1981,1,WVS_Wave_1
11879,United States of America,Female,55.0,46-55,Christianity,Urban,1981,1,WVS_Wave_1
11880,United States of America,Female,33.0,26-35,Christianity,Urban,1981,1,WVS_Wave_1
11881,United States of America,Female,39.0,36-45,Christianity,Urban,1981,1,WVS_Wave_1
11882,United States of America,Female,60.0,56-65,Christianity,Urban,1981,1,WVS_Wave_1
11883,United States of America,Male,38.0,36-45,Other,Urban,1981,1,WVS_Wave_1
11884,United States of America,Female,65.0,56-65,Christianity,Urban,1981,1,WVS_Wave_1
11885,United States of America,Male,80.0,66+,Christianity,Urban,1981,1,WVS_Wave_1
11886,United States of America,Male,19.0,18-25,Christianity,Rural,1981,1,WVS_Wave_1
11887,United States of America,Male,18.0,18-25,Christianity,Rural,1981,1,WVS_Wave_1
11888,United States of America,Male,62.0,56-65,Christianity,Urban,1981,1,WVS_Wave_1
11889,United States of America,Female,83.0,66+,Unaffiliated,Urban,1981,1,WVS_Wave_1
11890,United States of America,Female,41.0,36-45,Christianity,Urban,1981,1,WVS_Wave_1
11891,United States of America,Male,62.0,56-65,Christianity,Urban,1981,1,WVS_Wave_1
11892,United States of America,Female,22.0,18-25,Christianity,Urban,1981,1,WVS_Wave_1
11893,United States of America,Male,18.0,18-25,Christianity,Urban,1981,1,WVS_Wave_1
11894,United States of America,Female,20.0,18-25,Christianity,Urban,1981,1,WVS_Wave_1
11895,United States of America,Female,37.0,36-45,Christianity,Urban,1981,1,WVS_Wave_1
11896,United States of America,Female,27.0,26-35,Christianity,Urban,1981,1,WVS_Wave_1
11897,United States of America,Female,21.0,18-25,Christianity,Urban,1981,1,WVS_Wave_1
11898,United States of America,Male,49.0,46-55,Christianity,Urban,1981,1,WVS_Wave_1
11899,United States of America,Male,33.0,26-35,Other,Urban,1981,1,WVS_Wave_1
11900,United States of America,Male,37.0,36-45,Christianity,Urban,1981,1,WVS_Wave_1
11901,United States of America,Female,21.0,18-25,Islam,Urban,1981,1,WVS_Wave_1
11902,United States of America,Female,66.0,66+,Christianity,Urban,1981,1,WVS_Wave_1
11903,United States of America,Female,65.0,56-65,Other,Urban,1981,1,WVS_Wave_1
11904,United States of America,Male,33.0,26-35,Christianity,Urban,1981,1,WVS_Wave_1
11905,United States of America,Male,32.0,26-35,Christianity,Urban,1981,1,WVS_Wave_1
11906,United States of America,Female,56.0,56-65,Christianity,Urban,1981,1,WVS_Wave_1
11907,United States of America,Female,61.0,56-65,Christianity,Rural,1981,1,WVS_Wave_1
11908,United States of America,Male,43.0,36-45,Christianity,Rural,1981,1,WVS_Wave_1
11909,United States of America,Female,48.0,46-55,Christianity,Urban,1981,1,WVS_Wave_1
11910,United States of America,Male,27.0,26-35,Christianity,Rural,1981,1,WVS_Wave_1
11911,United States of America,Female,53.0,46-55,Christianity,Urban,1981,1,WVS_Wave_1
11912,United States of America,Male,68.0,66+,Christianity,Urban,1981,1,WVS_Wave_1
11913,United States of America,Female,57.0,56-65,Christianity,Urban,1981,1,WVS_Wave_1
11914,United States of America,Female,75.0,66+,Christianity,Urban,1981,1,WVS_Wave_1
11915,United States of America,Female,78.0,66+,Christianity,Rural,1981,1,WVS_Wave_1
11916,United States of America,Female,60.0,56-65,Christianity,Rural,1981,1,WVS_Wave_1
11917,United States of America,Male,28.0,26-35,Christianity,Urban,1981,1,WVS_Wave_1
11918,United States of America,Female,61.0,56-65,Christianity,Urban,1981,1,WVS_Wave_1
11919,United States of America,Female,19.0,18-25,Christianity,Urban,1981,1,WVS_Wave_1
11920,United States of America,Female,29.0,26-35,Christianity,Urban,1981,1,WVS_Wave_1
11921,United States of America,Male,46.0,46-55,Christianity,Rural,1981,1,WVS_Wave_1
11922,United States of America,Female,39.0,36-45,Christianity,Rural,1981,1,WVS_Wave_1
11923,United States of America,Male,67.0,66+,Christianity,Urban,1981,1,WVS_Wave_1
11924,United States of America,Female,34.0,26-35,Christianity,Urban,1981,1,WVS_Wave_1
11925,United States of America,Female,23.0,18-25,Christianity,Urban,1981,1,WVS_Wave_1
11926,United States of America,Female,60.0,56-65,Christianity,Rural,1981,1,WVS_Wave_1
11927,United States of America,Female,24.0,18-25,Christianity,Rural,1981,1,WVS_Wave_1
11928,United States of America,Male,58.0,56-65,Christianity,Urban,1981,1,WVS_Wave_1
11929,United States of America,Female,45.0,36-45,Christianity,Urban,1981,1,WVS_Wave_1
11930,United States of America,Female,36.0,36-45,Christianity,Urban,1981,1,WVS_Wave_1
11931,United States of America,Female,46.0,46-55,Christianity,Urban,1981,1,WVS_Wave_1
11932,United States of America,Female,52.0,46-55,Christianity,Urban,1981,1,WVS_Wave_1
11933,United States of America,Male,34.0,26-35,Other,Urban,1981,1,WVS_Wave_1
11934,United States of America,Male,78.0,66+,Christianity,Urban,1981,1,WVS_Wave_1
11935,United States of America,Female,35.0,26-35,Christianity,Urban,1981,1,WVS_Wave_1
11936,United States of America,Female,66.0,66+,Christianity,Urban,1981,1,WVS_Wave_1
11937,United States of America,Male,22.0,18-25,Christianity,Rural,1981,1,WVS_Wave_1
11938,United States of America,Male,22.0,18-25,Christianity,Urban,1981,1,WVS_Wave_1
11939,United States of America,Male,29.0,26-35,Christianity,Urban,1981,1,WVS_Wave_1
11940,United States of America,Female,31.0,26-35,Christianity,Rural,1981,1,WVS_Wave_1
11941,United States of America,Female,77.0,66+,Christianity,Urban,1981,1,WVS_Wave_1
11942,United States of America,Female,34.0,26-35,Other,Urban,1981,1,WVS_Wave_1
11943,United States of America,Male,41.0,36-45,Unaffiliated,Urban,1981,1,WVS_Wave_1
11944,United States of America,Female,35.0,26-35,Christianity,Rural,1981,1,WVS_Wave_1
11945,United States of America,Male,50.0,46-55,Christianity,Rural,1981,1,WVS_Wave_1
11946,United States of America,Female,68.0,66+,Christianity,Urban,1981,1,WVS_Wave_1
11947,United States of America,Male,67.0,66+,Christianity,Rural,1981,1,WVS_Wave_1
11948,United States of America,Female,26.0,26-35,Christianity,Urban,1981,1,WVS_Wave_1
11949,United States of America,Male,48.0,46-55,Christianity,Rural,1981,1,WVS_Wave_1
11950,United States of America,Female,43.0,36-45,Christianity,Urban,1981,1,WVS_Wave_1
11951,United States of America,Female,40.0,36-45,Christianity,Urban,1981,1,WVS_Wave_1
11952,United States of America,Female,82.0,66+,Christianity,Rural,1981,1,WVS_Wave_1
11953,United States of America,Female,21.0,18-25,Christianity,Urban,1981,1,WVS_Wave_1
11954,United States of America,Female,59.0,56-65,Christianity,Urban,1981,1,WVS_Wave_1
11955,United States of America,Female,20.0,18-25,Christianity,Urban,1981,1,WVS_Wave_1
11956,United States of America,Female,36.0,36-45,Christianity,Urban,1981,1,WVS_Wave_1
11957,United States of America,Male,71.0,66+,Other,Urban,1981,1,WVS_Wave_1
11958,United States of America,Male,18.0,18-25,Christianity,Urban,1981,1,WVS_Wave_1
11959,United States of America,Male,53.0,46-55,Christianity,Urban,1981,1,WVS_Wave_1
11960,United States of America,Male,19.0,18-25,Christianity,Rural,1981,1,WVS_Wave_1
11961,United States of America,Female,74.0,66+,Christianity,Rural,1981,1,WVS_Wave_1
11962,United States of America,Female,57.0,56-65,Christianity,Rural,1981,1,WVS_Wave_1
11963,United States of America,Male,61.0,56-65,Christianity,Rural,1981,1,WVS_Wave_1
11964,United States of America,Female,45.0,36-45,Christianity,Rural,1981,1,WVS_Wave_1
11965,United States of America,Male,45.0,36-45,Christianity,Urban,1981,1,WVS_Wave_1
11966,United States of America,Female,39.0,36-45,Christianity,Urban,1981,1,WVS_Wave_1
11967,United States of America,Female,24.0,18-25,Christianity,Rural,1981,1,WVS_Wave_1
11968,United States of America,Female,80.0,66+,Christianity,Urban,1981,1,WVS_Wave_1
11969,United States of America,Female,60.0,56-65,Christianity,Urban,1981,1,WVS_Wave_1
11970,United States of America,Female,75.0,66+,Christianity,Urban,1981,1,WVS_Wave_1
11971,United States of America,Male,66.0,66+,Christianity,Urban,1981,1,WVS_Wave_1
11972,United States of America,Female,33.0,26-35,Christianity,Urban,1981,1,WVS_Wave_1
11973,United States of America,Female,55.0,46-55,Christianity,Urban,1981,1,WVS_Wave_1
11974,United States of America,Female,24.0,18-25,Christianity,Rural,1981,1,WVS_Wave_1
11975,United States of America,Female,43.0,36-45,Christianity,,1981,1,WVS_Wave_1
11976,United States of America,Female,45.0,36-45,Christianity,Urban,1981,1,WVS_Wave_1
11977,United States of America,Female,57.0,56-65,Christianity,Urban,1981,1,WVS_Wave_1
11978,United States of America,Female,27.0,26-35,Christianity,Urban,1981,1,WVS_Wave_1
11979,United States of America,Male,56.0,56-65,Christianity,Urban,1981,1,WVS_Wave_1
11980,United States of America,Female,19.0,18-25,Christianity,Urban,1981,1,WVS_Wave_1
11981,United States of America,Male,37.0,36-45,Christianity,Rural,1981,1,WVS_Wave_1
11982,United States of America,Male,52.0,46-55,Christianity,Rural,1981,1,WVS_Wave_1
11983,United States of America,Female,30.0,26-35,Christianity,Urban,1981,1,WVS_Wave_1
11984,United States of America,Female,23.0,18-25,Christianity,Urban,1981,1,WVS_Wave_1
11985,United States of America,Male,57.0,56-65,Christianity,Urban,1981,1,WVS_Wave_1
11986,United States of America,Female,53.0,46-55,Christianity,Urban,1981,1,WVS_Wave_1
11987,United States of America,Female,75.0,66+,Christianity,Urban,1981,1,WVS_Wave_1
11988,United States of America,Male,69.0,66+,Christianity,Urban,1981,1,WVS_Wave_1
11989,United States of America,Male,39.0,36-45,Christianity,Urban,1981,1,WVS_Wave_1
11990,United States of America,Female,60.0,56-65,Christianity,Urban,1981,1,WVS_Wave_1
11991,United States of America,Female,56.0,56-65,Christianity,Rural,1981,1,WVS_Wave_1
11992,United States of America,Male,37.0,36-45,Christianity,Urban,1981,1,WVS_Wave_1
11993,United States of America,Female,18.0,18-25,Christianity,Rural,1981,1,WVS_Wave_1
11994,United States of America,Female,39.0,36-45,Christianity,Urban,1981,1,WVS_Wave_1
11995,United States of America,Male,61.0,56-65,Christianity,Urban,1981,1,WVS_Wave_1
11996,United States of America,Male,21.0,18-25,Christianity,Urban,1981,1,WVS_Wave_1
11997,United States of America,Male,19.0,18-25,Christianity,Urban,1981,1,WVS_Wave_1
11998,United States of America,Male,61.0,56-65,Christianity,Urban,1981,1,WVS_Wave_1
11999,United States of America,Male,18.0,18-25,Christianity,Urban,1981,1,WVS_Wave_1
12000,United States of America,Female,41.0,36-45,Christianity,Rural,1981,1,WVS_Wave_1
12001,United States of America,Male,26.0,26-35,Christianity,Rural,1981,1,WVS_Wave_1
12002,United States of America,Female,26.0,26-35,Christianity,Rural,1981,1,WVS_Wave_1
12003,United States of America,Male,81.0,66+,Christianity,Urban,1981,1,WVS_Wave_1
12004,United States of America,Female,25.0,18-25,Christianity,Urban,1981,1,WVS_Wave_1
12005,United States of America,Male,28.0,26-35,Christianity,Urban,1981,1,WVS_Wave_1
12006,United States of America,Male,23.0,18-25,Christianity,Urban,1981,1,WVS_Wave_1
12007,United States of America,Male,27.0,26-35,Unaffiliated,Urban,1981,1,WVS_Wave_1
12008,United States of America,Female,52.0,46-55,Christianity,Urban,1981,1,WVS_Wave_1
12009,United States of America,Female,62.0,56-65,Christianity,Rural,1981,1,WVS_Wave_1
12010,United States of America,Male,21.0,18-25,Christianity,Rural,1981,1,WVS_Wave_1
12011,United States of America,Male,39.0,36-45,Christianity,Urban,1981,1,WVS_Wave_1
12012,United States of America,Female,62.0,56-65,Christianity,Urban,1981,1,WVS_Wave_1
12013,United States of America,Female,37.0,36-45,Christianity,Urban,1981,1,WVS_Wave_1
12014,United States of America,Male,22.0,18-25,Christianity,Urban,1981,1,WVS_Wave_1
12015,United States of America,Female,80.0,66+,Christianity,,1981,1,WVS_Wave_1
12016,United States of America,Female,73.0,66+,Christianity,Urban,1981,1,WVS_Wave_1
12017,United States of America,Female,82.0,66+,Christianity,Urban,1981,1,WVS_Wave_1
12018,United States of America,Male,45.0,36-45,Christianity,Urban,1981,1,WVS_Wave_1
12019,United States of America,Female,66.0,66+,Christianity,Urban,1981,1,WVS_Wave_1
12020,United States of America,Male,29.0,26-35,Unaffiliated,Urban,1981,1,WVS_Wave_1
12021,United States of America,Male,56.0,56-65,Christianity,Urban,1981,1,WVS_Wave_1
12022,United States of America,Female,40.0,36-45,Christianity,Urban,1981,1,WVS_Wave_1
12023,United States of America,Female,78.0,66+,Christianity,Urban,1981,1,WVS_Wave_1
12024,United States of America,Male,70.0,66+,Christianity,Urban,1981,1,WVS_Wave_1
12025,United States of America,Male,63.0,56-65,Christianity,Urban,1981,1,WVS_Wave_1
12026,United States of America,Female,83.0,66+,Christianity,Urban,1981,1,WVS_Wave_1
12027,United States of America,Female,34.0,26-35,Christianity,Rural,1981,1,WVS_Wave_1
12028,United States of America,Female,33.0,26-35,Christianity,Rural,1981,1,WVS_Wave_1
12029,United States of America,Female,36.0,36-45,Christianity,Urban,1981,1,WVS_Wave_1
12030,United States of America,Female,68.0,66+,Christianity,Urban,1981,1,WVS_Wave_1
12031,United States of America,Male,31.0,26-35,Christianity,Urban,1981,1,WVS_Wave_1
12032,United States of America,Female,74.0,66+,Christianity,Urban,1981,1,WVS_Wave_1
12033,United States of America,Female,65.0,56-65,Christianity,Urban,1981,1,WVS_Wave_1
12034,United States of America,Female,62.0,56-65,Christianity,Rural,1981,1,WVS_Wave_1
12035,United States of America,Male,76.0,66+,Christianity,Rural,1981,1,WVS_Wave_1
12036,United States of America,Female,30.0,26-35,Christianity,Rural,1981,1,WVS_Wave_1
12037,United States of America,Male,50.0,46-55,Christianity,Urban,1981,1,WVS_Wave_1
12038,United States of America,Female,22.0,18-25,Christianity,Urban,1981,1,WVS_Wave_1
12039,United States of America,Female,79.0,66+,Christianity,Urban,1981,1,WVS_Wave_1
12040,United States of America,Female,18.0,18-25,Christianity,Rural,1981,1,WVS_Wave_1
12041,United States of America,Female,24.0,18-25,Christianity,Urban,1981,1,WVS_Wave_1
12042,United States of America,Female,61.0,56-65,Christianity,Urban,1981,1,WVS_Wave_1
12043,United States of America,Male,23.0,18-25,Christianity,Urban,1981,1,WVS_Wave_1
12044,United States of America,Female,34.0,26-35,Christianity,Urban,1981,1,WVS_Wave_1
12045,United States of America,Female,69.0,66+,Christianity,Rural,1981,1,WVS_Wave_1
12046,United States of America,Female,19.0,18-25,Christianity,Urban,1981,1,WVS_Wave_1
12047,United States of America,Female,27.0,26-35,Christianity,Urban,1981,1,WVS_Wave_1
12048,United States of America,Female,19.0,18-25,Christianity,Urban,1981,1,WVS_Wave_1
12049,United States of America,Male,21.0,18-25,Christianity,Rural,1981,1,WVS_Wave_1
12050,United States of America,Male,28.0,26-35,Christianity,Urban,1981,1,WVS_Wave_1
12051,United States of America,Female,48.0,46-55,Christianity,Urban,1981,1,WVS_Wave_1
12052,United States of America,Female,57.0,56-65,Christianity,Urban,1981,1,WVS_Wave_1
12053,United States of America,Female,24.0,18-25,Christianity,Urban,1981,1,WVS_Wave_1
12054,United States of America,Female,46.0,46-55,Christianity,Rural,1981,1,WVS_Wave_1
12055,United States of America,Female,45.0,36-45,Christianity,Urban,1981,1,WVS_Wave_1
12056,United States of America,Female,70.0,66+,Christianity,Urban,1981,1,WVS_Wave_1
12057,United States of America,Male,26.0,26-35,Christianity,Urban,1981,1,WVS_Wave_1
12058,United States of America,Male,60.0,56-65,Christianity,Rural,1981,1,WVS_Wave_1
12059,United States of America,Female,31.0,26-35,Christianity,Urban,1981,1,WVS_Wave_1
12060,United States of America,Female,28.0,26-35,Christianity,Rural,1981,1,WVS_Wave_1
12061,United States of America,Male,38.0,36-45,Christianity,Urban,1981,1,WVS_Wave_1
12062,United States of America,Male,49.0,46-55,Christianity,Rural,1981,1,WVS_Wave_1
12063,United States of America,Male,74.0,66+,Christianity,Urban,1981,1,WVS_Wave_1
12064,United States of America,Female,27.0,26-35,Christianity,Urban,1981,1,WVS_Wave_1
12065,United States of America,Female,26.0,26-35,Unaffiliated,Urban,1981,1,WVS_Wave_1
12066,United States of America,Male,26.0,26-35,Christianity,Urban,1981,1,WVS_Wave_1
12067,United States of America,Male,39.0,36-45,Christianity,Urban,1981,1,WVS_Wave_1
12068,United States of America,Male,35.0,26-35,Christianity,Rural,1981,1,WVS_Wave_1
12069,United States of America,Male,30.0,26-35,Other,Urban,1981,1,WVS_Wave_1
12070,United States of America,Female,36.0,36-45,Unaffiliated,Rural,1981,1,WVS_Wave_1
12071,United States of America,Male,76.0,66+,Christianity,Urban,1981,1,WVS_Wave_1
12072,United States of America,Male,73.0,66+,Christianity,Urban,1981,1,WVS_Wave_1
12073,United States of America,Female,24.0,18-25,Christianity,Rural,1981,1,WVS_Wave_1
12074,United States of America,Male,59.0,56-65,Christianity,Urban,1981,1,WVS_Wave_1
12075,United States of America,Female,67.0,66+,Christianity,Rural,1981,1,WVS_Wave_1
12076,United States of America,Female,42.0,36-45,Christianity,Urban,1981,1,WVS_Wave_1
12077,United States of America,Male,24.0,18-25,Unaffiliated,Urban,1981,1,WVS_Wave_1
12078,United States of America,Male,48.0,46-55,Christianity,Urban,1981,1,WVS_Wave_1
12079,United States of America,Female,22.0,18-25,Christianity,Urban,1981,1,WVS_Wave_1
12080,United States of America,Female,26.0,26-35,Other,Urban,1981,1,WVS_Wave_1
12081,United States of America,Male,92.0,66+,Unaffiliated,Urban,1981,1,WVS_Wave_1
12082,United States of America,Male,30.0,26-35,Christianity,Rural,1981,1,WVS_Wave_1
12083,United States of America,Female,59.0,56-65,Christianity,Rural,1981,1,WVS_Wave_1
12084,United States of America,Male,76.0,66+,Other,Urban,1981,1,WVS_Wave_1
12085,United States of America,Male,26.0,26-35,Other,Urban,1981,1,WVS_Wave_1
12086,United States of America,Male,20.0,18-25,Christianity,Urban,1981,1,WVS_Wave_1
12087,United States of America,Female,21.0,18-25,Christianity,Urban,1981,1,WVS_Wave_1
12088,United States of America,Female,50.0,46-55,Christianity,Urban,1981,1,WVS_Wave_1
12089,United States of America,Female,45.0,36-45,Other,Urban,1981,1,WVS_Wave_1
12090,United States of America,Male,66.0,66+,Christianity,Urban,1981,1,WVS_Wave_1
12091,United States of America,Male,52.0,46-55,Christianity,Urban,1981,1,WVS_Wave_1
12092,United States of America,Female,21.0,18-25,Islam,Urban,1981,1,WVS_Wave_1
12093,United States of America,Female,31.0,26-35,Christianity,Urban,1981,1,WVS_Wave_1
12094,United States of America,Female,21.0,18-25,Christianity,Urban,1981,1,WVS_Wave_1
12095,United States of America,Male,38.0,36-45,Christianity,Urban,1981,1,WVS_Wave_1
12096,United States of America,Female,21.0,18-25,Christianity,Urban,1981,1,WVS_Wave_1
12097,United States of America,Female,50.0,46-55,Christianity,Urban,1981,1,WVS_Wave_1
12098,United States of America,Male,18.0,18-25,Christianity,Urban,1981,1,WVS_Wave_1
12099,United States of America,Female,19.0,18-25,Other,Urban,1981,1,WVS_Wave_1
12100,United States of America,Male,18.0,18-25,Unaffiliated,Urban,1981,1,WVS_Wave_1
12101,United States of America,Female,25.0,18-25,Christianity,Urban,1981,1,WVS_Wave_1
12102,United States of America,Male,63.0,56-65,Christianity,Urban,1981,1,WVS_Wave_1
12103,United States of America,Female,18.0,18-25,Christianity,Urban,1981,1,WVS_Wave_1
12104,United States of America,Female,51.0,46-55,Christianity,Urban,1981,1,WVS_Wave_1
12105,United States of America,Female,24.0,18-25,Christianity,Urban,1981,1,WVS_Wave_1
12106,United States of America,Male,23.0,18-25,Unaffiliated,Urban,1981,1,WVS_Wave_1
12107,United States of America,Male,23.0,18-25,Christianity,Urban,1981,1,WVS_Wave_1
12108,United States of America,Male,,,Unaffiliated,Urban,1981,1,WVS_Wave_1
12109,United States of America,Female,62.0,56-65,Christianity,Urban,1981,1,WVS_Wave_1
12110,United States of America,Female,68.0,66+,Other,Rural,1981,1,WVS_Wave_1
12111,United States of America,Female,37.0,36-45,Christianity,Urban,1981,1,WVS_Wave_1
12112,United States of America,Female,30.0,26-35,Other,Urban,1981,1,WVS_Wave_1
12113,United States of America,Female,33.0,26-35,Christianity,Rural,1981,1,WVS_Wave_1
12114,United States of America,Male,74.0,66+,Christianity,Urban,1981,1,WVS_Wave_1
12115,United States of America,Male,18.0,18-25,Christianity,Rural,1981,1,WVS_Wave_1
12116,United States of America,Female,60.0,56-65,Christianity,Urban,1981,1,WVS_Wave_1
12117,United States of America,Male,24.0,18-25,Unaffiliated,Urban,1981,1,WVS_Wave_1
12118,United States of America,Female,40.0,36-45,Christianity,Urban,1981,1,WVS_Wave_1
12119,United States of America,Female,26.0,26-35,Christianity,Urban,1981,1,WVS_Wave_1
12120,United States of America,Male,35.0,26-35,Unaffiliated,Rural,1981,1,WVS_Wave_1
12121,United States of America,Female,72.0,66+,Christianity,Rural,1981,1,WVS_Wave_1
12122,United States of America,Male,32.0,26-35,Christianity,Urban,1981,1,WVS_Wave_1
12123,United States of America,Male,27.0,26-35,Christianity,Urban,1981,1,WVS_Wave_1
12124,United States of America,Male,52.0,46-55,Christianity,Urban,1981,1,WVS_Wave_1
12125,United States of America,Male,19.0,18-25,Christianity,Urban,1981,1,WVS_Wave_1
12126,United States of America,Male,19.0,18-25,Christianity,Rural,1981,1,WVS_Wave_1
12127,United States of America,Male,40.0,36-45,Christianity,Rural,1981,1,WVS_Wave_1
12128,United States of America,Male,76.0,66+,Christianity,Urban,1981,1,WVS_Wave_1
12129,United States of America,Male,32.0,26-35,Unaffiliated,Urban,1981,1,WVS_Wave_1
12130,United States of America,Male,66.0,66+,Christianity,Urban,1981,1,WVS_Wave_1
12131,United States of America,Female,46.0,46-55,Christianity,Urban,1981,1,WVS_Wave_1
12132,United States of America,Female,28.0,26-35,Christianity,Urban,1981,1,WVS_Wave_1
12133,United States of America,Male,62.0,56-65,Christianity,Urban,1981,1,WVS_Wave_1
12134,United States of America,Male,20.0,18-25,Christianity,Urban,1981,1,WVS_Wave_1
12135,United States of America,Male,42.0,36-45,Christianity,Rural,1981,1,WVS_Wave_1
12136,United States of America,Male,54.0,46-55,Christianity,Urban,1981,1,WVS_Wave_1
12137,United States of America,Female,28.0,26-35,Christianity,Urban,1981,1,WVS_Wave_1
12138,United States of America,Male,33.0,26-35,Christianity,Urban,1981,1,WVS_Wave_1
12139,United States of America,Female,43.0,36-45,Unaffiliated,Urban,1981,1,WVS_Wave_1
12140,United States of America,Female,76.0,66+,Unaffiliated,Urban,1981,1,WVS_Wave_1
12141,United States of America,Female,43.0,36-45,Christianity,Urban,1981,1,WVS_Wave_1
12142,United States of America,Female,59.0,56-65,Christianity,Rural,1981,1,WVS_Wave_1
12143,United States of America,Male,24.0,18-25,Christianity,Urban,1981,1,WVS_Wave_1
12144,United States of America,Female,24.0,18-25,Christianity,Urban,1981,1,WVS_Wave_1
12145,United States of America,Female,40.0,36-45,Judaism,Urban,1981,1,WVS_Wave_1
12146,United States of America,Female,29.0,26-35,Christianity,Urban,1981,1,WVS_Wave_1
12147,United States of America,Male,22.0,18-25,Christianity,Urban,1981,1,WVS_Wave_1
12148,United States of America,Male,23.0,18-25,Unaffiliated,Urban,1981,1,WVS_Wave_1
12149,United States of America,Male,37.0,36-45,Other,Urban,1981,1,WVS_Wave_1
12150,United States of America,Male,69.0,66+,Christianity,Urban,1981,1,WVS_Wave_1
12151,United States of America,Female,20.0,18-25,Christianity,Urban,1981,1,WVS_Wave_1
12152,United States of America,Female,65.0,56-65,Christianity,Rural,1981,1,WVS_Wave_1
12153,United States of America,Male,35.0,26-35,Christianity,Rural,1981,1,WVS_Wave_1
12154,United States of America,Male,52.0,46-55,Christianity,Urban,1981,1,WVS_Wave_1
12155,United States of America,Female,18.0,18-25,Christianity,Urban,1981,1,WVS_Wave_1
12156,United States of America,Female,27.0,26-35,Christianity,Urban,1981,1,WVS_Wave_1
12157,United States of America,Male,36.0,36-45,Judaism,Urban,1981,1,WVS_Wave_1
12158,United States of America,Female,29.0,26-35,Christianity,Urban,1981,1,WVS_Wave_1
12159,United States of America,Male,32.0,26-35,Christianity,Urban,1981,1,WVS_Wave_1
12160,United States of America,Male,33.0,26-35,Christianity,Urban,1981,1,WVS_Wave_1
12161,United States of America,Male,24.0,18-25,Christianity,Urban,1981,1,WVS_Wave_1
12162,United States of America,Male,61.0,56-65,Christianity,Urban,1981,1,WVS_Wave_1
12163,United States of America,Female,43.0,36-45,Other,Urban,1981,1,WVS_Wave_1
12164,United States of America,Male,24.0,18-25,Other,Urban,1981,1,WVS_Wave_1
12165,United States of America,Female,25.0,18-25,Christianity,Urban,1981,1,WVS_Wave_1
12166,United States of America,Female,24.0,18-25,Christianity,Urban,1981,1,WVS_Wave_1
12167,United States of America,Male,51.0,46-55,Christianity,Urban,1981,1,WVS_Wave_1
12168,United States of America,Male,67.0,66+,Christianity,Urban,1981,1,WVS_Wave_1
12169,United States of America,Male,40.0,36-45,Christianity,Urban,1981,1,WVS_Wave_1
12170,United States of America,Female,24.0,18-25,Christianity,Urban,1981,1,WVS_Wave_1
12171,United States of America,Male,32.0,26-35,Christianity,Rural,1981,1,WVS_Wave_1
12172,United States of America,Female,45.0,36-45,Unaffiliated,Urban,1981,1,WVS_Wave_1
12173,United States of America,Male,26.0,26-35,Christianity,Rural,1981,1,WVS_Wave_1
12174,United States of America,Female,22.0,18-25,Christianity,Urban,1981,1,WVS_Wave_1
12175,United States of America,Male,38.0,36-45,Christianity,Urban,1981,1,WVS_Wave_1
12176,United States of America,Female,32.0,26-35,Christianity,Urban,1981,1,WVS_Wave_1
12177,United States of America,Male,55.0,46-55,Christianity,Urban,1981,1,WVS_Wave_1
12178,United States of America,Male,47.0,46-55,Christianity,Rural,1981,1,WVS_Wave_1
12179,United States of America,Male,58.0,56-65,Christianity,Urban,1981,1,WVS_Wave_1
12180,United States of America,Male,19.0,18-25,Christianity,Urban,1981,1,WVS_Wave_1
12181,United States of America,Female,53.0,46-55,Christianity,Urban,1981,1,WVS_Wave_1
12182,United States of America,Female,56.0,56-65,Christianity,Urban,1981,1,WVS_Wave_1
12183,United States of America,Male,34.0,26-35,Christianity,Urban,1981,1,WVS_Wave_1
12184,United States of America,Female,61.0,56-65,Christianity,Rural,1981,1,WVS_Wave_1
12185,United States of America,Male,63.0,56-65,Christianity,Urban,1981,1,WVS_Wave_1
12186,United States of America,Male,19.0,18-25,Christianity,Urban,1981,1,WVS_Wave_1
12187,United States of America,Male,32.0,26-35,Christianity,Rural,1981,1,WVS_Wave_1
12188,United States of America,Female,59.0,56-65,Christianity,Rural,1981,1,WVS_Wave_1
12189,United States of America,Male,,,Other,,1981,1,WVS_Wave_1
12190,United States of America,Male,48.0,46-55,Christianity,Urban,1981,1,WVS_Wave_1
12191,United States of America,Female,24.0,18-25,Christianity,Urban,1981,1,WVS_Wave_1
12192,United States of America,Female,24.0,18-25,Christianity,Urban,1981,1,WVS_Wave_1
12193,United States of America,Female,72.0,66+,Christianity,Urban,1981,1,WVS_Wave_1
12194,United States of America,Female,25.0,18-25,Christianity,Urban,1981,1,WVS_Wave_1
12195,United States of America,Female,,,Christianity,Urban,1981,1,WVS_Wave_1
12196,United States of America,Female,71.0,66+,Christianity,Urban,1981,1,WVS_Wave_1
12197,United States of America,Female,19.0,18-25,Christianity,Rural,1981,1,WVS_Wave_1
12198,United States of America,Female,24.0,18-25,Christianity,Urban,1981,1,WVS_Wave_1
12199,United States of America,Male,31.0,26-35,Christianity,Urban,1981,1,WVS_Wave_1
12200,United States of America,Female,28.0,26-35,Christianity,Rural,1981,1,WVS_Wave_1
12201,United States of America,Female,72.0,66+,Christianity,Urban,1981,1,WVS_Wave_1
12202,United States of America,Male,21.0,18-25,Christianity,Urban,1981,1,WVS_Wave_1
12203,United States of America,Male,66.0,66+,Christianity,Urban,1981,1,WVS_Wave_1
12204,United States of America,Male,25.0,18-25,Christianity,Urban,1981,1,WVS_Wave_1
12205,United States of America,Male,32.0,26-35,Christianity,Rural,1981,1,WVS_Wave_1
12206,United States of America,Male,27.0,26-35,Christianity,Urban,1981,1,WVS_Wave_1
12207,United States of America,Female,31.0,26-35,Christianity,Urban,1981,1,WVS_Wave_1
12208,United States of America,Female,71.0,66+,Christianity,Rural,1981,1,WVS_Wave_1
12209,United States of America,Female,40.0,36-45,Christianity,Urban,1981,1,WVS_Wave_1
12210,United States of America,Male,47.0,46-55,Christianity,Rural,1981,1,WVS_Wave_1
12211,United States of America,Female,83.0,66+,Christianity,Urban,1981,1,WVS_Wave_1
12212,United States of America,Male,18.0,18-25,Christianity,Rural,1981,1,WVS_Wave_1
12213,United States of America,Female,36.0,36-45,Christianity,Urban,1981,1,WVS_Wave_1
12214,United States of America,Female,21.0,18-25,Unaffiliated,Urban,1981,1,WVS_Wave_1
12215,United States of America,Female,20.0,18-25,Christianity,Urban,1981,1,WVS_Wave_1
12216,United States of America,Female,18.0,18-25,Christianity,Urban,1981,1,WVS_Wave_1
12217,United States of America,Female,64.0,56-65,Christianity,Urban,1981,1,WVS_Wave_1
12218,United States of America,Male,22.0,18-25,Christianity,Rural,1981,1,WVS_Wave_1
12219,United States of America,Male,76.0,66+,Christianity,Rural,1981,1,WVS_Wave_1
12220,United States of America,Female,23.0,18-25,Christianity,Rural,1981,1,WVS_Wave_1
12221,United States of America,Male,43.0,36-45,Christianity,Rural,1981,1,WVS_Wave_1
12222,United States of America,Female,61.0,56-65,Christianity,Urban,1981,1,WVS_Wave_1
12223,United States of America,Male,75.0,66+,Christianity,Urban,1981,1,WVS_Wave_1
12224,United States of America,Male,66.0,66+,Unaffiliated,Rural,1981,1,WVS_Wave_1
12225,United States of America,Female,70.0,66+,Christianity,Urban,1981,1,WVS_Wave_1
12226,United States of America,Male,69.0,66+,Christianity,Urban,1981,1,WVS_Wave_1
12227,United States of America,Male,49.0,46-55,Christianity,Rural,1981,1,WVS_Wave_1
12228,United States of America,Female,18.0,18-25,Christianity,Urban,1981,1,WVS_Wave_1
12229,United States of America,Male,76.0,66+,Christianity,Urban,1981,1,WVS_Wave_1
12230,United States of America,Male,32.0,26-35,Christianity,Rural,1981,1,WVS_Wave_1
12231,United States of America,Female,18.0,18-25,Christianity,Rural,1981,1,WVS_Wave_1
12232,United States of America,Female,,,Christianity,Urban,1981,1,WVS_Wave_1
12233,United States of America,Male,46.0,46-55,Christianity,Urban,1981,1,WVS_Wave_1
12234,United States of America,Female,68.0,66+,Christianity,Urban,1981,1,WVS_Wave_1
12235,United States of America,Male,42.0,36-45,Christianity,Rural,1981,1,WVS_Wave_1
12236,United States of America,Female,52.0,46-55,Christianity,Rural,1981,1,WVS_Wave_1
12237,United States of America,Male,20.0,18-25,Christianity,Urban,1981,1,WVS_Wave_1
12238,United States of America,Male,24.0,18-25,Christianity,Urban,1981,1,WVS_Wave_1
12239,United States of America,Male,63.0,56-65,Christianity,Rural,1981,1,WVS_Wave_1
12240,United States of America,Female,71.0,66+,Christianity,Rural,1981,1,WVS_Wave_1
12241,United States of America,Female,37.0,36-45,Christianity,Urban,1981,1,WVS_Wave_1
12242,United States of America,Male,33.0,26-35,Christianity,Urban,1981,1,WVS_Wave_1
12243,United States of America,Female,74.0,66+,Christianity,Urban,1981,1,WVS_Wave_1
12244,United States of America,Female,18.0,18-25,Christianity,Urban,1981,1,WVS_Wave_1
12245,United States of America,Female,43.0,36-45,Christianity,Urban,1981,1,WVS_Wave_1
12246,United States of America,Male,60.0,56-65,Christianity,Urban,1981,1,WVS_Wave_1
12247,United States of America,Male,31.0,26-35,Christianity,Urban,1981,1,WVS_Wave_1
12248,United States of America,Male,38.0,36-45,Christianity,Urban,1981,1,WVS_Wave_1
12249,United States of America,Female,62.0,56-65,Christianity,Urban,1981,1,WVS_Wave_1
12250,United States of America,Male,61.0,56-65,Christianity,Urban,1981,1,WVS_Wave_1
12251,United States of America,Female,42.0,36-45,Christianity,Rural,1981,1,WVS_Wave_1
12252,United States of America,Male,68.0,66+,Christianity,Rural,1981,1,WVS_Wave_1
12253,United States of America,Female,23.0,18-25,Christianity,Urban,1981,1,WVS_Wave_1
12254,United States of America,Female,61.0,56-65,Christianity,Rural,1981,1,WVS_Wave_1
12255,United States of America,Female,71.0,66+,Christianity,Urban,1981,1,WVS_Wave_1
12256,United States of America,Female,74.0,66+,Christianity,Urban,1981,1,WVS_Wave_1
12257,United States of America,Female,45.0,36-45,Christianity,Rural,1981,1,WVS_Wave_1
12258,United States of America,Female,34.0,26-35,Christianity,Urban,1981,1,WVS_Wave_1
12259,United States of America,Female,63.0,56-65,Christianity,Urban,1981,1,WVS_Wave_1
12260,United States of America,Female,20.0,18-25,Christianity,Rural,1981,1,WVS_Wave_1
12261,United States of America,Male,29.0,26-35,Christianity,Urban,1981,1,WVS_Wave_1
12262,United States of America,Male,62.0,56-65,Christianity,Urban,1981,1,WVS_Wave_1
12263,United States of America,Male,20.0,18-25,Christianity,Urban,1981,1,WVS_Wave_1
12264,United States of America,Male,81.0,66+,Christianity,Rural,1981,1,WVS_Wave_1
12265,United States of America,Male,48.0,46-55,Christianity,Rural,1981,1,WVS_Wave_1
12266,United States of America,Female,34.0,26-35,Christianity,Urban,1981,1,WVS_Wave_1
12267,United States of America,Female,30.0,26-35,Christianity,Urban,1981,1,WVS_Wave_1
12268,United States of America,Female,42.0,36-45,Christianity,Urban,1981,1,WVS_Wave_1
12269,United States of America,Female,69.0,66+,Christianity,Urban,1981,1,WVS_Wave_1
12270,United States of America,Female,27.0,26-35,Christianity,Urban,1981,1,WVS_Wave_1
12271,United States of America,Female,29.0,26-35,Unaffiliated,Urban,1981,1,WVS_Wave_1
12272,United States of America,Female,22.0,18-25,Christianity,Urban,1981,1,WVS_Wave_1
12273,United States of America,Male,26.0,26-35,Christianity,Urban,1981,1,WVS_Wave_1
12274,United States of America,Female,46.0,46-55,Christianity,Urban,1981,1,WVS_Wave_1
12275,United States of America,Female,53.0,46-55,Christianity,Urban,1981,1,WVS_Wave_1
12276,United States of America,Female,27.0,26-35,Christianity,Urban,1981,1,WVS_Wave_1
12277,United States of America,Male,73.0,66+,Christianity,Urban,1981,1,WVS_Wave_1
12278,United States of America,Female,60.0,56-65,Christianity,Urban,1981,1,WVS_Wave_1
12279,United States of America,Female,55.0,46-55,Christianity,Urban,1981,1,WVS_Wave_1
12280,United States of America,Male,22.0,18-25,Christianity,Urban,1981,1,WVS_Wave_1
12281,United States of America,Male,57.0,56-65,Christianity,Urban,1981,1,WVS_Wave_1
12282,United States of America,Female,32.0,26-35,Christianity,Urban,1981,1,WVS_Wave_1
12283,United States of America,Male,46.0,46-55,Christianity,Urban,1981,1,WVS_Wave_1
12284,United States of America,Female,54.0,46-55,Christianity,Urban,1981,1,WVS_Wave_1
12285,United States of America,Female,35.0,26-35,Christianity,Urban,1981,1,WVS_Wave_1
12286,United States of America,Male,36.0,36-45,Christianity,Urban,1981,1,WVS_Wave_1
12287,United States of America,Female,45.0,36-45,Unaffiliated,Rural,1981,1,WVS_Wave_1
12288,United States of America,Female,71.0,66+,Christianity,Urban,1981,1,WVS_Wave_1
12289,United States of America,Female,78.0,66+,Christianity,Urban,1981,1,WVS_Wave_1
12290,United States of America,Male,67.0,66+,Christianity,Urban,1981,1,WVS_Wave_1
12291,United States of America,Female,29.0,26-35,Christianity,Rural,1981,1,WVS_Wave_1
12292,United States of America,Male,24.0,18-25,Christianity,Rural,1981,1,WVS_Wave_1
12293,United States of America,Female,30.0,26-35,Christianity,Urban,1981,1,WVS_Wave_1
12294,United States of America,Male,21.0,18-25,Christianity,Urban,1981,1,WVS_Wave_1
12295,United States of America,Female,18.0,18-25,Christianity,Urban,1981,1,WVS_Wave_1
12296,United States of America,Female,64.0,56-65,Christianity,Urban,1981,1,WVS_Wave_1
12297,United States of America,Female,35.0,26-35,Christianity,Urban,1981,1,WVS_Wave_1
12298,United States of America,Female,31.0,26-35,Christianity,Urban,1981,1,WVS_Wave_1
12299,United States of America,Female,57.0,56-65,Christianity,Rural,1981,1,WVS_Wave_1
12300,United States of America,Male,51.0,46-55,Christianity,Rural,1981,1,WVS_Wave_1
12301,United States of America,Female,70.0,66+,Christianity,Rural,1981,1,WVS_Wave_1
12302,United States of America,Female,48.0,46-55,Christianity,Rural,1981,1,WVS_Wave_1
12303,United States of America,Female,60.0,56-65,Christianity,Urban,1981,1,WVS_Wave_1
12304,United States of America,Female,22.0,18-25,Christianity,Urban,1981,1,WVS_Wave_1
12305,United States of America,Male,22.0,18-25,Christianity,Urban,1981,1,WVS_Wave_1
12306,United States of America,Female,48.0,46-55,Christianity,,1981,1,WVS_Wave_1
12307,United States of America,Male,74.0,66+,Christianity,Rural,1981,1,WVS_Wave_1
12308,United States of America,Male,42.0,36-45,Christianity,Urban,1981,1,WVS_Wave_1
12309,United States of America,Female,52.0,46-55,Christianity,Urban,1981,1,WVS_Wave_1
12310,United States of America,Female,62.0,56-65,Christianity,Urban,1981,1,WVS_Wave_1
12311,United States of America,Female,36.0,36-45,Other,Urban,1981,1,WVS_Wave_1
12312,United States of America,Female,88.0,66+,Christianity,Rural,1981,1,WVS_Wave_1
12313,United States of America,Female,21.0,18-25,Unaffiliated,Urban,1981,1,WVS_Wave_1
12314,United States of America,Male,49.0,46-55,Christianity,Rural,1981,1,WVS_Wave_1
12315,United States of America,Male,51.0,46-55,Unaffiliated,Urban,1981,1,WVS_Wave_1
12316,United States of America,Female,33.0,26-35,Christianity,Urban,1981,1,WVS_Wave_1
12317,United States of America,Male,38.0,36-45,Other,Rural,1981,1,WVS_Wave_1
12318,United States of America,Male,62.0,56-65,Christianity,Urban,1981,1,WVS_Wave_1
12319,United States of America,Female,30.0,26-35,Christianity,Urban,1981,1,WVS_Wave_1
12320,United States of America,Male,56.0,56-65,Christianity,Urban,1981,1,WVS_Wave_1
12321,United States of America,Male,42.0,36-45,Christianity,Urban,1981,1,WVS_Wave_1
12322,United States of America,Male,32.0,26-35,Unaffiliated,Urban,1981,1,WVS_Wave_1
12323,United States of America,Male,63.0,56-65,Christianity,Urban,1981,1,WVS_Wave_1
12324,United States of America,Female,51.0,46-55,Christianity,Rural,1981,1,WVS_Wave_1
12325,United States of America,Female,25.0,18-25,Christianity,Urban,1981,1,WVS_Wave_1
12326,United States of America,Female,72.0,66+,Christianity,Urban,1981,1,WVS_Wave_1
12327,United States of America,Female,66.0,66+,Christianity,Urban,1981,1,WVS_Wave_1
12328,United States of America,Male,38.0,36-45,Christianity,Rural,1981,1,WVS_Wave_1
12329,United States of America,Female,62.0,56-65,Christianity,Urban,1981,1,WVS_Wave_1
12330,United States of America,Female,37.0,36-45,Christianity,Rural,1981,1,WVS_Wave_1
12331,United States of America,Female,24.0,18-25,Christianity,Urban,1981,1,WVS_Wave_1
12332,United States of America,Male,76.0,66+,Christianity,Rural,1981,1,WVS_Wave_1
12333,United States of America,Female,22.0,18-25,Christianity,Urban,1981,1,WVS_Wave_1
12334,United States of America,Female,31.0,26-35,Unaffiliated,Urban,1981,1,WVS_Wave_1
12335,United States of America,Female,18.0,18-25,Christianity,Urban,1981,1,WVS_Wave_1
12336,United States of America,Male,76.0,66+,Christianity,Urban,1981,1,WVS_Wave_1
12337,United States of America,Female,30.0,26-35,Christianity,Urban,1981,1,WVS_Wave_1
12338,United States of America,Male,38.0,36-45,Christianity,Rural,1981,1,WVS_Wave_1
12339,United States of America,Female,53.0,46-55,Christianity,Urban,1981,1,WVS_Wave_1
12340,United States of America,Female,30.0,26-35,Christianity,Urban,1981,1,WVS_Wave_1
12341,United States of America,Female,55.0,46-55,Christianity,Urban,1981,1,WVS_Wave_1
12342,United States of America,Male,33.0,26-35,Christianity,Urban,1981,1,WVS_Wave_1
12343,United States of America,Male,38.0,36-45,Christianity,Rural,1981,1,WVS_Wave_1
12344,United States of America,Female,63.0,56-65,Christianity,Urban,1981,1,WVS_Wave_1
12345,United States of America,Female,77.0,66+,Christianity,Rural,1981,1,WVS_Wave_1
12346,United States of America,Female,58.0,56-65,Christianity,Rural,1981,1,WVS_Wave_1
12347,United States of America,Male,22.0,18-25,Christianity,Urban,1981,1,WVS_Wave_1
12348,United States of America,Male,19.0,18-25,Unaffiliated,Urban,1981,1,WVS_Wave_1
12349,United States of America,Female,34.0,26-35,Unaffiliated,Urban,1981,1,WVS_Wave_1
12350,United States of America,Male,41.0,36-45,Christianity,Urban,1981,1,WVS_Wave_1
12351,United States of America,Male,18.0,18-25,Christianity,Urban,1981,1,WVS_Wave_1
12352,United States of America,Female,62.0,56-65,Christianity,Urban,1981,1,WVS_Wave_1
12353,United States of America,Male,31.0,26-35,Unaffiliated,Urban,1981,1,WVS_Wave_1
12354,United States of America,Male,24.0,18-25,Christianity,Urban,1981,1,WVS_Wave_1
12355,United States of America,Female,28.0,26-35,Christianity,Rural,1981,1,WVS_Wave_1
12356,United States of America,Female,21.0,18-25,Christianity,Urban,1981,1,WVS_Wave_1
12357,United States of America,Male,71.0,66+,Other,Urban,1981,1,WVS_Wave_1
12358,United States of America,Female,28.0,26-35,Christianity,Urban,1981,1,WVS_Wave_1
12359,United States of America,Female,28.0,26-35,Unaffiliated,Urban,1981,1,WVS_Wave_1
12360,United States of America,Male,71.0,66+,Christianity,Urban,1981,1,WVS_Wave_1
12361,United States of America,Female,36.0,36-45,Unaffiliated,Urban,1981,1,WVS_Wave_1
12362,United States of America,Male,22.0,18-25,Christianity,Urban,1981,1,WVS_Wave_1
12363,United States of America,Male,56.0,56-65,Christianity,Urban,1981,1,WVS_Wave_1
12364,United States of America,Female,19.0,18-25,Christianity,Urban,1981,1,WVS_Wave_1
12365,United States of America,Male,23.0,18-25,Christianity,Urban,1981,1,WVS_Wave_1
12366,United States of America,Female,32.0,26-35,Unaffiliated,Urban,1981,1,WVS_Wave_1
12367,United States of America,Male,20.0,18-25,Other,Urban,1981,1,WVS_Wave_1
12368,United States of America,Male,44.0,36-45,Christianity,Urban,1981,1,WVS_Wave_1
12369,United States of America,Female,66.0,66+,Christianity,Urban,1981,1,WVS_Wave_1
12370,United States of America,Male,37.0,36-45,Christianity,Urban,1981,1,WVS_Wave_1
12371,United States of America,Male,75.0,66+,Christianity,Urban,1981,1,WVS_Wave_1
12372,United States of America,Male,28.0,26-35,Other,Urban,1981,1,WVS_Wave_1
12373,United States of America,Female,38.0,36-45,Christianity,Urban,1981,1,WVS_Wave_1
12374,United States of America,Male,22.0,18-25,Unaffiliated,Urban,1981,1,WVS_Wave_1
12375,United States of America,Female,23.0,18-25,Unaffiliated,Urban,1981,1,WVS_Wave_1
12376,United States of America,Female,81.0,66+,Christianity,Rural,1981,1,WVS_Wave_1
12377,United States of America,Female,32.0,26-35,Other,Urban,1981,1,WVS_Wave_1
12378,United States of America,Female,24.0,18-25,Other,Urban,1981,1,WVS_Wave_1
12379,United States of America,Male,35.0,26-35,Christianity,Urban,1981,1,WVS_Wave_1
12380,United States of America,Female,18.0,18-25,Christianity,Urban,1981,1,WVS_Wave_1
12381,United States of America,Male,68.0,66+,Christianity,Rural,1981,1,WVS_Wave_1
12382,United States of America,Female,48.0,46-55,Christianity,Urban,1981,1,WVS_Wave_1
12383,United States of America,Male,76.0,66+,Unaffiliated,Rural,1981,1,WVS_Wave_1
12384,United States of America,Male,29.0,26-35,Christianity,Urban,1981,1,WVS_Wave_1
12385,United States of America,Male,65.0,56-65,Christianity,Urban,1981,1,WVS_Wave_1
12386,United States of America,Male,33.0,26-35,Christianity,Urban,1981,1,WVS_Wave_1
12387,United States of America,Male,23.0,18-25,Christianity,Urban,1981,1,WVS_Wave_1
12388,United States of America,Male,19.0,18-25,Christianity,Urban,1981,1,WVS_Wave_1
12389,United States of America,Female,49.0,46-55,Christianity,Rural,1981,1,WVS_Wave_1
12390,United States of America,Female,65.0,56-65,Christianity,Urban,1981,1,WVS_Wave_1
12391,United States of America,Female,53.0,46-55,Christianity,Urban,1981,1,WVS_Wave_1
12392,United States of America,Female,32.0,26-35,Christianity,Urban,1981,1,WVS_Wave_1
12393,United States of America,Male,24.0,18-25,Christianity,Urban,1981,1,WVS_Wave_1
12394,United States of America,Female,30.0,26-35,Christianity,Rural,1981,1,WVS_Wave_1
12395,United States of America,Male,18.0,18-25,Christianity,Urban,1981,1,WVS_Wave_1
12396,United States of America,Male,22.0,18-25,Buddhism,Urban,1981,1,WVS_Wave_1
12397,United States of America,Male,21.0,18-25,Christianity,Urban,1981,1,WVS_Wave_1
12398,United States of America,Male,52.0,46-55,Christianity,Urban,1981,1,WVS_Wave_1
12399,United States of America,Male,18.0,18-25,Christianity,Urban,1981,1,WVS_Wave_1
12400,United States of America,Female,61.0,56-65,Christianity,Urban,1981,1,WVS_Wave_1
12401,United States of America,Male,36.0,36-45,Unaffiliated,Rural,1981,1,WVS_Wave_1
12402,United States of America,Male,23.0,18-25,Christianity,Urban,1981,1,WVS_Wave_1
12403,United States of America,Female,23.0,18-25,Christianity,Urban,1981,1,WVS_Wave_1
12404,United States of America,Male,21.0,18-25,Christianity,Urban,1981,1,WVS_Wave_1
12405,United States of America,Male,22.0,18-25,Christianity,Urban,1981,1,WVS_Wave_1
12406,United States of America,Female,21.0,18-25,Christianity,Urban,1981,1,WVS_Wave_1
12407,United States of America,Female,19.0,18-25,Christianity,Rural,1981,1,WVS_Wave_1
12408,United States of America,Female,36.0,36-45,Christianity,Rural,1981,1,WVS_Wave_1
12409,United States of America,Female,60.0,56-65,Christianity,Urban,1981,1,WVS_Wave_1
12410,United States of America,Male,24.0,18-25,Other,Urban,1981,1,WVS_Wave_1
12411,United States of America,Female,62.0,56-65,Christianity,Urban,1981,1,WVS_Wave_1
12412,United States of America,Female,63.0,56-65,Christianity,Rural,1981,1,WVS_Wave_1
12413,United States of America,Male,22.0,18-25,Christianity,Urban,1981,1,WVS_Wave_1
12414,United States of America,Female,29.0,26-35,Unaffiliated,Urban,1981,1,WVS_Wave_1
12415,United States of America,Male,31.0,26-35,Christianity,Urban,1981,1,WVS_Wave_1
12416,United States of America,Male,60.0,56-65,Christianity,Urban,1981,1,WVS_Wave_1
12417,United States of America,Female,28.0,26-35,Unaffiliated,Urban,1981,1,WVS_Wave_1
12418,United States of America,Male,47.0,46-55,Unaffiliated,Urban,1981,1,WVS_Wave_1
12419,United States of America,Male,35.0,26-35,Other,Rural,1981,1,WVS_Wave_1
12420,United States of America,Male,57.0,56-65,Christianity,Urban,1981,1,WVS_Wave_1
12421,United States of America,Male,54.0,46-55,Christianity,Urban,1981,1,WVS_Wave_1
12422,United States of America,Female,19.0,18-25,Christianity,Urban,1981,1,WVS_Wave_1
12423,United States of America,Male,27.0,26-35,Christianity,Urban,1981,1,WVS_Wave_1
12424,United States of America,Female,23.0,18-25,Christianity,Urban,1981,1,WVS_Wave_1
12425,United States of America,Male,50.0,46-55,Other,Rural,1981,1,WVS_Wave_1
12426,United States of America,Female,50.0,46-55,Christianity,Urban,1981,1,WVS_Wave_1
12427,United States of America,Female,19.0,18-25,Christianity,Urban,1981,1,WVS_Wave_1
12428,United States of America,Male,22.0,18-25,Christianity,Urban,1981,1,WVS_Wave_1
12429,United States of America,Male,32.0,26-35,Christianity,Urban,1981,1,WVS_Wave_1
12430,United States of America,Male,34.0,26-35,Other,Urban,1981,1,WVS_Wave_1
12431,United States of America,Female,58.0,56-65,Christianity,Urban,1981,1,WVS_Wave_1
12432,United States of America,Male,66.0,66+,Judaism,Rural,1981,1,WVS_Wave_1
12433,United States of America,Female,39.0,36-45,Other,Urban,1981,1,WVS_Wave_1
12434,United States of America,Male,76.0,66+,Christianity,Rural,1981,1,WVS_Wave_1
12435,United States of America,Female,25.0,18-25,Christianity,Urban,1981,1,WVS_Wave_1
12436,United States of America,Female,18.0,18-25,Christianity,Rural,1981,1,WVS_Wave_1
12437,United States of America,Female,62.0,56-65,Christianity,Rural,1981,1,WVS_Wave_1
12438,United States of America,Male,73.0,66+,Christianity,Urban,1981,1,WVS_Wave_1
12439,United States of America,Female,53.0,46-55,Christianity,Urban,1981,1,WVS_Wave_1
12440,United States of America,Male,35.0,26-35,Christianity,Urban,1981,1,WVS_Wave_1
12441,United States of America,Male,60.0,56-65,Christianity,Rural,1981,1,WVS_Wave_1
12442,United States of America,Male,39.0,36-45,Christianity,Urban,1981,1,WVS_Wave_1
12443,United States of America,Male,19.0,18-25,Unaffiliated,Urban,1981,1,WVS_Wave_1
12444,United States of America,Female,71.0,66+,Christianity,Urban,1981,1,WVS_Wave_1
12445,United States of America,Female,32.0,26-35,Christianity,Urban,1981,1,WVS_Wave_1
12446,United States of America,Male,20.0,18-25,Christianity,Urban,1981,1,WVS_Wave_1
12447,United States of America,Female,67.0,66+,Christianity,Rural,1981,1,WVS_Wave_1
12448,United States of America,Male,26.0,26-35,Christianity,Urban,1981,1,WVS_Wave_1
12449,United States of America,Female,65.0,56-65,Christianity,Urban,1981,1,WVS_Wave_1
12450,United States of America,Male,23.0,18-25,Christianity,Urban,1981,1,WVS_Wave_1
12451,United States of America,Female,31.0,26-35,Christianity,Rural,1981,1,WVS_Wave_1
12452,United States of America,Female,50.0,46-55,Christianity,Urban,1981,1,WVS_Wave_1
12453,United States of America,Female,23.0,18-25,Christianity,Urban,1981,1,WVS_Wave_1
12454,United States of America,Female,76.0,66+,Christianity,Urban,1981,1,WVS_Wave_1
12455,United States of America,Male,66.0,66+,Christianity,Urban,1981,1,WVS_Wave_1
12456,United States of America,Male,41.0,36-45,Christianity,Urban,1981,1,WVS_Wave_1
12457,United States of America,Female,68.0,66+,Christianity,Urban,1981,1,WVS_Wave_1
12458,United States of America,Female,72.0,66+,Christianity,Urban,1981,1,WVS_Wave_1
12459,United States of America,Female,28.0,26-35,Christianity,Rural,1981,1,WVS_Wave_1
12460,United States of America,Female,18.0,18-25,Christianity,Urban,1981,1,WVS_Wave_1
12461,United States of America,Male,37.0,36-45,Christianity,Urban,1981,1,WVS_Wave_1
12462,United States of America,Female,23.0,18-25,Christianity,Rural,1981,1,WVS_Wave_1
12463,United States of America,Male,53.0,46-55,Christianity,Urban,1981,1,WVS_Wave_1
12464,United States of America,Female,19.0,18-25,Christianity,Urban,1981,1,WVS_Wave_1
12465,United States of America,Female,34.0,26-35,Christianity,Urban,1981,1,WVS_Wave_1
12466,United States of America,Female,36.0,36-45,Christianity,Urban,1981,1,WVS_Wave_1
12467,United States of America,Female,67.0,66+,Christianity,Rural,1981,1,WVS_Wave_1
12468,United States of America,Male,18.0,18-25,Unaffiliated,Urban,1981,1,WVS_Wave_1
12469,United States of America,Female,34.0,26-35,Christianity,Urban,1981,1,WVS_Wave_1
12470,United States of America,Male,51.0,46-55,Christianity,Rural,1981,1,WVS_Wave_1
12471,United States of America,Female,30.0,26-35,Christianity,Urban,1981,1,WVS_Wave_1
12472,United States of America,Female,55.0,46-55,Christianity,Rural,1981,1,WVS_Wave_1
12473,United States of America,Female,32.0,26-35,Christianity,Rural,1981,1,WVS_Wave_1
12474,United States of America,Female,60.0,56-65,Christianity,Urban,1981,1,WVS_Wave_1
12475,United States of America,Male,66.0,66+,Christianity,Rural,1981,1,WVS_Wave_1
12476,United States of America,Female,72.0,66+,Christianity,Urban,1981,1,WVS_Wave_1
12477,United States of America,Female,24.0,18-25,Christianity,Urban,1981,1,WVS_Wave_1
12478,United States of America,Female,49.0,46-55,Christianity,Urban,1981,1,WVS_Wave_1
12479,United States of America,Female,29.0,26-35,Christianity,Urban,1981,1,WVS_Wave_1
12480,United States of America,Female,58.0,56-65,Christianity,Urban,1981,1,WVS_Wave_1
12481,United States of America,Female,34.0,26-35,Christianity,Urban,1981,1,WVS_Wave_1
12482,United States of America,Male,49.0,46-55,Unaffiliated,Urban,1981,1,WVS_Wave_1
12483,United States of America,Female,38.0,36-45,Christianity,Rural,1981,1,WVS_Wave_1
12484,United States of America,Female,66.0,66+,Christianity,Rural,1981,1,WVS_Wave_1
12485,United States of America,Female,24.0,18-25,Christianity,Rural,1981,1,WVS_Wave_1
12486,United States of America,Male,30.0,26-35,Unaffiliated,Urban,1981,1,WVS_Wave_1
12487,United States of America,Female,26.0,26-35,Christianity,Rural,1981,1,WVS_Wave_1
12488,United States of America,Male,20.0,18-25,Christianity,Urban,1981,1,WVS_Wave_1
12489,United States of America,Male,28.0,26-35,Christianity,Urban,1981,1,WVS_Wave_1
12490,United States of America,Female,38.0,36-45,Christianity,Rural,1981,1,WVS_Wave_1
12491,United States of America,Male,20.0,18-25,Unaffiliated,Urban,1981,1,WVS_Wave_1
12492,United States of America,Female,34.0,26-35,Christianity,Urban,1981,1,WVS_Wave_1
12493,United States of America,Male,33.0,26-35,Christianity,Urban,1981,1,WVS_Wave_1
12494,United States of America,Male,74.0,66+,Christianity,Urban,1981,1,WVS_Wave_1
12495,United States of America,Female,23.0,18-25,Christianity,Rural,1981,1,WVS_Wave_1
12496,United States of America,Female,30.0,26-35,Christianity,Urban,1981,1,WVS_Wave_1
12497,United States of America,Male,45.0,36-45,Christianity,Urban,1981,1,WVS_Wave_1
12498,United States of America,Female,23.0,18-25,Christianity,Rural,1981,1,WVS_Wave_1
12499,United States of America,Female,32.0,26-35,Christianity,Rural,1981,1,WVS_Wave_1
12500,United States of America,Male,36.0,36-45,Christianity,Urban,1981,1,WVS_Wave_1
12501,United States of America,Female,50.0,46-55,Christianity,Urban,1981,1,WVS_Wave_1
12502,United States of America,Male,20.0,18-25,Christianity,Rural,1981,1,WVS_Wave_1
12503,United States of America,Male,47.0,46-55,Christianity,Rural,1981,1,WVS_Wave_1
12504,United States of America,Female,59.0,56-65,Christianity,Urban,1981,1,WVS_Wave_1
12505,United States of America,Female,23.0,18-25,Christianity,Urban,1981,1,WVS_Wave_1
12506,United States of America,Female,23.0,18-25,Christianity,Urban,1981,1,WVS_Wave_1
12507,United States of America,Female,18.0,18-25,Unaffiliated,Urban,1981,1,WVS_Wave_1
12508,United States of America,Male,24.0,18-25,Unaffiliated,Urban,1981,1,WVS_Wave_1
12509,United States of America,Female,26.0,26-35,Christianity,Urban,1981,1,WVS_Wave_1
12510,United States of America,Male,60.0,56-65,Christianity,Urban,1981,1,WVS_Wave_1
12511,United States of America,Female,30.0,26-35,Christianity,Urban,1981,1,WVS_Wave_1
12512,United States of America,Male,27.0,26-35,Unaffiliated,Urban,1981,1,WVS_Wave_1
12513,United States of America,Female,61.0,56-65,Christianity,Rural,1981,1,WVS_Wave_1
12514,United States of America,Female,36.0,36-45,Christianity,Urban,1981,1,WVS_Wave_1
12515,United States of America,Male,34.0,26-35,Christianity,Urban,1981,1,WVS_Wave_1
12516,United States of America,Male,18.0,18-25,Christianity,Rural,1981,1,WVS_Wave_1
12517,United States of America,Female,41.0,36-45,Christianity,Urban,1981,1,WVS_Wave_1
12518,United States of America,Female,74.0,66+,Christianity,Urban,1981,1,WVS_Wave_1
12519,United States of America,Male,34.0,26-35,Christianity,Rural,1981,1,WVS_Wave_1
12520,United States of America,Male,82.0,66+,Christianity,,1981,1,WVS_Wave_1
12521,United States of America,Male,38.0,36-45,Christianity,Rural,1981,1,WVS_Wave_1
12522,United States of America,Male,25.0,18-25,Christianity,Urban,1981,1,WVS_Wave_1
12523,United States of America,Female,37.0,36-45,Christianity,Urban,1981,1,WVS_Wave_1
12524,United States of America,Female,49.0,46-55,Christianity,Urban,1981,1,WVS_Wave_1
12525,United States of America,Female,20.0,18-25,Christianity,,1981,1,WVS_Wave_1
12526,United States of America,Male,25.0,18-25,Christianity,Urban,1981,1,WVS_Wave_1
12527,United States of America,Female,77.0,66+,Christianity,Urban,1981,1,WVS_Wave_1
12528,United States of America,Female,68.0,66+,Christianity,Urban,1981,1,WVS_Wave_1
12529,United States of America,Female,30.0,26-35,Christianity,Rural,1981,1,WVS_Wave_1
12530,United States of America,Male,45.0,36-45,Christianity,Urban,1981,1,WVS_Wave_1
12531,United States of America,Female,29.0,26-35,Christianity,Urban,1981,1,WVS_Wave_1
12532,United States of America,Female,28.0,26-35,Christianity,Urban,1981,1,WVS_Wave_1
12533,United States of America,Female,24.0,18-25,Christianity,Urban,1981,1,WVS_Wave_1
12534,United States of America,Male,18.0,18-25,Christianity,Urban,1981,1,WVS_Wave_1
12535,United States of America,Male,39.0,36-45,Christianity,Urban,1981,1,WVS_Wave_1
12536,United States of America,Male,38.0,36-45,Christianity,Urban,1981,1,WVS_Wave_1
12537,United States of America,Female,69.0,66+,Christianity,Urban,1981,1,WVS_Wave_1
12538,United States of America,Male,66.0,66+,Christianity,Urban,1981,1,WVS_Wave_1
12539,United States of America,Female,69.0,66+,Christianity,,1981,1,WVS_Wave_1
12540,United States of America,Male,51.0,46-55,Christianity,Urban,1981,1,WVS_Wave_1
12541,United States of America,Male,65.0,56-65,Christianity,Urban,1981,1,WVS_Wave_1
12542,United States of America,Male,39.0,36-45,Christianity,Urban,1981,1,WVS_Wave_1
12543,United States of America,Female,29.0,26-35,Christianity,Urban,1981,1,WVS_Wave_1
12544,United States of America,Female,18.0,18-25,Christianity,Urban,1981,1,WVS_Wave_1
12545,United States of America,Male,18.0,18-25,Christianity,Urban,1981,1,WVS_Wave_1
12546,United States of America,Female,68.0,66+,Christianity,Urban,1981,1,WVS_Wave_1
12547,United States of America,Female,76.0,66+,Christianity,Rural,1981,1,WVS_Wave_1
12548,United States of America,Male,26.0,26-35,Christianity,Urban,1981,1,WVS_Wave_1
12549,United States of America,Male,71.0,66+,Christianity,Urban,1981,1,WVS_Wave_1
12550,United States of America,Female,85.0,66+,Christianity,Rural,1981,1,WVS_Wave_1
12551,United States of America,Female,76.0,66+,Christianity,Rural,1981,1,WVS_Wave_1
12552,United States of America,Male,24.0,18-25,Christianity,Rural,1981,1,WVS_Wave_1
12553,United States of America,Male,68.0,66+,Christianity,Rural,1981,1,WVS_Wave_1
12554,United States of America,Female,60.0,56-65,Christianity,Rural,1981,1,WVS_Wave_1
12555,United States of America,Female,32.0,26-35,Christianity,Rural,1981,1,WVS_Wave_1
12556,United States of America,Female,25.0,18-25,Christianity,Urban,1981,1,WVS_Wave_1
12557,United States of America,Female,78.0,66+,Christianity,Urban,1981,1,WVS_Wave_1
12558,United States of America,Male,65.0,56-65,Christianity,Urban,1981,1,WVS_Wave_1
12559,United States of America,Female,93.0,66+,Other,Urban,1981,1,WVS_Wave_1
12560,United States of America,Male,70.0,66+,Christianity,Rural,1981,1,WVS_Wave_1
12561,United States of America,Female,29.0,26-35,Christianity,Urban,1981,1,WVS_Wave_1
12562,United States of America,Female,74.0,66+,Christianity,Urban,1981,1,WVS_Wave_1
12563,United States of America,Female,26.0,26-35,Other,Urban,1981,1,WVS_Wave_1
12564,United States of America,Female,32.0,26-35,Christianity,Rural,1981,1,WVS_Wave_1
12565,United States of America,Female,48.0,46-55,Unaffiliated,Urban,1981,1,WVS_Wave_1
12566,United States of America,Female,20.0,18-25,Christianity,Rural,1981,1,WVS_Wave_1
12567,United States of America,Male,60.0,56-65,Christianity,Rural,1981,1,WVS_Wave_1
12568,United States of America,Male,65.0,56-65,Christianity,Urban,1981,1,WVS_Wave_1
12569,United States of America,Male,26.0,26-35,Christianity,Urban,1981,1,WVS_Wave_1
12570,United States of America,Male,72.0,66+,Christianity,Urban,1981,1,WVS_Wave_1
12571,United States of America,Female,31.0,26-35,Christianity,Urban,1981,1,WVS_Wave_1
12572,United States of America,Male,33.0,26-35,Christianity,Urban,1981,1,WVS_Wave_1
12573,United States of America,Female,46.0,46-55,Christianity,Rural,1981,1,WVS_Wave_1
12574,United States of America,Female,31.0,26-35,Christianity,Urban,1981,1,WVS_Wave_1
12575,United States of America,Male,35.0,26-35,Christianity,Urban,1981,1,WVS_Wave_1
12576,United States of America,Male,24.0,18-25,Christianity,Urban,1981,1,WVS_Wave_1
12577,United States of America,Male,36.0,36-45,Christianity,Rural,1981,1,WVS_Wave_1
12578,United States of America,Female,63.0,56-65,Christianity,Urban,1981,1,WVS_Wave_1
12579,United States of America,Female,34.0,26-35,Christianity,Rural,1981,1,WVS_Wave_1
12580,United States of America,Female,20.0,18-25,Christianity,Urban,1981,1,WVS_Wave_1
12581,United States of America,Male,64.0,56-65,Christianity,Rural,1981,1,WVS_Wave_1
12582,United States of America,Male,58.0,56-65,Christianity,Urban,1981,1,WVS_Wave_1
12583,United States of America,Female,32.0,26-35,Christianity,Urban,1981,1,WVS_Wave_1
12584,United States of America,Female,25.0,18-25,Christianity,Urban,1981,1,WVS_Wave_1
12585,United States of America,Male,63.0,56-65,Christianity,Urban,1981,1,WVS_Wave_1
12586,United States of America,Female,28.0,26-35,Christianity,Urban,1981,1,WVS_Wave_1
12587,United States of America,Male,24.0,18-25,Christianity,Urban,1981,1,WVS_Wave_1
12588,United States of America,Female,29.0,26-35,Christianity,Urban,1981,1,WVS_Wave_1
12589,United States of America,Male,35.0,26-35,Christianity,Urban,1981,1,WVS_Wave_1
12590,United States of America,Female,21.0,18-25,Christianity,Urban,1981,1,WVS_Wave_1
12591,United States of America,Male,19.0,18-25,Christianity,Rural,1981,1,WVS_Wave_1
12592,United States of America,Female,78.0,66+,Christianity,Rural,1981,1,WVS_Wave_1
12593,United States of America,Male,69.0,66+,Christianity,Rural,1981,1,WVS_Wave_1
12594,United States of America,Male,42.0,36-45,Christianity,Rural,1981,1,WVS_Wave_1
12595,United States of America,Male,38.0,36-45,Christianity,Rural,1981,1,WVS_Wave_1
12596,United States of America,Male,71.0,66+,Christianity,Urban,1981,1,WVS_Wave_1
12597,United States of America,Female,50.0,46-55,Christianity,Urban,1981,1,WVS_Wave_1
12598,United States of America,Male,71.0,66+,Christianity,Urban,1981,1,WVS_Wave_1
12599,United States of America,Male,27.0,26-35,Unaffiliated,Urban,1981,1,WVS_Wave_1
12600,United States of America,Male,20.0,18-25,Other,Urban,1981,1,WVS_Wave_1
12601,United States of America,Male,23.0,18-25,Christianity,Urban,1981,1,WVS_Wave_1
12602,United States of America,Male,29.0,26-35,Christianity,Rural,1981,1,WVS_Wave_1
12603,United States of America,Female,22.0,18-25,Christianity,Urban,1981,1,WVS_Wave_1
12604,United States of America,Male,31.0,26-35,Other,Urban,1981,1,WVS_Wave_1
12605,United States of America,Female,27.0,26-35,Christianity,Urban,1981,1,WVS_Wave_1
12606,United States of America,Female,21.0,18-25,Christianity,Urban,1981,1,WVS_Wave_1
12607,United States of America,Male,66.0,66+,Christianity,Urban,1981,1,WVS_Wave_1
12608,United States of America,Female,34.0,26-35,Christianity,Urban,1981,1,WVS_Wave_1
12609,United States of America,Male,56.0,56-65,Christianity,Urban,1981,1,WVS_Wave_1
12610,United States of America,Male,28.0,26-35,Christianity,Urban,1981,1,WVS_Wave_1
12611,United States of America,Female,20.0,18-25,Christianity,Urban,1981,1,WVS_Wave_1
12612,United States of America,Female,38.0,36-45,Unaffiliated,Urban,1981,1,WVS_Wave_1
12613,United States of America,Female,72.0,66+,Christianity,Urban,1981,1,WVS_Wave_1
12614,United States of America,Female,28.0,26-35,Christianity,Urban,1981,1,WVS_Wave_1
12615,United States of America,Female,48.0,46-55,Christianity,Urban,1981,1,WVS_Wave_1
12616,United States of America,Female,81.0,66+,Christianity,Urban,1981,1,WVS_Wave_1
12617,United States of America,Male,26.0,26-35,Christianity,Urban,1981,1,WVS_Wave_1
12618,United States of America,Female,56.0,56-65,Unaffiliated,Urban,1981,1,WVS_Wave_1
12619,United States of America,Male,54.0,46-55,Christianity,Urban,1981,1,WVS_Wave_1
12620,United States of America,Female,34.0,26-35,Christianity,Urban,1981,1,WVS_Wave_1
12621,United States of America,Female,22.0,18-25,Unaffiliated,Rural,1981,1,WVS_Wave_1
12622,United States of America,Female,36.0,36-45,Unaffiliated,Urban,1981,1,WVS_Wave_1
12623,United States of America,Male,93.0,66+,Christianity,Urban,1981,1,WVS_Wave_1
12624,United States of America,Female,37.0,36-45,Christianity,Rural,1981,1,WVS_Wave_1
12625,United States of America,Male,24.0,18-25,Christianity,Urban,1981,1,WVS_Wave_1
12626,United States of America,Female,78.0,66+,Christianity,Urban,1981,1,WVS_Wave_1
12627,United States of America,Female,36.0,36-45,Christianity,Rural,1981,1,WVS_Wave_1
12628,United States of America,Female,20.0,18-25,Christianity,Urban,1981,1,WVS_Wave_1
12629,United States of America,Female,60.0,56-65,Christianity,Rural,1981,1,WVS_Wave_1
12630,United States of America,Male,68.0,66+,Buddhism,Urban,1981,1,WVS_Wave_1
12631,United States of America,Male,36.0,36-45,Christianity,Urban,1981,1,WVS_Wave_1
12632,United States of America,Male,33.0,26-35,Other,Urban,1981,1,WVS_Wave_1
12633,United States of America,Female,27.0,26-35,Unaffiliated,Urban,1981,1,WVS_Wave_1
12634,United States of America,Male,46.0,46-55,Christianity,Urban,1981,1,WVS_Wave_1
12635,United States of America,Female,36.0,36-45,Christianity,Rural,1981,1,WVS_Wave_1
12636,United States of America,Male,57.0,56-65,Unaffiliated,Urban,1981,1,WVS_Wave_1
12637,United States of America,Male,23.0,18-25,Christianity,Urban,1981,1,WVS_Wave_1
12638,United States of America,Female,32.0,26-35,Christianity,Urban,1981,1,WVS_Wave_1
12639,United States of America,Male,46.0,46-55,Unaffiliated,Urban,1981,1,WVS_Wave_1
12640,United States of America,Male,19.0,18-25,Christianity,Rural,1981,1,WVS_Wave_1
12641,United States of America,Female,57.0,56-65,Christianity,Urban,1981,1,WVS_Wave_1
12642,United States of America,Male,65.0,56-65,Christianity,Urban,1981,1,WVS_Wave_1
12643,United States of America,Female,32.0,26-35,Christianity,Urban,1981,1,WVS_Wave_1
12644,United States of America,Female,34.0,26-35,Christianity,Rural,1981,1,WVS_Wave_1
12645,United States of America,Male,49.0,46-55,Christianity,Rural,1981,1,WVS_Wave_1
12646,United States of America,Male,21.0,18-25,Christianity,Urban,1981,1,WVS_Wave_1
12647,United States of America,Female,68.0,66+,Christianity,Urban,1981,1,WVS_Wave_1
12648,United States of America,Female,45.0,36-45,Christianity,Urban,1981,1,WVS_Wave_1
12649,United States of America,Female,24.0,18-25,Christianity,Urban,1981,1,WVS_Wave_1
12650,United States of America,Female,19.0,18-25,Christianity,Urban,1981,1,WVS_Wave_1
12651,United States of America,Male,22.0,18-25,Christianity,Urban,1981,1,WVS_Wave_1
12652,United States of America,Male,28.0,26-35,Christianity,Urban,1981,1,WVS_Wave_1
12653,United States of America,Female,73.0,66+,Christianity,Urban,1981,1,WVS_Wave_1
12654,United States of America,Male,24.0,18-25,Unaffiliated,Urban,1981,1,WVS_Wave_1
12655,United States of America,Female,57.0,56-65,Christianity,Urban,1981,1,WVS_Wave_1
12656,United States of America,Female,23.0,18-25,Christianity,Urban,1981,1,WVS_Wave_1
12657,United States of America,Female,37.0,36-45,Other,Urban,1981,1,WVS_Wave_1
12658,United States of America,Male,41.0,36-45,Other,Urban,1981,1,WVS_Wave_1
12659,United States of America,Female,68.0,66+,Christianity,Urban,1981,1,WVS_Wave_1
12660,United States of America,Female,78.0,66+,Christianity,Urban,1981,1,WVS_Wave_1
12661,United States of America,Male,23.0,18-25,Christianity,Urban,1981,1,WVS_Wave_1
12662,United States of America,Male,58.0,56-65,Christianity,Rural,1981,1,WVS_Wave_1
12663,United States of America,Male,25.0,18-25,Christianity,Urban,1981,1,WVS_Wave_1
12664,United States of America,Male,23.0,18-25,Christianity,Urban,1981,1,WVS_Wave_1
12665,United States of America,Female,60.0,56-65,Christianity,Urban,1981,1,WVS_Wave_1
12666,United States of America,Male,37.0,36-45,Christianity,Urban,1981,1,WVS_Wave_1
12667,United States of America,Male,35.0,26-35,Christianity,Rural,1981,1,WVS_Wave_1
12668,United States of America,Female,29.0,26-35,Christianity,Urban,1981,1,WVS_Wave_1
12669,United States of America,Male,18.0,18-25,Christianity,Rural,1981,1,WVS_Wave_1
12670,United States of America,Female,77.0,66+,Other,Urban,1981,1,WVS_Wave_1
12671,United States of America,Male,42.0,36-45,Christianity,Urban,1981,1,WVS_Wave_1
12672,United States of America,Female,40.0,36-45,Other,Urban,1981,1,WVS_Wave_1
12673,United States of America,Female,52.0,46-55,Christianity,Urban,1981,1,WVS_Wave_1
12674,United States of America,Male,77.0,66+,Christianity,Urban,1981,1,WVS_Wave_1
12675,United States of America,Female,63.0,56-65,Christianity,,1981,1,WVS_Wave_1
12676,United States of America,Female,25.0,18-25,Christianity,Urban,1981,1,WVS_Wave_1
12677,United States of America,Female,20.0,18-25,Christianity,Urban,1981,1,WVS_Wave_1
12678,United States of America,Male,28.0,26-35,Christianity,Rural,1981,1,WVS_Wave_1
12679,United States of America,Female,20.0,18-25,Christianity,Urban,1981,1,WVS_Wave_1
12680,United States of America,Male,59.0,56-65,Christianity,Rural,1981,1,WVS_Wave_1
12681,United States of America,Female,56.0,56-65,Christianity,Rural,1981,1,WVS_Wave_1
12682,United States of America,Male,53.0,46-55,Christianity,Urban,1981,1,WVS_Wave_1
12683,United States of America,Male,50.0,46-55,Christianity,Rural,1981,1,WVS_Wave_1
12684,United States of America,Male,26.0,26-35,Christianity,Urban,1981,1,WVS_Wave_1
12685,United States of America,Male,62.0,56-65,Christianity,Urban,1981,1,WVS_Wave_1
12686,United States of America,Male,67.0,66+,Christianity,Rural,1981,1,WVS_Wave_1
12687,United States of America,Male,18.0,18-25,Christianity,Urban,1981,1,WVS_Wave_1
12688,United States of America,Male,19.0,18-25,Unaffiliated,Urban,1981,1,WVS_Wave_1
12689,United States of America,Male,85.0,66+,Christianity,Urban,1981,1,WVS_Wave_1
12690,United States of America,Female,69.0,66+,Christianity,Rural,1981,1,WVS_Wave_1
12691,United States of America,Female,25.0,18-25,Christianity,Rural,1981,1,WVS_Wave_1
12692,United States of America,Male,60.0,56-65,Christianity,Urban,1981,1,WVS_Wave_1
12693,United States of America,Male,41.0,36-45,Christianity,Urban,1981,1,WVS_Wave_1
12694,United States of America,Female,20.0,18-25,Christianity,Urban,1981,1,WVS_Wave_1
12695,United States of America,Female,22.0,18-25,Unaffiliated,Urban,1981,1,WVS_Wave_1
12696,United States of America,Male,39.0,36-45,Christianity,Urban,1981,1,WVS_Wave_1
12697,United States of America,Male,18.0,18-25,Unaffiliated,Urban,1981,1,WVS_Wave_1
12698,United States of America,Female,18.0,18-25,Christianity,Urban,1981,1,WVS_Wave_1
12699,United States of America,Female,20.0,18-25,Christianity,Rural,1981,1,WVS_Wave_1
12700,United States of America,Female,21.0,18-25,Christianity,Urban,1981,1,WVS_Wave_1
12701,United States of America,Female,39.0,36-45,Christianity,Urban,1981,1,WVS_Wave_1
12702,United States of America,Female,66.0,66+,Christianity,Rural,1981,1,WVS_Wave_1
12703,United States of America,Female,65.0,56-65,Christianity,Urban,1981,1,WVS_Wave_1
12704,United States of America,Male,18.0,18-25,Christianity,Urban,1981,1,WVS_Wave_1
12705,United States of America,Male,83.0,66+,Christianity,Urban,1981,1,WVS_Wave_1
12706,United States of America,Male,33.0,26-35,Christianity,Urban,1981,1,WVS_Wave_1
12707,United States of America,Male,58.0,56-65,Christianity,Rural,1981,1,WVS_Wave_1
12708,United States of America,Male,55.0,46-55,Christianity,Urban,1981,1,WVS_Wave_1
12709,United States of America,Female,54.0,46-55,Christianity,Urban,1981,1,WVS_Wave_1
12710,United States of America,Male,71.0,66+,Christianity,Rural,1981,1,WVS_Wave_1
12711,United States of America,Female,39.0,36-45,Christianity,Urban,1981,1,WVS_Wave_1
12712,United States of America,Male,45.0,36-45,Christianity,Rural,1981,1,WVS_Wave_1
12713,United States of America,Female,22.0,18-25,Christianity,Rural,1981,1,WVS_Wave_1
12714,United States of America,Female,75.0,66+,Christianity,Urban,1981,1,WVS_Wave_1
12715,United States of America,Female,24.0,18-25,Christianity,Urban,1981,1,WVS_Wave_1
12716,United States of America,Female,57.0,56-65,Unaffiliated,Urban,1981,1,WVS_Wave_1
12717,United States of America,Male,29.0,26-35,Christianity,Urban,1981,1,WVS_Wave_1
12718,United States of America,Male,27.0,26-35,Christianity,Urban,1981,1,WVS_Wave_1
12719,United States of America,Male,41.0,36-45,Christianity,Urban,1981,1,WVS_Wave_1
12720,United States of America,Male,18.0,18-25,Christianity,Rural,1981,1,WVS_Wave_1
12721,United States of America,Female,80.0,66+,Christianity,Rural,1981,1,WVS_Wave_1
12722,United States of America,Female,55.0,46-55,Christianity,Rural,1981,1,WVS_Wave_1
12723,United States of America,Female,71.0,66+,Christianity,Urban,1981,1,WVS_Wave_1
12724,United States of America,Female,49.0,46-55,Christianity,Rural,1981,1,WVS_Wave_1
12725,United States of America,Male,19.0,18-25,Unaffiliated,Urban,1981,1,WVS_Wave_1
12726,United States of America,Female,19.0,18-25,Christianity,Urban,1981,1,WVS_Wave_1
12727,United States of America,Female,22.0,18-25,Christianity,Urban,1981,1,WVS_Wave_1
12728,United States of America,Female,30.0,26-35,Christianity,Urban,1981,1,WVS_Wave_1
12729,United States of America,Male,40.0,36-45,Christianity,Rural,1981,1,WVS_Wave_1
12730,United States of America,Female,20.0,18-25,Christianity,Rural,1981,1,WVS_Wave_1
12731,United States of America,Female,51.0,46-55,Christianity,Rural,1981,1,WVS_Wave_1
12732,United States of America,Male,37.0,36-45,Christianity,Urban,1981,1,WVS_Wave_1
12733,United States of America,Female,27.0,26-35,Unaffiliated,Urban,1981,1,WVS_Wave_1
12734,United States of America,Male,29.0,26-35,Christianity,Rural,1981,1,WVS_Wave_1
12735,United States of America,Female,56.0,56-65,Christianity,Rural,1981,1,WVS_Wave_1
12736,United States of America,Female,75.0,66+,Christianity,Urban,1981,1,WVS_Wave_1
12737,United States of America,Male,30.0,26-35,Christianity,Urban,1981,1,WVS_Wave_1
12738,United States of America,Female,31.0,26-35,Christianity,Urban,1981,1,WVS_Wave_1
12739,United States of America,Male,45.0,36-45,Christianity,Urban,1981,1,WVS_Wave_1
12740,United States of America,Male,22.0,18-25,Christianity,Urban,1981,1,WVS_Wave_1
12741,United States of America,Male,60.0,56-65,Christianity,Urban,1981,1,WVS_Wave_1
12742,United States of America,Male,81.0,66+,Christianity,Urban,1981,1,WVS_Wave_1
12743,United States of America,Female,20.0,18-25,Christianity,Urban,1981,1,WVS_Wave_1
12744,United States of America,Female,23.0,18-25,Christianity,Rural,1981,1,WVS_Wave_1
12745,United States of America,Female,66.0,66+,Christianity,Urban,1981,1,WVS_Wave_1
12746,United States of America,Male,70.0,66+,Christianity,Urban,1981,1,WVS_Wave_1
12747,United States of America,Male,19.0,18-25,Christianity,Rural,1981,1,WVS_Wave_1
12748,United States of America,Female,24.0,18-25,Christianity,Urban,1981,1,WVS_Wave_1
12749,United States of America,Male,60.0,56-65,Christianity,Urban,1981,1,WVS_Wave_1
12750,United States of America,Female,68.0,66+,Christianity,Urban,1981,1,WVS_Wave_1
12751,United States of America,Male,65.0,56-65,Christianity,Urban,1981,1,WVS_Wave_1
12752,United States of America,Female,20.0,18-25,Christianity,Urban,1981,1,WVS_Wave_1
12753,United States of America,Male,26.0,26-35,Christianity,Rural,1981,1,WVS_Wave_1
12754,United States of America,Male,65.0,56-65,Christianity,Urban,1981,1,WVS_Wave_1
12755,United States of America,Female,58.0,56-65,Christianity,Urban,1981,1,WVS_Wave_1
12756,United States of America,Female,32.0,26-35,Christianity,Urban,1981,1,WVS_Wave_1
12757,United States of America,Female,24.0,18-25,Christianity,Urban,1981,1,WVS_Wave_1
12758,United States of America,Female,24.0,18-25,Christianity,Urban,1981,1,WVS_Wave_1
12759,United States of America,Female,20.0,18-25,Christianity,Urban,1981,1,WVS_Wave_1
12760,United States of America,Female,27.0,26-35,Christianity,Rural,1981,1,WVS_Wave_1
12761,United States of America,Female,60.0,56-65,Christianity,Urban,1981,1,WVS_Wave_1
12762,United States of America,Female,38.0,36-45,Christianity,Rural,1981,1,WVS_Wave_1
12763,United States of America,Male,20.0,18-25,Unaffiliated,Urban,1981,1,WVS_Wave_1
12764,United States of America,Female,24.0,18-25,Christianity,Urban,1981,1,WVS_Wave_1
12765,United States of America,Female,36.0,36-45,Christianity,Urban,1981,1,WVS_Wave_1
12766,United States of America,Female,69.0,66+,Christianity,Urban,1981,1,WVS_Wave_1
12767,United States of America,Female,65.0,56-65,Christianity,Urban,1981,1,WVS_Wave_1
12768,United States of America,Female,65.0,56-65,Christianity,Urban,1981,1,WVS_Wave_1
12769,United States of America,Female,18.0,18-25,Christianity,Urban,1981,1,WVS_Wave_1
12770,United States of America,Female,20.0,18-25,Christianity,Urban,1981,1,WVS_Wave_1
12771,United States of America,Male,22.0,18-25,Christianity,Urban,1981,1,WVS_Wave_1
12772,United States of America,Male,31.0,26-35,Christianity,Urban,1981,1,WVS_Wave_1
12773,United States of America,Male,30.0,26-35,Christianity,Urban,1981,1,WVS_Wave_1
12774,United States of America,Male,71.0,66+,Christianity,Urban,1981,1,WVS_Wave_1
12775,United States of America,Female,83.0,66+,Christianity,Urban,1981,1,WVS_Wave_1
12776,United States of America,Female,38.0,36-45,Christianity,Urban,1981,1,WVS_Wave_1
12777,United States of America,Female,63.0,56-65,Christianity,Urban,1981,1,WVS_Wave_1
12778,United States of America,Female,24.0,18-25,Christianity,Rural,1981,1,WVS_Wave_1
12779,United States of America,Male,61.0,56-65,Christianity,Rural,1981,1,WVS_Wave_1
12780,United States of America,Male,48.0,46-55,Christianity,Urban,1981,1,WVS_Wave_1
12781,United States of America,Female,49.0,46-55,Christianity,Urban,1981,1,WVS_Wave_1
12782,United States of America,Male,19.0,18-25,Christianity,Urban,1981,1,WVS_Wave_1
12783,United States of America,Female,25.0,18-25,Christianity,Urban,1981,1,WVS_Wave_1
12784,United States of America,Female,60.0,56-65,Christianity,Urban,1981,1,WVS_Wave_1
12785,United States of America,Male,51.0,46-55,Christianity,Rural,1981,1,WVS_Wave_1
12786,United States of America,Female,69.0,66+,Christianity,Rural,1981,1,WVS_Wave_1
12787,United States of America,Female,53.0,46-55,Christianity,Rural,1981,1,WVS_Wave_1
12788,United States of America,Female,18.0,18-25,Christianity,Urban,1981,1,WVS_Wave_1
12789,United States of America,Female,24.0,18-25,Christianity,Urban,1981,1,WVS_Wave_1
12790,United States of America,Male,24.0,18-25,Christianity,Urban,1981,1,WVS_Wave_1
12791,United States of America,Male,76.0,66+,Christianity,Rural,1981,1,WVS_Wave_1
12792,United States of America,Male,32.0,26-35,Unaffiliated,Urban,1981,1,WVS_Wave_1
12793,United States of America,Female,41.0,36-45,Christianity,Urban,1981,1,WVS_Wave_1
12794,United States of America,Female,50.0,46-55,Christianity,Urban,1981,1,WVS_Wave_1
12795,United States of America,Female,69.0,66+,Christianity,Rural,1981,1,WVS_Wave_1
12796,United States of America,Male,30.0,26-35,Christianity,Rural,1981,1,WVS_Wave_1
12797,United States of America,Female,23.0,18-25,Christianity,Urban,1981,1,WVS_Wave_1
12798,United States of America,Female,47.0,46-55,Christianity,Rural,1981,1,WVS_Wave_1
12799,United States of America,Female,42.0,36-45,Christianity,Urban,1981,1,WVS_Wave_1
12800,United States of America,Female,19.0,18-25,Christianity,Urban,1981,1,WVS_Wave_1
12801,United States of America,Female,41.0,36-45,Christianity,Urban,1981,1,WVS_Wave_1
12802,United States of America,Female,66.0,66+,Christianity,Urban,1981,1,WVS_Wave_1
12803,United States of America,Female,88.0,66+,Christianity,Urban,1981,1,WVS_Wave_1
12804,United States of America,Male,69.0,66+,Christianity,Urban,1981,1,WVS_Wave_1
12805,United States of America,Female,60.0,56-65,Christianity,Rural,1981,1,WVS_Wave_1
12806,United States of America,Male,21.0,18-25,Christianity,Urban,1981,1,WVS_Wave_1
12807,United States of America,Female,23.0,18-25,Christianity,Urban,1981,1,WVS_Wave_1
12808,United States of America,Male,52.0,46-55,Christianity,Urban,1981,1,WVS_Wave_1
12809,United States of America,Female,21.0,18-25,Christianity,Rural,1981,1,WVS_Wave_1
12810,United States of America,Female,53.0,46-55,Christianity,Urban,1981,1,WVS_Wave_1
12811,United States of America,Female,21.0,18-25,Christianity,Rural,1981,1,WVS_Wave_1
12812,United States of America,Male,19.0,18-25,Christianity,Urban,1981,1,WVS_Wave_1
12813,United States of America,Male,19.0,18-25,Christianity,Rural,1981,1,WVS_Wave_1
12814,United States of America,Male,55.0,46-55,Christianity,Urban,1981,1,WVS_Wave_1
12815,United States of America,Female,36.0,36-45,Christianity,Urban,1981,1,WVS_Wave_1
12816,United States of America,Male,28.0,26-35,Christianity,Urban,1981,1,WVS_Wave_1
12817,United States of America,Male,60.0,56-65,Christianity,Urban,1981,1,WVS_Wave_1
12818,United States of America,Male,37.0,36-45,Christianity,Urban,1981,1,WVS_Wave_1
12819,United States of America,Female,22.0,18-25,Christianity,Urban,1981,1,WVS_Wave_1
12820,United States of America,Male,49.0,46-55,Christianity,Urban,1981,1,WVS_Wave_1
12821,United States of America,Female,51.0,46-55,Christianity,Urban,1981,1,WVS_Wave_1
12822,United States of America,Male,42.0,36-45,Christianity,Urban,1981,1,WVS_Wave_1
12823,United States of America,Male,31.0,26-35,Christianity,Rural,1981,1,WVS_Wave_1
12824,United States of America,Female,34.0,26-35,Christianity,Urban,1981,1,WVS_Wave_1
12825,United States of America,Male,18.0,18-25,Christianity,Urban,1981,1,WVS_Wave_1
12826,United States of America,Male,22.0,18-25,Christianity,Rural,1981,1,WVS_Wave_1
12827,United States of America,Male,81.0,66+,Christianity,Rural,1981,1,WVS_Wave_1
12828,United States of America,Male,63.0,56-65,Christianity,Urban,1981,1,WVS_Wave_1
12829,United States of America,Male,21.0,18-25,Christianity,Rural,1981,1,WVS_Wave_1
12830,United States of America,Male,96.0,66+,Christianity,Rural,1981,1,WVS_Wave_1
12831,United States of America,Female,24.0,18-25,Christianity,Urban,1981,1,WVS_Wave_1
12832,United States of America,Female,55.0,46-55,Christianity,Urban,1981,1,WVS_Wave_1
12833,United States of America,Female,27.0,26-35,Other,Urban,1981,1,WVS_Wave_1
12834,United States of America,Male,34.0,26-35,Christianity,Urban,1981,1,WVS_Wave_1
12835,United States of America,Female,71.0,66+,Christianity,Urban,1981,1,WVS_Wave_1
12836,United States of America,Female,38.0,36-45,Christianity,Urban,1981,1,WVS_Wave_1
12837,United States of America,Male,21.0,18-25,Christianity,Urban,1981,1,WVS_Wave_1
12838,United States of America,Male,46.0,46-55,Christianity,Rural,1981,1,WVS_Wave_1
12839,United States of America,Male,68.0,66+,Other,Urban,1981,1,WVS_Wave_1
12840,United States of America,Female,56.0,56-65,Other,Urban,1981,1,WVS_Wave_1
12841,United States of America,Male,28.0,26-35,Christianity,Urban,1981,1,WVS_Wave_1
12842,United States of America,Female,79.0,66+,Christianity,Urban,1981,1,WVS_Wave_1
12843,United States of America,Male,52.0,46-55,Christianity,Urban,1981,1,WVS_Wave_1
12844,United States of America,Female,21.0,18-25,Christianity,Urban,1981,1,WVS_Wave_1
12845,United States of America,Female,21.0,18-25,Christianity,Urban,1981,1,WVS_Wave_1
12846,United States of America,Female,22.0,18-25,Unaffiliated,Urban,1981,1,WVS_Wave_1
12847,United States of America,Female,75.0,66+,Christianity,Urban,1981,1,WVS_Wave_1
12848,United States of America,Female,50.0,46-55,Christianity,Urban,1981,1,WVS_Wave_1
12849,United States of America,Female,61.0,56-65,Christianity,Urban,1981,1,WVS_Wave_1
12850,United States of America,Female,28.0,26-35,Christianity,Rural,1981,1,WVS_Wave_1
12851,United States of America,Female,19.0,18-25,Christianity,Urban,1981,1,WVS_Wave_1
12852,United States of America,Male,64.0,56-65,Christianity,Urban,1981,1,WVS_Wave_1
12853,United States of America,Male,23.0,18-25,Christianity,Rural,1981,1,WVS_Wave_1
12854,United States of America,Male,20.0,18-25,Christianity,Urban,1981,1,WVS_Wave_1
12855,United States of America,Female,70.0,66+,Christianity,Urban,1981,1,WVS_Wave_1
12856,United States of America,Female,36.0,36-45,Christianity,Rural,1981,1,WVS_Wave_1
12857,United States of America,Male,47.0,46-55,Unaffiliated,Urban,1981,1,WVS_Wave_1
12858,United States of America,Female,56.0,56-65,Christianity,Rural,1981,1,WVS_Wave_1
12859,United States of America,Male,40.0,36-45,Christianity,Urban,1981,1,WVS_Wave_1
12860,United States of America,Female,33.0,26-35,Christianity,Urban,1981,1,WVS_Wave_1
12861,United States of America,Female,67.0,66+,Christianity,Rural,1981,1,WVS_Wave_1
12862,United States of America,Female,80.0,66+,Christianity,Urban,1981,1,WVS_Wave_1
12863,United States of America,Male,67.0,66+,Christianity,Urban,1981,1,WVS_Wave_1
12864,United States of America,Male,62.0,56-65,Other,Urban,1981,1,WVS_Wave_1
12865,United States of America,Male,24.0,18-25,Other,Urban,1981,1,WVS_Wave_1
12866,United States of America,Female,21.0,18-25,Christianity,Urban,1981,1,WVS_Wave_1
12867,United States of America,Female,34.0,26-35,Christianity,Rural,1981,1,WVS_Wave_1
12868,United States of America,Male,61.0,56-65,Christianity,Urban,1981,1,WVS_Wave_1
12869,United States of America,Female,45.0,36-45,Christianity,Urban,1981,1,WVS_Wave_1
12870,United States of America,Male,33.0,26-35,Christianity,Urban,1981,1,WVS_Wave_1
12871,United States of America,Female,71.0,66+,Christianity,Urban,1981,1,WVS_Wave_1
12872,United States of America,Female,48.0,46-55,Christianity,Rural,1981,1,WVS_Wave_1
12873,United States of America,Female,18.0,18-25,Unaffiliated,Urban,1981,1,WVS_Wave_1
12874,United States of America,Female,49.0,46-55,Christianity,Urban,1981,1,WVS_Wave_1
12875,United States of America,Male,52.0,46-55,Christianity,Urban,1981,1,WVS_Wave_1
12876,United States of America,Male,24.0,18-25,Christianity,Rural,1981,1,WVS_Wave_1
12877,United States of America,Male,19.0,18-25,Christianity,Urban,1981,1,WVS_Wave_1
12878,United States of America,Female,30.0,26-35,Unaffiliated,Urban,1981,1,WVS_Wave_1
12879,United States of America,Female,32.0,26-35,Unaffiliated,Urban,1981,1,WVS_Wave_1
12880,United States of America,Female,80.0,66+,Other,Urban,1981,1,WVS_Wave_1
12881,United States of America,Female,72.0,66+,Christianity,Urban,1981,1,WVS_Wave_1
12882,United States of America,Male,57.0,56-65,Christianity,Urban,1981,1,WVS_Wave_1
12883,United States of America,Female,44.0,36-45,Christianity,Urban,1981,1,WVS_Wave_1
12884,United States of America,Male,34.0,26-35,Unaffiliated,Rural,1981,1,WVS_Wave_1
12885,United States of America,Male,36.0,36-45,Christianity,Urban,1981,1,WVS_Wave_1
12886,United States of America,Female,36.0,36-45,Christianity,Urban,1981,1,WVS_Wave_1
12887,United States of America,Male,84.0,66+,Christianity,Urban,1981,1,WVS_Wave_1
12888,United States of America,Female,18.0,18-25,Christianity,Rural,1981,1,WVS_Wave_1
12889,United States of America,Female,18.0,18-25,Christianity,Rural,1981,1,WVS_Wave_1
12890,United States of America,Male,31.0,26-35,Christianity,Urban,1981,1,WVS_Wave_1
12891,United States of America,Male,23.0,18-25,Christianity,Urban,1981,1,WVS_Wave_1
12892,United States of America,Male,28.0,26-35,Buddhism,Urban,1981,1,WVS_Wave_1
12893,United States of America,Male,63.0,56-65,Islam,Urban,1981,1,WVS_Wave_1
12894,United States of America,Female,53.0,46-55,Other,Urban,1981,1,WVS_Wave_1
12895,United States of America,Male,54.0,46-55,Unaffiliated,Urban,1981,1,WVS_Wave_1
12896,United States of America,Male,59.0,56-65,Christianity,Urban,1981,1,WVS_Wave_1
12897,United States of America,Female,21.0,18-25,Christianity,Rural,1981,1,WVS_Wave_1
12898,United States of America,Male,24.0,18-25,Christianity,Urban,1981,1,WVS_Wave_1
12899,United States of America,Male,23.0,18-25,Christianity,Rural,1981,1,WVS_Wave_1
12900,United States of America,Female,82.0,66+,Christianity,Rural,1981,1,WVS_Wave_1
12901,United States of America,Female,29.0,26-35,Christianity,Urban,1981,1,WVS_Wave_1
12902,United States of America,Female,23.0,18-25,Christianity,Rural,1981,1,WVS_Wave_1
12903,United States of America,Female,27.0,26-35,Christianity,Urban,1981,1,WVS_Wave_1
12904,United States of America,Male,18.0,18-25,Christianity,Urban,1981,1,WVS_Wave_1
12905,United States of America,Male,60.0,56-65,Christianity,Rural,1981,1,WVS_Wave_1
12906,United States of America,Female,18.0,18-25,Christianity,Urban,1981,1,WVS_Wave_1
12907,United States of America,Female,25.0,18-25,Christianity,Urban,1981,1,WVS_Wave_1
12908,United States of America,Female,33.0,26-35,Christianity,Urban,1981,1,WVS_Wave_1
12909,United States of America,Male,44.0,36-45,Christianity,Urban,1981,1,WVS_Wave_1
12910,United States of America,Male,21.0,18-25,Christianity,Rural,1981,1,WVS_Wave_1
12911,United States of America,Female,80.0,66+,Christianity,Urban,1981,1,WVS_Wave_1
12912,United States of America,Female,31.0,26-35,Christianity,Urban,1981,1,WVS_Wave_1
12913,United States of America,Female,46.0,46-55,Christianity,Rural,1981,1,WVS_Wave_1
12914,United States of America,Male,78.0,66+,Christianity,Rural,1981,1,WVS_Wave_1
12915,United States of America,Female,61.0,56-65,Christianity,Urban,1981,1,WVS_Wave_1
12916,United States of America,Female,50.0,46-55,Christianity,Urban,1981,1,WVS_Wave_1
12917,United States of America,Female,60.0,56-65,Christianity,Urban,1981,1,WVS_Wave_1
12918,United States of America,Male,44.0,36-45,Christianity,Urban,1981,1,WVS_Wave_1
12919,United States of America,Female,22.0,18-25,Christianity,Urban,1981,1,WVS_Wave_1
12920,United States of America,Female,52.0,46-55,Christianity,Urban,1981,1,WVS_Wave_1
12921,United States of America,Male,24.0,18-25,Christianity,Rural,1981,1,WVS_Wave_1
12922,United States of America,Male,34.0,26-35,Christianity,Urban,1981,1,WVS_Wave_1
12923,United States of America,Male,56.0,56-65,Christianity,Urban,1981,1,WVS_Wave_1
12924,United States of America,Female,35.0,26-35,Christianity,Rural,1981,1,WVS_Wave_1
12925,United States of America,Female,80.0,66+,Christianity,Urban,1981,1,WVS_Wave_1
12926,United States of America,Female,68.0,66+,Christianity,Urban,1981,1,WVS_Wave_1
12927,United States of America,Male,76.0,66+,Christianity,Rural,1981,1,WVS_Wave_1
12928,United States of America,Male,31.0,26-35,Christianity,Rural,1981,1,WVS_Wave_1
12929,United States of America,Male,21.0,18-25,Christianity,Urban,1981,1,WVS_Wave_1
12930,United States of America,Male,18.0,18-25,Christianity,Rural,1981,1,WVS_Wave_1
12931,United States of America,Male,57.0,56-65,Christianity,Rural,1981,1,WVS_Wave_1
12932,United States of America,Male,55.0,46-55,Christianity,Rural,1981,1,WVS_Wave_1
12933,United States of America,Female,67.0,66+,Christianity,Rural,1981,1,WVS_Wave_1
12934,United States of America,Male,34.0,26-35,Christianity,Urban,1981,1,WVS_Wave_1
12935,United States of America,Male,64.0,56-65,Christianity,Rural,1981,1,WVS_Wave_1
12936,United States of America,Female,31.0,26-35,Christianity,Urban,1981,1,WVS_Wave_1
12937,United States of America,Male,18.0,18-25,Other,Urban,1981,1,WVS_Wave_1
12938,United States of America,Male,37.0,36-45,Christianity,Urban,1981,1,WVS_Wave_1
12939,United States of America,Male,21.0,18-25,Christianity,Urban,1981,1,WVS_Wave_1
12940,United States of America,Male,57.0,56-65,Christianity,Rural,1981,1,WVS_Wave_1
12941,United States of America,Female,27.0,26-35,Christianity,Rural,1981,1,WVS_Wave_1
12942,United States of America,Female,32.0,26-35,Christianity,Urban,1981,1,WVS_Wave_1
12943,United States of America,Female,50.0,46-55,Christianity,Rural,1981,1,WVS_Wave_1
12944,United States of America,Female,22.0,18-25,Christianity,Urban,1981,1,WVS_Wave_1
12945,United States of America,Female,50.0,46-55,Christianity,Urban,1981,1,WVS_Wave_1
12946,United States of America,Male,35.0,26-35,Christianity,Rural,1981,1,WVS_Wave_1
12947,United States of America,Female,21.0,18-25,Christianity,Rural,1981,1,WVS_Wave_1
12948,United States of America,Female,35.0,26-35,Unaffiliated,Rural,1981,1,WVS_Wave_1
12949,United States of America,Male,62.0,56-65,Christianity,Urban,1981,1,WVS_Wave_1
12950,United States of America,Female,18.0,18-25,Christianity,Urban,1981,1,WVS_Wave_1
12951,United States of America,Female,22.0,18-25,Christianity,Rural,1981,1,WVS_Wave_1
12952,United States of America,Female,45.0,36-45,Christianity,Rural,1981,1,WVS_Wave_1
12953,United States of America,Female,28.0,26-35,Christianity,Urban,1981,1,WVS_Wave_1
12954,United States of America,Male,33.0,26-35,Christianity,Urban,1981,1,WVS_Wave_1
12955,United States of America,Male,28.0,26-35,Unaffiliated,Urban,1981,1,WVS_Wave_1
12956,United States of America,Female,36.0,36-45,Christianity,Urban,1981,1,WVS_Wave_1
12957,United States of America,Female,24.0,18-25,Christianity,Urban,1981,1,WVS_Wave_1
12958,United States of America,Male,72.0,66+,Christianity,Urban,1981,1,WVS_Wave_1
12959,United States of America,Female,78.0,66+,Christianity,Urban,1981,1,WVS_Wave_1
12960,United States of America,Female,24.0,18-25,Christianity,Urban,1981,1,WVS_Wave_1
12961,United States of America,Male,21.0,18-25,Christianity,Urban,1981,1,WVS_Wave_1
12962,United States of America,Male,69.0,66+,Christianity,Rural,1981,1,WVS_Wave_1
12963,United States of America,Female,36.0,36-45,Christianity,Urban,1981,1,WVS_Wave_1
12964,United States of America,Male,78.0,66+,Christianity,Urban,1981,1,WVS_Wave_1
12965,United States of America,Male,76.0,66+,Christianity,Rural,1981,1,WVS_Wave_1
12966,United States of America,Male,24.0,18-25,Christianity,Urban,1981,1,WVS_Wave_1
12967,United States of America,Male,20.0,18-25,Unaffiliated,Urban,1981,1,WVS_Wave_1
12968,United States of America,Male,60.0,56-65,Christianity,Rural,1981,1,WVS_Wave_1
12969,United States of America,Male,50.0,46-55,Christianity,Urban,1981,1,WVS_Wave_1
12970,United States of America,Male,45.0,36-45,Christianity,Rural,1981,1,WVS_Wave_1
12971,United States of America,Male,56.0,56-65,Christianity,Urban,1981,1,WVS_Wave_1
12972,United States of America,Female,80.0,66+,Christianity,Urban,1981,1,WVS_Wave_1
12973,United States of America,Male,46.0,46-55,Christianity,Urban,1981,1,WVS_Wave_1
12974,United States of America,Male,42.0,36-45,Christianity,Urban,1981,1,WVS_Wave_1
12975,United States of America,Male,24.0,18-25,Christianity,Urban,1981,1,WVS_Wave_1
12976,United States of America,Male,77.0,66+,Christianity,Rural,1981,1,WVS_Wave_1
12977,United States of America,Female,22.0,18-25,Christianity,Urban,1981,1,WVS_Wave_1
12978,United States of America,Male,24.0,18-25,Unaffiliated,Urban,1981,1,WVS_Wave_1
12979,United States of America,Male,24.0,18-25,Christianity,Urban,1981,1,WVS_Wave_1
12980,United States of America,Female,48.0,46-55,Christianity,Urban,1981,1,WVS_Wave_1
12981,United States of America,Male,21.0,18-25,Unaffiliated,Urban,1981,1,WVS_Wave_1
12982,United States of America,Female,62.0,56-65,Christianity,Urban,1981,1,WVS_Wave_1
12983,United States of America,Male,74.0,66+,Unaffiliated,Urban,1981,1,WVS_Wave_1
12984,United States of America,Female,42.0,36-45,Christianity,Urban,1981,1,WVS_Wave_1
12985,United States of America,Female,46.0,46-55,Christianity,Urban,1981,1,WVS_Wave_1
12986,United States of America,Male,23.0,18-25,Christianity,Urban,1981,1,WVS_Wave_1
12987,United States of America,Female,55.0,46-55,Judaism,Urban,1981,1,WVS_Wave_1
12988,United States of America,Male,37.0,36-45,Christianity,Urban,1981,1,WVS_Wave_1
12989,United States of America,Female,19.0,18-25,Christianity,Urban,1981,1,WVS_Wave_1
12990,United States of America,Male,31.0,26-35,Christianity,Urban,1981,1,WVS_Wave_1
12991,United States of America,Female,29.0,26-35,Christianity,Rural,1981,1,WVS_Wave_1
12992,United States of America,Female,44.0,36-45,Christianity,Urban,1981,1,WVS_Wave_1
12993,United States of America,Male,23.0,18-25,Christianity,Urban,1981,1,WVS_Wave_1
12994,United States of America,Female,25.0,18-25,Christianity,Urban,1981,1,WVS_Wave_1
12995,United States of America,Male,26.0,26-35,Christianity,Urban,1981,1,WVS_Wave_1
12996,United States of America,Female,87.0,66+,Christianity,Urban,1981,1,WVS_Wave_1
12997,United States of America,Female,53.0,46-55,Christianity,Urban,1981,1,WVS_Wave_1
12998,United States of America,Male,59.0,56-65,Other,Urban,1981,1,WVS_Wave_1
12999,United States of America,Male,53.0,46-55,Christianity,Rural,1981,1,WVS_Wave_1
13000,United States of America,Male,67.0,66+,Christianity,Rural,1981,1,WVS_Wave_1
13001,United States of America,Female,21.0,18-25,Christianity,Urban,1981,1,WVS_Wave_1
13002,United States of America,Female,39.0,36-45,Christianity,Rural,1981,1,WVS_Wave_1
13003,United States of America,Female,18.0,18-25,Christianity,Urban,1981,1,WVS_Wave_1
13004,United States of America,Female,33.0,26-35,Unaffiliated,Urban,1981,1,WVS_Wave_1
13005,United States of America,Female,40.0,36-45,Christianity,Urban,1981,1,WVS_Wave_1
13006,United States of America,Female,22.0,18-25,Christianity,Urban,1981,1,WVS_Wave_1
13007,United States of America,Female,23.0,18-25,Christianity,Urban,1981,1,WVS_Wave_1
13008,United States of America,Male,29.0,26-35,Christianity,Urban,1981,1,WVS_Wave_1
13009,United States of America,Female,35.0,26-35,Christianity,Urban,1981,1,WVS_Wave_1
13010,United States of America,Male,83.0,66+,Christianity,Rural,1981,1,WVS_Wave_1
13011,United States of America,Male,41.0,36-45,Christianity,Urban,1981,1,WVS_Wave_1
13012,United States of America,Female,63.0,56-65,Christianity,Rural,1981,1,WVS_Wave_1
13013,United States of America,Female,21.0,18-25,Buddhism,Urban,1981,1,WVS_Wave_1
13014,United States of America,Female,37.0,36-45,Christianity,Urban,1981,1,WVS_Wave_1
13015,United States of America,Female,61.0,56-65,Christianity,Rural,1981,1,WVS_Wave_1
13016,United States of America,Male,18.0,18-25,Christianity,Urban,1981,1,WVS_Wave_1
13017,United States of America,Male,19.0,18-25,Christianity,Urban,1981,1,WVS_Wave_1
13018,United States of America,Male,24.0,18-25,Christianity,Urban,1981,1,WVS_Wave_1
13019,United States of America,Male,19.0,18-25,Christianity,Rural,1981,1,WVS_Wave_1
13020,United States of America,Male,68.0,66+,Christianity,Urban,1981,1,WVS_Wave_1
13021,United States of America,Male,20.0,18-25,Christianity,Rural,1981,1,WVS_Wave_1
13022,United States of America,Male,56.0,56-65,Christianity,Urban,1981,1,WVS_Wave_1
13023,United States of America,Female,27.0,26-35,Christianity,Rural,1981,1,WVS_Wave_1
13024,United States of America,Female,29.0,26-35,Christianity,Urban,1981,1,WVS_Wave_1
13025,United States of America,Male,21.0,18-25,Unaffiliated,Urban,1981,1,WVS_Wave_1
13026,United States of America,Female,18.0,18-25,Christianity,Urban,1981,1,WVS_Wave_1
13027,United States of America,Male,45.0,36-45,Christianity,Urban,1981,1,WVS_Wave_1
13028,United States of America,Female,28.0,26-35,Christianity,Urban,1981,1,WVS_Wave_1
13029,United States of America,Male,24.0,18-25,Christianity,Urban,1981,1,WVS_Wave_1
13030,United States of America,Female,22.0,18-25,Christianity,Urban,1981,1,WVS_Wave_1
13031,United States of America,Male,22.0,18-25,Christianity,Urban,1981,1,WVS_Wave_1
13032,United States of America,Female,19.0,18-25,Christianity,Urban,1981,1,WVS_Wave_1
13033,United States of America,Female,25.0,18-25,Christianity,Urban,1981,1,WVS_Wave_1
13034,United States of America,Female,20.0,18-25,Christianity,Rural,1981,1,WVS_Wave_1
13035,United States of America,Female,58.0,56-65,Christianity,Urban,1981,1,WVS_Wave_1
13036,United States of America,Female,23.0,18-25,Christianity,Rural,1981,1,WVS_Wave_1
13037,United States of America,Female,77.0,66+,Christianity,Rural,1981,1,WVS_Wave_1
13038,United States of America,Male,33.0,26-35,Other,Urban,1981,1,WVS_Wave_1
13039,United States of America,Female,31.0,26-35,Unaffiliated,Urban,1981,1,WVS_Wave_1
13040,United States of America,Male,26.0,26-35,Christianity,Urban,1981,1,WVS_Wave_1
13041,United States of America,Female,39.0,36-45,Christianity,Urban,1981,1,WVS_Wave_1
13042,United States of America,Male,32.0,26-35,Christianity,Urban,1981,1,WVS_Wave_1
13043,United States of America,Male,28.0,26-35,Unaffiliated,Rural,1981,1,WVS_Wave_1
13044,United States of America,Female,21.0,18-25,Christianity,Urban,1981,1,WVS_Wave_1
13045,United States of America,Male,19.0,18-25,Christianity,Urban,1981,1,WVS_Wave_1
13046,United States of America,Male,27.0,26-35,Christianity,Urban,1981,1,WVS_Wave_1
13047,United States of America,Male,40.0,36-45,Christianity,Urban,1981,1,WVS_Wave_1
13048,United States of America,Male,41.0,36-45,Christianity,Urban,1981,1,WVS_Wave_1
13049,United States of America,Male,22.0,18-25,Christianity,Urban,1981,1,WVS_Wave_1
13050,United States of America,Male,27.0,26-35,Christianity,Urban,1981,1,WVS_Wave_1
13051,United States of America,Male,23.0,18-25,Christianity,Urban,1981,1,WVS_Wave_1
13052,United States of America,Female,53.0,46-55,Christianity,Urban,1981,1,WVS_Wave_1
13053,United States of America,Female,28.0,26-35,Christianity,Urban,1981,1,WVS_Wave_1
13054,United States of America,Male,22.0,18-25,Christianity,Urban,1981,1,WVS_Wave_1
13055,United States of America,Female,21.0,18-25,Other,Urban,1981,1,WVS_Wave_1
13056,United States of America,Female,38.0,36-45,Christianity,Rural,1981,1,WVS_Wave_1
13057,United States of America,Female,24.0,18-25,Christianity,Urban,1981,1,WVS_Wave_1
13058,United States of America,Female,26.0,26-35,Christianity,Urban,1981,1,WVS_Wave_1
13059,United States of America,Female,36.0,36-45,Christianity,Rural,1981,1,WVS_Wave_1
13060,United States of America,Female,20.0,18-25,Unaffiliated,Urban,1981,1,WVS_Wave_1
13061,United States of America,Female,24.0,18-25,Christianity,Rural,1981,1,WVS_Wave_1
13062,United States of America,Male,19.0,18-25,Buddhism,Urban,1981,1,WVS_Wave_1
13063,United States of America,Male,57.0,56-65,Unaffiliated,Urban,1981,1,WVS_Wave_1
13064,United States of America,Male,25.0,18-25,Christianity,Urban,1981,1,WVS_Wave_1
13065,United States of America,Female,32.0,26-35,Christianity,Urban,1981,1,WVS_Wave_1
13066,United States of America,Male,18.0,18-25,Unaffiliated,Rural,1981,1,WVS_Wave_1
13067,United States of America,Female,29.0,26-35,Christianity,Urban,1981,1,WVS_Wave_1
13068,United States of America,Male,61.0,56-65,Christianity,Urban,1981,1,WVS_Wave_1
13069,United States of America,Female,21.0,18-25,Christianity,Urban,1981,1,WVS_Wave_1
13070,United States of America,Male,31.0,26-35,Christianity,Urban,1981,1,WVS_Wave_1
13071,United States of America,Female,20.0,18-25,Unaffiliated,Rural,1981,1,WVS_Wave_1
13072,United States of America,Female,19.0,18-25,Christianity,Rural,1981,1,WVS_Wave_1
13073,United States of America,Female,40.0,36-45,Christianity,Urban,1981,1,WVS_Wave_1
13074,United States of America,Male,44.0,36-45,Christianity,Urban,1981,1,WVS_Wave_1
13075,United States of America,Female,38.0,36-45,Christianity,Urban,1981,1,WVS_Wave_1
13076,United States of America,Male,43.0,36-45,Christianity,Rural,1981,1,WVS_Wave_1
13077,United States of America,Female,74.0,66+,Christianity,Urban,1981,1,WVS_Wave_1
13078,United States of America,Male,36.0,36-45,Christianity,Rural,1981,1,WVS_Wave_1
13079,United States of America,Female,58.0,56-65,Christianity,Urban,1981,1,WVS_Wave_1
13080,United States of America,Female,39.0,36-45,Hinduism,Urban,1981,1,WVS_Wave_1
13081,United States of America,Male,23.0,18-25,Unaffiliated,Urban,1981,1,WVS_Wave_1
13082,United States of America,Female,34.0,26-35,Christianity,Rural,1981,1,WVS_Wave_1
13083,United States of America,Male,66.0,66+,Christianity,Urban,1981,1,WVS_Wave_1
13084,United States of America,Female,22.0,18-25,Christianity,Rural,1981,1,WVS_Wave_1
13085,United States of America,Male,64.0,56-65,Christianity,Urban,1981,1,WVS_Wave_1
13086,United States of America,Female,70.0,66+,Judaism,Urban,1981,1,WVS_Wave_1
13087,United States of America,Male,43.0,36-45,Christianity,Urban,1981,1,WVS_Wave_1
13088,United States of America,Male,18.0,18-25,Christianity,Urban,1981,1,WVS_Wave_1
13089,United States of America,Male,24.0,18-25,Buddhism,Urban,1981,1,WVS_Wave_1
13090,United States of America,Male,20.0,18-25,Christianity,Urban,1981,1,WVS_Wave_1
13091,United States of America,Female,24.0,18-25,Christianity,Urban,1981,1,WVS_Wave_1
13092,United States of America,Male,30.0,26-35,Christianity,Rural,1981,1,WVS_Wave_1
13093,United States of America,Male,57.0,56-65,Christianity,Urban,1981,1,WVS_Wave_1
13094,United States of America,Female,37.0,36-45,Christianity,Urban,1981,1,WVS_Wave_1
13095,United States of America,Female,42.0,36-45,Christianity,Rural,1981,1,WVS_Wave_1
13096,United States of America,Female,35.0,26-35,Christianity,Urban,1981,1,WVS_Wave_1
13097,United States of America,Male,41.0,36-45,Christianity,Urban,1981,1,WVS_Wave_1
13098,United States of America,Male,75.0,66+,Christianity,Urban,1981,1,WVS_Wave_1
13099,United States of America,Female,39.0,36-45,Christianity,Urban,1981,1,WVS_Wave_1
13100,United States of America,Female,42.0,36-45,Christianity,Urban,1981,1,WVS_Wave_1
13101,United States of America,Female,32.0,26-35,Christianity,Urban,1981,1,WVS_Wave_1
13102,United States of America,Female,65.0,56-65,Christianity,Urban,1981,1,WVS_Wave_1
13103,United States of America,Female,24.0,18-25,Other,Urban,1981,1,WVS_Wave_1
13104,United States of America,Female,18.0,18-25,Christianity,Urban,1981,1,WVS_Wave_1
13105,United States of America,Female,25.0,18-25,Christianity,Urban,1981,1,WVS_Wave_1
13106,United States of America,Female,34.0,26-35,Christianity,Urban,1981,1,WVS_Wave_1
13107,United States of America,Male,20.0,18-25,Christianity,Rural,1981,1,WVS_Wave_1
13108,United States of America,Female,32.0,26-35,Christianity,Rural,1981,1,WVS_Wave_1
13109,United States of America,Female,30.0,26-35,Christianity,Rural,1981,1,WVS_Wave_1
13110,United States of America,Female,19.0,18-25,Christianity,Rural,1981,1,WVS_Wave_1
13111,United States of America,Female,28.0,26-35,Christianity,Urban,1981,1,WVS_Wave_1
13112,United States of America,Female,21.0,18-25,Christianity,Urban,1981,1,WVS_Wave_1
13113,United States of America,Male,59.0,56-65,Christianity,Rural,1981,1,WVS_Wave_1
13114,United States of America,Female,64.0,56-65,Christianity,Urban,1981,1,WVS_Wave_1
13115,United States of America,Male,52.0,46-55,Christianity,Urban,1981,1,WVS_Wave_1
13116,United States of America,Male,23.0,18-25,Christianity,Urban,1981,1,WVS_Wave_1
13117,United States of America,Female,23.0,18-25,Christianity,Rural,1981,1,WVS_Wave_1
13118,United States of America,Male,19.0,18-25,Christianity,Rural,1981,1,WVS_Wave_1
13119,United States of America,Female,46.0,46-55,Christianity,Urban,1981,1,WVS_Wave_1
13120,United States of America,Female,50.0,46-55,Christianity,Urban,1981,1,WVS_Wave_1
13121,United States of America,Male,33.0,26-35,Christianity,Urban,1981,1,WVS_Wave_1
13122,United States of America,Female,37.0,36-45,Christianity,Urban,1981,1,WVS_Wave_1
13123,United States of America,Female,20.0,18-25,Christianity,Urban,1981,1,WVS_Wave_1
13124,United States of America,Male,20.0,18-25,Christianity,Urban,1981,1,WVS_Wave_1
13125,United States of America,Female,90.0,66+,Christianity,Urban,1981,1,WVS_Wave_1
13126,United States of America,Male,21.0,18-25,Christianity,Urban,1981,1,WVS_Wave_1
13127,United States of America,Male,19.0,18-25,Christianity,Urban,1981,1,WVS_Wave_1
13128,United States of America,Female,21.0,18-25,Other,Rural,1981,1,WVS_Wave_1
13129,United States of America,Female,21.0,18-25,Christianity,Urban,1981,1,WVS_Wave_1
13130,United States of America,Male,36.0,36-45,Unaffiliated,Urban,1981,1,WVS_Wave_1
13131,United States of America,Male,20.0,18-25,Christianity,Urban,1981,1,WVS_Wave_1
13132,United States of America,Male,59.0,56-65,Christianity,Rural,1981,1,WVS_Wave_1
13133,United States of America,Male,60.0,56-65,Christianity,Rural,1981,1,WVS_Wave_1
13134,United States of America,Male,22.0,18-25,Christianity,Urban,1981,1,WVS_Wave_1
13135,United States of America,Female,19.0,18-25,Christianity,Rural,1981,1,WVS_Wave_1
13136,United States of America,Female,19.0,18-25,Christianity,Rural,1981,1,WVS_Wave_1
13137,United States of America,Female,68.0,66+,Christianity,Urban,1981,1,WVS_Wave_1
13138,United States of America,Male,63.0,56-65,Christianity,Rural,1981,1,WVS_Wave_1
13139,United States of America,Male,77.0,66+,Christianity,Urban,1981,1,WVS_Wave_1
13140,United States of America,Male,24.0,18-25,Christianity,Urban,1981,1,WVS_Wave_1
13141,United States of America,Female,20.0,18-25,Unaffiliated,Rural,1981,1,WVS_Wave_1
13142,United States of America,Female,52.0,46-55,Christianity,Rural,1981,1,WVS_Wave_1
13143,United States of America,Female,28.0,26-35,Christianity,Rural,1981,1,WVS_Wave_1
13144,United States of America,Male,49.0,46-55,Christianity,Urban,1981,1,WVS_Wave_1
13145,United States of America,Male,51.0,46-55,Christianity,Urban,1981,1,WVS_Wave_1
13146,United States of America,Female,32.0,26-35,Christianity,Rural,1981,1,WVS_Wave_1
13147,United States of America,Female,64.0,56-65,Christianity,Rural,1981,1,WVS_Wave_1
13148,United States of America,Male,18.0,18-25,Christianity,Rural,1981,1,WVS_Wave_1
13149,United States of America,Male,33.0,26-35,Christianity,Rural,1981,1,WVS_Wave_1
13150,United States of America,Male,38.0,36-45,Christianity,Rural,1981,1,WVS_Wave_1
13151,United States of America,Female,23.0,18-25,Christianity,Rural,1981,1,WVS_Wave_1
13152,United States of America,Male,39.0,36-45,Christianity,Urban,1981,1,WVS_Wave_1
13153,United States of America,Female,21.0,18-25,Christianity,Urban,1981,1,WVS_Wave_1
13154,United States of America,Male,48.0,46-55,Christianity,Urban,1981,1,WVS_Wave_1
13155,United States of America,Male,20.0,18-25,Christianity,Urban,1981,1,WVS_Wave_1
13156,United States of America,Male,19.0,18-25,Christianity,Urban,1981,1,WVS_Wave_1
13157,United States of America,Male,43.0,36-45,Christianity,Urban,1981,1,WVS_Wave_1
13158,United States of America,Male,61.0,56-65,Christianity,Urban,1981,1,WVS_Wave_1
13159,United States of America,Female,19.0,18-25,Christianity,Urban,1981,1,WVS_Wave_1
13160,United States of America,Female,30.0,26-35,Christianity,Urban,1981,1,WVS_Wave_1
13161,United States of America,Male,41.0,36-45,Christianity,Urban,1981,1,WVS_Wave_1
13162,United States of America,Male,19.0,18-25,Other,Urban,1981,1,WVS_Wave_1
13163,United States of America,Female,35.0,26-35,Christianity,Rural,1981,1,WVS_Wave_1
13164,United States of America,Female,18.0,18-25,Christianity,Urban,1981,1,WVS_Wave_1
13165,United States of America,Female,18.0,18-25,Christianity,Urban,1981,1,WVS_Wave_1
13166,United States of America,Female,58.0,56-65,Christianity,Urban,1981,1,WVS_Wave_1
13167,United States of America,Male,41.0,36-45,Unaffiliated,Rural,1981,1,WVS_Wave_1
13168,United States of America,Female,50.0,46-55,Christianity,Urban,1981,1,WVS_Wave_1
13169,United States of America,Female,36.0,36-45,Christianity,Urban,1981,1,WVS_Wave_1
13170,United States of America,Male,90.0,66+,Christianity,Rural,1981,1,WVS_Wave_1
13171,United States of America,Female,24.0,18-25,Unaffiliated,Urban,1981,1,WVS_Wave_1
13172,United States of America,Female,48.0,46-55,Christianity,Rural,1981,1,WVS_Wave_1
13173,United States of America,Male,23.0,18-25,Christianity,Urban,1981,1,WVS_Wave_1
13174,United States of America,Female,18.0,18-25,Christianity,Urban,1981,1,WVS_Wave_1
13175,United States of America,Female,45.0,36-45,Christianity,Urban,1981,1,WVS_Wave_1
13176,United States of America,Male,23.0,18-25,Christianity,Urban,1981,1,WVS_Wave_1
13177,United States of America,Female,66.0,66+,Other,Urban,1981,1,WVS_Wave_1
13178,United States of America,Female,28.0,26-35,Christianity,Urban,1981,1,WVS_Wave_1
13179,United States of America,Female,41.0,36-45,Christianity,Urban,1981,1,WVS_Wave_1
13180,United States of America,Male,37.0,36-45,Christianity,Urban,1981,1,WVS_Wave_1
13181,United States of America,Male,63.0,56-65,Christianity,Urban,1981,1,WVS_Wave_1
13182,United States of America,Female,78.0,66+,Christianity,Urban,1981,1,WVS_Wave_1
13183,United States of America,Female,51.0,46-55,Christianity,Urban,1981,1,WVS_Wave_1
13184,United States of America,Male,48.0,46-55,Christianity,Rural,1981,1,WVS_Wave_1
13185,United States of America,Male,32.0,26-35,Unaffiliated,Rural,1981,1,WVS_Wave_1
13186,United States of America,Female,64.0,56-65,Christianity,Urban,1981,1,WVS_Wave_1
13187,United States of America,Male,33.0,26-35,Christianity,Urban,1981,1,WVS_Wave_1
13188,United States of America,Male,24.0,18-25,Christianity,Urban,1981,1,WVS_Wave_1
13189,United States of America,Female,70.0,66+,Christianity,Urban,1981,1,WVS_Wave_1
13190,United States of America,Female,46.0,46-55,Christianity,Rural,1981,1,WVS_Wave_1
13191,United States of America,Male,27.0,26-35,Christianity,Rural,1981,1,WVS_Wave_1
13192,United States of America,Male,26.0,26-35,Christianity,Urban,1981,1,WVS_Wave_1
13193,United States of America,Female,35.0,26-35,Christianity,Rural,1981,1,WVS_Wave_1
13194,United States of America,Male,61.0,56-65,Christianity,Urban,1981,1,WVS_Wave_1
13195,United States of America,Female,44.0,36-45,Christianity,Urban,1981,1,WVS_Wave_1
13196,United States of America,Male,75.0,66+,Christianity,Urban,1981,1,WVS_Wave_1
13197,United States of America,Female,24.0,18-25,Christianity,Rural,1981,1,WVS_Wave_1
13198,United States of America,Male,28.0,26-35,Christianity,Urban,1981,1,WVS_Wave_1
13199,United States of America,Male,28.0,26-35,Christianity,Urban,1981,1,WVS_Wave_1
13200,United States of America,Female,46.0,46-55,Christianity,Urban,1981,1,WVS_Wave_1
13201,United States of America,Female,20.0,18-25,Christianity,Urban,1981,1,WVS_Wave_1
13202,United States of America,Female,58.0,56-65,Christianity,Rural,1981,1,WVS_Wave_1
13203,United States of America,Male,23.0,18-25,Christianity,Urban,1981,1,WVS_Wave_1
13204,United States of America,Female,34.0,26-35,Unaffiliated,Rural,1981,1,WVS_Wave_1
13205,United States of America,Female,69.0,66+,Christianity,Urban,1981,1,WVS_Wave_1
13206,United States of America,Female,29.0,26-35,Christianity,Urban,1981,1,WVS_Wave_1
13207,United States of America,Male,42.0,36-45,Christianity,Urban,1981,1,WVS_Wave_1
13208,United States of America,Female,22.0,18-25,Christianity,Rural,1981,1,WVS_Wave_1
13209,United States of America,Female,55.0,46-55,Christianity,Urban,1981,1,WVS_Wave_1
13210,United States of America,Male,33.0,26-35,Other,Urban,1981,1,WVS_Wave_1
13211,United States of America,Female,63.0,56-65,Christianity,Urban,1981,1,WVS_Wave_1
13212,United States of America,Male,27.0,26-35,Christianity,Urban,1981,1,WVS_Wave_1
13213,United States of America,Male,47.0,46-55,Christianity,Rural,1981,1,WVS_Wave_1
13214,United States of America,Male,27.0,26-35,Christianity,Urban,1981,1,WVS_Wave_1
13215,United States of America,Male,32.0,26-35,Christianity,Urban,1981,1,WVS_Wave_1
13216,United States of America,Male,72.0,66+,Christianity,Urban,1981,1,WVS_Wave_1
13217,United States of America,Male,39.0,36-45,Christianity,Urban,1981,1,WVS_Wave_1
13218,United States of America,Female,19.0,18-25,Christianity,Urban,1981,1,WVS_Wave_1
13219,United States of America,Male,26.0,26-35,Christianity,Urban,1981,1,WVS_Wave_1
13220,United States of America,Male,22.0,18-25,Christianity,Urban,1981,1,WVS_Wave_1
13221,United States of America,Male,66.0,66+,Christianity,Urban,1981,1,WVS_Wave_1
13222,United States of America,Female,42.0,36-45,Christianity,Urban,1981,1,WVS_Wave_1
13223,United States of America,Female,42.0,36-45,Christianity,Rural,1981,1,WVS_Wave_1
13224,United States of America,Male,35.0,26-35,Christianity,Urban,1981,1,WVS_Wave_1
13225,United States of America,Female,19.0,18-25,Christianity,Rural,1981,1,WVS_Wave_1
13226,United States of America,Female,69.0,66+,Christianity,Urban,1981,1,WVS_Wave_1
13227,United States of America,Female,19.0,18-25,Christianity,Urban,1981,1,WVS_Wave_1
13228,United States of America,Female,18.0,18-25,Christianity,Urban,1981,1,WVS_Wave_1
13229,United States of America,Male,88.0,66+,Christianity,Urban,1981,1,WVS_Wave_1
13230,United States of America,Male,38.0,36-45,Christianity,Rural,1981,1,WVS_Wave_1
13231,United States of America,Female,80.0,66+,Other,Urban,1981,1,WVS_Wave_1
13232,United States of America,Female,42.0,36-45,Christianity,Urban,1981,1,WVS_Wave_1
13233,United States of America,Female,52.0,46-55,Christianity,Urban,1981,1,WVS_Wave_1
13234,United States of America,Female,73.0,66+,Christianity,Urban,1981,1,WVS_Wave_1
13235,United States of America,Female,36.0,36-45,Christianity,Urban,1981,1,WVS_Wave_1
13236,United States of America,Male,58.0,56-65,Christianity,Urban,1981,1,WVS_Wave_1
13237,United States of America,Male,23.0,18-25,Christianity,Urban,1981,1,WVS_Wave_1
13238,United States of America,Female,22.0,18-25,Unaffiliated,Urban,1981,1,WVS_Wave_1
13239,United States of America,Male,19.0,18-25,Christianity,Urban,1981,1,WVS_Wave_1
13240,United States of America,Male,30.0,26-35,Other,Urban,1981,1,WVS_Wave_1
13241,United States of America,Female,27.0,26-35,Christianity,Urban,1981,1,WVS_Wave_1
13242,United States of America,Female,33.0,26-35,Christianity,Urban,1981,1,WVS_Wave_1
13243,United States of America,Female,18.0,18-25,Christianity,Rural,1981,1,WVS_Wave_1
13244,United States of America,Female,34.0,26-35,Christianity,Urban,1981,1,WVS_Wave_1
13245,United States of America,Female,19.0,18-25,Christianity,Urban,1981,1,WVS_Wave_1
13246,United States of America,Male,18.0,18-25,Unaffiliated,Urban,1981,1,WVS_Wave_1
13247,United States of America,Female,18.0,18-25,Christianity,Rural,1981,1,WVS_Wave_1
13248,United States of America,Female,57.0,56-65,Christianity,Rural,1981,1,WVS_Wave_1
13249,United States of America,Male,62.0,56-65,Christianity,Urban,1981,1,WVS_Wave_1
13250,United States of America,Female,19.0,18-25,Christianity,Urban,1981,1,WVS_Wave_1
13251,United States of America,Female,21.0,18-25,Christianity,Urban,1981,1,WVS_Wave_1
13252,United States of America,Male,26.0,26-35,Christianity,Urban,1981,1,WVS_Wave_1
13253,United States of America,Female,64.0,56-65,Christianity,Urban,1981,1,WVS_Wave_1
13254,United States of America,Female,50.0,46-55,Christianity,Urban,1981,1,WVS_Wave_1
13255,United States of America,Male,32.0,26-35,Other,Rural,1981,1,WVS_Wave_1
13256,United States of America,Female,29.0,26-35,Christianity,Urban,1981,1,WVS_Wave_1
13257,United States of America,Male,20.0,18-25,Other,Urban,1981,1,WVS_Wave_1
13258,United States of America,Male,19.0,18-25,Christianity,Rural,1981,1,WVS_Wave_1
13259,United States of America,Male,73.0,66+,Christianity,Urban,1981,1,WVS_Wave_1
13260,United States of America,Male,26.0,26-35,Judaism,Urban,1981,1,WVS_Wave_1
13261,United States of America,Female,24.0,18-25,Christianity,Urban,1981,1,WVS_Wave_1
13262,United States of America,Female,51.0,46-55,Christianity,Urban,1981,1,WVS_Wave_1
13263,United States of America,Male,24.0,18-25,Unaffiliated,Urban,1981,1,WVS_Wave_1
13264,United States of America,Male,78.0,66+,Unaffiliated,Rural,1981,1,WVS_Wave_1
13265,United States of America,Male,19.0,18-25,Christianity,Urban,1981,1,WVS_Wave_1
13266,United States of America,Female,38.0,36-45,Christianity,Urban,1981,1,WVS_Wave_1
13267,United States of America,Female,23.0,18-25,Christianity,Urban,1981,1,WVS_Wave_1
13268,United States of America,Male,31.0,26-35,Christianity,Urban,1981,1,WVS_Wave_1
13269,United States of America,Male,20.0,18-25,Christianity,Urban,1981,1,WVS_Wave_1
13270,United States of America,Female,31.0,26-35,Christianity,Urban,1981,1,WVS_Wave_1
13271,United States of America,Female,24.0,18-25,Christianity,Urban,1981,1,WVS_Wave_1
13272,United States of America,Female,70.0,66+,Christianity,Urban,1981,1,WVS_Wave_1
13273,United States of America,Female,64.0,56-65,Christianity,Urban,1981,1,WVS_Wave_1
13274,United States of America,Male,50.0,46-55,Other,Urban,1981,1,WVS_Wave_1
13275,United States of America,Female,51.0,46-55,Christianity,Urban,1981,1,WVS_Wave_1
13276,United States of America,Female,49.0,46-55,Unaffiliated,Rural,1981,1,WVS_Wave_1
13277,United States of America,Male,61.0,56-65,Christianity,Rural,1981,1,WVS_Wave_1
13278,United States of America,Female,32.0,26-35,Christianity,Rural,1981,1,WVS_Wave_1
13279,United States of America,Female,23.0,18-25,Christianity,Rural,1981,1,WVS_Wave_1
13280,United States of America,Male,56.0,56-65,Other,Urban,1981,1,WVS_Wave_1
13281,United States of America,Male,46.0,46-55,Christianity,Rural,1981,1,WVS_Wave_1
13282,United States of America,Female,30.0,26-35,Christianity,Urban,1981,1,WVS_Wave_1
13283,United States of America,Male,23.0,18-25,Christianity,Urban,1981,1,WVS_Wave_1
13284,United States of America,Male,65.0,56-65,Christianity,Urban,1981,1,WVS_Wave_1
13285,United States of America,Female,36.0,36-45,Christianity,Rural,1981,1,WVS_Wave_1
13286,United States of America,Female,23.0,18-25,Christianity,Urban,1981,1,WVS_Wave_1
13287,United States of America,Female,82.0,66+,Christianity,Urban,1981,1,WVS_Wave_1
13288,United States of America,Female,68.0,66+,Christianity,Urban,1981,1,WVS_Wave_1
13289,United States of America,Male,31.0,26-35,Christianity,Rural,1981,1,WVS_Wave_1
13290,United States of America,Male,76.0,66+,Christianity,Rural,1981,1,WVS_Wave_1
13291,United States of America,Male,42.0,36-45,Other,Urban,1981,1,WVS_Wave_1
13292,United States of America,Female,54.0,46-55,Christianity,Rural,1981,1,WVS_Wave_1
13293,United States of America,Male,36.0,36-45,Christianity,Rural,1981,1,WVS_Wave_1
13294,United States of America,Female,39.0,36-45,Christianity,Urban,1981,1,WVS_Wave_1
13295,United States of America,Female,21.0,18-25,Christianity,Rural,1981,1,WVS_Wave_1
13296,United States of America,Female,35.0,26-35,Christianity,Rural,1981,1,WVS_Wave_1
13297,United States of America,Male,39.0,36-45,Christianity,Rural,1981,1,WVS_Wave_1
13298,United States of America,Female,19.0,18-25,Other,Urban,1981,1,WVS_Wave_1
13299,United States of America,Female,22.0,18-25,Christianity,Urban,1981,1,WVS_Wave_1
13300,United States of America,Male,20.0,18-25,Christianity,Rural,1981,1,WVS_Wave_1
13301,United States of America,Male,19.0,18-25,Christianity,Rural,1981,1,WVS_Wave_1
13302,United States of America,Female,56.0,56-65,Christianity,Rural,1981,1,WVS_Wave_1
13303,United States of America,Female,77.0,66+,Christianity,Urban,1981,1,WVS_Wave_1
13304,United States of America,Female,68.0,66+,Christianity,Urban,1981,1,WVS_Wave_1
13305,United States of America,Female,37.0,36-45,Christianity,Rural,1981,1,WVS_Wave_1
13306,United States of America,Female,21.0,18-25,Christianity,Rural,1981,1,WVS_Wave_1
13307,United States of America,Male,34.0,26-35,Unaffiliated,Rural,1981,1,WVS_Wave_1
13308,United States of America,Female,78.0,66+,Christianity,Rural,1981,1,WVS_Wave_1
13309,United States of America,Male,25.0,18-25,Christianity,Urban,1981,1,WVS_Wave_1
13310,United States of America,Female,18.0,18-25,Christianity,Urban,1981,1,WVS_Wave_1
13311,United States of America,Female,23.0,18-25,Christianity,Urban,1981,1,WVS_Wave_1
13312,United States of America,Female,74.0,66+,Christianity,Urban,1981,1,WVS_Wave_1
13313,United States of America,Male,31.0,26-35,Christianity,Urban,1981,1,WVS_Wave_1
13314,United States of America,Female,32.0,26-35,Christianity,Urban,1981,1,WVS_Wave_1
13315,United States of America,Female,21.0,18-25,Christianity,Urban,1981,1,WVS_Wave_1
13316,United States of America,Female,34.0,26-35,Christianity,Rural,1981,1,WVS_Wave_1
13317,United States of America,Male,28.0,26-35,Christianity,Urban,1981,1,WVS_Wave_1
13318,United States of America,Female,61.0,56-65,Christianity,Rural,1981,1,WVS_Wave_1
13319,United States of America,Female,24.0,18-25,Christianity,Urban,1981,1,WVS_Wave_1
13320,United States of America,Male,48.0,46-55,Christianity,Rural,1981,1,WVS_Wave_1
13321,United States of America,Female,33.0,26-35,Christianity,Urban,1981,1,WVS_Wave_1
13322,United States of America,Female,57.0,56-65,Christianity,Urban,1981,1,WVS_Wave_1
13323,United States of America,Male,50.0,46-55,Christianity,Rural,1981,1,WVS_Wave_1
13324,United States of America,Female,22.0,18-25,Other,Urban,1981,1,WVS_Wave_1
13325,United States of America,Female,37.0,36-45,Christianity,Rural,1981,1,WVS_Wave_1
13326,United States of America,Male,21.0,18-25,Unaffiliated,Urban,1981,1,WVS_Wave_1
13327,United States of America,Female,27.0,26-35,Christianity,Rural,1981,1,WVS_Wave_1
13328,United States of America,Male,53.0,46-55,Christianity,Rural,1981,1,WVS_Wave_1
13329,United States of America,Female,50.0,46-55,Christianity,Urban,1981,1,WVS_Wave_1
13330,United States of America,Female,24.0,18-25,Christianity,Urban,1981,1,WVS_Wave_1
13331,United States of America,Male,41.0,36-45,Christianity,Urban,1981,1,WVS_Wave_1
13332,United States of America,Male,19.0,18-25,Christianity,Urban,1981,1,WVS_Wave_1
13333,United States of America,Male,26.0,26-35,Christianity,Urban,1981,1,WVS_Wave_1
13334,United States of America,Female,80.0,66+,Christianity,Rural,1981,1,WVS_Wave_1
13335,United States of America,Female,24.0,18-25,Christianity,Urban,1981,1,WVS_Wave_1
13336,United States of America,Female,72.0,66+,Christianity,Urban,1981,1,WVS_Wave_1
13337,United States of America,Female,65.0,56-65,Christianity,Urban,1981,1,WVS_Wave_1
13338,United States of America,Male,18.0,18-25,Christianity,Rural,1981,1,WVS_Wave_1
13339,United States of America,Male,27.0,26-35,Christianity,Rural,1981,1,WVS_Wave_1
13340,United States of America,Male,45.0,36-45,Christianity,Urban,1981,1,WVS_Wave_1
13341,United States of America,Female,51.0,46-55,Christianity,Rural,1981,1,WVS_Wave_1
13342,United States of America,Male,57.0,56-65,Christianity,Urban,1981,1,WVS_Wave_1
13343,United States of America,Female,48.0,46-55,Christianity,Urban,1981,1,WVS_Wave_1
13344,United States of America,Male,51.0,46-55,Christianity,Rural,1981,1,WVS_Wave_1
13345,United States of America,Male,31.0,26-35,Christianity,Urban,1981,1,WVS_Wave_1
13346,United States of America,Female,26.0,26-35,Christianity,Urban,1981,1,WVS_Wave_1
13347,United States of America,Female,35.0,26-35,Christianity,Urban,1981,1,WVS_Wave_1
13348,United States of America,Male,75.0,66+,Christianity,Rural,1981,1,WVS_Wave_1
13349,United States of America,Female,64.0,56-65,Christianity,Urban,1981,1,WVS_Wave_1
13350,United States of America,Female,27.0,26-35,Christianity,Urban,1981,1,WVS_Wave_1
13351,United States of America,Female,36.0,36-45,Christianity,Urban,1981,1,WVS_Wave_1
13352,United States of America,Female,18.0,18-25,Christianity,Urban,1981,1,WVS_Wave_1
13353,United States of America,Female,50.0,46-55,Christianity,Rural,1981,1,WVS_Wave_1
13354,United States of America,Female,19.0,18-25,Christianity,Urban,1981,1,WVS_Wave_1
13355,United States of America,Male,19.0,18-25,Christianity,Urban,1981,1,WVS_Wave_1
13356,United States of America,Male,26.0,26-35,Christianity,Urban,1981,1,WVS_Wave_1
13357,United States of America,Male,37.0,36-45,Christianity,Rural,1981,1,WVS_Wave_1
13358,United States of America,Male,32.0,26-35,Christianity,Urban,1981,1,WVS_Wave_1
13359,United States of America,Male,26.0,26-35,Christianity,Urban,1981,1,WVS_Wave_1
13360,United States of America,Female,75.0,66+,Christianity,Urban,1981,1,WVS_Wave_1
13361,United States of America,Male,41.0,36-45,Christianity,Urban,1981,1,WVS_Wave_1
13362,United States of America,Female,21.0,18-25,Christianity,Urban,1981,1,WVS_Wave_1
13363,United States of America,Male,60.0,56-65,Christianity,Urban,1981,1,WVS_Wave_1
13364,United States of America,Female,25.0,18-25,Christianity,Urban,1981,1,WVS_Wave_1
13365,United States of America,Female,35.0,26-35,Other,Urban,1981,1,WVS_Wave_1
13366,United States of America,Female,69.0,66+,Christianity,Urban,1981,1,WVS_Wave_1
13367,United States of America,Female,21.0,18-25,Other,Urban,1981,1,WVS_Wave_1
13368,United States of America,Male,25.0,18-25,Unaffiliated,Rural,1981,1,WVS_Wave_1
13369,United States of America,Female,23.0,18-25,Christianity,Urban,1981,1,WVS_Wave_1
13370,United States of America,Female,20.0,18-25,Christianity,Urban,1981,1,WVS_Wave_1
13371,United States of America,Male,56.0,56-65,Other,Urban,1981,1,WVS_Wave_1
13372,United States of America,Male,19.0,18-25,Christianity,Urban,1981,1,WVS_Wave_1
13373,United States of America,Male,28.0,26-35,Christianity,Urban,1981,1,WVS_Wave_1
13374,United States of America,Female,51.0,46-55,Unaffiliated,Urban,1981,1,WVS_Wave_1
13375,United States of America,Male,24.0,18-25,Christianity,Urban,1981,1,WVS_Wave_1
13376,United States of America,Female,24.0,18-25,Other,Urban,1981,1,WVS_Wave_1
13377,United States of America,Male,43.0,36-45,Christianity,Urban,1981,1,WVS_Wave_1
13378,United States of America,Female,26.0,26-35,Christianity,Rural,1981,1,WVS_Wave_1
13379,United States of America,Female,44.0,36-45,Christianity,Urban,1981,1,WVS_Wave_1
13380,United States of America,Male,21.0,18-25,Unaffiliated,Urban,1981,1,WVS_Wave_1
13381,United States of America,Female,18.0,18-25,Christianity,Urban,1981,1,WVS_Wave_1
13382,United States of America,Female,78.0,66+,Christianity,Urban,1981,1,WVS_Wave_1
13383,United States of America,Female,20.0,18-25,Christianity,Urban,1981,1,WVS_Wave_1
13384,United States of America,Male,35.0,26-35,Christianity,Rural,1981,1,WVS_Wave_1
13385,United States of America,Female,41.0,36-45,Christianity,Rural,1981,1,WVS_Wave_1
13386,United States of America,Female,20.0,18-25,Christianity,Urban,1981,1,WVS_Wave_1
13387,United States of America,Female,54.0,46-55,Christianity,Urban,1981,1,WVS_Wave_1
13388,United States of America,Male,21.0,18-25,Unaffiliated,Urban,1981,1,WVS_Wave_1
13389,United States of America,Female,18.0,18-25,Christianity,Urban,1981,1,WVS_Wave_1
13390,United States of America,Female,20.0,18-25,Christianity,Urban,1981,1,WVS_Wave_1
13391,United States of America,Male,29.0,26-35,Christianity,Urban,1981,1,WVS_Wave_1
13392,United States of America,Female,61.0,56-65,Christianity,Urban,1981,1,WVS_Wave_1
13393,United States of America,Female,44.0,36-45,Christianity,Urban,1981,1,WVS_Wave_1
13394,United States of America,Male,22.0,18-25,Christianity,Urban,1981,1,WVS_Wave_1
13395,United States of America,Female,20.0,18-25,Unaffiliated,Urban,1981,1,WVS_Wave_1
13396,United States of America,Female,27.0,26-35,Christianity,Urban,1981,1,WVS_Wave_1
13397,United States of America,Female,70.0,66+,Christianity,Urban,1981,1,WVS_Wave_1
13398,United States of America,Male,21.0,18-25,Christianity,Urban,1981,1,WVS_Wave_1
13399,United States of America,Male,36.0,36-45,Christianity,Urban,1981,1,WVS_Wave_1
13400,United States of America,Female,29.0,26-35,Christianity,Urban,1981,1,WVS_Wave_1
13401,United States of America,Male,23.0,18-25,Other,Urban,1981,1,WVS_Wave_1
13402,United States of America,Female,44.0,36-45,Christianity,Urban,1981,1,WVS_Wave_1
13403,United States of America,Male,24.0,18-25,Christianity,Urban,1981,1,WVS_Wave_1
13404,United States of America,Female,33.0,26-35,Christianity,Urban,1981,1,WVS_Wave_1
13405,United States of America,Female,79.0,66+,Christianity,Rural,1981,1,WVS_Wave_1
13406,United States of America,Male,41.0,36-45,Other,Rural,1981,1,WVS_Wave_1
13407,United States of America,Female,89.0,66+,Christianity,Rural,1981,1,WVS_Wave_1
13408,United States of America,Female,22.0,18-25,Christianity,Rural,1981,1,WVS_Wave_1
13409,United States of America,Female,55.0,46-55,Christianity,Urban,1981,1,WVS_Wave_1
13410,United States of America,Female,29.0,26-35,Christianity,Rural,1981,1,WVS_Wave_1
13411,United States of America,Male,49.0,46-55,Unaffiliated,Rural,1981,1,WVS_Wave_1
13412,United States of America,Female,20.0,18-25,Christianity,Urban,1981,1,WVS_Wave_1
13413,United States of America,Male,19.0,18-25,Christianity,Urban,1981,1,WVS_Wave_1
13414,United States of America,Female,60.0,56-65,Unaffiliated,Urban,1981,1,WVS_Wave_1
13415,United States of America,Male,23.0,18-25,Christianity,Rural,1981,1,WVS_Wave_1
13416,United States of America,Male,20.0,18-25,Christianity,Rural,1981,1,WVS_Wave_1
13417,United States of America,Male,22.0,18-25,Other,Urban,1981,1,WVS_Wave_1
13418,United States of America,Female,74.0,66+,Christianity,Rural,1981,1,WVS_Wave_1
13419,United States of America,Male,29.0,26-35,Christianity,Rural,1981,1,WVS_Wave_1
13420,United States of America,Male,18.0,18-25,Christianity,Rural,1981,1,WVS_Wave_1
13421,United States of America,Male,28.0,26-35,Christianity,Rural,1981,1,WVS_Wave_1
13422,United States of America,Female,33.0,26-35,Christianity,Urban,1981,1,WVS_Wave_1
13423,United States of America,Male,38.0,36-45,Christianity,Urban,1981,1,WVS_Wave_1
13424,United States of America,Male,24.0,18-25,Christianity,Urban,1981,1,WVS_Wave_1
13425,United States of America,Female,21.0,18-25,Christianity,Rural,1981,1,WVS_Wave_1
13426,United States of America,Male,22.0,18-25,Christianity,Urban,1981,1,WVS_Wave_1
13427,United States of America,Female,27.0,26-35,Christianity,,1981,1,WVS_Wave_1
13428,United States of America,Male,35.0,26-35,Christianity,Rural,1981,1,WVS_Wave_1
13429,United States of America,Female,19.0,18-25,Christianity,Rural,1981,1,WVS_Wave_1
13430,United States of America,Male,19.0,18-25,Christianity,Rural,1981,1,WVS_Wave_1
13431,United States of America,Male,34.0,26-35,Christianity,Urban,1981,1,WVS_Wave_1
13432,United States of America,Male,30.0,26-35,Christianity,Urban,1981,1,WVS_Wave_1
13433,United States of America,Female,18.0,18-25,Christianity,Urban,1981,1,WVS_Wave_1
13434,United States of America,Male,24.0,18-25,Christianity,Urban,1981,1,WVS_Wave_1
13435,United States of America,Male,34.0,26-35,Christianity,Urban,1981,1,WVS_Wave_1
13436,United States of America,Female,28.0,26-35,Christianity,Urban,1981,1,WVS_Wave_1
13437,United States of America,Female,19.0,18-25,Christianity,Urban,1981,1,WVS_Wave_1
13438,United States of America,Male,45.0,36-45,Christianity,Rural,1981,1,WVS_Wave_1
13439,United States of America,Male,39.0,36-45,Christianity,Urban,1981,1,WVS_Wave_1
13440,United States of America,Female,21.0,18-25,Christianity,Urban,1981,1,WVS_Wave_1
13441,United States of America,Male,30.0,26-35,Christianity,Rural,1981,1,WVS_Wave_1
13442,United States of America,Female,23.0,18-25,Christianity,Urban,1981,1,WVS_Wave_1
13443,United States of America,Male,60.0,56-65,Christianity,Rural,1981,1,WVS_Wave_1
13444,United States of America,Female,34.0,26-35,Christianity,Urban,1981,1,WVS_Wave_1
13445,United States of America,Female,21.0,18-25,Christianity,Urban,1981,1,WVS_Wave_1
13446,United States of America,Male,23.0,18-25,Christianity,Urban,1981,1,WVS_Wave_1
13447,United States of America,Male,79.0,66+,Christianity,Rural,1981,1,WVS_Wave_1
13448,United States of America,Female,60.0,56-65,Christianity,Urban,1981,1,WVS_Wave_1
13449,United States of America,Female,46.0,46-55,Christianity,Rural,1981,1,WVS_Wave_1
13450,United States of America,Male,70.0,66+,Christianity,Urban,1981,1,WVS_Wave_1
13451,United States of America,Female,18.0,18-25,Christianity,Urban,1981,1,WVS_Wave_1
13452,United States of America,Female,49.0,46-55,Christianity,Urban,1981,1,WVS_Wave_1
13453,United States of America,Female,22.0,18-25,Christianity,Rural,1981,1,WVS_Wave_1
13454,United States of America,Female,88.0,66+,Christianity,Urban,1981,1,WVS_Wave_1
13455,United States of America,Male,30.0,26-35,Christianity,Urban,1981,1,WVS_Wave_1
13456,United States of America,Female,33.0,26-35,Christianity,Urban,1981,1,WVS_Wave_1
13457,United States of America,Male,35.0,26-35,Christianity,Rural,1981,1,WVS_Wave_1
13458,United States of America,Female,20.0,18-25,Christianity,Rural,1981,1,WVS_Wave_1
13459,United States of America,Male,21.0,18-25,Christianity,Urban,1981,1,WVS_Wave_1
13460,United States of America,Female,71.0,66+,Christianity,Urban,1981,1,WVS_Wave_1
13461,United States of America,Female,64.0,56-65,Christianity,Urban,1981,1,WVS_Wave_1
13462,United States of America,Female,63.0,56-65,Christianity,Rural,1981,1,WVS_Wave_1
13463,United States of America,Female,24.0,18-25,Christianity,Urban,1981,1,WVS_Wave_1
13464,United States of America,Male,19.0,18-25,Christianity,Rural,1981,1,WVS_Wave_1
13465,United States of America,Female,65.0,56-65,Christianity,Urban,1981,1,WVS_Wave_1
13466,United States of America,Male,31.0,26-35,Christianity,Rural,1981,1,WVS_Wave_1
13467,United States of America,Female,34.0,26-35,Unaffiliated,Urban,1981,1,WVS_Wave_1
13468,United States of America,Female,35.0,26-35,Christianity,Urban,1981,1,WVS_Wave_1
13469,United States of America,Female,20.0,18-25,Christianity,Urban,1981,1,WVS_Wave_1
13470,United States of America,Male,38.0,36-45,Christianity,Urban,1981,1,WVS_Wave_1
13471,United States of America,Male,22.0,18-25,Christianity,Urban,1981,1,WVS_Wave_1
13472,United States of America,Male,25.0,18-25,Christianity,Urban,1981,1,WVS_Wave_1
13473,United States of America,Female,34.0,26-35,Christianity,Urban,1981,1,WVS_Wave_1
13474,United States of America,Female,38.0,36-45,Christianity,Urban,1981,1,WVS_Wave_1
13475,United States of America,Male,80.0,66+,Christianity,Urban,1981,1,WVS_Wave_1
13476,United States of America,Male,29.0,26-35,Christianity,Rural,1981,1,WVS_Wave_1
13477,United States of America,Male,87.0,66+,Other,Rural,1981,1,WVS_Wave_1
13478,United States of America,Female,39.0,36-45,Christianity,Urban,1981,1,WVS_Wave_1
13479,United States of America,Male,67.0,66+,Christianity,Urban,1981,1,WVS_Wave_1
13480,United States of America,Female,34.0,26-35,Christianity,Urban,1981,1,WVS_Wave_1
13481,United States of America,Female,21.0,18-25,Christianity,,1981,1,WVS_Wave_1
13482,United States of America,Male,39.0,36-45,Unaffiliated,Urban,1981,1,WVS_Wave_1
13483,United States of America,Male,18.0,18-25,Christianity,Rural,1981,1,WVS_Wave_1
13484,United States of America,Male,18.0,18-25,Christianity,Urban,1981,1,WVS_Wave_1
13485,United States of America,Female,25.0,18-25,Other,Urban,1981,1,WVS_Wave_1
13486,United States of America,Male,23.0,18-25,Christianity,Urban,1981,1,WVS_Wave_1
13487,United States of America,Female,61.0,56-65,Christianity,Rural,1981,1,WVS_Wave_1
13488,United States of America,Female,28.0,26-35,Other,Rural,1981,1,WVS_Wave_1
13489,United States of America,Male,49.0,46-55,Christianity,Urban,1981,1,WVS_Wave_1
13490,United States of America,Female,18.0,18-25,Christianity,Urban,1981,1,WVS_Wave_1
13491,United States of America,Female,20.0,18-25,Christianity,Urban,1981,1,WVS_Wave_1
13492,United States of America,Male,21.0,18-25,Other,Urban,1981,1,WVS_Wave_1
13493,United States of America,Female,22.0,18-25,Christianity,Urban,1981,1,WVS_Wave_1
13494,United States of America,Female,18.0,18-25,Hinduism,Urban,1981,1,WVS_Wave_1
13495,United States of America,Male,18.0,18-25,Christianity,Urban,1981,1,WVS_Wave_1
13496,United States of America,Male,32.0,26-35,Christianity,Urban,1981,1,WVS_Wave_1
13497,United States of America,Male,21.0,18-25,Christianity,Urban,1981,1,WVS_Wave_1
13498,United States of America,Male,23.0,18-25,Christianity,Urban,1981,1,WVS_Wave_1
13499,United States of America,Female,28.0,26-35,Other,Urban,1981,1,WVS_Wave_1
13500,United States of America,Male,35.0,26-35,Christianity,Rural,1981,1,WVS_Wave_1
13501,United States of America,Female,40.0,36-45,Other,Urban,1981,1,WVS_Wave_1
13502,United States of America,Female,20.0,18-25,Christianity,Urban,1981,1,WVS_Wave_1
13503,United States of America,Female,63.0,56-65,Christianity,Urban,1981,1,WVS_Wave_1
13504,United States of America,Female,39.0,36-45,Christianity,Urban,1981,1,WVS_Wave_1
13505,United States of America,Female,53.0,46-55,Christianity,Urban,1981,1,WVS_Wave_1
13506,United States of America,Male,67.0,66+,Christianity,Urban,1981,1,WVS_Wave_1
13507,United States of America,Female,21.0,18-25,Christianity,Urban,1981,1,WVS_Wave_1
13508,United States of America,Female,56.0,56-65,Christianity,Rural,1981,1,WVS_Wave_1
13509,United States of America,Male,62.0,56-65,Christianity,Rural,1981,1,WVS_Wave_1
13510,United States of America,Male,23.0,18-25,Christianity,Rural,1981,1,WVS_Wave_1
13511,United States of America,Female,18.0,18-25,Christianity,Urban,1981,1,WVS_Wave_1
13512,United States of America,Male,40.0,36-45,Christianity,Urban,1981,1,WVS_Wave_1
13513,United States of America,Male,37.0,36-45,Christianity,Urban,1981,1,WVS_Wave_1
13514,United States of America,Male,18.0,18-25,Christianity,Urban,1981,1,WVS_Wave_1
13515,United States of America,Male,20.0,18-25,Christianity,Rural,1981,1,WVS_Wave_1
13516,United States of America,Male,43.0,36-45,Christianity,Urban,1981,1,WVS_Wave_1
13517,United States of America,Male,23.0,18-25,Christianity,Rural,1981,1,WVS_Wave_1
13518,United States of America,Female,22.0,18-25,Christianity,Rural,1981,1,WVS_Wave_1
13519,United States of America,Male,26.0,26-35,Christianity,Rural,1981,1,WVS_Wave_1
13520,United States of America,Male,33.0,26-35,Christianity,Rural,1981,1,WVS_Wave_1
13521,United States of America,Female,19.0,18-25,Other,Urban,1981,1,WVS_Wave_1
13522,United States of America,Female,34.0,26-35,Other,Urban,1981,1,WVS_Wave_1
13523,United States of America,Male,19.0,18-25,Unaffiliated,Urban,1981,1,WVS_Wave_1
13524,United States of America,Female,32.0,26-35,Christianity,Rural,1981,1,WVS_Wave_1
13525,United States of America,Male,44.0,36-45,Christianity,Rural,1981,1,WVS_Wave_1
13526,United States of America,Male,41.0,36-45,Christianity,Urban,1981,1,WVS_Wave_1
13527,United States of America,Female,69.0,66+,Christianity,Urban,1981,1,WVS_Wave_1
13528,United States of America,Male,19.0,18-25,Christianity,Urban,1981,1,WVS_Wave_1
13529,United States of America,Male,38.0,36-45,Christianity,Rural,1981,1,WVS_Wave_1
13530,United States of America,Male,45.0,36-45,Christianity,Rural,1981,1,WVS_Wave_1
13531,United States of America,Female,73.0,66+,Christianity,Rural,1981,1,WVS_Wave_1
13532,United States of America,Female,23.0,18-25,Christianity,Urban,1981,1,WVS_Wave_1
13533,United States of America,Female,19.0,18-25,Christianity,Urban,1981,1,WVS_Wave_1
13534,United States of America,Female,19.0,18-25,Christianity,Urban,1981,1,WVS_Wave_1
13535,United States of America,Male,22.0,18-25,Other,Urban,1981,1,WVS_Wave_1
13536,United States of America,Female,20.0,18-25,Christianity,Urban,1981,1,WVS_Wave_1
13537,United States of America,Male,40.0,36-45,Christianity,Urban,1981,1,WVS_Wave_1
13538,United States of America,Female,49.0,46-55,Christianity,Rural,1981,1,WVS_Wave_1
13539,United States of America,Female,26.0,26-35,Other,Urban,1981,1,WVS_Wave_1
13540,United States of America,Female,18.0,18-25,Christianity,Urban,1981,1,WVS_Wave_1
13541,United States of America,Female,18.0,18-25,Christianity,Urban,1981,1,WVS_Wave_1
13542,United States of America,Male,61.0,56-65,Christianity,Rural,1981,1,WVS_Wave_1
13543,United States of America,Male,20.0,18-25,Christianity,Urban,1981,1,WVS_Wave_1
13544,United States of America,Female,25.0,18-25,Christianity,Urban,1981,1,WVS_Wave_1
13545,United States of America,Male,73.0,66+,Christianity,Urban,1981,1,WVS_Wave_1
13546,United States of America,Female,52.0,46-55,Christianity,Urban,1981,1,WVS_Wave_1
13547,United States of America,Female,73.0,66+,Christianity,Urban,1981,1,WVS_Wave_1
13548,United States of America,Female,24.0,18-25,Christianity,Urban,1981,1,WVS_Wave_1
13549,United States of America,Female,38.0,36-45,Christianity,Rural,1981,1,WVS_Wave_1
13550,United States of America,Male,67.0,66+,Christianity,Rural,1981,1,WVS_Wave_1
13551,United States of America,Male,57.0,56-65,Christianity,Urban,1981,1,WVS_Wave_1
13552,United States of America,Male,20.0,18-25,Christianity,Rural,1981,1,WVS_Wave_1
13553,United States of America,Female,22.0,18-25,Christianity,Urban,1981,1,WVS_Wave_1
13554,United States of America,Female,19.0,18-25,Christianity,Urban,1981,1,WVS_Wave_1
13555,United States of America,Female,21.0,18-25,Christianity,Rural,1981,1,WVS_Wave_1
13556,United States of America,Female,19.0,18-25,Other,Rural,1981,1,WVS_Wave_1
13557,United States of America,Female,88.0,66+,Christianity,Urban,1981,1,WVS_Wave_1
13558,United States of America,Female,21.0,18-25,Christianity,Urban,1981,1,WVS_Wave_1
13559,United States of America,Male,77.0,66+,Christianity,Rural,1981,1,WVS_Wave_1
13560,United States of America,Female,49.0,46-55,Christianity,Rural,1981,1,WVS_Wave_1
13561,United States of America,Female,57.0,56-65,Christianity,Urban,1981,1,WVS_Wave_1
13562,United States of America,Male,61.0,56-65,Christianity,Rural,1981,1,WVS_Wave_1
13563,United States of America,Male,61.0,56-65,Christianity,Urban,1981,1,WVS_Wave_1
13564,United States of America,Female,38.0,36-45,Christianity,Rural,1981,1,WVS_Wave_1
13565,United States of America,Female,27.0,26-35,Buddhism,Urban,1981,1,WVS_Wave_1
13566,United States of America,Female,23.0,18-25,Christianity,Urban,1981,1,WVS_Wave_1
13567,United States of America,Female,20.0,18-25,Christianity,Urban,1981,1,WVS_Wave_1
13568,United States of America,Female,62.0,56-65,Christianity,Urban,1981,1,WVS_Wave_1
13569,United States of America,Female,35.0,26-35,Christianity,Urban,1981,1,WVS_Wave_1
13570,United States of America,Female,48.0,46-55,Christianity,Urban,1981,1,WVS_Wave_1
13571,United States of America,Female,38.0,36-45,Christianity,Urban,1981,1,WVS_Wave_1
13572,United States of America,Female,21.0,18-25,Christianity,Rural,1981,1,WVS_Wave_1
13573,United States of America,Female,21.0,18-25,Christianity,Rural,1981,1,WVS_Wave_1
13574,United States of America,Male,27.0,26-35,Christianity,Urban,1981,1,WVS_Wave_1
13575,United States of America,Male,67.0,66+,Christianity,Urban,1981,1,WVS_Wave_1
13576,United States of America,Male,19.0,18-25,Christianity,Urban,1981,1,WVS_Wave_1
13577,United States of America,Male,28.0,26-35,Christianity,Urban,1981,1,WVS_Wave_1
13578,United States of America,Male,40.0,36-45,Christianity,Urban,1981,1,WVS_Wave_1
13579,United States of America,Male,23.0,18-25,Christianity,Rural,1981,1,WVS_Wave_1
13580,United States of America,Female,65.0,56-65,Christianity,Urban,1981,1,WVS_Wave_1
13581,United States of America,Male,22.0,18-25,Christianity,Urban,1981,1,WVS_Wave_1
13582,United States of America,Female,73.0,66+,Christianity,Rural,1981,1,WVS_Wave_1
13583,United States of America,Male,46.0,46-55,Christianity,Rural,1981,1,WVS_Wave_1
13584,United States of America,Female,42.0,36-45,Christianity,Urban,1981,1,WVS_Wave_1
13585,United States of America,Male,21.0,18-25,Christianity,Urban,1981,1,WVS_Wave_1
13586,United States of America,Female,23.0,18-25,Christianity,Urban,1981,1,WVS_Wave_1
