stratum,n_questions,mean_variance,median_variance,std_variance,min_variance,max_variance,consensus_score,dimension
Christianity,26,0.04130930227794445,0.0,0.06492209189180374,0.0,0.250277882695732,0.9586906977220555,Religion
Islam,26,0.032381626400287154,0.0,0.04777383146634225,0.0,0.17472369240348692,0.9676183735997128,Religion
Hinduism,27,0.029010100222314854,0.0,0.06123439028900635,0.0,0.25094735144723057,0.9709898997776851,Religion
I do not identify with any religious group or faith,26,0.03636947596678715,0.0,0.0500817603054621,0.0,0.16797977608445253,0.9636305240332128,Religion
Judaism,27,0.0746716827634702,0.08519982433025913,0.07358169256478582,0.0,0.25691699604743085,0.9253283172365298,Religion
Other religious group,27,0.04257052615284797,0.0,0.057207008415828736,0.0,0.16374269005847958,0.957429473847152,Religion
Buddhism,27,0.05224274342930037,0.0,0.06991947825792919,0.0,0.2477477477477478,0.9477572565706996,Religion
Sikhism,27,0.07403733098177542,0.0,0.08259846740116228,0.0,0.21428571428571427,0.9259626690182245,Religion
