stratum,n_questions,mean_variance,median_variance,std_variance,min_variance,max_variance,consensus_score,dimension
26-35,26,0.03107796977557555,0.0,0.04643762475065513,0.0,0.1722737390062121,0.9689220302244245,Age Group
18-25,26,0.03346421940784696,0.0,0.04627503041098734,0.0,0.15997795548357344,0.9665357805921531,Age Group
36-45,26,0.035733507065970234,0.0,0.0514836264736109,0.0,0.1857324147933285,0.9642664929340298,Age Group
56-65,27,0.06458575146846753,0.0,0.07501575878490681,0.0,0.25846153846153846,0.9354142485315324,Age Group
46-55,26,0.047897828674296136,0.0,0.06843118077055182,0.0,0.25025536261491316,0.9521021713257038,Age Group
65+,27,0.08498677248677249,0.0,0.1083791212970495,0.0,0.2857142857142857,0.9150132275132276,Age Group
Less than 18,18,0.2222222222222222,0.0,0.24845199749997665,0.0,0.5,0.7777777777777778,Age Group
