stratum,n_questions,mean_variance,median_variance,std_variance,min_variance,max_variance,consensus_score,dimension
Christianity,29,0.034349010626852895,0.0,0.06034209418223942,0.0,0.25031954887218044,0.9656509893731471,Religion
I do not identify with any religious group or faith,29,0.033012694990209236,0.0,0.047385069272010985,0.0,0.15831579307630442,0.9669873050097908,Religion
Other religious group,29,0.04066887534559948,0.0,0.05744309860845157,0.0,0.1813186813186814,0.9593311246544005,Religion
Islam,29,0.02266185176257808,0.0,0.04156549593816987,0.0,0.15898987445948773,0.9773381482374219,Religion
Hinduism,30,0.025304240374209676,0.0,0.055856134723795005,0.0,0.250968351440718,0.9746957596257904,Religion
Judaism,30,0.06587714058144166,0.04731182795698925,0.06948610094389086,0.0,0.23655913978494617,0.9341228594185583,Religion
Buddhism,30,0.03614250761241501,0.0,0.05332885066479354,0.0,0.15145502645502643,0.963857492387585,Religion
Sikhism,30,0.029444444444444443,0.0,0.06122716253509358,0.0,0.2,0.9705555555555555,Religion
