stratum,n_questions,mean_variance,median_variance,std_variance,min_variance,max_variance,consensus_score,dimension
Christianity,65,0.06845458158429285,0.06458108836206898,0.060335080773016456,0.0,0.25074576461980075,0.9315454184157071,Religion
I do not identify with any religious group or faith,65,0.06461859581881856,0.0627579124706595,0.054940542187070056,0.0,0.25088665058873594,0.9353814041811814,Religion
Other religious group,66,0.07610810260287815,0.06825657894736842,0.06550446892849142,0.0,0.2526315789473685,0.9238918973971219,Religion
Buddhism,66,0.06296570727505096,0.05834156785243741,0.05754848112245149,0.0,0.2516129032258065,0.9370342927249491,Religion
Islam,65,0.06269739008354269,0.059953894209187494,0.052759698964749274,0.0,0.22146401985111663,0.9373026099164573,Religion
Hinduism,66,0.05915231477977174,0.05859231426674397,0.05629047104394703,0.0,0.24527616279069764,0.9408476852202282,Religion
Judaism,66,0.07444111043182251,0.0689575501253133,0.06726631257925358,0.0,0.26315789473684215,0.9255588895681774,Religion
Sikhism,66,0.08491161616161615,0.057291666666666664,0.09621210049974589,0.0,0.3333333333333333,0.9150883838383839,Religion
